{
	"model_name": "YoloV5S",
	"batch_size": 32,
	"duration_sec": 45,
	"mode": "train",
	"is_DDP": true,
	"process_group_backend": "gloo",
	"world_size": 4,
	"rank": 2,
	"local_rank": 0,
	"device_type": "gpu",
	"master_addr": "133.133.135.75",
	"master_port": 39920,
	"iteration_count": 94,
	"iteration_intervals": [
		1889503744,
		484116992,
		481355264,
		467203840,
		465251840,
		464904192,
		464614400,
		464430080,
		464687360,
		473223680,
		464785408,
		466399744,
		464710400,
		470234368,
		466987520,
		464127232,
		466524672,
		469655040,
		450336256,
		473079040,
		465875968,
		470255104,
		464332800,
		459373824,
		465407744,
		468112128,
		465343488,
		462301952,
		470001408,
		457731584,
		470329600,
		464184064,
		465683456,
		463825920,
		465524736,
		467751168,
		470759424,
		461393408,
		474199808,
		467409408,
		465338112,
		465860864,
		464317952,
		494075648,
		455883264,
		465787136,
		471918848,
		466405888,
		465528064,
		464259584,
		471955968,
		466420992,
		464567552,
		476159232,
		461976576,
		471849984,
		465404416,
		466319872,
		464914176,
		449478144,
		477835264,
		475255040,
		461027072,
		465537536,
		466033408,
		467795200,
		464453888,
		478752256,
		461997312,
		468647680,
		470181888,
		495024384,
		469956352,
		464494336,
		463566592,
		465494528,
		468164096,
		463507200,
		476560640,
		464617472,
		463468032,
		465335808,
		469033216,
		469450752,
		469386240,
		464671744,
		470678016,
		468507136,
		463746816,
		474508800,
		466497536,
		466083072,
		470937088,
		463852544
	],
	"iteration_intervals_avg": 467213231.46067417,
	"iteration_intervals_avg_second": 0.46721323146067417,
	"total_time_ns": 45369977344,
	"total_time_second": 45,
	"mem_infos": [
		[
			5323620352,
			5905580032
		],
		[
			5009047552,
			5905580032
		],
		[
			4776263680,
			5905580032
		],
		[
			2725249024,
			5905580032
		],
		[
			2695888896,
			5905580032
		],
		[
			2695888896,
			5905580032
		],
		[
			2695888896,
			5905580032
		],
		[
			2695888896,
			5905580032
		],
		[
			2695888896,
			5905580032
		],
		[
			2695888896,
			5905580032
		],
		[
			2695888896,
			5905580032
		],
		[
			2695888896,
			5905580032
		],
		[
			2695888896,
			5905580032
		],
		[
			2695888896,
			5905580032
		],
		[
			2695888896,
			5905580032
		],
		[
			2695888896,
			5905580032
		],
		[
			2695888896,
			5905580032
		],
		[
			2695888896,
			5905580032
		],
		[
			2695888896,
			5905580032
		],
		[
			2695888896,
			5905580032
		],
		[
			2695888896,
			5905580032
		],
		[
			2695888896,
			5905580032
		],
		[
			2695888896,
			5905580032
		],
		[
			2695888896,
			5905580032
		],
		[
			2695888896,
			5905580032
		],
		[
			2695888896,
			5905580032
		],
		[
			2695888896,
			5905580032
		],
		[
			2695888896,
			5905580032
		],
		[
			2695888896,
			5905580032
		],
		[
			2695888896,
			5905580032
		],
		[
			2695888896,
			5905580032
		],
		[
			2695888896,
			5905580032
		],
		[
			2695888896,
			5905580032
		],
		[
			2695888896,
			5905580032
		],
		[
			2695888896,
			5905580032
		],
		[
			2695888896,
			5905580032
		],
		[
			2695888896,
			5905580032
		],
		[
			2695888896,
			5905580032
		],
		[
			2695888896,
			5905580032
		],
		[
			2695888896,
			5905580032
		],
		[
			2695888896,
			5905580032
		],
		[
			2695888896,
			5905580032
		],
		[
			2695888896,
			5905580032
		],
		[
			2695888896,
			5905580032
		],
		[
			2695888896,
			5905580032
		],
		[
			2695888896,
			5905580032
		],
		[
			2695888896,
			5905580032
		],
		[
			2695888896,
			5905580032
		],
		[
			2695888896,
			5905580032
		],
		[
			2695888896,
			5905580032
		],
		[
			2695888896,
			5905580032
		],
		[
			2695888896,
			5905580032
		],
		[
			2695888896,
			5905580032
		],
		[
			2695888896,
			5905580032
		],
		[
			2695888896,
			5905580032
		],
		[
			2695888896,
			5905580032
		],
		[
			2695888896,
			5905580032
		],
		[
			2695888896,
			5905580032
		],
		[
			2695888896,
			5905580032
		],
		[
			2695888896,
			5905580032
		],
		[
			2695888896,
			5905580032
		],
		[
			2695888896,
			5905580032
		],
		[
			2695888896,
			5905580032
		],
		[
			2695888896,
			5905580032
		],
		[
			2695888896,
			5905580032
		],
		[
			2695888896,
			5905580032
		],
		[
			2695888896,
			5905580032
		],
		[
			2695888896,
			5905580032
		],
		[
			2695888896,
			5905580032
		],
		[
			2695888896,
			5905580032
		],
		[
			2695888896,
			5905580032
		],
		[
			2695888896,
			5905580032
		],
		[
			2695888896,
			5905580032
		],
		[
			2695888896,
			5905580032
		],
		[
			2695888896,
			5905580032
		],
		[
			2695888896,
			5905580032
		],
		[
			2695888896,
			5905580032
		],
		[
			2695888896,
			5905580032
		],
		[
			2695888896,
			5905580032
		],
		[
			2695888896,
			5905580032
		],
		[
			2695888896,
			5905580032
		],
		[
			2695888896,
			5905580032
		],
		[
			2695888896,
			5905580032
		],
		[
			2695888896,
			5905580032
		],
		[
			2695888896,
			5905580032
		],
		[
			2695888896,
			5905580032
		],
		[
			2695888896,
			5905580032
		],
		[
			2695888896,
			5905580032
		],
		[
			2695888896,
			5905580032
		],
		[
			2695888896,
			5905580032
		]
	],
	"utilization": [
		9,
		9,
		10,
		10,
		20,
		20,
		26,
		26,
		27,
		27,
		32,
		32,
		32,
		32,
		26,
		26,
		26,
		26,
		26,
		26,
		25,
		25,
		29,
		29,
		32,
		32,
		26,
		26,
		25,
		25,
		25,
		25,
		25,
		25,
		29,
		29,
		33,
		33,
		27,
		27,
		25,
		25,
		25,
		25,
		25,
		25,
		26,
		26,
		31,
		31,
		32,
		32,
		26,
		26,
		25,
		25,
		25,
		25,
		26,
		26,
		28,
		28,
		33,
		33,
		27,
		27,
		25,
		25,
		26,
		26,
		25,
		25,
		26,
		26,
		29,
		29,
		33,
		33,
		26,
		26,
		26,
		26,
		25,
		25,
		25,
		25,
		27,
		27,
		31,
		31
	],
	"computation_proportion": 35,
	"extra_dict": {}
}