{
	"model_name": "YoloV5S",
	"batch_size": 4,
	"duration_sec": 45,
	"mode": "train",
	"is_DDP": true,
	"process_group_backend": "gloo",
	"world_size": 4,
	"rank": 1,
	"local_rank": 0,
	"device_type": "gpu",
	"master_addr": "133.133.135.75",
	"master_port": 39920,
	"iteration_count": 101,
	"iteration_intervals": [
		1809180416,
		490077184,
		421723136,
		458705920,
		429419776,
		431380992,
		421864448,
		438588928,
		430431232,
		435184128,
		431113984,
		437636352,
		434323200,
		424316928,
		426347008,
		426111232,
		441040896,
		434633728,
		426807552,
		433529088,
		428820224,
		439594240,
		414747136,
		450906368,
		431078656,
		440709120,
		433994752,
		437964800,
		431147776,
		430657280,
		431319552,
		442815232,
		427589376,
		437913600,
		437500160,
		434046208,
		433218304,
		426978816,
		433046272,
		435163392,
		435615744,
		433629696,
		437747712,
		437441024,
		446388992,
		436630784,
		433791232,
		443620608,
		431703296,
		439673088,
		430774784,
		433664000,
		440414464,
		442069504,
		433380096,
		432033536,
		450269696,
		430689024,
		436572928,
		435003136,
		428274432,
		442868224,
		428806400,
		440438016,
		441092096,
		431458816,
		438896128,
		425388800,
		430457088,
		435872768,
		433028352,
		450483712,
		438588160,
		436735744,
		428818944,
		428832256,
		430465792,
		430505472,
		426459136,
		433949440,
		425705728,
		431792640,
		426404352,
		434358272,
		429359104,
		434928640,
		429509376,
		437274624,
		431894528,
		443391488,
		429513984,
		432045824,
		435652608,
		440160768,
		429888256,
		432421376,
		439898880,
		428745216,
		429052160,
		441855488,
		437788928
	],
	"iteration_intervals_avg": 434132253.3333333,
	"iteration_intervals_avg_second": 0.43413225333333333,
	"total_time_ns": 45287133952,
	"total_time_second": 45,
	"mem_infos": [
		[
			5323620352,
			5905580032
		],
		[
			5090836480,
			5905580032
		],
		[
			4868538368,
			5905580032
		],
		[
			4537188352,
			5905580032
		],
		[
			4444913664,
			5905580032
		],
		[
			4444913664,
			5905580032
		],
		[
			4444913664,
			5905580032
		],
		[
			4444913664,
			5905580032
		],
		[
			4444913664,
			5905580032
		],
		[
			4444913664,
			5905580032
		],
		[
			4444913664,
			5905580032
		],
		[
			4444913664,
			5905580032
		],
		[
			4444913664,
			5905580032
		],
		[
			4444913664,
			5905580032
		],
		[
			4444913664,
			5905580032
		],
		[
			4444913664,
			5905580032
		],
		[
			4444913664,
			5905580032
		],
		[
			4444913664,
			5905580032
		],
		[
			4444913664,
			5905580032
		],
		[
			4444913664,
			5905580032
		],
		[
			4444913664,
			5905580032
		],
		[
			4444913664,
			5905580032
		],
		[
			4444913664,
			5905580032
		],
		[
			4444913664,
			5905580032
		],
		[
			4444913664,
			5905580032
		],
		[
			4444913664,
			5905580032
		],
		[
			4444913664,
			5905580032
		],
		[
			4444913664,
			5905580032
		],
		[
			4444913664,
			5905580032
		],
		[
			4444913664,
			5905580032
		],
		[
			4444913664,
			5905580032
		],
		[
			4444913664,
			5905580032
		],
		[
			4444913664,
			5905580032
		],
		[
			4444913664,
			5905580032
		],
		[
			4444913664,
			5905580032
		],
		[
			4444913664,
			5905580032
		],
		[
			4444913664,
			5905580032
		],
		[
			4444913664,
			5905580032
		],
		[
			4444913664,
			5905580032
		],
		[
			4444913664,
			5905580032
		],
		[
			4444913664,
			5905580032
		],
		[
			4444913664,
			5905580032
		],
		[
			4444913664,
			5905580032
		],
		[
			4444913664,
			5905580032
		],
		[
			4444913664,
			5905580032
		],
		[
			4444913664,
			5905580032
		],
		[
			4444913664,
			5905580032
		],
		[
			4444913664,
			5905580032
		],
		[
			4444913664,
			5905580032
		],
		[
			4444913664,
			5905580032
		],
		[
			4444913664,
			5905580032
		],
		[
			4444913664,
			5905580032
		],
		[
			4444913664,
			5905580032
		],
		[
			4444913664,
			5905580032
		],
		[
			4444913664,
			5905580032
		],
		[
			4444913664,
			5905580032
		],
		[
			4444913664,
			5905580032
		],
		[
			4444913664,
			5905580032
		],
		[
			4444913664,
			5905580032
		],
		[
			4444913664,
			5905580032
		],
		[
			4444913664,
			5905580032
		],
		[
			4444913664,
			5905580032
		],
		[
			4444913664,
			5905580032
		],
		[
			4444913664,
			5905580032
		],
		[
			4444913664,
			5905580032
		],
		[
			4444913664,
			5905580032
		],
		[
			4444913664,
			5905580032
		],
		[
			4444913664,
			5905580032
		],
		[
			4444913664,
			5905580032
		],
		[
			4444913664,
			5905580032
		],
		[
			4444913664,
			5905580032
		],
		[
			4444913664,
			5905580032
		],
		[
			4444913664,
			5905580032
		],
		[
			4444913664,
			5905580032
		],
		[
			4444913664,
			5905580032
		],
		[
			4444913664,
			5905580032
		],
		[
			4444913664,
			5905580032
		],
		[
			4444913664,
			5905580032
		],
		[
			4444913664,
			5905580032
		],
		[
			4444913664,
			5905580032
		],
		[
			4444913664,
			5905580032
		],
		[
			4444913664,
			5905580032
		],
		[
			4444913664,
			5905580032
		],
		[
			4444913664,
			5905580032
		],
		[
			4444913664,
			5905580032
		],
		[
			4444913664,
			5905580032
		],
		[
			4444913664,
			5905580032
		],
		[
			4444913664,
			5905580032
		],
		[
			4444913664,
			5905580032
		],
		[
			4444913664,
			5905580032
		]
	],
	"utilization": [
		10,
		10,
		10,
		10,
		14,
		14,
		17,
		17,
		14,
		14,
		13,
		13,
		21,
		21,
		14,
		14,
		13,
		13,
		20,
		20,
		13,
		13,
		13,
		13,
		19,
		19,
		15,
		15,
		13,
		13,
		17,
		17,
		16,
		16,
		14,
		14,
		16,
		16,
		17,
		17,
		15,
		15,
		14,
		14,
		20,
		20,
		12,
		12,
		14,
		14,
		18,
		18,
		15,
		15,
		15,
		15,
		15,
		15,
		18,
		18,
		15,
		15,
		14,
		14,
		21,
		21,
		13,
		13,
		13,
		13,
		20,
		20,
		12,
		12,
		12,
		12,
		21,
		21,
		14,
		14,
		14,
		14,
		19,
		19,
		17,
		17,
		13,
		13,
		15,
		15
	],
	"computation_proportion": 25,
	"extra_dict": {}
}