{
	"model_name": "ResNet50",
	"batch_size": 16,
	"duration_sec": 45,
	"mode": "train",
	"is_DDP": true,
	"process_group_backend": "gloo",
	"world_size": 2,
	"rank": 1,
	"local_rank": 0,
	"device_type": "gpu",
	"master_addr": "133.133.135.74",
	"master_port": 39920,
	"iteration_count": 46,
	"iteration_intervals": [
		2331113216,
		958621184,
		948276736,
		948683008,
		954015232,
		953892096,
		954041856,
		941774080,
		955569920,
		948568576,
		951474688,
		942756608,
		947426304,
		947923712,
		947312384,
		944118528,
		938218240,
		955530496,
		949538816,
		947720448,
		949051392,
		945344256,
		948778752,
		955741696,
		947539712,
		945126400,
		946209280,
		965838336,
		950280192,
		969740544,
		943933184,
		957116416,
		946566912,
		941170432,
		953232896,
		945169664,
		944290560,
		936921344,
		959411456,
		950697216,
		949458432,
		958555136,
		952306688,
		947827456,
		1057407232,
		956130816
	],
	"iteration_intervals_avg": 952432028.097561,
	"iteration_intervals_avg_second": 0.952432028097561,
	"total_time_ns": 45191334656,
	"total_time_second": 45,
	"mem_infos": [
		[
			10964959232,
			11811160064
		],
		[
			10740563968,
			11811160064
		],
		[
			10520363008,
			11811160064
		],
		[
			8240758784,
			11811160064
		],
		[
			8240758784,
			11811160064
		],
		[
			8203010048,
			11811160064
		],
		[
			8203010048,
			11811160064
		],
		[
			8203010048,
			11811160064
		],
		[
			8203010048,
			11811160064
		],
		[
			8203010048,
			11811160064
		],
		[
			8203010048,
			11811160064
		],
		[
			8203010048,
			11811160064
		],
		[
			8203010048,
			11811160064
		],
		[
			8203010048,
			11811160064
		],
		[
			8203010048,
			11811160064
		],
		[
			8203010048,
			11811160064
		],
		[
			8203010048,
			11811160064
		],
		[
			8203010048,
			11811160064
		],
		[
			8203010048,
			11811160064
		],
		[
			8203010048,
			11811160064
		],
		[
			8203010048,
			11811160064
		],
		[
			8203010048,
			11811160064
		],
		[
			8203010048,
			11811160064
		],
		[
			8203010048,
			11811160064
		],
		[
			8203010048,
			11811160064
		],
		[
			8203010048,
			11811160064
		],
		[
			8203010048,
			11811160064
		],
		[
			8203010048,
			11811160064
		],
		[
			8203010048,
			11811160064
		],
		[
			8203010048,
			11811160064
		],
		[
			8203010048,
			11811160064
		],
		[
			8203010048,
			11811160064
		],
		[
			8203010048,
			11811160064
		],
		[
			8203010048,
			11811160064
		],
		[
			8203010048,
			11811160064
		],
		[
			8203010048,
			11811160064
		],
		[
			8203010048,
			11811160064
		],
		[
			8203010048,
			11811160064
		],
		[
			8203010048,
			11811160064
		],
		[
			8203010048,
			11811160064
		],
		[
			8203010048,
			11811160064
		],
		[
			8203010048,
			11811160064
		],
		[
			8203010048,
			11811160064
		],
		[
			8203010048,
			11811160064
		],
		[
			8203010048,
			11811160064
		],
		[
			8203010048,
			11811160064
		],
		[
			8203010048,
			11811160064
		],
		[
			8203010048,
			11811160064
		],
		[
			8203010048,
			11811160064
		],
		[
			8203010048,
			11811160064
		],
		[
			8203010048,
			11811160064
		],
		[
			8203010048,
			11811160064
		],
		[
			8203010048,
			11811160064
		],
		[
			8203010048,
			11811160064
		],
		[
			8203010048,
			11811160064
		],
		[
			8203010048,
			11811160064
		],
		[
			8203010048,
			11811160064
		],
		[
			8203010048,
			11811160064
		],
		[
			8203010048,
			11811160064
		],
		[
			8203010048,
			11811160064
		],
		[
			8203010048,
			11811160064
		],
		[
			8203010048,
			11811160064
		],
		[
			8203010048,
			11811160064
		],
		[
			8203010048,
			11811160064
		],
		[
			8203010048,
			11811160064
		],
		[
			8203010048,
			11811160064
		],
		[
			8203010048,
			11811160064
		],
		[
			8203010048,
			11811160064
		],
		[
			8203010048,
			11811160064
		],
		[
			8203010048,
			11811160064
		],
		[
			8203010048,
			11811160064
		],
		[
			8203010048,
			11811160064
		],
		[
			8203010048,
			11811160064
		],
		[
			8203010048,
			11811160064
		],
		[
			8203010048,
			11811160064
		],
		[
			8203010048,
			11811160064
		],
		[
			8203010048,
			11811160064
		],
		[
			8203010048,
			11811160064
		],
		[
			8203010048,
			11811160064
		],
		[
			8203010048,
			11811160064
		],
		[
			8203010048,
			11811160064
		],
		[
			8203010048,
			11811160064
		],
		[
			8203010048,
			11811160064
		],
		[
			8203010048,
			11811160064
		],
		[
			8203010048,
			11811160064
		],
		[
			8203010048,
			11811160064
		],
		[
			8203010048,
			11811160064
		],
		[
			8203010048,
			11811160064
		],
		[
			8203010048,
			11811160064
		],
		[
			8203010048,
			11811160064
		]
	],
	"utilization": [
		3,
		3,
		4,
		4,
		12,
		12,
		10,
		10,
		9,
		9,
		9,
		9,
		9,
		9,
		11,
		11,
		10,
		10,
		9,
		9,
		9,
		9,
		10,
		10,
		9,
		9,
		9,
		9,
		13,
		13,
		13,
		13,
		9,
		9,
		10,
		10,
		9,
		9,
		9,
		9,
		9,
		9,
		9,
		9,
		9,
		9,
		9,
		9,
		11,
		11,
		10,
		10,
		9,
		9,
		9,
		9,
		9,
		9,
		9,
		9,
		10,
		10,
		11,
		11,
		15,
		15,
		12,
		12,
		9,
		9,
		9,
		9,
		9,
		9,
		9,
		9,
		10,
		10,
		9,
		9,
		9,
		9,
		9,
		9,
		11,
		11,
		10,
		10,
		9,
		9
	],
	"computation_proportion": 10,
	"extra_dict": {}
}