{
	"model_name": "ResNet18",
	"batch_size": 32,
	"duration_sec": 45,
	"mode": "train",
	"is_DDP": true,
	"process_group_backend": "gloo",
	"world_size": 2,
	"rank": 1,
	"local_rank": 0,
	"device_type": "gpu",
	"master_addr": "133.133.135.74",
	"master_port": 39920,
	"iteration_count": 99,
	"iteration_intervals": [
		1771342336,
		449366016,
		440345600,
		439905792,
		446334976,
		440501760,
		441393664,
		445391104,
		441752064,
		439952896,
		440047872,
		436861440,
		444931328,
		440928256,
		443553536,
		439571712,
		439792896,
		439715328,
		442745344,
		445450496,
		436058880,
		438819840,
		440034304,
		446783744,
		436706304,
		439109632,
		443346176,
		441252096,
		440237056,
		437507584,
		443971584,
		441539328,
		439864320,
		441597440,
		453114880,
		440446720,
		439912192,
		439702784,
		440291840,
		439424768,
		445923328,
		439234816,
		440427264,
		440752384,
		440643584,
		445095168,
		442323712,
		438789376,
		443064064,
		442645760,
		444508672,
		444647168,
		439266304,
		439873536,
		441309952,
		434529024,
		438187008,
		447813632,
		443571200,
		440027904,
		440004352,
		439974912,
		444828928,
		432761088,
		446489344,
		439878656,
		435442432,
		449676288,
		441052672,
		440755712,
		441860864,
		444853248,
		440674048,
		451027200,
		438817792,
		442616064,
		440355328,
		439973888,
		440591360,
		442238464,
		440215296,
		439612160,
		440556288,
		439629824,
		440360448,
		439008256,
		447600640,
		440669440,
		437368832,
		444734976,
		435345152,
		446287104,
		439989504,
		445138432,
		441301760,
		440062464,
		441034752,
		449264640,
		440935168
	],
	"iteration_intervals_avg": 441467370.21276593,
	"iteration_intervals_avg_second": 0.44146737021276594,
	"total_time_ns": 45046185984,
	"total_time_second": 45,
	"mem_infos": [
		[
			11130634240,
			11811160064
		],
		[
			10780409856,
			11811160064
		],
		[
			10556014592,
			11811160064
		],
		[
			9205448704,
			11811160064
		],
		[
			9197060096,
			11811160064
		],
		[
			9197060096,
			11811160064
		],
		[
			9197060096,
			11811160064
		],
		[
			9197060096,
			11811160064
		],
		[
			9197060096,
			11811160064
		],
		[
			9197060096,
			11811160064
		],
		[
			9197060096,
			11811160064
		],
		[
			9197060096,
			11811160064
		],
		[
			9197060096,
			11811160064
		],
		[
			9197060096,
			11811160064
		],
		[
			9197060096,
			11811160064
		],
		[
			9197060096,
			11811160064
		],
		[
			9197060096,
			11811160064
		],
		[
			9197060096,
			11811160064
		],
		[
			9197060096,
			11811160064
		],
		[
			9197060096,
			11811160064
		],
		[
			9197060096,
			11811160064
		],
		[
			9197060096,
			11811160064
		],
		[
			9197060096,
			11811160064
		],
		[
			9197060096,
			11811160064
		],
		[
			9197060096,
			11811160064
		],
		[
			9197060096,
			11811160064
		],
		[
			9197060096,
			11811160064
		],
		[
			9197060096,
			11811160064
		],
		[
			9197060096,
			11811160064
		],
		[
			9197060096,
			11811160064
		],
		[
			9197060096,
			11811160064
		],
		[
			9197060096,
			11811160064
		],
		[
			9197060096,
			11811160064
		],
		[
			9197060096,
			11811160064
		],
		[
			9197060096,
			11811160064
		],
		[
			9197060096,
			11811160064
		],
		[
			9197060096,
			11811160064
		],
		[
			9197060096,
			11811160064
		],
		[
			9197060096,
			11811160064
		],
		[
			9197060096,
			11811160064
		],
		[
			9197060096,
			11811160064
		],
		[
			9197060096,
			11811160064
		],
		[
			9197060096,
			11811160064
		],
		[
			9197060096,
			11811160064
		],
		[
			9197060096,
			11811160064
		],
		[
			9197060096,
			11811160064
		],
		[
			9197060096,
			11811160064
		],
		[
			9197060096,
			11811160064
		],
		[
			9197060096,
			11811160064
		],
		[
			9197060096,
			11811160064
		],
		[
			9197060096,
			11811160064
		],
		[
			9197060096,
			11811160064
		],
		[
			9197060096,
			11811160064
		],
		[
			9197060096,
			11811160064
		],
		[
			9197060096,
			11811160064
		],
		[
			9197060096,
			11811160064
		],
		[
			9197060096,
			11811160064
		],
		[
			9197060096,
			11811160064
		],
		[
			9197060096,
			11811160064
		],
		[
			9197060096,
			11811160064
		],
		[
			9197060096,
			11811160064
		],
		[
			9197060096,
			11811160064
		],
		[
			9197060096,
			11811160064
		],
		[
			9197060096,
			11811160064
		],
		[
			9197060096,
			11811160064
		],
		[
			9197060096,
			11811160064
		],
		[
			9197060096,
			11811160064
		],
		[
			9197060096,
			11811160064
		],
		[
			9197060096,
			11811160064
		],
		[
			9197060096,
			11811160064
		],
		[
			9197060096,
			11811160064
		],
		[
			9197060096,
			11811160064
		],
		[
			9197060096,
			11811160064
		],
		[
			9197060096,
			11811160064
		],
		[
			9197060096,
			11811160064
		],
		[
			9197060096,
			11811160064
		],
		[
			9197060096,
			11811160064
		],
		[
			9197060096,
			11811160064
		],
		[
			9197060096,
			11811160064
		],
		[
			9197060096,
			11811160064
		],
		[
			9197060096,
			11811160064
		],
		[
			9197060096,
			11811160064
		],
		[
			9197060096,
			11811160064
		],
		[
			9197060096,
			11811160064
		],
		[
			9197060096,
			11811160064
		],
		[
			9197060096,
			11811160064
		],
		[
			9197060096,
			11811160064
		],
		[
			9197060096,
			11811160064
		],
		[
			9197060096,
			11811160064
		],
		[
			9197060096,
			11811160064
		]
	],
	"utilization": [
		2,
		4,
		4,
		4,
		4,
		12,
		12,
		12,
		12,
		17,
		17,
		12,
		12,
		11,
		11,
		12,
		12,
		17,
		17,
		11,
		11,
		12,
		12,
		15,
		15,
		14,
		14,
		11,
		11,
		12,
		12,
		17,
		17,
		11,
		11,
		11,
		11,
		12,
		12,
		16,
		16,
		11,
		11,
		12,
		12,
		16,
		16,
		12,
		12,
		11,
		11,
		12,
		12,
		17,
		17,
		11,
		11,
		12,
		12,
		14,
		14,
		15,
		15,
		11,
		11,
		12,
		12,
		17,
		17,
		11,
		11,
		11,
		11,
		12,
		12,
		17,
		17,
		11,
		11,
		12,
		12,
		16,
		16,
		13,
		13,
		11,
		11,
		12,
		12,
		17
	],
	"computation_proportion": 50,
	"extra_dict": {}
}