{
	"model_name": "MobileNetV2",
	"batch_size": 16,
	"duration_sec": 45,
	"mode": "train",
	"is_DDP": true,
	"process_group_backend": "gloo",
	"world_size": 4,
	"rank": 3,
	"local_rank": 0,
	"device_type": "gpu",
	"master_addr": "133.133.135.75",
	"master_port": 39920,
	"iteration_count": 146,
	"iteration_intervals": [
		1612891648,
		236676352,
		231752960,
		242279680,
		235563776,
		238299904,
		234664960,
		235080960,
		237572608,
		234511104,
		235916544,
		237191168,
		234652672,
		238031104,
		236237312,
		233831424,
		234455040,
		237189632,
		234408704,
		632374784,
		260961024,
		252238848,
		237510400,
		236250112,
		236488704,
		246322176,
		231905280,
		238493184,
		235389184,
		230742784,
		234589184,
		234410752,
		235404544,
		236238592,
		233595136,
		237605632,
		339652608,
		266086912,
		245467648,
		236761600,
		238939904,
		236728576,
		236770304,
		236077056,
		240114944,
		235422208,
		235791872,
		236485632,
		226024192,
		1039282944,
		261460736,
		248759808,
		240407552,
		240026624,
		238431232,
		251807488,
		247605504,
		236645120,
		226475264,
		237914112,
		237569280,
		234671872,
		238027776,
		241024256,
		236752896,
		235442176,
		237263360,
		235092736,
		244757760,
		233551872,
		233083904,
		236791296,
		233453824,
		484141824,
		372757504,
		246750976,
		240837888,
		235660800,
		252847104,
		241839360,
		1451760640,
		741378560,
		373369344,
		244854272,
		237079808,
		235171328,
		234728960,
		236233472,
		235478016,
		233517568,
		1631550464,
		616659712,
		254356224,
		242961152,
		240781824,
		237942784,
		237098752,
		236107264,
		237648128,
		236262912,
		225524992,
		228810240,
		244962304,
		900317184,
		640749568,
		260401408,
		241370368,
		240551424,
		235055616,
		238917376,
		235677696,
		234765568,
		237302784,
		234290944,
		236348160,
		237078784,
		236732416,
		233673728,
		235101952,
		236987392,
		234870784,
		236199424,
		227178496,
		238424576,
		235614976,
		263733248,
		224158208,
		238557184,
		1482278144,
		267149568,
		247787008,
		240546304,
		242360320,
		237379840,
		252136960,
		472876288,
		1228281088,
		255889920,
		251525120,
		240652800,
		236157696,
		234890752,
		236551936,
		234230528,
		233341696,
		232546560
	],
	"iteration_intervals_avg": 301552498.38297874,
	"iteration_intervals_avg_second": 0.30155249838297876,
	"total_time_ns": 45079058944,
	"total_time_second": 45,
	"mem_infos": [
		[
			5344591872,
			5905580032
		],
		[
			5099225088,
			5905580032
		],
		[
			4868538368,
			5905580032
		],
		[
			3337617408,
			5905580032
		],
		[
			3318743040,
			5905580032
		],
		[
			3318743040,
			5905580032
		],
		[
			3318743040,
			5905580032
		],
		[
			3318743040,
			5905580032
		],
		[
			3318743040,
			5905580032
		],
		[
			3318743040,
			5905580032
		],
		[
			3318743040,
			5905580032
		],
		[
			3318743040,
			5905580032
		],
		[
			3318743040,
			5905580032
		],
		[
			3318743040,
			5905580032
		],
		[
			3318743040,
			5905580032
		],
		[
			3318743040,
			5905580032
		],
		[
			3318743040,
			5905580032
		],
		[
			3318743040,
			5905580032
		],
		[
			3318743040,
			5905580032
		],
		[
			3318743040,
			5905580032
		],
		[
			3318743040,
			5905580032
		],
		[
			3318743040,
			5905580032
		],
		[
			3318743040,
			5905580032
		],
		[
			3318743040,
			5905580032
		],
		[
			3318743040,
			5905580032
		],
		[
			3318743040,
			5905580032
		],
		[
			3318743040,
			5905580032
		],
		[
			3318743040,
			5905580032
		],
		[
			3318743040,
			5905580032
		],
		[
			3318743040,
			5905580032
		],
		[
			3318743040,
			5905580032
		],
		[
			3318743040,
			5905580032
		],
		[
			3318743040,
			5905580032
		],
		[
			3318743040,
			5905580032
		],
		[
			3318743040,
			5905580032
		],
		[
			3318743040,
			5905580032
		],
		[
			3318743040,
			5905580032
		],
		[
			3318743040,
			5905580032
		],
		[
			3318743040,
			5905580032
		],
		[
			3318743040,
			5905580032
		],
		[
			3318743040,
			5905580032
		],
		[
			3318743040,
			5905580032
		],
		[
			3318743040,
			5905580032
		],
		[
			3318743040,
			5905580032
		],
		[
			3318743040,
			5905580032
		],
		[
			3318743040,
			5905580032
		],
		[
			3318743040,
			5905580032
		],
		[
			3318743040,
			5905580032
		],
		[
			3318743040,
			5905580032
		],
		[
			3318743040,
			5905580032
		],
		[
			3318743040,
			5905580032
		],
		[
			3318743040,
			5905580032
		],
		[
			3318743040,
			5905580032
		],
		[
			3318743040,
			5905580032
		],
		[
			3318743040,
			5905580032
		],
		[
			3318743040,
			5905580032
		],
		[
			3318743040,
			5905580032
		],
		[
			3318743040,
			5905580032
		],
		[
			3318743040,
			5905580032
		],
		[
			3318743040,
			5905580032
		],
		[
			3318743040,
			5905580032
		],
		[
			3318743040,
			5905580032
		],
		[
			3318743040,
			5905580032
		],
		[
			3318743040,
			5905580032
		],
		[
			3318743040,
			5905580032
		],
		[
			3318743040,
			5905580032
		],
		[
			3318743040,
			5905580032
		],
		[
			3318743040,
			5905580032
		],
		[
			3318743040,
			5905580032
		],
		[
			3318743040,
			5905580032
		],
		[
			3318743040,
			5905580032
		],
		[
			3318743040,
			5905580032
		],
		[
			3318743040,
			5905580032
		],
		[
			3318743040,
			5905580032
		],
		[
			3318743040,
			5905580032
		],
		[
			3318743040,
			5905580032
		],
		[
			3318743040,
			5905580032
		],
		[
			3318743040,
			5905580032
		],
		[
			3318743040,
			5905580032
		],
		[
			3318743040,
			5905580032
		],
		[
			3318743040,
			5905580032
		],
		[
			3318743040,
			5905580032
		],
		[
			3318743040,
			5905580032
		],
		[
			3318743040,
			5905580032
		],
		[
			3318743040,
			5905580032
		],
		[
			3318743040,
			5905580032
		],
		[
			3318743040,
			5905580032
		],
		[
			3318743040,
			5905580032
		],
		[
			3318743040,
			5905580032
		],
		[
			3318743040,
			5905580032
		]
	],
	"utilization": [
		7,
		7,
		12,
		12,
		28,
		28,
		32,
		32,
		32,
		32,
		37,
		37,
		34,
		34,
		18,
		18,
		33,
		33,
		38,
		38,
		31,
		31,
		30,
		30,
		34,
		34,
		32,
		32,
		22,
		22,
		19,
		19,
		33,
		33,
		36,
		36,
		34,
		34,
		32,
		32,
		32,
		32,
		22,
		22,
		34,
		34,
		8,
		8,
		7,
		7,
		27,
		27,
		32,
		32,
		15,
		15,
		6,
		6,
		21,
		21,
		39,
		39,
		33,
		33,
		13,
		13,
		18,
		18,
		34,
		34,
		32,
		32,
		35,
		35,
		35,
		35,
		32,
		32,
		7,
		7,
		19,
		19,
		33,
		33,
		13,
		13,
		14,
		14,
		39,
		39
	],
	"computation_proportion": 15,
	"extra_dict": {}
}