{
	"model_name": "YoloV5S",
	"batch_size": 64,
	"duration_sec": 45,
	"mode": "train",
	"is_DDP": true,
	"process_group_backend": "gloo",
	"world_size": 2,
	"rank": 0,
	"local_rank": 0,
	"device_type": "gpu",
	"master_addr": "133.133.135.74",
	"master_port": 39920,
	"iteration_count": 126,
	"iteration_intervals": [
		1735338240,
		356995072,
		345992448,
		351206912,
		344164096,
		348563200,
		340880896,
		349921024,
		349660416,
		344606720,
		348144128,
		346509824,
		350679040,
		344919552,
		353145856,
		346771968,
		344094464,
		351728896,
		345868800,
		349100032,
		344717824,
		344260608,
		345755392,
		350428928,
		345767936,
		348964608,
		344837888,
		352887808,
		345553920,
		351680000,
		343722240,
		344272640,
		347317504,
		345645568,
		344694016,
		347077376,
		347970304,
		346540032,
		354262016,
		347957760,
		346281984,
		344648192,
		347390464,
		345243904,
		343747584,
		344098048,
		344675584,
		350086912,
		344490752,
		346972928,
		347874304,
		343544576,
		353585152,
		344810752,
		348023552,
		346921984,
		343720448,
		345857024,
		349022208,
		344160256,
		343102720,
		349648128,
		349709824,
		344356096,
		347472896,
		344252416,
		343852800,
		351942912,
		346153472,
		346018304,
		344184064,
		347086080,
		348133632,
		349539584,
		348113152,
		344483328,
		345893120,
		347574272,
		346967552,
		350735360,
		347436544,
		343802880,
		343689216,
		349243648,
		355614208,
		343126272,
		337431552,
		353380864,
		347277312,
		345546752,
		351591168,
		345937920,
		346483456,
		349158656,
		344527360,
		346681856,
		349623296,
		352683776,
		348719360,
		346035200,
		346622464,
		349788928,
		347939328,
		347108352,
		344587008,
		346753792,
		349730560,
		345374976,
		351238400,
		337246208,
		361305088,
		335061248,
		359543552,
		351196672,
		344901632,
		345735424,
		349148928,
		355144192,
		344061952,
		355328256,
		349803776,
		343921920,
		345548544,
		348490496,
		355357440,
		343878656
	],
	"iteration_intervals_avg": 347323095.8016529,
	"iteration_intervals_avg_second": 0.3473230958016529,
	"total_time_ns": 45160832512,
	"total_time_second": 45,
	"mem_infos": [
		[
			11229200384,
			11811160064
		],
		[
			10813964288,
			11811160064
		],
		[
			10564403200,
			11811160064
		],
		[
			7108296704,
			11811160064
		],
		[
			7078936576,
			11811160064
		],
		[
			7078936576,
			11811160064
		],
		[
			7078936576,
			11811160064
		],
		[
			7078936576,
			11811160064
		],
		[
			7078936576,
			11811160064
		],
		[
			7078936576,
			11811160064
		],
		[
			7078936576,
			11811160064
		],
		[
			7078936576,
			11811160064
		],
		[
			7078936576,
			11811160064
		],
		[
			7078936576,
			11811160064
		],
		[
			7078936576,
			11811160064
		],
		[
			7078936576,
			11811160064
		],
		[
			7078936576,
			11811160064
		],
		[
			7078936576,
			11811160064
		],
		[
			7078936576,
			11811160064
		],
		[
			7078936576,
			11811160064
		],
		[
			7078936576,
			11811160064
		],
		[
			7078936576,
			11811160064
		],
		[
			7078936576,
			11811160064
		],
		[
			7078936576,
			11811160064
		],
		[
			7078936576,
			11811160064
		],
		[
			7078936576,
			11811160064
		],
		[
			7078936576,
			11811160064
		],
		[
			7078936576,
			11811160064
		],
		[
			7078936576,
			11811160064
		],
		[
			7078936576,
			11811160064
		],
		[
			7078936576,
			11811160064
		],
		[
			7078936576,
			11811160064
		],
		[
			7078936576,
			11811160064
		],
		[
			7078936576,
			11811160064
		],
		[
			7078936576,
			11811160064
		],
		[
			7078936576,
			11811160064
		],
		[
			7078936576,
			11811160064
		],
		[
			7078936576,
			11811160064
		],
		[
			7078936576,
			11811160064
		],
		[
			7078936576,
			11811160064
		],
		[
			7078936576,
			11811160064
		],
		[
			7078936576,
			11811160064
		],
		[
			7078936576,
			11811160064
		],
		[
			7078936576,
			11811160064
		],
		[
			7078936576,
			11811160064
		],
		[
			7078936576,
			11811160064
		],
		[
			7078936576,
			11811160064
		],
		[
			7078936576,
			11811160064
		],
		[
			7078936576,
			11811160064
		],
		[
			7078936576,
			11811160064
		],
		[
			7078936576,
			11811160064
		],
		[
			7078936576,
			11811160064
		],
		[
			7078936576,
			11811160064
		],
		[
			7078936576,
			11811160064
		],
		[
			7078936576,
			11811160064
		],
		[
			7078936576,
			11811160064
		],
		[
			7078936576,
			11811160064
		],
		[
			7078936576,
			11811160064
		],
		[
			7078936576,
			11811160064
		],
		[
			7078936576,
			11811160064
		],
		[
			7078936576,
			11811160064
		],
		[
			7078936576,
			11811160064
		],
		[
			7078936576,
			11811160064
		],
		[
			7078936576,
			11811160064
		],
		[
			7078936576,
			11811160064
		],
		[
			7078936576,
			11811160064
		],
		[
			7078936576,
			11811160064
		],
		[
			7078936576,
			11811160064
		],
		[
			7078936576,
			11811160064
		],
		[
			7078936576,
			11811160064
		],
		[
			7078936576,
			11811160064
		],
		[
			7078936576,
			11811160064
		],
		[
			7078936576,
			11811160064
		],
		[
			7078936576,
			11811160064
		],
		[
			7078936576,
			11811160064
		],
		[
			7078936576,
			11811160064
		],
		[
			7078936576,
			11811160064
		],
		[
			7078936576,
			11811160064
		],
		[
			7078936576,
			11811160064
		],
		[
			7078936576,
			11811160064
		],
		[
			7078936576,
			11811160064
		],
		[
			7078936576,
			11811160064
		],
		[
			7078936576,
			11811160064
		],
		[
			7078936576,
			11811160064
		],
		[
			7078936576,
			11811160064
		],
		[
			7078936576,
			11811160064
		],
		[
			7078936576,
			11811160064
		],
		[
			7078936576,
			11811160064
		],
		[
			7078936576,
			11811160064
		],
		[
			7078936576,
			11811160064
		]
	],
	"utilization": [
		4,
		4,
		4,
		4,
		25,
		25,
		30,
		30,
		30,
		30,
		30,
		30,
		27,
		27,
		26,
		26,
		27,
		27,
		30,
		30,
		30,
		30,
		30,
		30,
		30,
		30,
		30,
		30,
		30,
		30,
		30,
		30,
		28,
		28,
		28,
		28,
		28,
		27,
		27,
		28,
		28,
		30,
		30,
		30,
		30,
		30,
		30,
		30,
		30,
		30,
		30,
		30,
		30,
		30,
		30,
		29,
		29,
		28,
		28,
		27,
		27,
		28,
		28,
		30,
		30,
		30,
		30,
		30,
		30,
		30,
		30,
		30,
		30,
		30,
		30,
		30,
		30,
		28,
		28,
		26,
		26,
		27,
		27,
		30,
		30,
		30,
		30,
		30,
		30,
		30
	],
	"computation_proportion": 40,
	"extra_dict": {}
}