{
	"model_name": "InceptionV3",
	"batch_size": 32,
	"duration_sec": 45,
	"mode": "train",
	"is_DDP": true,
	"process_group_backend": "gloo",
	"world_size": 2,
	"rank": 0,
	"local_rank": 0,
	"device_type": "gpu",
	"master_addr": "133.133.135.74",
	"master_port": 39920,
	"iteration_count": 42,
	"iteration_intervals": [
		2482865152,
		1044726528,
		1040242176,
		1036885760,
		1036572160,
		1033416448,
		1047635200,
		1040103936,
		1038370304,
		1037962752,
		1040204032,
		1038479872,
		1035555072,
		1035748608,
		1032819456,
		1038494464,
		1042978816,
		1041119744,
		1044155136,
		1040800256,
		1037603328,
		1044109568,
		1036780800,
		1050334976,
		1039286528,
		1040595968,
		1032041472,
		1054237440,
		1045945856,
		1034885888,
		1040553728,
		1042727680,
		1037496320,
		1039807232,
		1031927296,
		1039319040,
		1040248576,
		1039113472,
		1039124224,
		1034214144,
		1039511296,
		1044432128
	],
	"iteration_intervals_avg": 1039787596.1081082,
	"iteration_intervals_avg_second": 1.0397875961081082,
	"total_time_ns": 45114262528,
	"total_time_second": 45,
	"mem_infos": [
		[
			11061428224,
			11811160064
		],
		[
			10696523776,
			11811160064
		],
		[
			10451156992,
			11811160064
		],
		[
			5839519744,
			11811160064
		],
		[
			5839519744,
			11811160064
		],
		[
			5759827968,
			11811160064
		],
		[
			5759827968,
			11811160064
		],
		[
			5759827968,
			11811160064
		],
		[
			5759827968,
			11811160064
		],
		[
			5759827968,
			11811160064
		],
		[
			5759827968,
			11811160064
		],
		[
			5759827968,
			11811160064
		],
		[
			5759827968,
			11811160064
		],
		[
			5759827968,
			11811160064
		],
		[
			5759827968,
			11811160064
		],
		[
			5759827968,
			11811160064
		],
		[
			5759827968,
			11811160064
		],
		[
			5759827968,
			11811160064
		],
		[
			5759827968,
			11811160064
		],
		[
			5759827968,
			11811160064
		],
		[
			5759827968,
			11811160064
		],
		[
			5759827968,
			11811160064
		],
		[
			5759827968,
			11811160064
		],
		[
			5759827968,
			11811160064
		],
		[
			5759827968,
			11811160064
		],
		[
			5759827968,
			11811160064
		],
		[
			5759827968,
			11811160064
		],
		[
			5759827968,
			11811160064
		],
		[
			5759827968,
			11811160064
		],
		[
			5759827968,
			11811160064
		],
		[
			5759827968,
			11811160064
		],
		[
			5759827968,
			11811160064
		],
		[
			5759827968,
			11811160064
		],
		[
			5759827968,
			11811160064
		],
		[
			5759827968,
			11811160064
		],
		[
			5759827968,
			11811160064
		],
		[
			5759827968,
			11811160064
		],
		[
			5759827968,
			11811160064
		],
		[
			5759827968,
			11811160064
		],
		[
			5759827968,
			11811160064
		],
		[
			5759827968,
			11811160064
		],
		[
			5759827968,
			11811160064
		],
		[
			5759827968,
			11811160064
		],
		[
			5759827968,
			11811160064
		],
		[
			5759827968,
			11811160064
		],
		[
			5759827968,
			11811160064
		],
		[
			5759827968,
			11811160064
		],
		[
			5759827968,
			11811160064
		],
		[
			5759827968,
			11811160064
		],
		[
			5759827968,
			11811160064
		],
		[
			5759827968,
			11811160064
		],
		[
			5759827968,
			11811160064
		],
		[
			5759827968,
			11811160064
		],
		[
			5759827968,
			11811160064
		],
		[
			5759827968,
			11811160064
		],
		[
			5759827968,
			11811160064
		],
		[
			5759827968,
			11811160064
		],
		[
			5759827968,
			11811160064
		],
		[
			5759827968,
			11811160064
		],
		[
			5759827968,
			11811160064
		],
		[
			5759827968,
			11811160064
		],
		[
			5759827968,
			11811160064
		],
		[
			5759827968,
			11811160064
		],
		[
			5759827968,
			11811160064
		],
		[
			5759827968,
			11811160064
		],
		[
			5759827968,
			11811160064
		],
		[
			5759827968,
			11811160064
		],
		[
			5759827968,
			11811160064
		],
		[
			5759827968,
			11811160064
		],
		[
			5759827968,
			11811160064
		],
		[
			5759827968,
			11811160064
		],
		[
			5759827968,
			11811160064
		],
		[
			5759827968,
			11811160064
		],
		[
			5759827968,
			11811160064
		],
		[
			5759827968,
			11811160064
		],
		[
			5759827968,
			11811160064
		],
		[
			5759827968,
			11811160064
		],
		[
			5759827968,
			11811160064
		],
		[
			5759827968,
			11811160064
		],
		[
			5759827968,
			11811160064
		],
		[
			5759827968,
			11811160064
		],
		[
			5759827968,
			11811160064
		],
		[
			5759827968,
			11811160064
		],
		[
			5759827968,
			11811160064
		],
		[
			5759827968,
			11811160064
		],
		[
			5759827968,
			11811160064
		],
		[
			5759827968,
			11811160064
		],
		[
			5759827968,
			11811160064
		],
		[
			5759827968,
			11811160064
		],
		[
			5759827968,
			11811160064
		]
	],
	"utilization": [
		5,
		2,
		2,
		15,
		15,
		9,
		9,
		19,
		19,
		18,
		18,
		19,
		19,
		18,
		18,
		19,
		19,
		19,
		19,
		18,
		18,
		19,
		19,
		19,
		19,
		18,
		18,
		19,
		19,
		18,
		18,
		19,
		19,
		18,
		18,
		19,
		19,
		18,
		18,
		19,
		19,
		19,
		19,
		19,
		19,
		19,
		19,
		18,
		18,
		15,
		15,
		15,
		15,
		15,
		15,
		16,
		16,
		17,
		17,
		18,
		18,
		18,
		18,
		19,
		19,
		19,
		19,
		19,
		19,
		19,
		19,
		19,
		19,
		19,
		19,
		19,
		19,
		19,
		19,
		19,
		19,
		19,
		19,
		19,
		19,
		19,
		19,
		19,
		19,
		19
	],
	"computation_proportion": 30,
	"extra_dict": {}
}