{
	"model_name": "ResNet50",
	"batch_size": 8,
	"duration_sec": 45,
	"mode": "train",
	"is_DDP": true,
	"process_group_backend": "gloo",
	"world_size": 4,
	"rank": 3,
	"local_rank": 0,
	"device_type": "gpu",
	"master_addr": "133.133.135.75",
	"master_port": 39920,
	"iteration_count": 146,
	"iteration_intervals": [
		1763522304,
		161601536,
		145764864,
		148545024,
		140771328,
		151391488,
		145904128,
		144847360,
		169008896,
		147565312,
		148994816,
		611064320,
		495493632,
		224255488,
		354607360,
		323539456,
		233003776,
		204796928,
		217251584,
		245566976,
		244575232,
		224444160,
		208498944,
		1686630656,
		488465152,
		364274688,
		361585920,
		249986816,
		201545984,
		165944064,
		183931648,
		134455040,
		140982784,
		146225408,
		150661120,
		127550720,
		157274880,
		153774336,
		697742336,
		366729984,
		1156047872,
		721343232,
		368608512,
		255346176,
		188161280,
		170619392,
		186812928,
		147869184,
		144989440,
		141249792,
		155185664,
		145311488,
		136625152,
		142324480,
		1613850112,
		304115456,
		258043904,
		303264000,
		245558272,
		215456768,
		168145152,
		165204736,
		207388160,
		186116864,
		154896896,
		156168448,
		149379072,
		146131968,
		148661760,
		147088640,
		1698070784,
		504814336,
		315143424,
		231945728,
		181105152,
		142582784,
		138875904,
		147928320,
		177646848,
		128278784,
		153677312,
		141232128,
		140270080,
		147635456,
		719533824,
		377583616,
		242338560,
		996558592,
		360639744,
		258044928,
		188690176,
		164368384,
		188316928,
		173134592,
		158130176,
		212258304,
		199208448,
		195822336,
		1097630208,
		386396672,
		264440064,
		570420224,
		625948928,
		731087616,
		602561792,
		273705216,
		226735360,
		202236416,
		169110016,
		162216960,
		148375808,
		154652160,
		155002112,
		140456960,
		155902208,
		152013568,
		141311744,
		1191681280,
		355109632,
		406483968,
		340132864,
		227340800,
		248009216,
		182479616,
		215599104,
		251684096,
		208592128,
		169841664,
		187678208,
		141771264,
		161644288,
		160090880,
		295265536,
		1592363520,
		288190720,
		237618432,
		207847936,
		248030208,
		174295808,
		234117376,
		232702720,
		163396608,
		171428352,
		142291200,
		151005184,
		146187008
	],
	"iteration_intervals_avg": 302691173.67375886,
	"iteration_intervals_avg_second": 0.30269117367375886,
	"total_time_ns": 45041142272,
	"total_time_second": 45,
	"mem_infos": [
		[
			5059379200,
			5905580032
		],
		[
			4832886784,
			5905580032
		],
		[
			4652531712,
			5905580032
		],
		[
			3524263936,
			5905580032
		],
		[
			3270508544,
			5905580032
		],
		[
			3270508544,
			5905580032
		],
		[
			3270508544,
			5905580032
		],
		[
			3270508544,
			5905580032
		],
		[
			3270508544,
			5905580032
		],
		[
			3270508544,
			5905580032
		],
		[
			3270508544,
			5905580032
		],
		[
			3270508544,
			5905580032
		],
		[
			3270508544,
			5905580032
		],
		[
			3270508544,
			5905580032
		],
		[
			3270508544,
			5905580032
		],
		[
			3270508544,
			5905580032
		],
		[
			3270508544,
			5905580032
		],
		[
			3270508544,
			5905580032
		],
		[
			3270508544,
			5905580032
		],
		[
			3270508544,
			5905580032
		],
		[
			3270508544,
			5905580032
		],
		[
			3270508544,
			5905580032
		],
		[
			3270508544,
			5905580032
		],
		[
			3270508544,
			5905580032
		],
		[
			3270508544,
			5905580032
		],
		[
			3270508544,
			5905580032
		],
		[
			3270508544,
			5905580032
		],
		[
			3270508544,
			5905580032
		],
		[
			3270508544,
			5905580032
		],
		[
			3270508544,
			5905580032
		],
		[
			3270508544,
			5905580032
		],
		[
			3270508544,
			5905580032
		],
		[
			3270508544,
			5905580032
		],
		[
			3270508544,
			5905580032
		],
		[
			3270508544,
			5905580032
		],
		[
			3270508544,
			5905580032
		],
		[
			3270508544,
			5905580032
		],
		[
			3270508544,
			5905580032
		],
		[
			3270508544,
			5905580032
		],
		[
			3270508544,
			5905580032
		],
		[
			3270508544,
			5905580032
		],
		[
			3270508544,
			5905580032
		],
		[
			3270508544,
			5905580032
		],
		[
			3270508544,
			5905580032
		],
		[
			3270508544,
			5905580032
		],
		[
			3270508544,
			5905580032
		],
		[
			3270508544,
			5905580032
		],
		[
			3270508544,
			5905580032
		],
		[
			3270508544,
			5905580032
		],
		[
			3270508544,
			5905580032
		],
		[
			3270508544,
			5905580032
		],
		[
			3270508544,
			5905580032
		],
		[
			3270508544,
			5905580032
		],
		[
			3270508544,
			5905580032
		],
		[
			3270508544,
			5905580032
		],
		[
			3270508544,
			5905580032
		],
		[
			3270508544,
			5905580032
		],
		[
			3270508544,
			5905580032
		],
		[
			3270508544,
			5905580032
		],
		[
			3270508544,
			5905580032
		],
		[
			3270508544,
			5905580032
		],
		[
			3270508544,
			5905580032
		],
		[
			3270508544,
			5905580032
		],
		[
			3270508544,
			5905580032
		],
		[
			3270508544,
			5905580032
		],
		[
			3270508544,
			5905580032
		],
		[
			3270508544,
			5905580032
		],
		[
			3270508544,
			5905580032
		],
		[
			3270508544,
			5905580032
		],
		[
			3270508544,
			5905580032
		],
		[
			3270508544,
			5905580032
		],
		[
			3270508544,
			5905580032
		],
		[
			3270508544,
			5905580032
		],
		[
			3270508544,
			5905580032
		],
		[
			3270508544,
			5905580032
		],
		[
			3270508544,
			5905580032
		],
		[
			3270508544,
			5905580032
		],
		[
			3270508544,
			5905580032
		],
		[
			3270508544,
			5905580032
		],
		[
			3270508544,
			5905580032
		],
		[
			3270508544,
			5905580032
		],
		[
			3270508544,
			5905580032
		],
		[
			3270508544,
			5905580032
		],
		[
			3270508544,
			5905580032
		],
		[
			3270508544,
			5905580032
		],
		[
			3270508544,
			5905580032
		],
		[
			3270508544,
			5905580032
		],
		[
			3270508544,
			5905580032
		],
		[
			3270508544,
			5905580032
		],
		[
			3270508544,
			5905580032
		]
	],
	"utilization": [
		15,
		15,
		20,
		20,
		27,
		27,
		86,
		86,
		62,
		62,
		36,
		36,
		52,
		52,
		65,
		65,
		11,
		11,
		15,
		15,
		37,
		37,
		76,
		76,
		80,
		80,
		32,
		32,
		4,
		4,
		26,
		26,
		71,
		71,
		87,
		87,
		0,
		0,
		34,
		34,
		59,
		59,
		81,
		81,
		46,
		46,
		0,
		0,
		37,
		37,
		85,
		85,
		66,
		66,
		34,
		34,
		15,
		15,
		62,
		62,
		72,
		72,
		12,
		12,
		37,
		37,
		28,
		28,
		18,
		18,
		55,
		55,
		88,
		88,
		35,
		35,
		30,
		30,
		44,
		44,
		69,
		69,
		73,
		73,
		0,
		0,
		33,
		33,
		66,
		66
	],
	"computation_proportion": 30,
	"extra_dict": {}
}