{
	"model_name": "EfficientNet",
	"batch_size": 4,
	"duration_sec": 45,
	"mode": "train",
	"is_DDP": true,
	"process_group_backend": "gloo",
	"world_size": 4,
	"rank": 1,
	"local_rank": 0,
	"device_type": "gpu",
	"master_addr": "133.133.135.75",
	"master_port": 39920,
	"iteration_count": 109,
	"iteration_intervals": [
		1767393024,
		374395648,
		337319424,
		341615360,
		343290880,
		344993536,
		345431552,
		341399552,
		339494144,
		353237248,
		372498176,
		366794752,
		332693248,
		354053120,
		329842176,
		349827072,
		352080896,
		335231744,
		362298368,
		331929344,
		357429248,
		341760000,
		346741760,
		351578880,
		343196416,
		345921792,
		382687488,
		343078912,
		361196288,
		342077184,
		355010560,
		358750208,
		350450176,
		333829376,
		343909120,
		345414400,
		351654144,
		343705600,
		351519744,
		353959168,
		341516544,
		340262144,
		553592320,
		363294720,
		358354688,
		334493952,
		334733824,
		371820032,
		660778240,
		1724556288,
		375951104,
		362190080,
		351578624,
		343844352,
		357512448,
		360874240,
		325185024,
		357191936,
		346761984,
		369539072,
		337009408,
		347993856,
		335387136,
		346385152,
		355399936,
		352536064,
		353432576,
		941502464,
		377317632,
		357776384,
		336071936,
		401092864,
		331110656,
		361974272,
		346004736,
		351985152,
		335916032,
		825521152,
		391781376,
		349250048,
		343604736,
		351199488,
		341000960,
		365168384,
		333227264,
		354446848,
		337042176,
		342604800,
		351724544,
		345466880,
		1597907456,
		339630336,
		331195904,
		344779264,
		351467008,
		343477760,
		342114048,
		345236736,
		353670656,
		1437613568,
		821833728,
		366189568,
		334871808,
		343373568,
		331575552,
		355779072,
		346003968,
		349342464,
		337954048
	],
	"iteration_intervals_avg": 405044792.61538464,
	"iteration_intervals_avg_second": 0.4050447926153846,
	"total_time_ns": 45289802752,
	"total_time_second": 45,
	"mem_infos": [
		[
			5329911808,
			5905580032
		],
		[
			5151653888,
			5905580032
		],
		[
			4939841536,
			5905580032
		],
		[
			4361027584,
			5905580032
		],
		[
			4302307328,
			5905580032
		],
		[
			4302307328,
			5905580032
		],
		[
			4302307328,
			5905580032
		],
		[
			4302307328,
			5905580032
		],
		[
			4302307328,
			5905580032
		],
		[
			4302307328,
			5905580032
		],
		[
			4302307328,
			5905580032
		],
		[
			4302307328,
			5905580032
		],
		[
			4302307328,
			5905580032
		],
		[
			4302307328,
			5905580032
		],
		[
			4302307328,
			5905580032
		],
		[
			4302307328,
			5905580032
		],
		[
			4302307328,
			5905580032
		],
		[
			4302307328,
			5905580032
		],
		[
			4302307328,
			5905580032
		],
		[
			4302307328,
			5905580032
		],
		[
			4302307328,
			5905580032
		],
		[
			4302307328,
			5905580032
		],
		[
			4302307328,
			5905580032
		],
		[
			4302307328,
			5905580032
		],
		[
			4302307328,
			5905580032
		],
		[
			4302307328,
			5905580032
		],
		[
			4302307328,
			5905580032
		],
		[
			4302307328,
			5905580032
		],
		[
			4302307328,
			5905580032
		],
		[
			4302307328,
			5905580032
		],
		[
			4302307328,
			5905580032
		],
		[
			4302307328,
			5905580032
		],
		[
			4302307328,
			5905580032
		],
		[
			4302307328,
			5905580032
		],
		[
			4302307328,
			5905580032
		],
		[
			4302307328,
			5905580032
		],
		[
			4302307328,
			5905580032
		],
		[
			4302307328,
			5905580032
		],
		[
			4302307328,
			5905580032
		],
		[
			4302307328,
			5905580032
		],
		[
			4302307328,
			5905580032
		],
		[
			4302307328,
			5905580032
		],
		[
			4302307328,
			5905580032
		],
		[
			4302307328,
			5905580032
		],
		[
			4302307328,
			5905580032
		],
		[
			4302307328,
			5905580032
		],
		[
			4302307328,
			5905580032
		],
		[
			4302307328,
			5905580032
		],
		[
			4302307328,
			5905580032
		],
		[
			4302307328,
			5905580032
		],
		[
			4302307328,
			5905580032
		],
		[
			4302307328,
			5905580032
		],
		[
			4302307328,
			5905580032
		],
		[
			4302307328,
			5905580032
		],
		[
			4302307328,
			5905580032
		],
		[
			4302307328,
			5905580032
		],
		[
			4302307328,
			5905580032
		],
		[
			4302307328,
			5905580032
		],
		[
			4302307328,
			5905580032
		],
		[
			4302307328,
			5905580032
		],
		[
			4302307328,
			5905580032
		],
		[
			4302307328,
			5905580032
		],
		[
			4302307328,
			5905580032
		],
		[
			4302307328,
			5905580032
		],
		[
			4302307328,
			5905580032
		],
		[
			4302307328,
			5905580032
		],
		[
			4302307328,
			5905580032
		],
		[
			4302307328,
			5905580032
		],
		[
			4302307328,
			5905580032
		],
		[
			4302307328,
			5905580032
		],
		[
			4302307328,
			5905580032
		],
		[
			4302307328,
			5905580032
		],
		[
			4302307328,
			5905580032
		],
		[
			4302307328,
			5905580032
		],
		[
			4302307328,
			5905580032
		],
		[
			4302307328,
			5905580032
		],
		[
			4302307328,
			5905580032
		],
		[
			4302307328,
			5905580032
		],
		[
			4302307328,
			5905580032
		],
		[
			4302307328,
			5905580032
		],
		[
			4302307328,
			5905580032
		],
		[
			4302307328,
			5905580032
		],
		[
			4302307328,
			5905580032
		],
		[
			4302307328,
			5905580032
		],
		[
			4302307328,
			5905580032
		],
		[
			4302307328,
			5905580032
		],
		[
			4302307328,
			5905580032
		],
		[
			4302307328,
			5905580032
		],
		[
			4302307328,
			5905580032
		],
		[
			4302307328,
			5905580032
		]
	],
	"utilization": [
		10,
		7,
		7,
		15,
		15,
		16,
		16,
		18,
		18,
		19,
		19,
		19,
		19,
		19,
		19,
		19,
		19,
		19,
		19,
		18,
		18,
		19,
		19,
		13,
		13,
		19,
		19,
		20,
		20,
		19,
		19,
		18,
		18,
		14,
		14,
		20,
		20,
		18,
		18,
		5,
		5,
		2,
		2,
		19,
		19,
		16,
		16,
		17,
		17,
		17,
		17,
		19,
		19,
		19,
		19,
		6,
		6,
		21,
		21,
		19,
		19,
		20,
		20,
		7,
		7,
		20,
		20,
		20,
		20,
		20,
		20,
		20,
		20,
		4,
		4,
		8,
		8,
		19,
		19,
		20,
		20,
		12,
		12,
		0,
		0,
		13,
		13,
		19,
		19,
		19
	],
	"computation_proportion": 10,
	"extra_dict": {}
}