{
	"model_name": "ResNet18",
	"batch_size": 8,
	"duration_sec": 45,
	"mode": "train",
	"is_DDP": true,
	"process_group_backend": "gloo",
	"world_size": 4,
	"rank": 3,
	"local_rank": 0,
	"device_type": "gpu",
	"master_addr": "133.133.135.75",
	"master_port": 39920,
	"iteration_count": 144,
	"iteration_intervals": [
		1529641216,
		105474048,
		74681600,
		83846656,
		77606400,
		84112128,
		160567552,
		239459072,
		207068160,
		155964160,
		135442688,
		128995584,
		599363072,
		946873600,
		363315712,
		242161664,
		279079424,
		336353280,
		248216320,
		1587173120,
		491762432,
		243079168,
		242665984,
		165807616,
		197371648,
		134348544,
		145485568,
		1803833088,
		617872896,
		357418496,
		251497728,
		239237888,
		159407616,
		203639296,
		129431808,
		156585984,
		112083712,
		125032960,
		122430720,
		133795584,
		82316800,
		69015040,
		121995264,
		98060032,
		79031296,
		71195648,
		1401164032,
		367360000,
		247921920,
		235651328,
		155613952,
		144476672,
		185205760,
		126074112,
		124244736,
		1510697216,
		485657344,
		269432320,
		241960448,
		351094784,
		245674240,
		354566144,
		243866368,
		161956864,
		209845760,
		133042944,
		141303296,
		136163072,
		114853632,
		130705664,
		115353600,
		102911744,
		722191104,
		361335296,
		248579072,
		232841984,
		158796032,
		233101312,
		960420096,
		489963264,
		364798976,
		276608512,
		232960512,
		219226368,
		156823808,
		124653824,
		116705024,
		227785984,
		1473821952,
		491513344,
		270554368,
		456228096,
		478365696,
		252635648,
		243556608,
		155990016,
		473722112,
		361885952,
		244274944,
		155850752,
		560273152,
		364552960,
		159680000,
		242257152,
		128152064,
		220037632,
		119302912,
		127410944,
		122735104,
		117518848,
		120189696,
		112385792,
		86457856,
		81262848,
		905394688,
		362171392,
		244938496,
		164871168,
		243029248,
		340657408,
		248897024,
		1466221056,
		270340352,
		248194816,
		215079424,
		160041728,
		220036864,
		127639808,
		117156096,
		126760960,
		122862848,
		119643136,
		70114048,
		118228224,
		1068913920,
		378561024,
		238507008,
		245244928,
		259284992,
		1228988160,
		347945216,
		251008000,
		145675520,
		215335936
	],
	"iteration_intervals_avg": 310967607.25179857,
	"iteration_intervals_avg_second": 0.31096760725179856,
	"total_time_ns": 45096674816,
	"total_time_second": 45,
	"mem_infos": [
		[
			5225054208,
			5905580032
		],
		[
			5023727616,
			5905580032
		],
		[
			4834983936,
			5905580032
		],
		[
			4308598784,
			5905580032
		],
		[
			4249878528,
			5905580032
		],
		[
			4249878528,
			5905580032
		],
		[
			4249878528,
			5905580032
		],
		[
			4249878528,
			5905580032
		],
		[
			4249878528,
			5905580032
		],
		[
			4249878528,
			5905580032
		],
		[
			4249878528,
			5905580032
		],
		[
			4249878528,
			5905580032
		],
		[
			4249878528,
			5905580032
		],
		[
			4249878528,
			5905580032
		],
		[
			4249878528,
			5905580032
		],
		[
			4249878528,
			5905580032
		],
		[
			4249878528,
			5905580032
		],
		[
			4249878528,
			5905580032
		],
		[
			4249878528,
			5905580032
		],
		[
			4249878528,
			5905580032
		],
		[
			4249878528,
			5905580032
		],
		[
			4249878528,
			5905580032
		],
		[
			4249878528,
			5905580032
		],
		[
			4249878528,
			5905580032
		],
		[
			4249878528,
			5905580032
		],
		[
			4249878528,
			5905580032
		],
		[
			4249878528,
			5905580032
		],
		[
			4249878528,
			5905580032
		],
		[
			4249878528,
			5905580032
		],
		[
			4249878528,
			5905580032
		],
		[
			4249878528,
			5905580032
		],
		[
			4249878528,
			5905580032
		],
		[
			4249878528,
			5905580032
		],
		[
			4249878528,
			5905580032
		],
		[
			4249878528,
			5905580032
		],
		[
			4249878528,
			5905580032
		],
		[
			4249878528,
			5905580032
		],
		[
			4249878528,
			5905580032
		],
		[
			4249878528,
			5905580032
		],
		[
			4249878528,
			5905580032
		],
		[
			4249878528,
			5905580032
		],
		[
			4249878528,
			5905580032
		],
		[
			4249878528,
			5905580032
		],
		[
			4249878528,
			5905580032
		],
		[
			4249878528,
			5905580032
		],
		[
			4249878528,
			5905580032
		],
		[
			4249878528,
			5905580032
		],
		[
			4249878528,
			5905580032
		],
		[
			4249878528,
			5905580032
		],
		[
			4249878528,
			5905580032
		],
		[
			4249878528,
			5905580032
		],
		[
			4249878528,
			5905580032
		],
		[
			4249878528,
			5905580032
		],
		[
			4249878528,
			5905580032
		],
		[
			4249878528,
			5905580032
		],
		[
			4249878528,
			5905580032
		],
		[
			4249878528,
			5905580032
		],
		[
			4249878528,
			5905580032
		],
		[
			4249878528,
			5905580032
		],
		[
			4249878528,
			5905580032
		],
		[
			4249878528,
			5905580032
		],
		[
			4249878528,
			5905580032
		],
		[
			4249878528,
			5905580032
		],
		[
			4249878528,
			5905580032
		],
		[
			4249878528,
			5905580032
		],
		[
			4249878528,
			5905580032
		],
		[
			4249878528,
			5905580032
		],
		[
			4249878528,
			5905580032
		],
		[
			4249878528,
			5905580032
		],
		[
			4249878528,
			5905580032
		],
		[
			4249878528,
			5905580032
		],
		[
			4249878528,
			5905580032
		],
		[
			4249878528,
			5905580032
		],
		[
			4249878528,
			5905580032
		],
		[
			4249878528,
			5905580032
		],
		[
			4249878528,
			5905580032
		],
		[
			4249878528,
			5905580032
		],
		[
			4249878528,
			5905580032
		],
		[
			4249878528,
			5905580032
		],
		[
			4249878528,
			5905580032
		],
		[
			4249878528,
			5905580032
		],
		[
			4249878528,
			5905580032
		],
		[
			4249878528,
			5905580032
		],
		[
			4249878528,
			5905580032
		],
		[
			4249878528,
			5905580032
		],
		[
			4249878528,
			5905580032
		],
		[
			4249878528,
			5905580032
		],
		[
			4249878528,
			5905580032
		],
		[
			4249878528,
			5905580032
		],
		[
			4249878528,
			5905580032
		]
	],
	"utilization": [
		1,
		19,
		19,
		17,
		17,
		46,
		46,
		30,
		30,
		10,
		10,
		12,
		12,
		23,
		23,
		2,
		2,
		11,
		11,
		31,
		31,
		8,
		8,
		4,
		4,
		14,
		14,
		33,
		33,
		53,
		53,
		6,
		6,
		14,
		14,
		36,
		36,
		4,
		4,
		8,
		8,
		23,
		23,
		26,
		26,
		42,
		42,
		9,
		9,
		26,
		26,
		8,
		8,
		18,
		18,
		35,
		35,
		6,
		6,
		8,
		8,
		15,
		15,
		24,
		24,
		20,
		20,
		18,
		18,
		39,
		39,
		33,
		33,
		15,
		15,
		25,
		25,
		5,
		5,
		14,
		14,
		39,
		39,
		25,
		25,
		12,
		12,
		16,
		16,
		7
	],
	"computation_proportion": 10,
	"extra_dict": {}
}