{
	"model_name": "ConvNeXtS",
	"batch_size": 32,
	"duration_sec": 45,
	"mode": "train",
	"is_DDP": true,
	"process_group_backend": "gloo",
	"world_size": 1,
	"rank": 0,
	"local_rank": 0,
	"device_type": "gpu",
	"master_addr": "133.133.135.75",
	"master_port": 39920,
	"iteration_count": 31,
	"iteration_intervals": [
		2284264704,
		1579996416,
		1593010688,
		1100521728,
		1342006528,
		1705468416,
		1100934656,
		1347044096,
		1451069952,
		1225210368,
		1612826624,
		1556857600,
		1495642112,
		1446156032,
		1698568448,
		1121183744,
		1446384384,
		1718009856,
		1579324416,
		1454172928,
		1356259328,
		1448298752,
		1348408064,
		1704510208,
		1343523840,
		1583981824,
		1104619776,
		1345011200,
		1713642752,
		1090280448,
		1338565376
	],
	"iteration_intervals_avg": 1435998276.9230769,
	"iteration_intervals_avg_second": 1.4359982769230768,
	"total_time_ns": 45237868544,
	"total_time_second": 45,
	"mem_infos": [
		[
			10765729792,
			11811160064
		],
		[
			10507780096,
			11811160064
		],
		[
			8049917952,
			11811160064
		],
		[
			6739197952,
			11811160064
		],
		[
			6464471040,
			11811160064
		],
		[
			6451888128,
			11811160064
		],
		[
			6449790976,
			11811160064
		],
		[
			6388973568,
			11811160064
		],
		[
			6388973568,
			11811160064
		],
		[
			6388973568,
			11811160064
		],
		[
			6388973568,
			11811160064
		],
		[
			6388973568,
			11811160064
		],
		[
			6388973568,
			11811160064
		],
		[
			6388973568,
			11811160064
		],
		[
			6388973568,
			11811160064
		],
		[
			6388973568,
			11811160064
		],
		[
			6388973568,
			11811160064
		],
		[
			6388973568,
			11811160064
		],
		[
			6388973568,
			11811160064
		],
		[
			6388973568,
			11811160064
		],
		[
			6388973568,
			11811160064
		],
		[
			6388973568,
			11811160064
		],
		[
			6388973568,
			11811160064
		],
		[
			6388973568,
			11811160064
		],
		[
			6388973568,
			11811160064
		],
		[
			6388973568,
			11811160064
		],
		[
			6388973568,
			11811160064
		],
		[
			6388973568,
			11811160064
		],
		[
			6388973568,
			11811160064
		],
		[
			6388973568,
			11811160064
		],
		[
			6388973568,
			11811160064
		],
		[
			6388973568,
			11811160064
		],
		[
			6388973568,
			11811160064
		],
		[
			6388973568,
			11811160064
		],
		[
			6388973568,
			11811160064
		],
		[
			6388973568,
			11811160064
		],
		[
			6388973568,
			11811160064
		],
		[
			6388973568,
			11811160064
		],
		[
			6388973568,
			11811160064
		],
		[
			6388973568,
			11811160064
		],
		[
			6388973568,
			11811160064
		],
		[
			6388973568,
			11811160064
		],
		[
			6388973568,
			11811160064
		],
		[
			6388973568,
			11811160064
		],
		[
			6388973568,
			11811160064
		],
		[
			6388973568,
			11811160064
		],
		[
			6388973568,
			11811160064
		],
		[
			6388973568,
			11811160064
		],
		[
			6388973568,
			11811160064
		],
		[
			6388973568,
			11811160064
		],
		[
			6388973568,
			11811160064
		],
		[
			6388973568,
			11811160064
		],
		[
			6388973568,
			11811160064
		],
		[
			6388973568,
			11811160064
		],
		[
			6388973568,
			11811160064
		],
		[
			6388973568,
			11811160064
		],
		[
			6388973568,
			11811160064
		],
		[
			6388973568,
			11811160064
		],
		[
			6388973568,
			11811160064
		],
		[
			6388973568,
			11811160064
		],
		[
			6388973568,
			11811160064
		],
		[
			6388973568,
			11811160064
		],
		[
			6388973568,
			11811160064
		],
		[
			6388973568,
			11811160064
		],
		[
			6388973568,
			11811160064
		],
		[
			6388973568,
			11811160064
		],
		[
			6388973568,
			11811160064
		],
		[
			6388973568,
			11811160064
		],
		[
			6388973568,
			11811160064
		],
		[
			6388973568,
			11811160064
		],
		[
			6388973568,
			11811160064
		],
		[
			6388973568,
			11811160064
		],
		[
			6388973568,
			11811160064
		],
		[
			6388973568,
			11811160064
		],
		[
			6388973568,
			11811160064
		],
		[
			6388973568,
			11811160064
		],
		[
			6388973568,
			11811160064
		],
		[
			6388973568,
			11811160064
		],
		[
			6388973568,
			11811160064
		],
		[
			6388973568,
			11811160064
		],
		[
			6388973568,
			11811160064
		],
		[
			6388973568,
			11811160064
		],
		[
			6388973568,
			11811160064
		],
		[
			6388973568,
			11811160064
		],
		[
			6388973568,
			11811160064
		],
		[
			6388973568,
			11811160064
		],
		[
			6388973568,
			11811160064
		],
		[
			6388973568,
			11811160064
		],
		[
			6388973568,
			11811160064
		],
		[
			6388973568,
			11811160064
		]
	],
	"utilization": [
		11,
		11,
		13,
		13,
		20,
		20,
		17,
		17,
		31,
		31,
		5,
		5,
		29,
		29,
		31,
		31,
		30,
		30,
		4,
		4,
		30,
		30,
		31,
		31,
		21,
		21,
		14,
		14,
		29,
		29,
		31,
		31,
		12,
		12,
		19,
		19,
		29,
		29,
		11,
		11,
		24,
		24,
		30,
		30,
		6,
		6,
		29,
		29,
		31,
		31,
		23,
		23,
		10,
		10,
		29,
		29,
		14,
		14,
		20,
		20,
		30,
		30,
		17,
		17,
		18,
		18,
		29,
		29,
		29,
		29,
		6,
		6,
		27,
		27,
		30,
		30,
		6,
		6,
		28,
		28,
		31,
		31,
		29,
		29,
		4,
		4,
		31,
		31,
		30,
		30
	],
	"computation_proportion": 20,
	"extra_dict": {}
}