{
	"model_name": "MobileNetV2",
	"batch_size": 16,
	"duration_sec": 45,
	"mode": "train",
	"is_DDP": true,
	"process_group_backend": "gloo",
	"world_size": 4,
	"rank": 1,
	"local_rank": 0,
	"device_type": "gpu",
	"master_addr": "133.133.135.75",
	"master_port": 39920,
	"iteration_count": 50,
	"iteration_intervals": [
		1612026112,
		245087488,
		228308736,
		239596288,
		238402304,
		1100313856,
		860730368,
		373836288,
		371248128,
		1946980096,
		968527872,
		2801961728,
		1101041664,
		1354025984,
		495044352,
		362082560,
		2072329728,
		500068096,
		477693184,
		1840358144,
		604770048,
		370397952,
		366823168,
		252720640,
		256891904,
		238022912,
		2165121024,
		509675264,
		364970496,
		1836602112,
		608367104,
		376740864,
		361722880,
		357567744,
		257533440,
		256248064,
		2070428672,
		485193984,
		391556864,
		2914718976,
		616565760,
		371718400,
		1831221248,
		1583792640,
		1096970240,
		2569812480,
		603761920,
		375965952,
		1707102976,
		1102904320
	],
	"iteration_intervals_avg": 967380713.2444445,
	"iteration_intervals_avg_second": 0.9673807132444445,
	"total_time_ns": 46096535808,
	"total_time_second": 46,
	"mem_infos": [
		[
			5344591872,
			5905580032
		],
		[
			5118099456,
			5905580032
		],
		[
			4902092800,
			5905580032
		],
		[
			3337617408,
			5905580032
		],
		[
			3318743040,
			5905580032
		],
		[
			3318743040,
			5905580032
		],
		[
			3318743040,
			5905580032
		],
		[
			3318743040,
			5905580032
		],
		[
			3318743040,
			5905580032
		],
		[
			3318743040,
			5905580032
		],
		[
			3318743040,
			5905580032
		],
		[
			3318743040,
			5905580032
		],
		[
			3318743040,
			5905580032
		],
		[
			3318743040,
			5905580032
		],
		[
			3318743040,
			5905580032
		],
		[
			3318743040,
			5905580032
		],
		[
			3318743040,
			5905580032
		],
		[
			3318743040,
			5905580032
		],
		[
			3318743040,
			5905580032
		],
		[
			3318743040,
			5905580032
		],
		[
			3318743040,
			5905580032
		],
		[
			3318743040,
			5905580032
		],
		[
			3318743040,
			5905580032
		],
		[
			3318743040,
			5905580032
		],
		[
			3318743040,
			5905580032
		],
		[
			3318743040,
			5905580032
		],
		[
			3318743040,
			5905580032
		],
		[
			3318743040,
			5905580032
		],
		[
			3318743040,
			5905580032
		],
		[
			3318743040,
			5905580032
		],
		[
			3318743040,
			5905580032
		],
		[
			3318743040,
			5905580032
		],
		[
			3318743040,
			5905580032
		],
		[
			3318743040,
			5905580032
		],
		[
			3318743040,
			5905580032
		],
		[
			3318743040,
			5905580032
		],
		[
			3318743040,
			5905580032
		],
		[
			3318743040,
			5905580032
		],
		[
			3318743040,
			5905580032
		],
		[
			3318743040,
			5905580032
		],
		[
			3318743040,
			5905580032
		],
		[
			3318743040,
			5905580032
		],
		[
			3318743040,
			5905580032
		],
		[
			3318743040,
			5905580032
		],
		[
			3318743040,
			5905580032
		],
		[
			3318743040,
			5905580032
		],
		[
			3318743040,
			5905580032
		],
		[
			3318743040,
			5905580032
		],
		[
			3318743040,
			5905580032
		],
		[
			3318743040,
			5905580032
		],
		[
			3318743040,
			5905580032
		],
		[
			3318743040,
			5905580032
		],
		[
			3318743040,
			5905580032
		],
		[
			3318743040,
			5905580032
		],
		[
			3318743040,
			5905580032
		],
		[
			3318743040,
			5905580032
		],
		[
			3318743040,
			5905580032
		],
		[
			3318743040,
			5905580032
		],
		[
			3318743040,
			5905580032
		],
		[
			3318743040,
			5905580032
		],
		[
			3318743040,
			5905580032
		],
		[
			3318743040,
			5905580032
		],
		[
			3318743040,
			5905580032
		],
		[
			3318743040,
			5905580032
		],
		[
			3318743040,
			5905580032
		],
		[
			3318743040,
			5905580032
		],
		[
			3318743040,
			5905580032
		],
		[
			3318743040,
			5905580032
		],
		[
			3318743040,
			5905580032
		],
		[
			3318743040,
			5905580032
		],
		[
			3318743040,
			5905580032
		],
		[
			3318743040,
			5905580032
		],
		[
			3318743040,
			5905580032
		],
		[
			3318743040,
			5905580032
		],
		[
			3318743040,
			5905580032
		],
		[
			3318743040,
			5905580032
		],
		[
			3318743040,
			5905580032
		],
		[
			3318743040,
			5905580032
		],
		[
			3318743040,
			5905580032
		],
		[
			3318743040,
			5905580032
		],
		[
			3318743040,
			5905580032
		],
		[
			3318743040,
			5905580032
		],
		[
			3318743040,
			5905580032
		],
		[
			3318743040,
			5905580032
		],
		[
			3318743040,
			5905580032
		],
		[
			3318743040,
			5905580032
		],
		[
			3318743040,
			5905580032
		],
		[
			3318743040,
			5905580032
		],
		[
			3318743040,
			5905580032
		],
		[
			3318743040,
			5905580032
		]
	],
	"utilization": [
		3,
		6,
		6,
		8,
		8,
		16,
		16,
		8,
		8,
		4,
		4,
		8,
		8,
		4,
		4,
		1,
		1,
		5,
		5,
		2,
		2,
		0,
		0,
		4,
		4,
		1,
		1,
		3,
		3,
		8,
		8,
		4,
		4,
		0,
		0,
		8,
		8,
		4,
		4,
		4,
		4,
		8,
		8,
		12,
		12,
		0,
		0,
		3,
		3,
		8,
		8,
		4,
		4,
		4,
		4,
		8,
		8,
		12,
		12,
		4,
		4,
		0,
		0,
		8,
		8,
		3,
		3,
		0,
		0,
		4,
		4,
		8,
		8,
		0,
		0,
		4,
		4,
		0,
		0,
		4,
		4,
		4,
		4,
		0,
		0,
		4,
		4,
		8,
		8,
		0
	],
	"computation_proportion": 5,
	"extra_dict": {}
}