{
	"model_name": "ConvNeXtT",
	"batch_size": 8,
	"duration_sec": 45,
	"mode": "train",
	"is_DDP": true,
	"process_group_backend": "gloo",
	"world_size": 4,
	"rank": 3,
	"local_rank": 0,
	"device_type": "gpu",
	"master_addr": "133.133.135.75",
	"master_port": 39920,
	"iteration_count": 16,
	"iteration_intervals": [
		2067002880,
		2247948544,
		2932132352,
		2921388544,
		2692624896,
		3681370112,
		2923153664,
		2815486464,
		2809754368,
		2561413376,
		3062523904,
		2825339904,
		3060208128,
		2929856256,
		2808725760,
		2924889088
	],
	"iteration_intervals_avg": 2945701911.2727275,
	"iteration_intervals_avg_second": 2.9457019112727276,
	"total_time_ns": 45265841408,
	"total_time_second": 45,
	"mem_infos": [
		[
			4881121280,
			5905580032
		],
		[
			4671406080,
			5905580032
		],
		[
			4472176640,
			5905580032
		],
		[
			3442475008,
			5905580032
		],
		[
			3442475008,
			5905580032
		],
		[
			3442475008,
			5905580032
		],
		[
			3442475008,
			5905580032
		],
		[
			3209691136,
			5905580032
		],
		[
			3209691136,
			5905580032
		],
		[
			3209691136,
			5905580032
		],
		[
			3209691136,
			5905580032
		],
		[
			3209691136,
			5905580032
		],
		[
			3209691136,
			5905580032
		],
		[
			3209691136,
			5905580032
		],
		[
			3209691136,
			5905580032
		],
		[
			3209691136,
			5905580032
		],
		[
			3209691136,
			5905580032
		],
		[
			3209691136,
			5905580032
		],
		[
			3209691136,
			5905580032
		],
		[
			3209691136,
			5905580032
		],
		[
			3209691136,
			5905580032
		],
		[
			3209691136,
			5905580032
		],
		[
			3209691136,
			5905580032
		],
		[
			3209691136,
			5905580032
		],
		[
			3209691136,
			5905580032
		],
		[
			3209691136,
			5905580032
		],
		[
			3209691136,
			5905580032
		],
		[
			3209691136,
			5905580032
		],
		[
			3209691136,
			5905580032
		],
		[
			3209691136,
			5905580032
		],
		[
			3209691136,
			5905580032
		],
		[
			3209691136,
			5905580032
		],
		[
			3209691136,
			5905580032
		],
		[
			3209691136,
			5905580032
		],
		[
			3209691136,
			5905580032
		],
		[
			3209691136,
			5905580032
		],
		[
			3209691136,
			5905580032
		],
		[
			3209691136,
			5905580032
		],
		[
			3209691136,
			5905580032
		],
		[
			3209691136,
			5905580032
		],
		[
			3209691136,
			5905580032
		],
		[
			3209691136,
			5905580032
		],
		[
			3209691136,
			5905580032
		],
		[
			3209691136,
			5905580032
		],
		[
			3209691136,
			5905580032
		],
		[
			3209691136,
			5905580032
		],
		[
			3209691136,
			5905580032
		],
		[
			3209691136,
			5905580032
		],
		[
			3209691136,
			5905580032
		],
		[
			3209691136,
			5905580032
		],
		[
			3209691136,
			5905580032
		],
		[
			3209691136,
			5905580032
		],
		[
			3209691136,
			5905580032
		],
		[
			3209691136,
			5905580032
		],
		[
			3209691136,
			5905580032
		],
		[
			3209691136,
			5905580032
		],
		[
			3209691136,
			5905580032
		],
		[
			3209691136,
			5905580032
		],
		[
			3209691136,
			5905580032
		],
		[
			3209691136,
			5905580032
		],
		[
			3209691136,
			5905580032
		],
		[
			3209691136,
			5905580032
		],
		[
			3209691136,
			5905580032
		],
		[
			3209691136,
			5905580032
		],
		[
			3209691136,
			5905580032
		],
		[
			3209691136,
			5905580032
		],
		[
			3209691136,
			5905580032
		],
		[
			3209691136,
			5905580032
		],
		[
			3209691136,
			5905580032
		],
		[
			3209691136,
			5905580032
		],
		[
			3209691136,
			5905580032
		],
		[
			3209691136,
			5905580032
		],
		[
			3209691136,
			5905580032
		],
		[
			3209691136,
			5905580032
		],
		[
			3209691136,
			5905580032
		],
		[
			3209691136,
			5905580032
		],
		[
			3209691136,
			5905580032
		],
		[
			3209691136,
			5905580032
		],
		[
			3209691136,
			5905580032
		],
		[
			3209691136,
			5905580032
		],
		[
			3209691136,
			5905580032
		],
		[
			3209691136,
			5905580032
		],
		[
			3209691136,
			5905580032
		],
		[
			3209691136,
			5905580032
		],
		[
			3209691136,
			5905580032
		],
		[
			3209691136,
			5905580032
		],
		[
			3209691136,
			5905580032
		],
		[
			3209691136,
			5905580032
		],
		[
			3209691136,
			5905580032
		],
		[
			3209691136,
			5905580032
		]
	],
	"utilization": [
		37,
		37,
		42,
		42,
		35,
		35,
		1,
		1,
		10,
		10,
		17,
		17,
		0,
		0,
		6,
		6,
		16,
		16,
		3,
		3,
		5,
		5,
		17,
		17,
		2,
		2,
		13,
		13,
		6,
		6,
		0,
		0,
		0,
		0,
		23,
		23,
		0,
		0,
		1,
		1,
		21,
		21,
		0,
		0,
		4,
		4,
		18,
		18,
		0,
		0,
		5,
		5,
		20,
		20,
		0,
		0,
		17,
		17,
		0,
		0,
		2,
		2,
		19,
		19,
		1,
		1,
		2,
		2,
		20,
		20,
		1,
		1,
		1,
		1,
		22,
		22,
		0,
		0,
		1,
		1,
		20,
		20,
		0,
		0,
		3,
		3,
		18,
		18,
		0,
		0
	],
	"computation_proportion": 5,
	"extra_dict": {}
}