{
	"model_name": "MEALV2",
	"batch_size": 128,
	"duration_sec": 45,
	"mode": "train",
	"is_DDP": true,
	"process_group_backend": "gloo",
	"world_size": 4,
	"rank": 0,
	"local_rank": 0,
	"device_type": "gpu",
	"master_addr": "133.133.135.75",
	"master_port": 39920,
	"iteration_count": 91,
	"iteration_intervals": [
		1589853184,
		146646272,
		162419200,
		144241408,
		138417920,
		123663104,
		142089472,
		186763776,
		128990208,
		2198458368,
		735323136,
		484757248,
		379781888,
		378084096,
		353739520,
		249473536,
		241485824,
		246840064,
		357149696,
		458267392,
		1769608448,
		720284928,
		455530752,
		292934144,
		350108160,
		377269504,
		364464384,
		694220032,
		889945856,
		860225280,
		476604672,
		395414784,
		256156928,
		352466176,
		251252480,
		258423552,
		341500160,
		249838336,
		240761088,
		164639744,
		223536896,
		365520896,
		2215642112,
		494516224,
		490802688,
		477531392,
		380398336,
		609054720,
		495514112,
		606482944,
		724531712,
		499374336,
		370420992,
		360656896,
		247529984,
		240388352,
		147035136,
		226346496,
		243015168,
		358145280,
		2084398336,
		506868736,
		484189184,
		486807296,
		483791616,
		494677248,
		497449728,
		613087232,
		738146304,
		477634560,
		380694272,
		351225600,
		249993728,
		239048960,
		146225152,
		229848320,
		242892032,
		366064896,
		2234833920,
		498771968,
		368124928,
		242061312,
		249549824,
		243822848,
		145128704,
		224727296,
		149796864,
		218605824,
		2217080320,
		617967104,
		474501376
	],
	"iteration_intervals_avg": 501871824.372093,
	"iteration_intervals_avg_second": 0.501871824372093,
	"total_time_ns": 45343922944,
	"total_time_second": 45,
	"mem_infos": [
		[
			5361369088,
			5905580032
		],
		[
			4899995648,
			5905580032
		],
		[
			4688183296,
			5905580032
		],
		[
			2356150272,
			5905580032
		],
		[
			2226126848,
			5905580032
		],
		[
			2226126848,
			5905580032
		],
		[
			2226126848,
			5905580032
		],
		[
			2226126848,
			5905580032
		],
		[
			2226126848,
			5905580032
		],
		[
			2226126848,
			5905580032
		],
		[
			2226126848,
			5905580032
		],
		[
			2226126848,
			5905580032
		],
		[
			2226126848,
			5905580032
		],
		[
			2226126848,
			5905580032
		],
		[
			2226126848,
			5905580032
		],
		[
			2226126848,
			5905580032
		],
		[
			2226126848,
			5905580032
		],
		[
			2226126848,
			5905580032
		],
		[
			2226126848,
			5905580032
		],
		[
			2226126848,
			5905580032
		],
		[
			2226126848,
			5905580032
		],
		[
			2226126848,
			5905580032
		],
		[
			2226126848,
			5905580032
		],
		[
			2226126848,
			5905580032
		],
		[
			2226126848,
			5905580032
		],
		[
			2226126848,
			5905580032
		],
		[
			2226126848,
			5905580032
		],
		[
			2226126848,
			5905580032
		],
		[
			2226126848,
			5905580032
		],
		[
			2226126848,
			5905580032
		],
		[
			2226126848,
			5905580032
		],
		[
			2226126848,
			5905580032
		],
		[
			2226126848,
			5905580032
		],
		[
			2226126848,
			5905580032
		],
		[
			2226126848,
			5905580032
		],
		[
			2226126848,
			5905580032
		],
		[
			2226126848,
			5905580032
		],
		[
			2226126848,
			5905580032
		],
		[
			2226126848,
			5905580032
		],
		[
			2226126848,
			5905580032
		],
		[
			2226126848,
			5905580032
		],
		[
			2226126848,
			5905580032
		],
		[
			2226126848,
			5905580032
		],
		[
			2226126848,
			5905580032
		],
		[
			2226126848,
			5905580032
		],
		[
			2226126848,
			5905580032
		],
		[
			2226126848,
			5905580032
		],
		[
			2226126848,
			5905580032
		],
		[
			2226126848,
			5905580032
		],
		[
			2226126848,
			5905580032
		],
		[
			2226126848,
			5905580032
		],
		[
			2226126848,
			5905580032
		],
		[
			2226126848,
			5905580032
		],
		[
			2226126848,
			5905580032
		],
		[
			2226126848,
			5905580032
		],
		[
			2226126848,
			5905580032
		],
		[
			2226126848,
			5905580032
		],
		[
			2226126848,
			5905580032
		],
		[
			2226126848,
			5905580032
		],
		[
			2226126848,
			5905580032
		],
		[
			2226126848,
			5905580032
		],
		[
			2226126848,
			5905580032
		],
		[
			2226126848,
			5905580032
		],
		[
			2226126848,
			5905580032
		],
		[
			2226126848,
			5905580032
		],
		[
			2226126848,
			5905580032
		],
		[
			2226126848,
			5905580032
		],
		[
			2226126848,
			5905580032
		],
		[
			2226126848,
			5905580032
		],
		[
			2226126848,
			5905580032
		],
		[
			2226126848,
			5905580032
		],
		[
			2226126848,
			5905580032
		],
		[
			2226126848,
			5905580032
		],
		[
			2226126848,
			5905580032
		],
		[
			2226126848,
			5905580032
		],
		[
			2226126848,
			5905580032
		],
		[
			2226126848,
			5905580032
		],
		[
			2226126848,
			5905580032
		],
		[
			2226126848,
			5905580032
		],
		[
			2226126848,
			5905580032
		],
		[
			2226126848,
			5905580032
		],
		[
			2226126848,
			5905580032
		],
		[
			2226126848,
			5905580032
		],
		[
			2226126848,
			5905580032
		],
		[
			2226126848,
			5905580032
		],
		[
			2226126848,
			5905580032
		],
		[
			2226126848,
			5905580032
		],
		[
			2226126848,
			5905580032
		],
		[
			2226126848,
			5905580032
		],
		[
			2226126848,
			5905580032
		]
	],
	"utilization": [
		17,
		17,
		12,
		12,
		24,
		24,
		87,
		87,
		24,
		24,
		0,
		0,
		14,
		14,
		28,
		28,
		43,
		43,
		40,
		40,
		11,
		11,
		6,
		6,
		20,
		20,
		40,
		40,
		25,
		25,
		13,
		13,
		21,
		21,
		28,
		28,
		48,
		48,
		50,
		50,
		25,
		25,
		0,
		0,
		14,
		14,
		29,
		29,
		26,
		26,
		26,
		26,
		21,
		21,
		31,
		31,
		53,
		53,
		38,
		38,
		0,
		0,
		15,
		15,
		26,
		26,
		26,
		26,
		26,
		26,
		20,
		20,
		33,
		33,
		53,
		53,
		38,
		38,
		0,
		0,
		15,
		15,
		35,
		35,
		64,
		64,
		18,
		18,
		0,
		0
	],
	"computation_proportion": 20,
	"extra_dict": {}
}