{
	"model_name": "MobileNetV3S",
	"batch_size": 32,
	"duration_sec": 45,
	"mode": "train",
	"is_DDP": true,
	"process_group_backend": "gloo",
	"world_size": 4,
	"rank": 2,
	"local_rank": 0,
	"device_type": "gpu",
	"master_addr": "133.133.135.75",
	"master_port": 39920,
	"iteration_count": 59,
	"iteration_intervals": [
		1742032128,
		1956270080,
		807291648,
		1369906176,
		493463040,
		333640960,
		274639360,
		1709815552,
		825251840,
		2348405504,
		492356352,
		254990848,
		350197504,
		1681147136,
		626994432,
		1450551296,
		522222592,
		361148416,
		248387328,
		261123840,
		961125376,
		857808384,
		1348516864,
		617530368,
		980027136,
		974398464,
		366990080,
		360746240,
		248752384,
		247145472,
		241008384,
		131046144,
		1402941440,
		1229368064,
		976895744,
		397451776,
		338576640,
		278366976,
		1713358848,
		483156992,
		370127872,
		247231232,
		1429730816,
		760908032,
		375488000,
		360285440,
		1309852160,
		900154880,
		479997184,
		339981824,
		272278784,
		1690861824,
		502218752,
		371539200,
		1106999040,
		493177856,
		363004928,
		701340416,
		1621009920
	],
	"iteration_intervals_avg": 733190238.8148148,
	"iteration_intervals_avg_second": 0.7331902388148148,
	"total_time_ns": 45963577344,
	"total_time_second": 45,
	"mem_infos": [
		[
			5197791232,
			5905580032
		],
		[
			4988076032,
			5905580032
		],
		[
			4780457984,
			5905580032
		],
		[
			4145020928,
			5905580032
		],
		[
			4082106368,
			5905580032
		],
		[
			4082106368,
			5905580032
		],
		[
			4080009216,
			5905580032
		],
		[
			4075814912,
			5905580032
		],
		[
			4075814912,
			5905580032
		],
		[
			4075814912,
			5905580032
		],
		[
			4075814912,
			5905580032
		],
		[
			4075814912,
			5905580032
		],
		[
			4075814912,
			5905580032
		],
		[
			4075814912,
			5905580032
		],
		[
			4075814912,
			5905580032
		],
		[
			4075814912,
			5905580032
		],
		[
			4075814912,
			5905580032
		],
		[
			4075814912,
			5905580032
		],
		[
			4075814912,
			5905580032
		],
		[
			4075814912,
			5905580032
		],
		[
			4075814912,
			5905580032
		],
		[
			4075814912,
			5905580032
		],
		[
			4075814912,
			5905580032
		],
		[
			4075814912,
			5905580032
		],
		[
			4075814912,
			5905580032
		],
		[
			4075814912,
			5905580032
		],
		[
			4075814912,
			5905580032
		],
		[
			4075814912,
			5905580032
		],
		[
			4075814912,
			5905580032
		],
		[
			4075814912,
			5905580032
		],
		[
			4075814912,
			5905580032
		],
		[
			4075814912,
			5905580032
		],
		[
			4075814912,
			5905580032
		],
		[
			4075814912,
			5905580032
		],
		[
			4075814912,
			5905580032
		],
		[
			4075814912,
			5905580032
		],
		[
			4075814912,
			5905580032
		],
		[
			4075814912,
			5905580032
		],
		[
			4075814912,
			5905580032
		],
		[
			4075814912,
			5905580032
		],
		[
			4075814912,
			5905580032
		],
		[
			4075814912,
			5905580032
		],
		[
			4075814912,
			5905580032
		],
		[
			4075814912,
			5905580032
		],
		[
			4075814912,
			5905580032
		],
		[
			4075814912,
			5905580032
		],
		[
			4075814912,
			5905580032
		],
		[
			4075814912,
			5905580032
		],
		[
			4075814912,
			5905580032
		],
		[
			4075814912,
			5905580032
		],
		[
			4075814912,
			5905580032
		],
		[
			4075814912,
			5905580032
		],
		[
			4075814912,
			5905580032
		],
		[
			4075814912,
			5905580032
		],
		[
			4075814912,
			5905580032
		],
		[
			4075814912,
			5905580032
		],
		[
			4075814912,
			5905580032
		],
		[
			4075814912,
			5905580032
		],
		[
			4075814912,
			5905580032
		],
		[
			4075814912,
			5905580032
		],
		[
			4075814912,
			5905580032
		],
		[
			4075814912,
			5905580032
		],
		[
			4075814912,
			5905580032
		],
		[
			4075814912,
			5905580032
		],
		[
			4075814912,
			5905580032
		],
		[
			4075814912,
			5905580032
		],
		[
			4075814912,
			5905580032
		],
		[
			4075814912,
			5905580032
		],
		[
			4075814912,
			5905580032
		],
		[
			4075814912,
			5905580032
		],
		[
			4075814912,
			5905580032
		],
		[
			4075814912,
			5905580032
		],
		[
			4075814912,
			5905580032
		],
		[
			4075814912,
			5905580032
		],
		[
			4075814912,
			5905580032
		],
		[
			4075814912,
			5905580032
		],
		[
			4075814912,
			5905580032
		],
		[
			4075814912,
			5905580032
		],
		[
			4075814912,
			5905580032
		],
		[
			4075814912,
			5905580032
		],
		[
			4075814912,
			5905580032
		],
		[
			4075814912,
			5905580032
		],
		[
			4075814912,
			5905580032
		],
		[
			4075814912,
			5905580032
		],
		[
			4075814912,
			5905580032
		],
		[
			4075814912,
			5905580032
		],
		[
			4075814912,
			5905580032
		],
		[
			4075814912,
			5905580032
		],
		[
			4075814912,
			5905580032
		],
		[
			4075814912,
			5905580032
		]
	],
	"utilization": [
		42,
		42,
		39,
		39,
		26,
		26,
		0,
		0,
		7,
		7,
		6,
		6,
		4,
		4,
		18,
		18,
		5,
		5,
		6,
		6,
		6,
		6,
		0,
		0,
		6,
		6,
		15,
		15,
		6,
		6,
		6,
		6,
		5,
		5,
		6,
		6,
		19,
		19,
		9,
		9,
		11,
		11,
		5,
		5,
		10,
		10,
		8,
		8,
		13,
		13,
		20,
		20,
		19,
		19,
		6,
		6,
		6,
		6,
		4,
		4,
		17,
		17,
		5,
		5,
		6,
		6,
		20,
		20,
		1,
		1,
		6,
		6,
		19,
		19,
		4,
		4,
		4,
		4,
		16,
		16,
		5,
		5,
		6,
		6,
		14,
		14,
		6,
		6,
		12,
		12
	],
	"computation_proportion": 5,
	"extra_dict": {}
}