{
	"model_name": "YoloV5N",
	"batch_size": 256,
	"duration_sec": 45,
	"mode": "train",
	"is_DDP": true,
	"process_group_backend": "gloo",
	"world_size": 1,
	"rank": 0,
	"local_rank": 0,
	"device_type": "gpu",
	"master_addr": "133.133.135.75",
	"master_port": 39920,
	"iteration_count": 102,
	"iteration_intervals": [
		1287506432,
		325703424,
		330111488,
		293358336,
		334642944,
		357713152,
		351489024,
		373942528,
		373858304,
		394416640,
		444612096,
		395646464,
		464185856,
		397831168,
		472328960,
		472895744,
		476051712,
		409021696,
		461136896,
		479500032,
		389036288,
		479027200,
		462336512,
		400644352,
		462020352,
		389321728,
		463836928,
		403959296,
		463549184,
		475898368,
		404062208,
		465830400,
		390903808,
		475357952,
		397560064,
		449794048,
		406120704,
		467591936,
		469776128,
		436206592,
		414324736,
		479135232,
		408892416,
		473342976,
		475553280,
		479606528,
		481432320,
		409766656,
		461636096,
		401818112,
		445475072,
		478076928,
		412385280,
		452372224,
		486993408,
		492790016,
		473777152,
		399945984,
		461836032,
		393248000,
		463025920,
		468015616,
		420420096,
		456094464,
		481218048,
		488609536,
		396391936,
		464081152,
		401456384,
		462578944,
		478001664,
		482881536,
		477099520,
		412193536,
		476672768,
		456296704,
		404306944,
		455343616,
		395732736,
		450727936,
		386838016,
		468824064,
		402001408,
		463260416,
		406899968,
		455706112,
		464761600,
		403862784,
		472738048,
		466913792,
		415747584,
		472849664,
		472309760,
		450099712,
		407817472,
		469967104,
		391049472,
		471576576,
		397075712,
		461753344,
		395824640,
		465128192
	],
	"iteration_intervals_avg": 440350796.53608245,
	"iteration_intervals_avg_second": 0.44035079653608244,
	"total_time_ns": 45287195392,
	"total_time_second": 45,
	"mem_infos": [
		[
			11120148480,
			11811160064
		],
		[
			10430185472,
			11811160064
		],
		[
			4977590272,
			11811160064
		],
		[
			3415212032,
			11811160064
		],
		[
			3146776576,
			11811160064
		],
		[
			3146776576,
			11811160064
		],
		[
			3146776576,
			11811160064
		],
		[
			3146776576,
			11811160064
		],
		[
			3146776576,
			11811160064
		],
		[
			3146776576,
			11811160064
		],
		[
			3146776576,
			11811160064
		],
		[
			3146776576,
			11811160064
		],
		[
			3146776576,
			11811160064
		],
		[
			3146776576,
			11811160064
		],
		[
			3146776576,
			11811160064
		],
		[
			3146776576,
			11811160064
		],
		[
			3146776576,
			11811160064
		],
		[
			3146776576,
			11811160064
		],
		[
			3146776576,
			11811160064
		],
		[
			3146776576,
			11811160064
		],
		[
			3146776576,
			11811160064
		],
		[
			3146776576,
			11811160064
		],
		[
			3146776576,
			11811160064
		],
		[
			3146776576,
			11811160064
		],
		[
			3146776576,
			11811160064
		],
		[
			3146776576,
			11811160064
		],
		[
			3146776576,
			11811160064
		],
		[
			3146776576,
			11811160064
		],
		[
			3146776576,
			11811160064
		],
		[
			3146776576,
			11811160064
		],
		[
			3146776576,
			11811160064
		],
		[
			3146776576,
			11811160064
		],
		[
			3146776576,
			11811160064
		],
		[
			3146776576,
			11811160064
		],
		[
			3146776576,
			11811160064
		],
		[
			3146776576,
			11811160064
		],
		[
			3146776576,
			11811160064
		],
		[
			3146776576,
			11811160064
		],
		[
			3146776576,
			11811160064
		],
		[
			3146776576,
			11811160064
		],
		[
			3146776576,
			11811160064
		],
		[
			3146776576,
			11811160064
		],
		[
			3146776576,
			11811160064
		],
		[
			3146776576,
			11811160064
		],
		[
			3146776576,
			11811160064
		],
		[
			3146776576,
			11811160064
		],
		[
			3146776576,
			11811160064
		],
		[
			3146776576,
			11811160064
		],
		[
			3146776576,
			11811160064
		],
		[
			3146776576,
			11811160064
		],
		[
			3146776576,
			11811160064
		],
		[
			3146776576,
			11811160064
		],
		[
			3146776576,
			11811160064
		],
		[
			3146776576,
			11811160064
		],
		[
			3146776576,
			11811160064
		],
		[
			3146776576,
			11811160064
		],
		[
			3146776576,
			11811160064
		],
		[
			3146776576,
			11811160064
		],
		[
			3146776576,
			11811160064
		],
		[
			3146776576,
			11811160064
		],
		[
			3146776576,
			11811160064
		],
		[
			3146776576,
			11811160064
		],
		[
			3146776576,
			11811160064
		],
		[
			3146776576,
			11811160064
		],
		[
			3146776576,
			11811160064
		],
		[
			3146776576,
			11811160064
		],
		[
			3146776576,
			11811160064
		],
		[
			3146776576,
			11811160064
		],
		[
			3146776576,
			11811160064
		],
		[
			3146776576,
			11811160064
		],
		[
			3146776576,
			11811160064
		],
		[
			3146776576,
			11811160064
		],
		[
			3146776576,
			11811160064
		],
		[
			3146776576,
			11811160064
		],
		[
			3146776576,
			11811160064
		],
		[
			3146776576,
			11811160064
		],
		[
			3146776576,
			11811160064
		],
		[
			3146776576,
			11811160064
		],
		[
			3146776576,
			11811160064
		],
		[
			3146776576,
			11811160064
		],
		[
			3146776576,
			11811160064
		],
		[
			3146776576,
			11811160064
		],
		[
			3146776576,
			11811160064
		],
		[
			3146776576,
			11811160064
		],
		[
			3146776576,
			11811160064
		],
		[
			3146776576,
			11811160064
		],
		[
			3146776576,
			11811160064
		],
		[
			3146776576,
			11811160064
		],
		[
			3146776576,
			11811160064
		],
		[
			3146776576,
			11811160064
		]
	],
	"utilization": [
		10,
		10,
		11,
		11,
		54,
		54,
		57,
		57,
		47,
		47,
		46,
		46,
		43,
		43,
		39,
		39,
		42,
		42,
		40,
		40,
		40,
		40,
		42,
		42,
		43,
		43,
		41,
		41,
		40,
		40,
		44,
		44,
		43,
		43,
		40,
		40,
		42,
		42,
		44,
		44,
		37,
		37,
		38,
		38,
		43,
		43,
		42,
		42,
		39,
		39,
		39,
		39,
		39,
		44,
		44,
		42,
		42,
		39,
		39,
		40,
		40,
		41,
		41,
		42,
		42,
		40,
		40,
		39,
		39,
		40,
		40,
		45,
		45,
		44,
		44,
		41,
		41,
		42,
		42,
		42,
		42,
		39,
		39,
		39,
		39,
		45,
		45,
		41,
		41,
		42
	],
	"computation_proportion": 40,
	"extra_dict": {}
}