{
	"model_name": "GhostNet",
	"batch_size": 128,
	"duration_sec": 45,
	"mode": "train",
	"is_DDP": true,
	"process_group_backend": "gloo",
	"world_size": 2,
	"rank": 0,
	"local_rank": 0,
	"device_type": "gpu",
	"master_addr": "133.133.135.74",
	"master_port": 39920,
	"iteration_count": 103,
	"iteration_intervals": [
		1547645952,
		431134208,
		426395392,
		427070976,
		422450176,
		429512192,
		422926336,
		439088896,
		419852288,
		431918848,
		423282944,
		440953344,
		420497920,
		430232576,
		422743808,
		435784448,
		423327232,
		433980416,
		423295744,
		435665408,
		421761792,
		449803264,
		399929856,
		454577664,
		412359936,
		465879040,
		392121600,
		467905024,
		379607040,
		472821248,
		388726016,
		475742464,
		383748864,
		466387968,
		388955392,
		475276032,
		378602752,
		478064640,
		380571904,
		476244480,
		379359744,
		474587904,
		386500096,
		471097088,
		378936576,
		481016576,
		378643968,
		475111168,
		377208576,
		402728192,
		463040000,
		398545408,
		451383808,
		407215872,
		455565312,
		398595072,
		462177536,
		393865728,
		457028096,
		394903296,
		455861504,
		398320384,
		459920640,
		397534976,
		467128064,
		398666752,
		458500096,
		394510336,
		467306496,
		381954304,
		469834496,
		392932352,
		477828864,
		377127936,
		475857920,
		377149440,
		505422080,
		389275904,
		465613824,
		385732096,
		476431104,
		383179520,
		473524736,
		385718784,
		467330560,
		382559232,
		477709312,
		381751808,
		476949248,
		378041088,
		476302592,
		382270208,
		481609472,
		370003200,
		433052160,
		432555264,
		419682560,
		435765248,
		422593792,
		432578816,
		422732032,
		440472832,
		409097216
	],
	"iteration_intervals_avg": 428245394.28571427,
	"iteration_intervals_avg_second": 0.4282453942857143,
	"total_time_ns": 45223707904,
	"total_time_second": 45,
	"mem_infos": [
		[
			11269046272,
			11811160064
		],
		[
			10363076608,
			11811160064
		],
		[
			10130292736,
			11811160064
		],
		[
			4035969024,
			11811160064
		],
		[
			4027580416,
			11811160064
		],
		[
			4027580416,
			11811160064
		],
		[
			4027580416,
			11811160064
		],
		[
			4027580416,
			11811160064
		],
		[
			4027580416,
			11811160064
		],
		[
			4027580416,
			11811160064
		],
		[
			4027580416,
			11811160064
		],
		[
			4027580416,
			11811160064
		],
		[
			4027580416,
			11811160064
		],
		[
			4027580416,
			11811160064
		],
		[
			4027580416,
			11811160064
		],
		[
			4027580416,
			11811160064
		],
		[
			4027580416,
			11811160064
		],
		[
			4027580416,
			11811160064
		],
		[
			4027580416,
			11811160064
		],
		[
			4027580416,
			11811160064
		],
		[
			4027580416,
			11811160064
		],
		[
			4027580416,
			11811160064
		],
		[
			4027580416,
			11811160064
		],
		[
			4027580416,
			11811160064
		],
		[
			4027580416,
			11811160064
		],
		[
			4027580416,
			11811160064
		],
		[
			4027580416,
			11811160064
		],
		[
			4027580416,
			11811160064
		],
		[
			4027580416,
			11811160064
		],
		[
			4027580416,
			11811160064
		],
		[
			4027580416,
			11811160064
		],
		[
			4027580416,
			11811160064
		],
		[
			4027580416,
			11811160064
		],
		[
			4027580416,
			11811160064
		],
		[
			4027580416,
			11811160064
		],
		[
			4027580416,
			11811160064
		],
		[
			4027580416,
			11811160064
		],
		[
			4027580416,
			11811160064
		],
		[
			4027580416,
			11811160064
		],
		[
			4027580416,
			11811160064
		],
		[
			4027580416,
			11811160064
		],
		[
			4027580416,
			11811160064
		],
		[
			4027580416,
			11811160064
		],
		[
			4027580416,
			11811160064
		],
		[
			4027580416,
			11811160064
		],
		[
			4027580416,
			11811160064
		],
		[
			4027580416,
			11811160064
		],
		[
			4027580416,
			11811160064
		],
		[
			4027580416,
			11811160064
		],
		[
			4027580416,
			11811160064
		],
		[
			4027580416,
			11811160064
		],
		[
			4027580416,
			11811160064
		],
		[
			4027580416,
			11811160064
		],
		[
			4027580416,
			11811160064
		],
		[
			4027580416,
			11811160064
		],
		[
			4027580416,
			11811160064
		],
		[
			4027580416,
			11811160064
		],
		[
			4027580416,
			11811160064
		],
		[
			4027580416,
			11811160064
		],
		[
			4027580416,
			11811160064
		],
		[
			4027580416,
			11811160064
		],
		[
			4027580416,
			11811160064
		],
		[
			4027580416,
			11811160064
		],
		[
			4027580416,
			11811160064
		],
		[
			4027580416,
			11811160064
		],
		[
			4027580416,
			11811160064
		],
		[
			4027580416,
			11811160064
		],
		[
			4027580416,
			11811160064
		],
		[
			4027580416,
			11811160064
		],
		[
			4027580416,
			11811160064
		],
		[
			4027580416,
			11811160064
		],
		[
			4027580416,
			11811160064
		],
		[
			4027580416,
			11811160064
		],
		[
			4027580416,
			11811160064
		],
		[
			4027580416,
			11811160064
		],
		[
			4027580416,
			11811160064
		],
		[
			4027580416,
			11811160064
		],
		[
			4027580416,
			11811160064
		],
		[
			4027580416,
			11811160064
		],
		[
			4027580416,
			11811160064
		],
		[
			4027580416,
			11811160064
		],
		[
			4027580416,
			11811160064
		],
		[
			4027580416,
			11811160064
		],
		[
			4027580416,
			11811160064
		],
		[
			4027580416,
			11811160064
		],
		[
			4027580416,
			11811160064
		],
		[
			4027580416,
			11811160064
		],
		[
			4027580416,
			11811160064
		],
		[
			4027580416,
			11811160064
		],
		[
			4027580416,
			11811160064
		]
	],
	"utilization": [
		2,
		5,
		5,
		18,
		18,
		33,
		33,
		34,
		34,
		32,
		32,
		30,
		30,
		33,
		33,
		32,
		32,
		32,
		31,
		31,
		32,
		32,
		32,
		32,
		33,
		33,
		33,
		33,
		30,
		30,
		33,
		33,
		34,
		34,
		30,
		30,
		32,
		32,
		34,
		34,
		31,
		31,
		32,
		32,
		32,
		32,
		32,
		32,
		34,
		34,
		30,
		30,
		30,
		30,
		35,
		35,
		32,
		32,
		32,
		32,
		32,
		32,
		33,
		33,
		34,
		34,
		31,
		31,
		31,
		31,
		32,
		32,
		33,
		33,
		31,
		31,
		32,
		32,
		34,
		34,
		31,
		31,
		33,
		33,
		30,
		30,
		32,
		32,
		35,
		35
	],
	"computation_proportion": 100,
	"extra_dict": {}
}