{
	"model_name": "ShuffleNet",
	"batch_size": 32,
	"duration_sec": 45,
	"mode": "train",
	"is_DDP": true,
	"process_group_backend": "gloo",
	"world_size": 4,
	"rank": 2,
	"local_rank": 0,
	"device_type": "gpu",
	"master_addr": "133.133.135.75",
	"master_port": 39920,
	"iteration_count": 95,
	"iteration_intervals": [
		1514143744,
		185987072,
		167560448,
		170017024,
		169324544,
		164144640,
		169688320,
		161394944,
		177927424,
		942988288,
		481972480,
		376993024,
		364675840,
		252926720,
		243861504,
		365332224,
		1834656256,
		615324928,
		361860352,
		243899136,
		242199808,
		166205952,
		200846336,
		169138432,
		173040128,
		164635136,
		168740352,
		170185984,
		163861504,
		163280896,
		169315840,
		161704704,
		1189074176,
		375277056,
		359147520,
		258638592,
		350032896,
		256931072,
		2259281920,
		421899776,
		365929728,
		259271680,
		302667008,
		297127424,
		183187712,
		191193344,
		187973888,
		179274752,
		166830848,
		2395123456,
		491741440,
		255607040,
		361332480,
		255424000,
		355686400,
		2070299648,
		494313728,
		361450752,
		254455296,
		363808256,
		378387712,
		340865536,
		263867136,
		240086272,
		1562604800,
		497303808,
		251209472,
		364073984,
		255092224,
		248761344,
		595240704,
		982420992,
		373103360,
		616018176,
		371607040,
		364158208,
		251195904,
		488625920,
		1461782784,
		1111337984,
		603268096,
		261940224,
		253573632,
		233999104,
		240844032,
		354666240,
		486041856,
		2094063616,
		478432256,
		260039680,
		366259200,
		361698816,
		481644544,
		731443456,
		1844166656
	],
	"iteration_intervals_avg": 491151197.8666667,
	"iteration_intervals_avg_second": 0.49115119786666667,
	"total_time_ns": 46411914752,
	"total_time_second": 46,
	"mem_infos": [
		[
			5363466240,
			5905580032
		],
		[
			5082447872,
			5905580032
		],
		[
			4855955456,
			5905580032
		],
		[
			3935305728,
			5905580032
		],
		[
			3935305728,
			5905580032
		],
		[
			3935305728,
			5905580032
		],
		[
			3935305728,
			5905580032
		],
		[
			3935305728,
			5905580032
		],
		[
			3935305728,
			5905580032
		],
		[
			3935305728,
			5905580032
		],
		[
			3935305728,
			5905580032
		],
		[
			3935305728,
			5905580032
		],
		[
			3935305728,
			5905580032
		],
		[
			3935305728,
			5905580032
		],
		[
			3935305728,
			5905580032
		],
		[
			3935305728,
			5905580032
		],
		[
			3935305728,
			5905580032
		],
		[
			3935305728,
			5905580032
		],
		[
			3935305728,
			5905580032
		],
		[
			3935305728,
			5905580032
		],
		[
			3935305728,
			5905580032
		],
		[
			3935305728,
			5905580032
		],
		[
			3935305728,
			5905580032
		],
		[
			3935305728,
			5905580032
		],
		[
			3935305728,
			5905580032
		],
		[
			3935305728,
			5905580032
		],
		[
			3935305728,
			5905580032
		],
		[
			3935305728,
			5905580032
		],
		[
			3935305728,
			5905580032
		],
		[
			3935305728,
			5905580032
		],
		[
			3935305728,
			5905580032
		],
		[
			3935305728,
			5905580032
		],
		[
			3935305728,
			5905580032
		],
		[
			3935305728,
			5905580032
		],
		[
			3935305728,
			5905580032
		],
		[
			3935305728,
			5905580032
		],
		[
			3935305728,
			5905580032
		],
		[
			3935305728,
			5905580032
		],
		[
			3935305728,
			5905580032
		],
		[
			3935305728,
			5905580032
		],
		[
			3935305728,
			5905580032
		],
		[
			3935305728,
			5905580032
		],
		[
			3935305728,
			5905580032
		],
		[
			3935305728,
			5905580032
		],
		[
			3935305728,
			5905580032
		],
		[
			3935305728,
			5905580032
		],
		[
			3935305728,
			5905580032
		],
		[
			3935305728,
			5905580032
		],
		[
			3935305728,
			5905580032
		],
		[
			3935305728,
			5905580032
		],
		[
			3935305728,
			5905580032
		],
		[
			3935305728,
			5905580032
		],
		[
			3935305728,
			5905580032
		],
		[
			3935305728,
			5905580032
		],
		[
			3935305728,
			5905580032
		],
		[
			3935305728,
			5905580032
		],
		[
			3935305728,
			5905580032
		],
		[
			3935305728,
			5905580032
		],
		[
			3935305728,
			5905580032
		],
		[
			3935305728,
			5905580032
		],
		[
			3935305728,
			5905580032
		],
		[
			3935305728,
			5905580032
		],
		[
			3935305728,
			5905580032
		],
		[
			3935305728,
			5905580032
		],
		[
			3935305728,
			5905580032
		],
		[
			3935305728,
			5905580032
		],
		[
			3935305728,
			5905580032
		],
		[
			3935305728,
			5905580032
		],
		[
			3935305728,
			5905580032
		],
		[
			3935305728,
			5905580032
		],
		[
			3935305728,
			5905580032
		],
		[
			3935305728,
			5905580032
		],
		[
			3935305728,
			5905580032
		],
		[
			3935305728,
			5905580032
		],
		[
			3935305728,
			5905580032
		],
		[
			3935305728,
			5905580032
		],
		[
			3935305728,
			5905580032
		],
		[
			3935305728,
			5905580032
		],
		[
			3935305728,
			5905580032
		],
		[
			3935305728,
			5905580032
		],
		[
			3935305728,
			5905580032
		],
		[
			3935305728,
			5905580032
		],
		[
			3935305728,
			5905580032
		],
		[
			3935305728,
			5905580032
		],
		[
			3935305728,
			5905580032
		],
		[
			3935305728,
			5905580032
		],
		[
			3935305728,
			5905580032
		],
		[
			3935305728,
			5905580032
		],
		[
			3935305728,
			5905580032
		],
		[
			3935305728,
			5905580032
		]
	],
	"utilization": [
		9,
		14,
		14,
		16,
		16,
		43,
		43,
		18,
		18,
		10,
		10,
		21,
		21,
		14,
		14,
		0,
		0,
		13,
		13,
		28,
		28,
		40,
		40,
		22,
		22,
		7,
		7,
		21,
		21,
		13,
		13,
		0,
		0,
		8,
		8,
		26,
		26,
		33,
		33,
		11,
		11,
		0,
		0,
		7,
		7,
		25,
		25,
		6,
		6,
		1,
		1,
		14,
		14,
		20,
		20,
		22,
		22,
		6,
		6,
		7,
		7,
		31,
		31,
		15,
		15,
		7,
		7,
		13,
		13,
		20,
		20,
		7,
		7,
		5,
		5,
		7,
		7,
		21,
		21,
		21,
		21,
		5,
		5,
		1,
		1,
		16,
		16,
		19,
		19,
		11
	],
	"computation_proportion": 10,
	"extra_dict": {}
}