{
	"model_name": "MEALV2",
	"batch_size": 64,
	"duration_sec": 45,
	"mode": "train",
	"is_DDP": true,
	"process_group_backend": "gloo",
	"world_size": 4,
	"rank": 0,
	"local_rank": 0,
	"device_type": "gpu",
	"master_addr": "133.133.135.75",
	"master_port": 39920,
	"iteration_count": 115,
	"iteration_intervals": [
		1512843776,
		86268160,
		100566272,
		93623296,
		247114240,
		240914432,
		242969088,
		257988608,
		235083520,
		239133952,
		143787264,
		219004160,
		255368192,
		488427776,
		245673472,
		245703936,
		234899200,
		1478082304,
		736565504,
		378022912,
		362015232,
		356466432,
		253473536,
		248858112,
		481686784,
		507634432,
		1336114688,
		739388160,
		367086336,
		245576704,
		247648000,
		232857856,
		146167552,
		224846336,
		131828992,
		134662912,
		139931904,
		213856256,
		2207521536,
		486957312,
		258982656,
		362981632,
		356951808,
		363639296,
		487418368,
		986184704,
		1231493888,
		494898176,
		362213632,
		259843584,
		246520320,
		228480256,
		152909312,
		209892864,
		136608256,
		232854016,
		239839488,
		1967529216,
		372102400,
		366646016,
		249095168,
		237699584,
		140672512,
		225325312,
		129831168,
		137908992,
		133081856,
		128219648,
		114659328,
		135546624,
		116108800,
		208203264,
		2230190848,
		494047232,
		253064704,
		259969024,
		236243968,
		233198592,
		143320064,
		213451008,
		129683456,
		136127232,
		137848064,
		327002880,
		1715314688,
		383478272,
		370347264,
		245756672,
		358779136,
		256827648,
		364829952,
		486554112,
		377328128,
		243738880,
		480193280,
		377935104,
		259229696,
		245996032,
		340158208,
		249613312,
		372442624,
		368271872,
		622844672,
		851296768,
		614717440,
		370601472,
		238546944,
		243687424,
		140666624,
		223156736,
		146213632,
		132535040,
		213034240,
		243809280,
		1225703936
	],
	"iteration_intervals_avg": 395802742.6909091,
	"iteration_intervals_avg_second": 0.3958027426909091,
	"total_time_ns": 45579751424,
	"total_time_second": 45,
	"mem_infos": [
		[
			5361369088,
			5905580032
		],
		[
			5030019072,
			5905580032
		],
		[
			4828692480,
			5905580032
		],
		[
			3538944000,
			5905580032
		],
		[
			3530555392,
			5905580032
		],
		[
			3530555392,
			5905580032
		],
		[
			3530555392,
			5905580032
		],
		[
			3530555392,
			5905580032
		],
		[
			3530555392,
			5905580032
		],
		[
			3530555392,
			5905580032
		],
		[
			3530555392,
			5905580032
		],
		[
			3530555392,
			5905580032
		],
		[
			3530555392,
			5905580032
		],
		[
			3530555392,
			5905580032
		],
		[
			3530555392,
			5905580032
		],
		[
			3530555392,
			5905580032
		],
		[
			3530555392,
			5905580032
		],
		[
			3530555392,
			5905580032
		],
		[
			3530555392,
			5905580032
		],
		[
			3530555392,
			5905580032
		],
		[
			3530555392,
			5905580032
		],
		[
			3530555392,
			5905580032
		],
		[
			3530555392,
			5905580032
		],
		[
			3530555392,
			5905580032
		],
		[
			3530555392,
			5905580032
		],
		[
			3530555392,
			5905580032
		],
		[
			3530555392,
			5905580032
		],
		[
			3530555392,
			5905580032
		],
		[
			3530555392,
			5905580032
		],
		[
			3530555392,
			5905580032
		],
		[
			3530555392,
			5905580032
		],
		[
			3530555392,
			5905580032
		],
		[
			3530555392,
			5905580032
		],
		[
			3530555392,
			5905580032
		],
		[
			3530555392,
			5905580032
		],
		[
			3530555392,
			5905580032
		],
		[
			3530555392,
			5905580032
		],
		[
			3530555392,
			5905580032
		],
		[
			3530555392,
			5905580032
		],
		[
			3530555392,
			5905580032
		],
		[
			3530555392,
			5905580032
		],
		[
			3530555392,
			5905580032
		],
		[
			3530555392,
			5905580032
		],
		[
			3530555392,
			5905580032
		],
		[
			3530555392,
			5905580032
		],
		[
			3530555392,
			5905580032
		],
		[
			3530555392,
			5905580032
		],
		[
			3530555392,
			5905580032
		],
		[
			3530555392,
			5905580032
		],
		[
			3530555392,
			5905580032
		],
		[
			3530555392,
			5905580032
		],
		[
			3530555392,
			5905580032
		],
		[
			3530555392,
			5905580032
		],
		[
			3530555392,
			5905580032
		],
		[
			3530555392,
			5905580032
		],
		[
			3530555392,
			5905580032
		],
		[
			3530555392,
			5905580032
		],
		[
			3530555392,
			5905580032
		],
		[
			3530555392,
			5905580032
		],
		[
			3530555392,
			5905580032
		],
		[
			3530555392,
			5905580032
		],
		[
			3530555392,
			5905580032
		],
		[
			3530555392,
			5905580032
		],
		[
			3530555392,
			5905580032
		],
		[
			3530555392,
			5905580032
		],
		[
			3530555392,
			5905580032
		],
		[
			3530555392,
			5905580032
		],
		[
			3530555392,
			5905580032
		],
		[
			3530555392,
			5905580032
		],
		[
			3530555392,
			5905580032
		],
		[
			3530555392,
			5905580032
		],
		[
			3530555392,
			5905580032
		],
		[
			3530555392,
			5905580032
		],
		[
			3530555392,
			5905580032
		],
		[
			3530555392,
			5905580032
		],
		[
			3530555392,
			5905580032
		],
		[
			3530555392,
			5905580032
		],
		[
			3530555392,
			5905580032
		],
		[
			3530555392,
			5905580032
		],
		[
			3530555392,
			5905580032
		],
		[
			3530555392,
			5905580032
		],
		[
			3530555392,
			5905580032
		],
		[
			3530555392,
			5905580032
		],
		[
			3530555392,
			5905580032
		],
		[
			3530555392,
			5905580032
		],
		[
			3530555392,
			5905580032
		],
		[
			3530555392,
			5905580032
		],
		[
			3530555392,
			5905580032
		],
		[
			3530555392,
			5905580032
		],
		[
			3530555392,
			5905580032
		]
	],
	"utilization": [
		8,
		8,
		12,
		12,
		22,
		22,
		48,
		48,
		34,
		34,
		24,
		24,
		24,
		24,
		3,
		3,
		13,
		13,
		26,
		26,
		25,
		25,
		8,
		8,
		8,
		8,
		24,
		24,
		44,
		44,
		24,
		24,
		0,
		0,
		9,
		9,
		26,
		26,
		25,
		25,
		5,
		5,
		3,
		3,
		21,
		21,
		38,
		38,
		32,
		32,
		0,
		0,
		10,
		10,
		35,
		35,
		55,
		55,
		22,
		22,
		0,
		0,
		9,
		9,
		34,
		34,
		46,
		46,
		5,
		5,
		10,
		10,
		27,
		27,
		26,
		26,
		28,
		28,
		21,
		21,
		29,
		29,
		17,
		17,
		10,
		10,
		19,
		19,
		42,
		42
	],
	"computation_proportion": 15,
	"extra_dict": {}
}