{
	"model_name": "ConvNeXtT",
	"batch_size": 4,
	"duration_sec": 45,
	"mode": "train",
	"is_DDP": true,
	"process_group_backend": "gloo",
	"world_size": 1,
	"rank": 0,
	"local_rank": 0,
	"device_type": "gpu",
	"master_addr": "133.133.135.75",
	"master_port": 39920,
	"iteration_count": 73,
	"iteration_intervals": [
		1090553344,
		1559471872,
		3414968832,
		731042304,
		612189696,
		490906880,
		477462016,
		488325888,
		496455936,
		603698432,
		727188992,
		614225152,
		486180096,
		493112320,
		479500544,
		494621184,
		606589952,
		728348672,
		613481984,
		492197376,
		488280576,
		481822976,
		489618944,
		606490368,
		609501696,
		613450752,
		491177472,
		488814848,
		489875456,
		481809920,
		491067392,
		604316416,
		609673728,
		608477184,
		497121024,
		610398464,
		602566400,
		494968064,
		484525568,
		487494400,
		371838464,
		492890368,
		593920000,
		732803584,
		492570368,
		488795648,
		485932032,
		482206976,
		494000640,
		482397184,
		615556096,
		851553280,
		850951680,
		738331648,
		604254720,
		485013504,
		492299520,
		377989888,
		470559744,
		614135040,
		609669888,
		609890304,
		495392000,
		489041152,
		479498496,
		484990720,
		479408896,
		499018496,
		610071552,
		849536512,
		732186112,
		614061056,
		598288384
	],
	"iteration_intervals_avg": 555776485.6470588,
	"iteration_intervals_avg_second": 0.5557764856470588,
	"total_time_ns": 45203401216,
	"total_time_second": 45,
	"mem_infos": [
		[
			10786701312,
			11811160064
		],
		[
			10574888960,
			11811160064
		],
		[
			9949937664,
			11811160064
		],
		[
			9582936064,
			11811160064
		],
		[
			9582936064,
			11811160064
		],
		[
			9582936064,
			11811160064
		],
		[
			9582936064,
			11811160064
		],
		[
			9582936064,
			11811160064
		],
		[
			9582936064,
			11811160064
		],
		[
			9582936064,
			11811160064
		],
		[
			9582936064,
			11811160064
		],
		[
			9582936064,
			11811160064
		],
		[
			9582936064,
			11811160064
		],
		[
			9582936064,
			11811160064
		],
		[
			9582936064,
			11811160064
		],
		[
			9582936064,
			11811160064
		],
		[
			9582936064,
			11811160064
		],
		[
			9582936064,
			11811160064
		],
		[
			9582936064,
			11811160064
		],
		[
			9582936064,
			11811160064
		],
		[
			9582936064,
			11811160064
		],
		[
			9582936064,
			11811160064
		],
		[
			9582936064,
			11811160064
		],
		[
			9582936064,
			11811160064
		],
		[
			9582936064,
			11811160064
		],
		[
			9582936064,
			11811160064
		],
		[
			9582936064,
			11811160064
		],
		[
			9582936064,
			11811160064
		],
		[
			9582936064,
			11811160064
		],
		[
			9582936064,
			11811160064
		],
		[
			9582936064,
			11811160064
		],
		[
			9582936064,
			11811160064
		],
		[
			9582936064,
			11811160064
		],
		[
			9582936064,
			11811160064
		],
		[
			9582936064,
			11811160064
		],
		[
			9582936064,
			11811160064
		],
		[
			9582936064,
			11811160064
		],
		[
			9582936064,
			11811160064
		],
		[
			9582936064,
			11811160064
		],
		[
			9582936064,
			11811160064
		],
		[
			9582936064,
			11811160064
		],
		[
			9582936064,
			11811160064
		],
		[
			9582936064,
			11811160064
		],
		[
			9582936064,
			11811160064
		],
		[
			9582936064,
			11811160064
		],
		[
			9582936064,
			11811160064
		],
		[
			9582936064,
			11811160064
		],
		[
			9582936064,
			11811160064
		],
		[
			9582936064,
			11811160064
		],
		[
			9582936064,
			11811160064
		],
		[
			9582936064,
			11811160064
		],
		[
			9582936064,
			11811160064
		],
		[
			9582936064,
			11811160064
		],
		[
			9582936064,
			11811160064
		],
		[
			9582936064,
			11811160064
		],
		[
			9582936064,
			11811160064
		],
		[
			9582936064,
			11811160064
		],
		[
			9582936064,
			11811160064
		],
		[
			9582936064,
			11811160064
		],
		[
			9582936064,
			11811160064
		],
		[
			9582936064,
			11811160064
		],
		[
			9582936064,
			11811160064
		],
		[
			9582936064,
			11811160064
		],
		[
			9582936064,
			11811160064
		],
		[
			9582936064,
			11811160064
		],
		[
			9582936064,
			11811160064
		],
		[
			9582936064,
			11811160064
		],
		[
			9582936064,
			11811160064
		],
		[
			9582936064,
			11811160064
		],
		[
			9582936064,
			11811160064
		],
		[
			9582936064,
			11811160064
		],
		[
			9582936064,
			11811160064
		],
		[
			9582936064,
			11811160064
		],
		[
			9582936064,
			11811160064
		],
		[
			9582936064,
			11811160064
		],
		[
			9582936064,
			11811160064
		],
		[
			9582936064,
			11811160064
		],
		[
			9582936064,
			11811160064
		],
		[
			9582936064,
			11811160064
		],
		[
			9582936064,
			11811160064
		],
		[
			9582936064,
			11811160064
		],
		[
			9582936064,
			11811160064
		],
		[
			9582936064,
			11811160064
		],
		[
			9582936064,
			11811160064
		],
		[
			9582936064,
			11811160064
		],
		[
			9582936064,
			11811160064
		],
		[
			9582936064,
			11811160064
		],
		[
			9582936064,
			11811160064
		],
		[
			9582936064,
			11811160064
		],
		[
			9582936064,
			11811160064
		]
	],
	"utilization": [
		4,
		13,
		13,
		19,
		19,
		0,
		0,
		0,
		0,
		1,
		1,
		3,
		3,
		4,
		4,
		10,
		10,
		12,
		12,
		11,
		11,
		7,
		7,
		11,
		11,
		12,
		12,
		12,
		12,
		7,
		7,
		11,
		11,
		11,
		11,
		12,
		12,
		10,
		10,
		8,
		8,
		13,
		13,
		12,
		12,
		7,
		7,
		11,
		11,
		11,
		11,
		10,
		10,
		13,
		13,
		11,
		11,
		11,
		11,
		9,
		9,
		11,
		11,
		11,
		11,
		11,
		11,
		6,
		6,
		8,
		8,
		9,
		9,
		11,
		11,
		13,
		13,
		9,
		9,
		11,
		11,
		11,
		11,
		12,
		12,
		11,
		11,
		6,
		6,
		8
	],
	"computation_proportion": 10,
	"extra_dict": {}
}