{
	"model_name": "ShuffleNet",
	"batch_size": 256,
	"duration_sec": 45,
	"mode": "train",
	"is_DDP": true,
	"process_group_backend": "gloo",
	"world_size": 2,
	"rank": 0,
	"local_rank": 0,
	"device_type": "gpu",
	"master_addr": "133.133.135.74",
	"master_port": 39920,
	"iteration_count": 67,
	"iteration_intervals": [
		1585985792,
		420737280,
		394170624,
		479540224,
		490168320,
		593592320,
		499161344,
		605693952,
		611647488,
		616541696,
		726274048,
		616188160,
		727355392,
		613197568,
		727569664,
		737446656,
		734444288,
		616508160,
		647260160,
		693458688,
		734405376,
		726170880,
		633556736,
		716148992,
		610199040,
		610393856,
		618471680,
		605683456,
		614795008,
		736059136,
		618977024,
		623441664,
		724256256,
		736459264,
		738909184,
		852358912,
		722518528,
		630551296,
		726912256,
		608941312,
		623393792,
		730063360,
		729730560,
		724493824,
		618960640,
		608942336,
		631270912,
		719813888,
		725715200,
		737739008,
		615598080,
		736732928,
		848977408,
		735446016,
		735764480,
		619517440,
		620529152,
		718436608,
		620137216,
		727051008,
		734930432,
		617474816,
		617218048,
		718304000,
		615364608,
		728059904,
		637442560
	],
	"iteration_intervals_avg": 675042865.548387,
	"iteration_intervals_avg_second": 0.6750428655483871,
	"total_time_ns": 45224190720,
	"total_time_second": 45,
	"mem_infos": [
		[
			11269046272,
			11811160064
		],
		[
			10583277568,
			11811160064
		],
		[
			10344202240,
			11811160064
		],
		[
			3981443072,
			11811160064
		],
		[
			3973054464,
			11811160064
		],
		[
			3973054464,
			11811160064
		],
		[
			3973054464,
			11811160064
		],
		[
			3973054464,
			11811160064
		],
		[
			3973054464,
			11811160064
		],
		[
			3973054464,
			11811160064
		],
		[
			3973054464,
			11811160064
		],
		[
			3973054464,
			11811160064
		],
		[
			3973054464,
			11811160064
		],
		[
			3973054464,
			11811160064
		],
		[
			3973054464,
			11811160064
		],
		[
			3973054464,
			11811160064
		],
		[
			3973054464,
			11811160064
		],
		[
			3973054464,
			11811160064
		],
		[
			3973054464,
			11811160064
		],
		[
			3973054464,
			11811160064
		],
		[
			3973054464,
			11811160064
		],
		[
			3973054464,
			11811160064
		],
		[
			3973054464,
			11811160064
		],
		[
			3973054464,
			11811160064
		],
		[
			3973054464,
			11811160064
		],
		[
			3973054464,
			11811160064
		],
		[
			3973054464,
			11811160064
		],
		[
			3973054464,
			11811160064
		],
		[
			3973054464,
			11811160064
		],
		[
			3973054464,
			11811160064
		],
		[
			3973054464,
			11811160064
		],
		[
			3973054464,
			11811160064
		],
		[
			3973054464,
			11811160064
		],
		[
			3973054464,
			11811160064
		],
		[
			3973054464,
			11811160064
		],
		[
			3973054464,
			11811160064
		],
		[
			3973054464,
			11811160064
		],
		[
			3973054464,
			11811160064
		],
		[
			3973054464,
			11811160064
		],
		[
			3973054464,
			11811160064
		],
		[
			3973054464,
			11811160064
		],
		[
			3973054464,
			11811160064
		],
		[
			3973054464,
			11811160064
		],
		[
			3973054464,
			11811160064
		],
		[
			3973054464,
			11811160064
		],
		[
			3973054464,
			11811160064
		],
		[
			3973054464,
			11811160064
		],
		[
			3973054464,
			11811160064
		],
		[
			3973054464,
			11811160064
		],
		[
			3973054464,
			11811160064
		],
		[
			3973054464,
			11811160064
		],
		[
			3973054464,
			11811160064
		],
		[
			3973054464,
			11811160064
		],
		[
			3973054464,
			11811160064
		],
		[
			3973054464,
			11811160064
		],
		[
			3973054464,
			11811160064
		],
		[
			3973054464,
			11811160064
		],
		[
			3973054464,
			11811160064
		],
		[
			3973054464,
			11811160064
		],
		[
			3973054464,
			11811160064
		],
		[
			3973054464,
			11811160064
		],
		[
			3973054464,
			11811160064
		],
		[
			3973054464,
			11811160064
		],
		[
			3973054464,
			11811160064
		],
		[
			3973054464,
			11811160064
		],
		[
			3973054464,
			11811160064
		],
		[
			3973054464,
			11811160064
		],
		[
			3973054464,
			11811160064
		],
		[
			3973054464,
			11811160064
		],
		[
			3973054464,
			11811160064
		],
		[
			3973054464,
			11811160064
		],
		[
			3973054464,
			11811160064
		],
		[
			3973054464,
			11811160064
		],
		[
			3973054464,
			11811160064
		],
		[
			3973054464,
			11811160064
		],
		[
			3973054464,
			11811160064
		],
		[
			3973054464,
			11811160064
		],
		[
			3973054464,
			11811160064
		],
		[
			3973054464,
			11811160064
		],
		[
			3973054464,
			11811160064
		],
		[
			3973054464,
			11811160064
		],
		[
			3973054464,
			11811160064
		],
		[
			3973054464,
			11811160064
		],
		[
			3973054464,
			11811160064
		],
		[
			3973054464,
			11811160064
		],
		[
			3973054464,
			11811160064
		],
		[
			3973054464,
			11811160064
		],
		[
			3973054464,
			11811160064
		],
		[
			3973054464,
			11811160064
		],
		[
			3973054464,
			11811160064
		]
	],
	"utilization": [
		0,
		5,
		5,
		5,
		5,
		33,
		33,
		28,
		28,
		26,
		26,
		26,
		26,
		23,
		23,
		20,
		20,
		23,
		23,
		21,
		21,
		20,
		20,
		20,
		20,
		22,
		22,
		23,
		23,
		20,
		20,
		20,
		20,
		21,
		21,
		25,
		25,
		24,
		24,
		20,
		20,
		23,
		23,
		21,
		21,
		22,
		22,
		18,
		18,
		18,
		18,
		20,
		20,
		24,
		24,
		21,
		21,
		19,
		19,
		21,
		21,
		23,
		23,
		23,
		23,
		19,
		19,
		21,
		21,
		21,
		21,
		19,
		19,
		19,
		19,
		19,
		19,
		23,
		23,
		23,
		23,
		21,
		21,
		19,
		19,
		22,
		22,
		24,
		24,
		21
	],
	"computation_proportion": 20,
	"extra_dict": {}
}