{
	"model_name": "ConvNeXtT",
	"batch_size": 32,
	"duration_sec": 45,
	"mode": "train",
	"is_DDP": true,
	"process_group_backend": "gloo",
	"world_size": 2,
	"rank": 1,
	"local_rank": 0,
	"device_type": "gpu",
	"master_addr": "133.133.135.74",
	"master_port": 39920,
	"iteration_count": 31,
	"iteration_intervals": [
		2454934528,
		1414862336,
		1434595840,
		1356481536,
		1436329728,
		1382231808,
		1517611264,
		1375611392,
		1445329408,
		1359785728,
		1469935872,
		1441041152,
		1480723712,
		1477289216,
		1510523136,
		1469435904,
		1427737088,
		1395825408,
		1453679616,
		1430844672,
		1450961408,
		1379274240,
		1408382208,
		1415662080,
		1521839104,
		1436598016,
		1404848384,
		1444869376,
		1423934464,
		1385297152,
		1450372608
	],
	"iteration_intervals_avg": 1436909400.6153846,
	"iteration_intervals_avg_second": 1.4369094006153846,
	"total_time_ns": 45458849024,
	"total_time_second": 45,
	"mem_infos": [
		[
			10786701312,
			11811160064
		],
		[
			10576986112,
			11811160064
		],
		[
			8389656576,
			11811160064
		],
		[
			6464471040,
			11811160064
		],
		[
			6464471040,
			11811160064
		],
		[
			6449790976,
			11811160064
		],
		[
			6388973568,
			11811160064
		],
		[
			6388973568,
			11811160064
		],
		[
			6388973568,
			11811160064
		],
		[
			6388973568,
			11811160064
		],
		[
			6388973568,
			11811160064
		],
		[
			6388973568,
			11811160064
		],
		[
			6388973568,
			11811160064
		],
		[
			6388973568,
			11811160064
		],
		[
			6388973568,
			11811160064
		],
		[
			6388973568,
			11811160064
		],
		[
			6388973568,
			11811160064
		],
		[
			6388973568,
			11811160064
		],
		[
			6388973568,
			11811160064
		],
		[
			6388973568,
			11811160064
		],
		[
			6388973568,
			11811160064
		],
		[
			6388973568,
			11811160064
		],
		[
			6388973568,
			11811160064
		],
		[
			6388973568,
			11811160064
		],
		[
			6388973568,
			11811160064
		],
		[
			6388973568,
			11811160064
		],
		[
			6388973568,
			11811160064
		],
		[
			6388973568,
			11811160064
		],
		[
			6388973568,
			11811160064
		],
		[
			6388973568,
			11811160064
		],
		[
			6388973568,
			11811160064
		],
		[
			6388973568,
			11811160064
		],
		[
			6388973568,
			11811160064
		],
		[
			6388973568,
			11811160064
		],
		[
			6388973568,
			11811160064
		],
		[
			6388973568,
			11811160064
		],
		[
			6388973568,
			11811160064
		],
		[
			6388973568,
			11811160064
		],
		[
			6388973568,
			11811160064
		],
		[
			6388973568,
			11811160064
		],
		[
			6388973568,
			11811160064
		],
		[
			6388973568,
			11811160064
		],
		[
			6388973568,
			11811160064
		],
		[
			6388973568,
			11811160064
		],
		[
			6388973568,
			11811160064
		],
		[
			6388973568,
			11811160064
		],
		[
			6388973568,
			11811160064
		],
		[
			6388973568,
			11811160064
		],
		[
			6388973568,
			11811160064
		],
		[
			6388973568,
			11811160064
		],
		[
			6388973568,
			11811160064
		],
		[
			6388973568,
			11811160064
		],
		[
			6388973568,
			11811160064
		],
		[
			6388973568,
			11811160064
		],
		[
			6388973568,
			11811160064
		],
		[
			6388973568,
			11811160064
		],
		[
			6388973568,
			11811160064
		],
		[
			6388973568,
			11811160064
		],
		[
			6388973568,
			11811160064
		],
		[
			6388973568,
			11811160064
		],
		[
			6388973568,
			11811160064
		],
		[
			6388973568,
			11811160064
		],
		[
			6388973568,
			11811160064
		],
		[
			6388973568,
			11811160064
		],
		[
			6388973568,
			11811160064
		],
		[
			6388973568,
			11811160064
		],
		[
			6388973568,
			11811160064
		],
		[
			6388973568,
			11811160064
		],
		[
			6388973568,
			11811160064
		],
		[
			6388973568,
			11811160064
		],
		[
			6388973568,
			11811160064
		],
		[
			6388973568,
			11811160064
		],
		[
			6388973568,
			11811160064
		],
		[
			6388973568,
			11811160064
		],
		[
			6388973568,
			11811160064
		],
		[
			6388973568,
			11811160064
		],
		[
			6388973568,
			11811160064
		],
		[
			6388973568,
			11811160064
		],
		[
			6388973568,
			11811160064
		],
		[
			6388973568,
			11811160064
		],
		[
			6388973568,
			11811160064
		],
		[
			6388973568,
			11811160064
		],
		[
			6388973568,
			11811160064
		],
		[
			6388973568,
			11811160064
		],
		[
			6388973568,
			11811160064
		],
		[
			6388973568,
			11811160064
		],
		[
			6388973568,
			11811160064
		],
		[
			6388973568,
			11811160064
		],
		[
			6388973568,
			11811160064
		],
		[
			6388973568,
			11811160064
		]
	],
	"utilization": [
		0,
		0,
		13,
		13,
		33,
		33,
		32,
		32,
		4,
		4,
		29,
		29,
		32,
		32,
		30,
		30,
		3,
		3,
		32,
		32,
		32,
		32,
		3,
		3,
		29,
		29,
		32,
		32,
		16,
		16,
		17,
		17,
		32,
		32,
		30,
		30,
		3,
		3,
		30,
		30,
		31,
		31,
		8,
		8,
		8,
		25,
		25,
		33,
		33,
		7,
		7,
		26,
		26,
		32,
		32,
		21,
		21,
		12,
		12,
		32,
		32,
		32,
		32,
		4,
		4,
		29,
		29,
		32,
		32,
		18,
		18,
		15,
		15,
		32,
		32,
		28,
		28,
		5,
		5,
		32,
		32,
		32,
		32,
		3,
		3,
		30,
		30,
		32,
		32,
		14
	],
	"computation_proportion": 40,
	"extra_dict": {}
}