{
	"model_name": "GhostNet",
	"batch_size": 128,
	"duration_sec": 45,
	"mode": "train",
	"is_DDP": true,
	"process_group_backend": "gloo",
	"world_size": 2,
	"rank": 0,
	"local_rank": 0,
	"device_type": "gpu",
	"master_addr": "133.133.135.75",
	"master_port": 39920,
	"iteration_count": 103,
	"iteration_intervals": [
		1534142720,
		473227008,
		375405568,
		478056448,
		380132608,
		469144064,
		380164096,
		479768576,
		373936128,
		472669440,
		383129856,
		469728256,
		385842432,
		478085888,
		379566336,
		467053568,
		384000256,
		480551168,
		370926592,
		481974528,
		378510336,
		479177216,
		371392768,
		403683584,
		446328832,
		399204608,
		468166656,
		384756992,
		463752960,
		395503360,
		457755392,
		398078720,
		461114880,
		382579200,
		461953792,
		398510592,
		460229632,
		386423552,
		474537472,
		395668480,
		455432960,
		390602752,
		467916544,
		386675712,
		471228160,
		381462528,
		471052800,
		377352960,
		480513536,
		377608704,
		466155520,
		388864512,
		473219328,
		379588352,
		478946304,
		380665600,
		468671488,
		386056192,
		466747392,
		374589952,
		483321600,
		377574656,
		474570496,
		385763328,
		466351104,
		381936640,
		478235136,
		374611456,
		397807616,
		458091264,
		395208448,
		459593728,
		400206336,
		457204736,
		396376576,
		461445888,
		392248320,
		460707584,
		395592448,
		463227648,
		377007872,
		477925632,
		381035520,
		462992640,
		395293696,
		467344896,
		391110912,
		461207808,
		393131520,
		481911552,
		383734784,
		461446400,
		388854272,
		473115648,
		385490944,
		463858944,
		391876096,
		476924672,
		369383680,
		477666048,
		383456000,
		480489728,
		379965440
	],
	"iteration_intervals_avg": 426658379.75510204,
	"iteration_intervals_avg_second": 0.426658379755102,
	"total_time_ns": 45054347520,
	"total_time_second": 45,
	"mem_infos": [
		[
			11269046272,
			11811160064
		],
		[
			10384048128,
			11811160064
		],
		[
			10163847168,
			11811160064
		],
		[
			4035969024,
			11811160064
		],
		[
			4027580416,
			11811160064
		],
		[
			4027580416,
			11811160064
		],
		[
			4027580416,
			11811160064
		],
		[
			4027580416,
			11811160064
		],
		[
			4027580416,
			11811160064
		],
		[
			4027580416,
			11811160064
		],
		[
			4027580416,
			11811160064
		],
		[
			4027580416,
			11811160064
		],
		[
			4027580416,
			11811160064
		],
		[
			4027580416,
			11811160064
		],
		[
			4027580416,
			11811160064
		],
		[
			4027580416,
			11811160064
		],
		[
			4027580416,
			11811160064
		],
		[
			4027580416,
			11811160064
		],
		[
			4027580416,
			11811160064
		],
		[
			4027580416,
			11811160064
		],
		[
			4027580416,
			11811160064
		],
		[
			4027580416,
			11811160064
		],
		[
			4027580416,
			11811160064
		],
		[
			4027580416,
			11811160064
		],
		[
			4027580416,
			11811160064
		],
		[
			4027580416,
			11811160064
		],
		[
			4027580416,
			11811160064
		],
		[
			4027580416,
			11811160064
		],
		[
			4027580416,
			11811160064
		],
		[
			4027580416,
			11811160064
		],
		[
			4027580416,
			11811160064
		],
		[
			4027580416,
			11811160064
		],
		[
			4027580416,
			11811160064
		],
		[
			4027580416,
			11811160064
		],
		[
			4027580416,
			11811160064
		],
		[
			4027580416,
			11811160064
		],
		[
			4027580416,
			11811160064
		],
		[
			4027580416,
			11811160064
		],
		[
			4027580416,
			11811160064
		],
		[
			4027580416,
			11811160064
		],
		[
			4027580416,
			11811160064
		],
		[
			4027580416,
			11811160064
		],
		[
			4027580416,
			11811160064
		],
		[
			4027580416,
			11811160064
		],
		[
			4027580416,
			11811160064
		],
		[
			4027580416,
			11811160064
		],
		[
			4027580416,
			11811160064
		],
		[
			4027580416,
			11811160064
		],
		[
			4027580416,
			11811160064
		],
		[
			4027580416,
			11811160064
		],
		[
			4027580416,
			11811160064
		],
		[
			4027580416,
			11811160064
		],
		[
			4027580416,
			11811160064
		],
		[
			4027580416,
			11811160064
		],
		[
			4027580416,
			11811160064
		],
		[
			4027580416,
			11811160064
		],
		[
			4027580416,
			11811160064
		],
		[
			4027580416,
			11811160064
		],
		[
			4027580416,
			11811160064
		],
		[
			4027580416,
			11811160064
		],
		[
			4027580416,
			11811160064
		],
		[
			4027580416,
			11811160064
		],
		[
			4027580416,
			11811160064
		],
		[
			4027580416,
			11811160064
		],
		[
			4027580416,
			11811160064
		],
		[
			4027580416,
			11811160064
		],
		[
			4027580416,
			11811160064
		],
		[
			4027580416,
			11811160064
		],
		[
			4027580416,
			11811160064
		],
		[
			4027580416,
			11811160064
		],
		[
			4027580416,
			11811160064
		],
		[
			4027580416,
			11811160064
		],
		[
			4027580416,
			11811160064
		],
		[
			4027580416,
			11811160064
		],
		[
			4027580416,
			11811160064
		],
		[
			4027580416,
			11811160064
		],
		[
			4027580416,
			11811160064
		],
		[
			4027580416,
			11811160064
		],
		[
			4027580416,
			11811160064
		],
		[
			4027580416,
			11811160064
		],
		[
			4027580416,
			11811160064
		],
		[
			4027580416,
			11811160064
		],
		[
			4027580416,
			11811160064
		],
		[
			4027580416,
			11811160064
		],
		[
			4027580416,
			11811160064
		],
		[
			4027580416,
			11811160064
		],
		[
			4027580416,
			11811160064
		],
		[
			4027580416,
			11811160064
		],
		[
			4027580416,
			11811160064
		],
		[
			4027580416,
			11811160064
		]
	],
	"utilization": [
		1,
		4,
		4,
		9,
		9,
		35,
		35,
		32,
		32,
		33,
		33,
		33,
		33,
		30,
		30,
		31,
		31,
		35,
		35,
		31,
		31,
		32,
		32,
		33,
		33,
		31,
		31,
		34,
		34,
		30,
		30,
		30,
		30,
		34,
		34,
		32,
		32,
		32,
		32,
		32,
		32,
		32,
		32,
		33,
		33,
		32,
		32,
		30,
		30,
		34,
		34,
		32,
		32,
		31,
		31,
		33,
		33,
		31,
		31,
		33,
		33,
		33,
		33,
		29,
		29,
		32,
		32,
		33,
		33,
		31,
		31,
		32,
		32,
		33,
		33,
		32,
		32,
		34,
		34,
		30,
		30,
		31,
		31,
		35,
		35,
		32,
		32,
		32,
		32,
		31
	],
	"computation_proportion": 65,
	"extra_dict": {}
}