{
	"model_name": "MobileNetV2",
	"batch_size": 16,
	"duration_sec": 45,
	"mode": "train",
	"is_DDP": true,
	"process_group_backend": "gloo",
	"world_size": 4,
	"rank": 2,
	"local_rank": 0,
	"device_type": "gpu",
	"master_addr": "133.133.135.75",
	"master_port": 39920,
	"iteration_count": 102,
	"iteration_intervals": [
		1542702592,
		104320000,
		97325824,
		113713408,
		96178688,
		91297280,
		81950464,
		83997184,
		89229824,
		807055104,
		728705792,
		888993024,
		491450624,
		256852480,
		245520384,
		239289600,
		143926784,
		220321024,
		1598214400,
		363655168,
		261545216,
		249123072,
		348749312,
		242871808,
		1590122496,
		373477632,
		365161472,
		382562304,
		468759552,
		257039872,
		244282112,
		140299264,
		230400768,
		144742400,
		125284352,
		232912128,
		156864512,
		1695046144,
		368366336,
		340406528,
		268908032,
		250308096,
		1577122560,
		487090432,
		373328128,
		246162688,
		236537344,
		145993728,
		228663040,
		130740224,
		1312771840,
		494789632,
		250616832,
		253842176,
		232323840,
		150251520,
		221083904,
		131035136,
		2557331200,
		375371264,
		362118144,
		377689856,
		1712193536,
		487848960,
		276717824,
		234761216,
		232615680,
		155045120,
		211532032,
		134879744,
		934166784,
		522450176,
		373204480,
		244645632,
		202143488,
		161725952,
		152269056,
		220513024,
		120167936,
		146218240,
		116993536,
		1321627648,
		377318912,
		252270336,
		363894528,
		1693490944,
		404625664,
		374890496,
		363460096,
		1425386496,
		776727808,
		986900224,
		622224640,
		495345152,
		365409024,
		247433472,
		242089216,
		237987072,
		139800576,
		131619840,
		216872448,
		1104137216
	],
	"iteration_intervals_avg": 453568662.4329897,
	"iteration_intervals_avg_second": 0.4535686624329897,
	"total_time_ns": 45951263232,
	"total_time_second": 45,
	"mem_infos": [
		[
			5344591872,
			5905580032
		],
		[
			5111808000,
			5905580032
		],
		[
			4906287104,
			5905580032
		],
		[
			3337617408,
			5905580032
		],
		[
			3318743040,
			5905580032
		],
		[
			3318743040,
			5905580032
		],
		[
			3318743040,
			5905580032
		],
		[
			3318743040,
			5905580032
		],
		[
			3318743040,
			5905580032
		],
		[
			3318743040,
			5905580032
		],
		[
			3318743040,
			5905580032
		],
		[
			3318743040,
			5905580032
		],
		[
			3318743040,
			5905580032
		],
		[
			3318743040,
			5905580032
		],
		[
			3318743040,
			5905580032
		],
		[
			3318743040,
			5905580032
		],
		[
			3318743040,
			5905580032
		],
		[
			3318743040,
			5905580032
		],
		[
			3318743040,
			5905580032
		],
		[
			3318743040,
			5905580032
		],
		[
			3318743040,
			5905580032
		],
		[
			3318743040,
			5905580032
		],
		[
			3318743040,
			5905580032
		],
		[
			3318743040,
			5905580032
		],
		[
			3318743040,
			5905580032
		],
		[
			3318743040,
			5905580032
		],
		[
			3318743040,
			5905580032
		],
		[
			3318743040,
			5905580032
		],
		[
			3318743040,
			5905580032
		],
		[
			3318743040,
			5905580032
		],
		[
			3318743040,
			5905580032
		],
		[
			3318743040,
			5905580032
		],
		[
			3318743040,
			5905580032
		],
		[
			3318743040,
			5905580032
		],
		[
			3318743040,
			5905580032
		],
		[
			3318743040,
			5905580032
		],
		[
			3318743040,
			5905580032
		],
		[
			3318743040,
			5905580032
		],
		[
			3318743040,
			5905580032
		],
		[
			3318743040,
			5905580032
		],
		[
			3318743040,
			5905580032
		],
		[
			3318743040,
			5905580032
		],
		[
			3318743040,
			5905580032
		],
		[
			3318743040,
			5905580032
		],
		[
			3318743040,
			5905580032
		],
		[
			3318743040,
			5905580032
		],
		[
			3318743040,
			5905580032
		],
		[
			3318743040,
			5905580032
		],
		[
			3318743040,
			5905580032
		],
		[
			3318743040,
			5905580032
		],
		[
			3318743040,
			5905580032
		],
		[
			3318743040,
			5905580032
		],
		[
			3318743040,
			5905580032
		],
		[
			3318743040,
			5905580032
		],
		[
			3318743040,
			5905580032
		],
		[
			3318743040,
			5905580032
		],
		[
			3318743040,
			5905580032
		],
		[
			3318743040,
			5905580032
		],
		[
			3318743040,
			5905580032
		],
		[
			3318743040,
			5905580032
		],
		[
			3318743040,
			5905580032
		],
		[
			3318743040,
			5905580032
		],
		[
			3318743040,
			5905580032
		],
		[
			3318743040,
			5905580032
		],
		[
			3318743040,
			5905580032
		],
		[
			3318743040,
			5905580032
		],
		[
			3318743040,
			5905580032
		],
		[
			3318743040,
			5905580032
		],
		[
			3318743040,
			5905580032
		],
		[
			3318743040,
			5905580032
		],
		[
			3318743040,
			5905580032
		],
		[
			3318743040,
			5905580032
		],
		[
			3318743040,
			5905580032
		],
		[
			3318743040,
			5905580032
		],
		[
			3318743040,
			5905580032
		],
		[
			3318743040,
			5905580032
		],
		[
			3318743040,
			5905580032
		],
		[
			3318743040,
			5905580032
		],
		[
			3318743040,
			5905580032
		],
		[
			3318743040,
			5905580032
		],
		[
			3318743040,
			5905580032
		],
		[
			3318743040,
			5905580032
		],
		[
			3318743040,
			5905580032
		],
		[
			3318743040,
			5905580032
		],
		[
			3318743040,
			5905580032
		],
		[
			3318743040,
			5905580032
		],
		[
			3318743040,
			5905580032
		],
		[
			3318743040,
			5905580032
		],
		[
			3318743040,
			5905580032
		],
		[
			3318743040,
			5905580032
		]
	],
	"utilization": [
		16,
		16,
		18,
		18,
		54,
		54,
		34,
		34,
		10,
		10,
		11,
		11,
		35,
		35,
		35,
		16,
		9,
		9,
		25,
		25,
		17,
		17,
		10,
		10,
		20,
		20,
		30,
		30,
		48,
		48,
		3,
		3,
		11,
		11,
		35,
		35,
		1,
		1,
		15,
		15,
		37,
		37,
		21,
		21,
		8,
		8,
		36,
		36,
		23,
		23,
		0,
		0,
		10,
		10,
		21,
		21,
		7,
		7,
		9,
		9,
		35,
		35,
		25,
		25,
		15,
		15,
		37,
		37,
		40,
		40,
		9,
		9,
		25,
		25,
		1,
		1,
		13,
		13,
		24,
		24,
		7,
		7,
		6,
		6,
		11,
		11,
		17,
		17,
		34,
		34
	],
	"computation_proportion": 10,
	"extra_dict": {}
}