{
	"model_name": "ResNet18",
	"batch_size": 16,
	"duration_sec": 45,
	"mode": "train",
	"is_DDP": true,
	"process_group_backend": "gloo",
	"world_size": 4,
	"rank": 0,
	"local_rank": 0,
	"device_type": "gpu",
	"master_addr": "133.133.135.75",
	"master_port": 39920,
	"iteration_count": 56,
	"iteration_intervals": [
		1613296896,
		103045632,
		594150656,
		2194283264,
		617792768,
		370976768,
		1831718656,
		1718158080,
		732887296,
		479502848,
		487625216,
		1968425216,
		492052992,
		488715264,
		249055232,
		361372160,
		252233728,
		237935616,
		239282432,
		1067603712,
		862279680,
		486659584,
		1625019648,
		733920768,
		496196864,
		494403584,
		1959470592,
		481824768,
		479425792,
		257279488,
		366167040,
		245284608,
		1965425920,
		611725312,
		369499136,
		374405376,
		2031259904,
		490825728,
		490021376,
		1839574016,
		514876160,
		462975232,
		357455360,
		283842304,
		1585392640,
		984332544,
		484901120,
		1436143104,
		891139328,
		2571919872,
		738585344,
		490018304,
		370008576,
		247730432,
		348818432,
		1224295424
	],
	"iteration_intervals_avg": 796679383.8431373,
	"iteration_intervals_avg_second": 0.7966793838431373,
	"total_time_ns": 45754683392,
	"total_time_second": 45,
	"mem_infos": [
		[
			5225054208,
			5905580032
		],
		[
			4956618752,
			5905580032
		],
		[
			4749000704,
			5905580032
		],
		[
			3973054464,
			5905580032
		],
		[
			3964665856,
			5905580032
		],
		[
			3964665856,
			5905580032
		],
		[
			3964665856,
			5905580032
		],
		[
			3964665856,
			5905580032
		],
		[
			3964665856,
			5905580032
		],
		[
			3964665856,
			5905580032
		],
		[
			3964665856,
			5905580032
		],
		[
			3964665856,
			5905580032
		],
		[
			3964665856,
			5905580032
		],
		[
			3964665856,
			5905580032
		],
		[
			3964665856,
			5905580032
		],
		[
			3964665856,
			5905580032
		],
		[
			3964665856,
			5905580032
		],
		[
			3964665856,
			5905580032
		],
		[
			3964665856,
			5905580032
		],
		[
			3964665856,
			5905580032
		],
		[
			3964665856,
			5905580032
		],
		[
			3964665856,
			5905580032
		],
		[
			3964665856,
			5905580032
		],
		[
			3964665856,
			5905580032
		],
		[
			3964665856,
			5905580032
		],
		[
			3964665856,
			5905580032
		],
		[
			3964665856,
			5905580032
		],
		[
			3964665856,
			5905580032
		],
		[
			3964665856,
			5905580032
		],
		[
			3964665856,
			5905580032
		],
		[
			3964665856,
			5905580032
		],
		[
			3964665856,
			5905580032
		],
		[
			3964665856,
			5905580032
		],
		[
			3964665856,
			5905580032
		],
		[
			3964665856,
			5905580032
		],
		[
			3964665856,
			5905580032
		],
		[
			3964665856,
			5905580032
		],
		[
			3964665856,
			5905580032
		],
		[
			3964665856,
			5905580032
		],
		[
			3964665856,
			5905580032
		],
		[
			3964665856,
			5905580032
		],
		[
			3964665856,
			5905580032
		],
		[
			3964665856,
			5905580032
		],
		[
			3964665856,
			5905580032
		],
		[
			3964665856,
			5905580032
		],
		[
			3964665856,
			5905580032
		],
		[
			3964665856,
			5905580032
		],
		[
			3964665856,
			5905580032
		],
		[
			3964665856,
			5905580032
		],
		[
			3964665856,
			5905580032
		],
		[
			3964665856,
			5905580032
		],
		[
			3964665856,
			5905580032
		],
		[
			3964665856,
			5905580032
		],
		[
			3964665856,
			5905580032
		],
		[
			3964665856,
			5905580032
		],
		[
			3964665856,
			5905580032
		],
		[
			3964665856,
			5905580032
		],
		[
			3964665856,
			5905580032
		],
		[
			3964665856,
			5905580032
		],
		[
			3964665856,
			5905580032
		],
		[
			3964665856,
			5905580032
		],
		[
			3964665856,
			5905580032
		],
		[
			3964665856,
			5905580032
		],
		[
			3964665856,
			5905580032
		],
		[
			3964665856,
			5905580032
		],
		[
			3964665856,
			5905580032
		],
		[
			3964665856,
			5905580032
		],
		[
			3964665856,
			5905580032
		],
		[
			3964665856,
			5905580032
		],
		[
			3964665856,
			5905580032
		],
		[
			3964665856,
			5905580032
		],
		[
			3964665856,
			5905580032
		],
		[
			3964665856,
			5905580032
		],
		[
			3964665856,
			5905580032
		],
		[
			3964665856,
			5905580032
		],
		[
			3964665856,
			5905580032
		],
		[
			3964665856,
			5905580032
		],
		[
			3964665856,
			5905580032
		],
		[
			3964665856,
			5905580032
		],
		[
			3964665856,
			5905580032
		],
		[
			3964665856,
			5905580032
		],
		[
			3964665856,
			5905580032
		],
		[
			3964665856,
			5905580032
		],
		[
			3964665856,
			5905580032
		],
		[
			3964665856,
			5905580032
		],
		[
			3964665856,
			5905580032
		],
		[
			3964665856,
			5905580032
		],
		[
			3964665856,
			5905580032
		],
		[
			3964665856,
			5905580032
		],
		[
			3964665856,
			5905580032
		]
	],
	"utilization": [
		10,
		10,
		12,
		12,
		16,
		16,
		19,
		19,
		0,
		0,
		8,
		8,
		18,
		18,
		1,
		1,
		7,
		7,
		1,
		1,
		8,
		8,
		16,
		16,
		4,
		4,
		4,
		4,
		15,
		15,
		30,
		30,
		16,
		16,
		6,
		6,
		15,
		15,
		1,
		1,
		8,
		8,
		15,
		15,
		4,
		4,
		3,
		3,
		15,
		15,
		30,
		30,
		0,
		0,
		8,
		8,
		15,
		15,
		5,
		5,
		3,
		3,
		15,
		15,
		5,
		5,
		4,
		4,
		18,
		18,
		19,
		19,
		0,
		0,
		7,
		7,
		12,
		12,
		4,
		4,
		10,
		10,
		4,
		4,
		0,
		0,
		7,
		7,
		17,
		17
	],
	"computation_proportion": 5,
	"extra_dict": {}
}