{
	"model_name": "ResNet18",
	"batch_size": 16,
	"duration_sec": 45,
	"mode": "train",
	"is_DDP": true,
	"process_group_backend": "gloo",
	"world_size": 4,
	"rank": 1,
	"local_rank": 0,
	"device_type": "gpu",
	"master_addr": "133.133.135.75",
	"master_port": 39920,
	"iteration_count": 56,
	"iteration_intervals": [
		1610314496,
		100184832,
		590293760,
		2199496448,
		617068032,
		371186176,
		1831489536,
		1717021696,
		734292224,
		482054144,
		490940416,
		1961571840,
		492925184,
		488902144,
		251278080,
		358577408,
		252608000,
		234093312,
		247511808,
		238548992,
		1594570240,
		491903744,
		1712139008,
		738638592,
		491617024,
		494541056,
		1959455488,
		476558848,
		484430592,
		256534272,
		366906112,
		241744896,
		1969194496,
		606227456,
		375242752,
		372748032,
		1938148352,
		509551872,
		474438912,
		1713392896,
		731033088,
		371913728,
		370855424,
		366831104,
		1580154368,
		983816960,
		488214016,
		1224368128,
		1101287936,
		2571739904,
		737745408,
		490127104,
		370691584,
		247355648,
		352382720,
		1221761280
	],
	"iteration_intervals_avg": 796691450.9803921,
	"iteration_intervals_avg_second": 0.7966914509803921,
	"total_time_ns": 45749636608,
	"total_time_second": 45,
	"mem_infos": [
		[
			5225054208,
			5905580032
		],
		[
			4958715904,
			5905580032
		],
		[
			4751097856,
			5905580032
		],
		[
			3973054464,
			5905580032
		],
		[
			3964665856,
			5905580032
		],
		[
			3964665856,
			5905580032
		],
		[
			3964665856,
			5905580032
		],
		[
			3964665856,
			5905580032
		],
		[
			3964665856,
			5905580032
		],
		[
			3964665856,
			5905580032
		],
		[
			3964665856,
			5905580032
		],
		[
			3964665856,
			5905580032
		],
		[
			3964665856,
			5905580032
		],
		[
			3964665856,
			5905580032
		],
		[
			3964665856,
			5905580032
		],
		[
			3964665856,
			5905580032
		],
		[
			3964665856,
			5905580032
		],
		[
			3964665856,
			5905580032
		],
		[
			3964665856,
			5905580032
		],
		[
			3964665856,
			5905580032
		],
		[
			3964665856,
			5905580032
		],
		[
			3964665856,
			5905580032
		],
		[
			3964665856,
			5905580032
		],
		[
			3964665856,
			5905580032
		],
		[
			3964665856,
			5905580032
		],
		[
			3964665856,
			5905580032
		],
		[
			3964665856,
			5905580032
		],
		[
			3964665856,
			5905580032
		],
		[
			3964665856,
			5905580032
		],
		[
			3964665856,
			5905580032
		],
		[
			3964665856,
			5905580032
		],
		[
			3964665856,
			5905580032
		],
		[
			3964665856,
			5905580032
		],
		[
			3964665856,
			5905580032
		],
		[
			3964665856,
			5905580032
		],
		[
			3964665856,
			5905580032
		],
		[
			3964665856,
			5905580032
		],
		[
			3964665856,
			5905580032
		],
		[
			3964665856,
			5905580032
		],
		[
			3964665856,
			5905580032
		],
		[
			3964665856,
			5905580032
		],
		[
			3964665856,
			5905580032
		],
		[
			3964665856,
			5905580032
		],
		[
			3964665856,
			5905580032
		],
		[
			3964665856,
			5905580032
		],
		[
			3964665856,
			5905580032
		],
		[
			3964665856,
			5905580032
		],
		[
			3964665856,
			5905580032
		],
		[
			3964665856,
			5905580032
		],
		[
			3964665856,
			5905580032
		],
		[
			3964665856,
			5905580032
		],
		[
			3964665856,
			5905580032
		],
		[
			3964665856,
			5905580032
		],
		[
			3964665856,
			5905580032
		],
		[
			3964665856,
			5905580032
		],
		[
			3964665856,
			5905580032
		],
		[
			3964665856,
			5905580032
		],
		[
			3964665856,
			5905580032
		],
		[
			3964665856,
			5905580032
		],
		[
			3964665856,
			5905580032
		],
		[
			3964665856,
			5905580032
		],
		[
			3964665856,
			5905580032
		],
		[
			3964665856,
			5905580032
		],
		[
			3964665856,
			5905580032
		],
		[
			3964665856,
			5905580032
		],
		[
			3964665856,
			5905580032
		],
		[
			3964665856,
			5905580032
		],
		[
			3964665856,
			5905580032
		],
		[
			3964665856,
			5905580032
		],
		[
			3964665856,
			5905580032
		],
		[
			3964665856,
			5905580032
		],
		[
			3964665856,
			5905580032
		],
		[
			3964665856,
			5905580032
		],
		[
			3964665856,
			5905580032
		],
		[
			3964665856,
			5905580032
		],
		[
			3964665856,
			5905580032
		],
		[
			3964665856,
			5905580032
		],
		[
			3964665856,
			5905580032
		],
		[
			3964665856,
			5905580032
		],
		[
			3964665856,
			5905580032
		],
		[
			3964665856,
			5905580032
		],
		[
			3964665856,
			5905580032
		],
		[
			3964665856,
			5905580032
		],
		[
			3964665856,
			5905580032
		],
		[
			3964665856,
			5905580032
		],
		[
			3964665856,
			5905580032
		],
		[
			3964665856,
			5905580032
		],
		[
			3964665856,
			5905580032
		],
		[
			3964665856,
			5905580032
		],
		[
			3964665856,
			5905580032
		]
	],
	"utilization": [
		10,
		10,
		12,
		12,
		16,
		16,
		19,
		19,
		0,
		0,
		8,
		8,
		18,
		18,
		1,
		1,
		7,
		7,
		1,
		1,
		8,
		8,
		16,
		16,
		4,
		4,
		4,
		4,
		15,
		15,
		30,
		30,
		16,
		16,
		6,
		6,
		15,
		15,
		1,
		1,
		8,
		8,
		15,
		15,
		4,
		4,
		3,
		3,
		15,
		15,
		30,
		30,
		0,
		0,
		8,
		8,
		15,
		15,
		5,
		5,
		3,
		3,
		15,
		15,
		5,
		5,
		4,
		4,
		18,
		18,
		19,
		19,
		0,
		0,
		7,
		7,
		12,
		12,
		4,
		4,
		10,
		10,
		4,
		4,
		0,
		0,
		7,
		7,
		17,
		17
	],
	"computation_proportion": 5,
	"extra_dict": {}
}