{
	"model_name": "GhostNet",
	"batch_size": 16,
	"duration_sec": 45,
	"mode": "train",
	"is_DDP": true,
	"process_group_backend": "gloo",
	"world_size": 4,
	"rank": 0,
	"local_rank": 0,
	"device_type": "gpu",
	"master_addr": "133.133.135.75",
	"master_port": 39920,
	"iteration_count": 104,
	"iteration_intervals": [
		1488041216,
		68147200,
		66963456,
		161175808,
		131972864,
		2071929088,
		616480512,
		367196672,
		485005312,
		372187136,
		368702976,
		367287808,
		248565504,
		245704448,
		137239040,
		231488768,
		133416960,
		121622528,
		235338496,
		121622272,
		132232960,
		123161344,
		132151040,
		120790784,
		116365824,
		122646528,
		119749376,
		122379264,
		1220872192,
		1113721088,
		485591808,
		370698240,
		368530944,
		372707072,
		248173824,
		246412288,
		234312704,
		132782848,
		238974464,
		251105536,
		243518976,
		478909952,
		2096789504,
		494979840,
		249300224,
		355032064,
		144222976,
		242071040,
		238016768,
		135597056,
		231285760,
		131838464,
		131598848,
		121466624,
		122719744,
		227982848,
		1842216448,
		621380864,
		372383744,
		486565376,
		365288192,
		368549632,
		366513152,
		252433408,
		234637568,
		364378368,
		1603401984,
		496313856,
		369387776,
		368973824,
		481307136,
		369143296,
		493682176,
		738169088,
		614564608,
		494210560,
		358231808,
		254933248,
		241696768,
		352406272,
		258800128,
		367371264,
		487591680,
		740493568,
		1338337024,
		864715776,
		620919296,
		481640960,
		505843200,
		480010240,
		501742336,
		718718720,
		870364416,
		609442816,
		504180480,
		470372864,
		264563200,
		348572160,
		254038528,
		245016576,
		245872640,
		254841088,
		485744384,
		1956043008
	],
	"iteration_intervals_avg": 448772564.040404,
	"iteration_intervals_avg_second": 0.448772564040404,
	"total_time_ns": 46346385920,
	"total_time_second": 46,
	"mem_infos": [
		[
			5363466240,
			5905580032
		],
		[
			5099225088,
			5905580032
		],
		[
			4902092800,
			5905580032
		],
		[
			3979345920,
			5905580032
		],
		[
			3979345920,
			5905580032
		],
		[
			3979345920,
			5905580032
		],
		[
			3979345920,
			5905580032
		],
		[
			3979345920,
			5905580032
		],
		[
			3979345920,
			5905580032
		],
		[
			3979345920,
			5905580032
		],
		[
			3979345920,
			5905580032
		],
		[
			3979345920,
			5905580032
		],
		[
			3979345920,
			5905580032
		],
		[
			3979345920,
			5905580032
		],
		[
			3979345920,
			5905580032
		],
		[
			3979345920,
			5905580032
		],
		[
			3979345920,
			5905580032
		],
		[
			3979345920,
			5905580032
		],
		[
			3979345920,
			5905580032
		],
		[
			3979345920,
			5905580032
		],
		[
			3979345920,
			5905580032
		],
		[
			3979345920,
			5905580032
		],
		[
			3979345920,
			5905580032
		],
		[
			3979345920,
			5905580032
		],
		[
			3979345920,
			5905580032
		],
		[
			3979345920,
			5905580032
		],
		[
			3979345920,
			5905580032
		],
		[
			3979345920,
			5905580032
		],
		[
			3979345920,
			5905580032
		],
		[
			3979345920,
			5905580032
		],
		[
			3979345920,
			5905580032
		],
		[
			3979345920,
			5905580032
		],
		[
			3979345920,
			5905580032
		],
		[
			3979345920,
			5905580032
		],
		[
			3979345920,
			5905580032
		],
		[
			3979345920,
			5905580032
		],
		[
			3979345920,
			5905580032
		],
		[
			3979345920,
			5905580032
		],
		[
			3979345920,
			5905580032
		],
		[
			3979345920,
			5905580032
		],
		[
			3979345920,
			5905580032
		],
		[
			3979345920,
			5905580032
		],
		[
			3979345920,
			5905580032
		],
		[
			3979345920,
			5905580032
		],
		[
			3979345920,
			5905580032
		],
		[
			3979345920,
			5905580032
		],
		[
			3979345920,
			5905580032
		],
		[
			3979345920,
			5905580032
		],
		[
			3979345920,
			5905580032
		],
		[
			3979345920,
			5905580032
		],
		[
			3979345920,
			5905580032
		],
		[
			3979345920,
			5905580032
		],
		[
			3979345920,
			5905580032
		],
		[
			3979345920,
			5905580032
		],
		[
			3979345920,
			5905580032
		],
		[
			3979345920,
			5905580032
		],
		[
			3979345920,
			5905580032
		],
		[
			3979345920,
			5905580032
		],
		[
			3979345920,
			5905580032
		],
		[
			3979345920,
			5905580032
		],
		[
			3979345920,
			5905580032
		],
		[
			3979345920,
			5905580032
		],
		[
			3979345920,
			5905580032
		],
		[
			3979345920,
			5905580032
		],
		[
			3979345920,
			5905580032
		],
		[
			3979345920,
			5905580032
		],
		[
			3979345920,
			5905580032
		],
		[
			3979345920,
			5905580032
		],
		[
			3979345920,
			5905580032
		],
		[
			3979345920,
			5905580032
		],
		[
			3979345920,
			5905580032
		],
		[
			3979345920,
			5905580032
		],
		[
			3979345920,
			5905580032
		],
		[
			3979345920,
			5905580032
		],
		[
			3979345920,
			5905580032
		],
		[
			3979345920,
			5905580032
		],
		[
			3979345920,
			5905580032
		],
		[
			3979345920,
			5905580032
		],
		[
			3979345920,
			5905580032
		],
		[
			3979345920,
			5905580032
		],
		[
			3979345920,
			5905580032
		],
		[
			3979345920,
			5905580032
		],
		[
			3979345920,
			5905580032
		],
		[
			3979345920,
			5905580032
		],
		[
			3979345920,
			5905580032
		],
		[
			3979345920,
			5905580032
		],
		[
			3979345920,
			5905580032
		],
		[
			3979345920,
			5905580032
		],
		[
			3979345920,
			5905580032
		],
		[
			3979345920,
			5905580032
		]
	],
	"utilization": [
		7,
		7,
		10,
		10,
		27,
		27,
		17,
		17,
		0,
		0,
		9,
		9,
		15,
		15,
		18,
		18,
		29,
		29,
		36,
		36,
		21,
		21,
		4,
		4,
		6,
		6,
		16,
		16,
		20,
		20,
		26,
		26,
		5,
		5,
		1,
		1,
		11,
		11,
		23,
		23,
		36,
		36,
		10,
		10,
		1,
		1,
		11,
		11,
		17,
		17,
		18,
		18,
		14,
		14,
		0,
		0,
		16,
		16,
		14,
		14,
		12,
		12,
		7,
		7,
		19,
		19,
		22,
		22,
		15,
		15,
		6,
		6,
		6,
		6,
		6,
		6,
		12,
		12,
		12,
		12,
		6,
		6,
		12,
		12,
		6,
		6,
		18,
		18,
		24,
		24
	],
	"computation_proportion": 10,
	"extra_dict": {}
}