{
	"model_name": "YoloV5S",
	"batch_size": 128,
	"duration_sec": 45,
	"mode": "train",
	"is_DDP": true,
	"process_group_backend": "gloo",
	"world_size": 1,
	"rank": 0,
	"local_rank": 0,
	"device_type": "gpu",
	"master_addr": "133.133.135.75",
	"master_port": 39920,
	"iteration_count": 99,
	"iteration_intervals": [
		1511755264,
		269964544,
		252985344,
		248891904,
		255388160,
		242780160,
		268888576,
		334309632,
		363658240,
		390321920,
		475975680,
		592289280,
		516329472,
		586012928,
		500529408,
		486101760,
		490490624,
		464779520,
		406005504,
		463790592,
		551741952,
		410036224,
		487344896,
		439970560,
		421847552,
		459829504,
		493318656,
		484384768,
		494155008,
		466204160,
		416806400,
		475873024,
		455273472,
		395695872,
		491134208,
		474732288,
		392569344,
		462968064,
		477009664,
		407556608,
		485359872,
		492596480,
		480765184,
		477733888,
		436669952,
		428364544,
		466747136,
		408997632,
		469045760,
		486023424,
		487298048,
		479024896,
		405516032,
		467047168,
		453196288,
		409644032,
		472872448,
		477523456,
		460590848,
		433869056,
		471533056,
		473178624,
		480579584,
		469320192,
		412539648,
		487372288,
		457422592,
		392235264,
		451884288,
		416450816,
		463250688,
		476068352,
		415212544,
		479323904,
		462260736,
		403480832,
		454038016,
		403076608,
		455071744,
		468954624,
		415185920,
		477701888,
		474779648,
		452144128,
		409479936,
		441942272,
		406039040,
		395518720,
		473683456,
		467916032,
		482982656,
		404534784,
		470455040,
		471238144,
		463280640,
		434040576,
		467530240,
		558906880,
		440434176
	],
	"iteration_intervals_avg": 452347342.9787234,
	"iteration_intervals_avg_second": 0.4523473429787234,
	"total_time_ns": 45060582912,
	"total_time_second": 45,
	"mem_infos": [
		[
			11199840256,
			11811160064
		],
		[
			10614734848,
			11811160064
		],
		[
			10384048128,
			11811160064
		],
		[
			3207593984,
			11811160064
		],
		[
			3207593984,
			11811160064
		],
		[
			3207593984,
			11811160064
		],
		[
			3207593984,
			11811160064
		],
		[
			3207593984,
			11811160064
		],
		[
			3207593984,
			11811160064
		],
		[
			3207593984,
			11811160064
		],
		[
			3207593984,
			11811160064
		],
		[
			3207593984,
			11811160064
		],
		[
			3207593984,
			11811160064
		],
		[
			3207593984,
			11811160064
		],
		[
			3207593984,
			11811160064
		],
		[
			3207593984,
			11811160064
		],
		[
			3207593984,
			11811160064
		],
		[
			3207593984,
			11811160064
		],
		[
			3207593984,
			11811160064
		],
		[
			3207593984,
			11811160064
		],
		[
			3207593984,
			11811160064
		],
		[
			3207593984,
			11811160064
		],
		[
			3207593984,
			11811160064
		],
		[
			3207593984,
			11811160064
		],
		[
			3207593984,
			11811160064
		],
		[
			3207593984,
			11811160064
		],
		[
			3207593984,
			11811160064
		],
		[
			3207593984,
			11811160064
		],
		[
			3207593984,
			11811160064
		],
		[
			3207593984,
			11811160064
		],
		[
			3207593984,
			11811160064
		],
		[
			3207593984,
			11811160064
		],
		[
			3207593984,
			11811160064
		],
		[
			3207593984,
			11811160064
		],
		[
			3207593984,
			11811160064
		],
		[
			3207593984,
			11811160064
		],
		[
			3207593984,
			11811160064
		],
		[
			3207593984,
			11811160064
		],
		[
			3207593984,
			11811160064
		],
		[
			3207593984,
			11811160064
		],
		[
			3207593984,
			11811160064
		],
		[
			3207593984,
			11811160064
		],
		[
			3207593984,
			11811160064
		],
		[
			3207593984,
			11811160064
		],
		[
			3207593984,
			11811160064
		],
		[
			3207593984,
			11811160064
		],
		[
			3207593984,
			11811160064
		],
		[
			3207593984,
			11811160064
		],
		[
			3207593984,
			11811160064
		],
		[
			3207593984,
			11811160064
		],
		[
			3207593984,
			11811160064
		],
		[
			3207593984,
			11811160064
		],
		[
			3207593984,
			11811160064
		],
		[
			3207593984,
			11811160064
		],
		[
			3207593984,
			11811160064
		],
		[
			3207593984,
			11811160064
		],
		[
			3207593984,
			11811160064
		],
		[
			3207593984,
			11811160064
		],
		[
			3207593984,
			11811160064
		],
		[
			3207593984,
			11811160064
		],
		[
			3207593984,
			11811160064
		],
		[
			3207593984,
			11811160064
		],
		[
			3207593984,
			11811160064
		],
		[
			3207593984,
			11811160064
		],
		[
			3207593984,
			11811160064
		],
		[
			3207593984,
			11811160064
		],
		[
			3207593984,
			11811160064
		],
		[
			3207593984,
			11811160064
		],
		[
			3207593984,
			11811160064
		],
		[
			3207593984,
			11811160064
		],
		[
			3207593984,
			11811160064
		],
		[
			3207593984,
			11811160064
		],
		[
			3207593984,
			11811160064
		],
		[
			3207593984,
			11811160064
		],
		[
			3207593984,
			11811160064
		],
		[
			3207593984,
			11811160064
		],
		[
			3207593984,
			11811160064
		],
		[
			3207593984,
			11811160064
		],
		[
			3207593984,
			11811160064
		],
		[
			3207593984,
			11811160064
		],
		[
			3207593984,
			11811160064
		],
		[
			3207593984,
			11811160064
		],
		[
			3207593984,
			11811160064
		],
		[
			3207593984,
			11811160064
		],
		[
			3207593984,
			11811160064
		],
		[
			3207593984,
			11811160064
		],
		[
			3207593984,
			11811160064
		],
		[
			3207593984,
			11811160064
		],
		[
			3207593984,
			11811160064
		],
		[
			3207593984,
			11811160064
		]
	],
	"utilization": [
		3,
		3,
		5,
		5,
		39,
		39,
		74,
		74,
		59,
		59,
		42,
		42,
		32,
		32,
		33,
		33,
		39,
		39,
		43,
		43,
		37,
		37,
		42,
		42,
		42,
		42,
		38,
		38,
		38,
		38,
		42,
		42,
		40,
		40,
		41,
		41,
		42,
		42,
		41,
		41,
		37,
		37,
		43,
		43,
		43,
		43,
		39,
		39,
		39,
		39,
		42,
		42,
		44,
		44,
		39,
		39,
		41,
		41,
		40,
		40,
		39,
		39,
		43,
		43,
		45,
		45,
		39,
		39,
		39,
		39,
		45,
		45,
		44,
		44,
		40,
		40,
		41,
		41,
		45,
		45,
		43,
		43,
		40,
		40,
		43,
		43,
		42,
		42,
		38,
		38
	],
	"computation_proportion": 40,
	"extra_dict": {}
}