{
	"model_name": "ShuffleNet",
	"batch_size": 256,
	"duration_sec": 45,
	"mode": "train",
	"is_DDP": true,
	"process_group_backend": "gloo",
	"world_size": 2,
	"rank": 1,
	"local_rank": 0,
	"device_type": "gpu",
	"master_addr": "133.133.135.74",
	"master_port": 39920,
	"iteration_count": 144,
	"iteration_intervals": [
		1542823936,
		279307008,
		278869248,
		337960704,
		343258112,
		273649152,
		352078336,
		264211712,
		344895488,
		261346048,
		333145088,
		280160256,
		349533440,
		262752512,
		341204224,
		273075712,
		342322688,
		272658432,
		344155392,
		259614976,
		343285760,
		271750656,
		344432896,
		274868992,
		335764992,
		272566272,
		343208960,
		269707776,
		344443136,
		269956864,
		340533248,
		275115008,
		335833088,
		270612736,
		333328128,
		274919936,
		345349376,
		275903744,
		335710208,
		273862912,
		339025408,
		281420800,
		336395776,
		270375168,
		335457792,
		273564672,
		333818112,
		272256000,
		335911936,
		280419328,
		336504832,
		271700736,
		334109184,
		283669760,
		333490176,
		283391744,
		323211264,
		291371264,
		322060032,
		285709312,
		325338624,
		292640512,
		323597056,
		283865600,
		324993792,
		283271168,
		323152384,
		299763968,
		314015488,
		290796544,
		327715840,
		281887744,
		323500032,
		291417600,
		326202368,
		288762112,
		317660160,
		293362944,
		312730624,
		302592256,
		315340544,
		293264896,
		314686976,
		294425088,
		323399680,
		291824128,
		312372224,
		304473600,
		312834048,
		297497600,
		310533120,
		302359808,
		312176640,
		295006720,
		311024896,
		306363904,
		301906688,
		309550080,
		302025216,
		313501696,
		298696192,
		313910784,
		302597888,
		311894528,
		294627840,
		316274176,
		300070912,
		303670016,
		304661760,
		317238528,
		293938432,
		313443072,
		304157696,
		313457920,
		293088256,
		314372608,
		293656320,
		323576320,
		293230592,
		311627008,
		294191360,
		323410432,
		292135680,
		324679424,
		283429376,
		323949312,
		292717056,
		321033216,
		293748736,
		324375552,
		282365440,
		325228032,
		281656832,
		332599296,
		282662144,
		334412288,
		272020480,
		335296256,
		272370176,
		343320832,
		273394688,
		334583808,
		272321792,
		339248640
	],
	"iteration_intervals_avg": 306007176.2877698,
	"iteration_intervals_avg_second": 0.3060071762877698,
	"total_time_ns": 45318301952,
	"total_time_second": 45,
	"mem_infos": [
		[
			11269046272,
			11811160064
		],
		[
			10579083264,
			11811160064
		],
		[
			10337910784,
			11811160064
		],
		[
			3979345920,
			11811160064
		],
		[
			3973054464,
			11811160064
		],
		[
			3973054464,
			11811160064
		],
		[
			3973054464,
			11811160064
		],
		[
			3973054464,
			11811160064
		],
		[
			3973054464,
			11811160064
		],
		[
			3973054464,
			11811160064
		],
		[
			3973054464,
			11811160064
		],
		[
			3973054464,
			11811160064
		],
		[
			3973054464,
			11811160064
		],
		[
			3973054464,
			11811160064
		],
		[
			3973054464,
			11811160064
		],
		[
			3973054464,
			11811160064
		],
		[
			3973054464,
			11811160064
		],
		[
			3973054464,
			11811160064
		],
		[
			3973054464,
			11811160064
		],
		[
			3973054464,
			11811160064
		],
		[
			3973054464,
			11811160064
		],
		[
			3973054464,
			11811160064
		],
		[
			3973054464,
			11811160064
		],
		[
			3973054464,
			11811160064
		],
		[
			3973054464,
			11811160064
		],
		[
			3973054464,
			11811160064
		],
		[
			3973054464,
			11811160064
		],
		[
			3973054464,
			11811160064
		],
		[
			3973054464,
			11811160064
		],
		[
			3973054464,
			11811160064
		],
		[
			3973054464,
			11811160064
		],
		[
			3973054464,
			11811160064
		],
		[
			3973054464,
			11811160064
		],
		[
			3973054464,
			11811160064
		],
		[
			3973054464,
			11811160064
		],
		[
			3973054464,
			11811160064
		],
		[
			3973054464,
			11811160064
		],
		[
			3973054464,
			11811160064
		],
		[
			3973054464,
			11811160064
		],
		[
			3973054464,
			11811160064
		],
		[
			3973054464,
			11811160064
		],
		[
			3973054464,
			11811160064
		],
		[
			3973054464,
			11811160064
		],
		[
			3973054464,
			11811160064
		],
		[
			3973054464,
			11811160064
		],
		[
			3973054464,
			11811160064
		],
		[
			3973054464,
			11811160064
		],
		[
			3973054464,
			11811160064
		],
		[
			3973054464,
			11811160064
		],
		[
			3973054464,
			11811160064
		],
		[
			3973054464,
			11811160064
		],
		[
			3973054464,
			11811160064
		],
		[
			3973054464,
			11811160064
		],
		[
			3973054464,
			11811160064
		],
		[
			3973054464,
			11811160064
		],
		[
			3973054464,
			11811160064
		],
		[
			3973054464,
			11811160064
		],
		[
			3973054464,
			11811160064
		],
		[
			3973054464,
			11811160064
		],
		[
			3973054464,
			11811160064
		],
		[
			3973054464,
			11811160064
		],
		[
			3973054464,
			11811160064
		],
		[
			3973054464,
			11811160064
		],
		[
			3973054464,
			11811160064
		],
		[
			3973054464,
			11811160064
		],
		[
			3973054464,
			11811160064
		],
		[
			3973054464,
			11811160064
		],
		[
			3973054464,
			11811160064
		],
		[
			3973054464,
			11811160064
		],
		[
			3973054464,
			11811160064
		],
		[
			3973054464,
			11811160064
		],
		[
			3973054464,
			11811160064
		],
		[
			3973054464,
			11811160064
		],
		[
			3973054464,
			11811160064
		],
		[
			3973054464,
			11811160064
		],
		[
			3973054464,
			11811160064
		],
		[
			3973054464,
			11811160064
		],
		[
			3973054464,
			11811160064
		],
		[
			3973054464,
			11811160064
		],
		[
			3973054464,
			11811160064
		],
		[
			3973054464,
			11811160064
		],
		[
			3973054464,
			11811160064
		],
		[
			3973054464,
			11811160064
		],
		[
			3973054464,
			11811160064
		],
		[
			3973054464,
			11811160064
		],
		[
			3973054464,
			11811160064
		],
		[
			3973054464,
			11811160064
		],
		[
			3973054464,
			11811160064
		],
		[
			3973054464,
			11811160064
		],
		[
			3973054464,
			11811160064
		]
	],
	"utilization": [
		3,
		3,
		4,
		4,
		21,
		21,
		43,
		43,
		40,
		40,
		39,
		39,
		44,
		44,
		41,
		41,
		39,
		39,
		46,
		46,
		39,
		39,
		40,
		40,
		44,
		44,
		41,
		41,
		40,
		40,
		41,
		41,
		43,
		43,
		42,
		42,
		38,
		38,
		42,
		42,
		45,
		45,
		38,
		38,
		42,
		42,
		43,
		43,
		41,
		41,
		40,
		40,
		44,
		44,
		41,
		41,
		39,
		39,
		46,
		46,
		39,
		39,
		40,
		40,
		44,
		44,
		42,
		42,
		40,
		40,
		41,
		41,
		43,
		43,
		42,
		42,
		38,
		38,
		42,
		42,
		45,
		45,
		38,
		38,
		42,
		42,
		42,
		42,
		42,
		42
	],
	"computation_proportion": 60,
	"extra_dict": {}
}