{
	"model_name": "HarDNet",
	"batch_size": 128,
	"duration_sec": 45,
	"mode": "train",
	"is_DDP": true,
	"process_group_backend": "gloo",
	"world_size": 2,
	"rank": 0,
	"local_rank": 0,
	"device_type": "gpu",
	"master_addr": "133.133.135.75",
	"master_port": 39920,
	"iteration_count": 103,
	"iteration_intervals": [
		1520967424,
		474614272,
		387957760,
		463932928,
		382759680,
		464701952,
		389175552,
		478831104,
		381472768,
		469985280,
		381120768,
		464876544,
		384285696,
		481000448,
		379277312,
		468024576,
		383230720,
		472055296,
		379433472,
		474049792,
		383342592,
		481219584,
		374690304,
		470652416,
		378639872,
		489056768,
		360228608,
		405624064,
		448692480,
		448457984,
		464406016,
		391018240,
		460313600,
		396603392,
		463211776,
		392608512,
		454162688,
		380122624,
		472456960,
		393897216,
		463480320,
		401437952,
		459392000,
		382304000,
		467314432,
		391164416,
		460265216,
		391436544,
		467017472,
		388145664,
		467214848,
		373354240,
		481132544,
		380367360,
		482503680,
		381464320,
		469549056,
		374590720,
		476205312,
		373586944,
		487073024,
		380211968,
		472344832,
		377344768,
		481152512,
		391479808,
		483554304,
		380798208,
		480395520,
		369916672,
		483345920,
		382308096,
		400061184,
		447287808,
		407330816,
		450438912,
		396011520,
		459461120,
		393178368,
		478572032,
		382617344,
		450606336,
		395619328,
		462485760,
		392521984,
		466025728,
		390228736,
		463659008,
		388829440,
		468057344,
		392788992,
		459157760,
		390805248,
		470105344,
		383284480,
		469752832,
		383968000,
		479586816,
		382669568,
		467767296,
		380523008,
		481998592,
		382443008
	],
	"iteration_intervals_avg": 427353299.59183675,
	"iteration_intervals_avg_second": 0.42735329959183677,
	"total_time_ns": 45111673088,
	"total_time_second": 45,
	"mem_infos": [
		[
			11269046272,
			11811160064
		],
		[
			10392436736,
			11811160064
		],
		[
			10180624384,
			11811160064
		],
		[
			4031774720,
			11811160064
		],
		[
			4027580416,
			11811160064
		],
		[
			4027580416,
			11811160064
		],
		[
			4027580416,
			11811160064
		],
		[
			4027580416,
			11811160064
		],
		[
			4027580416,
			11811160064
		],
		[
			4027580416,
			11811160064
		],
		[
			4027580416,
			11811160064
		],
		[
			4027580416,
			11811160064
		],
		[
			4027580416,
			11811160064
		],
		[
			4027580416,
			11811160064
		],
		[
			4027580416,
			11811160064
		],
		[
			4027580416,
			11811160064
		],
		[
			4027580416,
			11811160064
		],
		[
			4027580416,
			11811160064
		],
		[
			4027580416,
			11811160064
		],
		[
			4027580416,
			11811160064
		],
		[
			4027580416,
			11811160064
		],
		[
			4027580416,
			11811160064
		],
		[
			4027580416,
			11811160064
		],
		[
			4027580416,
			11811160064
		],
		[
			4027580416,
			11811160064
		],
		[
			4027580416,
			11811160064
		],
		[
			4027580416,
			11811160064
		],
		[
			4027580416,
			11811160064
		],
		[
			4027580416,
			11811160064
		],
		[
			4027580416,
			11811160064
		],
		[
			4027580416,
			11811160064
		],
		[
			4027580416,
			11811160064
		],
		[
			4027580416,
			11811160064
		],
		[
			4027580416,
			11811160064
		],
		[
			4027580416,
			11811160064
		],
		[
			4027580416,
			11811160064
		],
		[
			4027580416,
			11811160064
		],
		[
			4027580416,
			11811160064
		],
		[
			4027580416,
			11811160064
		],
		[
			4027580416,
			11811160064
		],
		[
			4027580416,
			11811160064
		],
		[
			4027580416,
			11811160064
		],
		[
			4027580416,
			11811160064
		],
		[
			4027580416,
			11811160064
		],
		[
			4027580416,
			11811160064
		],
		[
			4027580416,
			11811160064
		],
		[
			4027580416,
			11811160064
		],
		[
			4027580416,
			11811160064
		],
		[
			4027580416,
			11811160064
		],
		[
			4027580416,
			11811160064
		],
		[
			4027580416,
			11811160064
		],
		[
			4027580416,
			11811160064
		],
		[
			4027580416,
			11811160064
		],
		[
			4027580416,
			11811160064
		],
		[
			4027580416,
			11811160064
		],
		[
			4027580416,
			11811160064
		],
		[
			4027580416,
			11811160064
		],
		[
			4027580416,
			11811160064
		],
		[
			4027580416,
			11811160064
		],
		[
			4027580416,
			11811160064
		],
		[
			4027580416,
			11811160064
		],
		[
			4027580416,
			11811160064
		],
		[
			4027580416,
			11811160064
		],
		[
			4027580416,
			11811160064
		],
		[
			4027580416,
			11811160064
		],
		[
			4027580416,
			11811160064
		],
		[
			4027580416,
			11811160064
		],
		[
			4027580416,
			11811160064
		],
		[
			4027580416,
			11811160064
		],
		[
			4027580416,
			11811160064
		],
		[
			4027580416,
			11811160064
		],
		[
			4027580416,
			11811160064
		],
		[
			4027580416,
			11811160064
		],
		[
			4027580416,
			11811160064
		],
		[
			4027580416,
			11811160064
		],
		[
			4027580416,
			11811160064
		],
		[
			4027580416,
			11811160064
		],
		[
			4027580416,
			11811160064
		],
		[
			4027580416,
			11811160064
		],
		[
			4027580416,
			11811160064
		],
		[
			4027580416,
			11811160064
		],
		[
			4027580416,
			11811160064
		],
		[
			4027580416,
			11811160064
		],
		[
			4027580416,
			11811160064
		],
		[
			4027580416,
			11811160064
		],
		[
			4027580416,
			11811160064
		],
		[
			4027580416,
			11811160064
		],
		[
			4027580416,
			11811160064
		],
		[
			4027580416,
			11811160064
		],
		[
			4027580416,
			11811160064
		]
	],
	"utilization": [
		4,
		4,
		4,
		4,
		31,
		31,
		33,
		33,
		32,
		32,
		35,
		35,
		31,
		31,
		32,
		32,
		31,
		31,
		33,
		33,
		33,
		33,
		31,
		31,
		30,
		30,
		33,
		33,
		31,
		31,
		32,
		32,
		33,
		33,
		30,
		30,
		30,
		30,
		34,
		34,
		32,
		32,
		32,
		32,
		31,
		31,
		32,
		32,
		34,
		34,
		32,
		32,
		30,
		30,
		33,
		33,
		33,
		33,
		32,
		32,
		33,
		33,
		31,
		31,
		30,
		30,
		35,
		35,
		32,
		32,
		31,
		31,
		33,
		33,
		32,
		32,
		33,
		33,
		32,
		32,
		30,
		30,
		34,
		34,
		33,
		33,
		31,
		31,
		32,
		32
	],
	"computation_proportion": 35,
	"extra_dict": {}
}