{
	"model_name": "ShuffleNet",
	"batch_size": 128,
	"duration_sec": 45,
	"mode": "train",
	"is_DDP": true,
	"process_group_backend": "gloo",
	"world_size": 4,
	"rank": 0,
	"local_rank": 0,
	"device_type": "gpu",
	"master_addr": "133.133.135.75",
	"master_port": 39920,
	"iteration_count": 132,
	"iteration_intervals": [
		1625840896,
		241028608,
		231750912,
		232890624,
		239555328,
		242178816,
		253220096,
		238831616,
		241532928,
		247354624,
		235165440,
		247436032,
		467256320,
		367289600,
		607431680,
		618508544,
		602417152,
		496406016,
		495886336,
		474625280,
		373267200,
		368370176,
		373663232,
		369468928,
		360651776,
		475123456,
		363580928,
		258069504,
		252389632,
		237284352,
		241594624,
		245885440,
		227613184,
		233479936,
		232053760,
		233287680,
		233763072,
		228570624,
		254120192,
		240606464,
		238572800,
		245988608,
		348778496,
		367015168,
		617795584,
		267028992,
		264804096,
		238609152,
		238967040,
		247978752,
		238991872,
		242142720,
		234282752,
		239508224,
		233737472,
		232839168,
		232624384,
		227132672,
		288766976,
		375452416,
		609139456,
		1104252672,
		615892992,
		262308096,
		341928192,
		221344768,
		244077824,
		233290496,
		224956928,
		239154432,
		239737088,
		226545408,
		233461248,
		240099584,
		241328896,
		257622016,
		469876736,
		609654784,
		858832384,
		627184128,
		600478976,
		372674816,
		383686656,
		462210560,
		380780032,
		257729792,
		366382848,
		369771520,
		358967040,
		476038656,
		381754880,
		485564416,
		490722304,
		379945984,
		370106368,
		352532736,
		233265664,
		234500608,
		231289344,
		232778240,
		238208000,
		228375040,
		233945856,
		229375744,
		241373184,
		235595008,
		243020544,
		274359296,
		263940352,
		235045888,
		233661696,
		227395584,
		343620864,
		377927936,
		486247168,
		604362240,
		618563328,
		614417408,
		495363840,
		367435520,
		363431680,
		243564288,
		230973696,
		232197120,
		231945216,
		224105472,
		240827392,
		240322560,
		235389184,
		245759744,
		248173568,
		252922624
	],
	"iteration_intervals_avg": 335142666.0787402,
	"iteration_intervals_avg_second": 0.33514266607874016,
	"total_time_ns": 45135537664,
	"total_time_second": 45,
	"mem_infos": [
		[
			5363466240,
			5905580032
		],
		[
			4923064320,
			5905580032
		],
		[
			4711251968,
			5905580032
		],
		[
			1351614464,
			5905580032
		],
		[
			1343225856,
			5905580032
		],
		[
			1343225856,
			5905580032
		],
		[
			1343225856,
			5905580032
		],
		[
			1343225856,
			5905580032
		],
		[
			1343225856,
			5905580032
		],
		[
			1343225856,
			5905580032
		],
		[
			1343225856,
			5905580032
		],
		[
			1343225856,
			5905580032
		],
		[
			1343225856,
			5905580032
		],
		[
			1343225856,
			5905580032
		],
		[
			1343225856,
			5905580032
		],
		[
			1343225856,
			5905580032
		],
		[
			1343225856,
			5905580032
		],
		[
			1343225856,
			5905580032
		],
		[
			1343225856,
			5905580032
		],
		[
			1343225856,
			5905580032
		],
		[
			1343225856,
			5905580032
		],
		[
			1343225856,
			5905580032
		],
		[
			1343225856,
			5905580032
		],
		[
			1343225856,
			5905580032
		],
		[
			1343225856,
			5905580032
		],
		[
			1343225856,
			5905580032
		],
		[
			1343225856,
			5905580032
		],
		[
			1343225856,
			5905580032
		],
		[
			1343225856,
			5905580032
		],
		[
			1343225856,
			5905580032
		],
		[
			1343225856,
			5905580032
		],
		[
			1343225856,
			5905580032
		],
		[
			1343225856,
			5905580032
		],
		[
			1343225856,
			5905580032
		],
		[
			1343225856,
			5905580032
		],
		[
			1343225856,
			5905580032
		],
		[
			1343225856,
			5905580032
		],
		[
			1343225856,
			5905580032
		],
		[
			1343225856,
			5905580032
		],
		[
			1343225856,
			5905580032
		],
		[
			1343225856,
			5905580032
		],
		[
			1343225856,
			5905580032
		],
		[
			1343225856,
			5905580032
		],
		[
			1343225856,
			5905580032
		],
		[
			1343225856,
			5905580032
		],
		[
			1343225856,
			5905580032
		],
		[
			1343225856,
			5905580032
		],
		[
			1343225856,
			5905580032
		],
		[
			1343225856,
			5905580032
		],
		[
			1343225856,
			5905580032
		],
		[
			1343225856,
			5905580032
		],
		[
			1343225856,
			5905580032
		],
		[
			1343225856,
			5905580032
		],
		[
			1343225856,
			5905580032
		],
		[
			1343225856,
			5905580032
		],
		[
			1343225856,
			5905580032
		],
		[
			1343225856,
			5905580032
		],
		[
			1343225856,
			5905580032
		],
		[
			1343225856,
			5905580032
		],
		[
			1343225856,
			5905580032
		],
		[
			1343225856,
			5905580032
		],
		[
			1343225856,
			5905580032
		],
		[
			1343225856,
			5905580032
		],
		[
			1343225856,
			5905580032
		],
		[
			1343225856,
			5905580032
		],
		[
			1343225856,
			5905580032
		],
		[
			1343225856,
			5905580032
		],
		[
			1343225856,
			5905580032
		],
		[
			1343225856,
			5905580032
		],
		[
			1343225856,
			5905580032
		],
		[
			1343225856,
			5905580032
		],
		[
			1343225856,
			5905580032
		],
		[
			1343225856,
			5905580032
		],
		[
			1343225856,
			5905580032
		],
		[
			1343225856,
			5905580032
		],
		[
			1343225856,
			5905580032
		],
		[
			1343225856,
			5905580032
		],
		[
			1343225856,
			5905580032
		],
		[
			1343225856,
			5905580032
		],
		[
			1343225856,
			5905580032
		],
		[
			1343225856,
			5905580032
		],
		[
			1343225856,
			5905580032
		],
		[
			1343225856,
			5905580032
		],
		[
			1343225856,
			5905580032
		],
		[
			1343225856,
			5905580032
		],
		[
			1343225856,
			5905580032
		],
		[
			1343225856,
			5905580032
		],
		[
			1343225856,
			5905580032
		],
		[
			1343225856,
			5905580032
		],
		[
			1343225856,
			5905580032
		]
	],
	"utilization": [
		7,
		14,
		14,
		26,
		26,
		61,
		61,
		62,
		62,
		62,
		62,
		30,
		30,
		31,
		31,
		26,
		26,
		35,
		35,
		35,
		37,
		37,
		42,
		42,
		46,
		46,
		67,
		67,
		70,
		70,
		64,
		64,
		41,
		41,
		42,
		42,
		65,
		65,
		64,
		64,
		61,
		61,
		26,
		26,
		15,
		15,
		36,
		36,
		62,
		62,
		70,
		70,
		50,
		50,
		27,
		27,
		16,
		16,
		30,
		30,
		33,
		33,
		46,
		46,
		42,
		42,
		31,
		31,
		39,
		39,
		51,
		51,
		64,
		64,
		68,
		68,
		61,
		61,
		53,
		53,
		30,
		30,
		27,
		27,
		29,
		29,
		48,
		48,
		64,
		64
	],
	"computation_proportion": 35,
	"extra_dict": {}
}