{
	"model_name": "YoloV5S",
	"batch_size": 32,
	"duration_sec": 45,
	"mode": "train",
	"is_DDP": true,
	"process_group_backend": "gloo",
	"world_size": 4,
	"rank": 2,
	"local_rank": 0,
	"device_type": "gpu",
	"master_addr": "133.133.135.75",
	"master_port": 39920,
	"iteration_count": 81,
	"iteration_intervals": [
		1860875264,
		473370112,
		464279808,
		470351360,
		460277760,
		466996736,
		469147648,
		463880960,
		465742080,
		461178624,
		472444672,
		468603648,
		470394624,
		465824000,
		465387008,
		462464256,
		475602944,
		464921344,
		465241856,
		465816832,
		471723264,
		464598016,
		462503168,
		466511616,
		467032832,
		463738112,
		1938295552,
		637869312,
		470929408,
		461497600,
		462599168,
		466058752,
		469495296,
		462832896,
		609549312,
		498407168,
		469215744,
		476456960,
		464213760,
		473785344,
		462863872,
		458239744,
		470825984,
		463410432,
		463122944,
		463537408,
		469259520,
		464930816,
		473157120,
		464517632,
		475238400,
		464090368,
		471148544,
		474518272,
		464817664,
		463855872,
		467081216,
		463650560,
		866684928,
		1071528704,
		469313024,
		471248896,
		465581312,
		468836864,
		465368064,
		470156544,
		611886336,
		507825920,
		464748800,
		464669696,
		464717312,
		466694144,
		463459328,
		1456249856,
		494664960,
		464115200,
		461741568,
		460278784,
		463123712,
		2294359040,
		624715264
	],
	"iteration_intervals_avg": 545673620.2105263,
	"iteration_intervals_avg_second": 0.5456736202105263,
	"total_time_ns": 45201247744,
	"total_time_second": 45,
	"mem_infos": [
		[
			5323620352,
			5905580032
		],
		[
			5009047552,
			5905580032
		],
		[
			4780457984,
			5905580032
		],
		[
			2725249024,
			5905580032
		],
		[
			2695888896,
			5905580032
		],
		[
			2695888896,
			5905580032
		],
		[
			2695888896,
			5905580032
		],
		[
			2695888896,
			5905580032
		],
		[
			2695888896,
			5905580032
		],
		[
			2695888896,
			5905580032
		],
		[
			2695888896,
			5905580032
		],
		[
			2695888896,
			5905580032
		],
		[
			2695888896,
			5905580032
		],
		[
			2695888896,
			5905580032
		],
		[
			2695888896,
			5905580032
		],
		[
			2695888896,
			5905580032
		],
		[
			2695888896,
			5905580032
		],
		[
			2695888896,
			5905580032
		],
		[
			2695888896,
			5905580032
		],
		[
			2695888896,
			5905580032
		],
		[
			2695888896,
			5905580032
		],
		[
			2695888896,
			5905580032
		],
		[
			2695888896,
			5905580032
		],
		[
			2695888896,
			5905580032
		],
		[
			2695888896,
			5905580032
		],
		[
			2695888896,
			5905580032
		],
		[
			2695888896,
			5905580032
		],
		[
			2695888896,
			5905580032
		],
		[
			2695888896,
			5905580032
		],
		[
			2695888896,
			5905580032
		],
		[
			2695888896,
			5905580032
		],
		[
			2695888896,
			5905580032
		],
		[
			2695888896,
			5905580032
		],
		[
			2695888896,
			5905580032
		],
		[
			2695888896,
			5905580032
		],
		[
			2695888896,
			5905580032
		],
		[
			2695888896,
			5905580032
		],
		[
			2695888896,
			5905580032
		],
		[
			2695888896,
			5905580032
		],
		[
			2695888896,
			5905580032
		],
		[
			2695888896,
			5905580032
		],
		[
			2695888896,
			5905580032
		],
		[
			2695888896,
			5905580032
		],
		[
			2695888896,
			5905580032
		],
		[
			2695888896,
			5905580032
		],
		[
			2695888896,
			5905580032
		],
		[
			2695888896,
			5905580032
		],
		[
			2695888896,
			5905580032
		],
		[
			2695888896,
			5905580032
		],
		[
			2695888896,
			5905580032
		],
		[
			2695888896,
			5905580032
		],
		[
			2695888896,
			5905580032
		],
		[
			2695888896,
			5905580032
		],
		[
			2695888896,
			5905580032
		],
		[
			2695888896,
			5905580032
		],
		[
			2695888896,
			5905580032
		],
		[
			2695888896,
			5905580032
		],
		[
			2695888896,
			5905580032
		],
		[
			2695888896,
			5905580032
		],
		[
			2695888896,
			5905580032
		],
		[
			2695888896,
			5905580032
		],
		[
			2695888896,
			5905580032
		],
		[
			2695888896,
			5905580032
		],
		[
			2695888896,
			5905580032
		],
		[
			2695888896,
			5905580032
		],
		[
			2695888896,
			5905580032
		],
		[
			2695888896,
			5905580032
		],
		[
			2695888896,
			5905580032
		],
		[
			2695888896,
			5905580032
		],
		[
			2695888896,
			5905580032
		],
		[
			2695888896,
			5905580032
		],
		[
			2695888896,
			5905580032
		],
		[
			2695888896,
			5905580032
		],
		[
			2695888896,
			5905580032
		],
		[
			2695888896,
			5905580032
		],
		[
			2695888896,
			5905580032
		],
		[
			2695888896,
			5905580032
		],
		[
			2695888896,
			5905580032
		],
		[
			2695888896,
			5905580032
		],
		[
			2695888896,
			5905580032
		],
		[
			2695888896,
			5905580032
		],
		[
			2695888896,
			5905580032
		],
		[
			2695888896,
			5905580032
		],
		[
			2695888896,
			5905580032
		],
		[
			2695888896,
			5905580032
		],
		[
			2695888896,
			5905580032
		],
		[
			2695888896,
			5905580032
		],
		[
			2695888896,
			5905580032
		],
		[
			2695888896,
			5905580032
		],
		[
			2695888896,
			5905580032
		]
	],
	"utilization": [
		9,
		9,
		11,
		11,
		19,
		19,
		30,
		30,
		32,
		32,
		28,
		28,
		25,
		25,
		25,
		25,
		25,
		25,
		26,
		26,
		31,
		31,
		30,
		30,
		25,
		25,
		25,
		25,
		23,
		23,
		0,
		0,
		16,
		16,
		26,
		26,
		25,
		25,
		30,
		30,
		20,
		20,
		26,
		26,
		32,
		32,
		30,
		30,
		25,
		25,
		25,
		25,
		26,
		26,
		25,
		25,
		30,
		30,
		33,
		33,
		26,
		26,
		13,
		13,
		11,
		11,
		26,
		26,
		25,
		25,
		27,
		27,
		23,
		23,
		25,
		25,
		31,
		31,
		16,
		16,
		17,
		17,
		27,
		27,
		25,
		25,
		8,
		8,
		2,
		2
	],
	"computation_proportion": 15,
	"extra_dict": {}
}