{
	"model_name": "YoloV5S",
	"batch_size": 32,
	"duration_sec": 45,
	"mode": "train",
	"is_DDP": true,
	"process_group_backend": "gloo",
	"world_size": 4,
	"rank": 2,
	"local_rank": 0,
	"device_type": "gpu",
	"master_addr": "133.133.135.75",
	"master_port": 39920,
	"iteration_count": 94,
	"iteration_intervals": [
		1871140352,
		499840768,
		481604096,
		456855552,
		475380480,
		465177856,
		466714624,
		464000768,
		463398912,
		464585984,
		466843392,
		476487168,
		463872512,
		464525312,
		470432000,
		464541184,
		463335936,
		467977728,
		463255040,
		465369600,
		463851008,
		465885440,
		462646528,
		465080832,
		464919552,
		474794240,
		465081600,
		464235776,
		474505216,
		462686208,
		488436224,
		468208896,
		484825856,
		474799616,
		481619456,
		484834304,
		467790080,
		472443648,
		463548416,
		466505728,
		465295104,
		467001856,
		466329344,
		471007744,
		466084352,
		466808576,
		473223424,
		464856320,
		466390272,
		475055872,
		476327168,
		468529664,
		461913600,
		464099328,
		465790208,
		462505984,
		464304896,
		474447104,
		462031360,
		466553856,
		475376384,
		464334848,
		470557184,
		466706688,
		464556288,
		477453312,
		462167296,
		467879936,
		458851072,
		474762752,
		467217920,
		470027520,
		466761472,
		464311808,
		461660672,
		465097472,
		467425280,
		463945472,
		469975040,
		469403392,
		475304192,
		463825408,
		473770240,
		458311936,
		467237888,
		468463360,
		464051200,
		465075200,
		466337536,
		464782592,
		471292160,
		465122304,
		465094656,
		455613952
	],
	"iteration_intervals_avg": 467736259.5955056,
	"iteration_intervals_avg_second": 0.4677362595955056,
	"total_time_ns": 45414245120,
	"total_time_second": 45,
	"mem_infos": [
		[
			5294260224,
			5905580032
		],
		[
			5017436160,
			5905580032
		],
		[
			4805623808,
			5905580032
		],
		[
			2721054720,
			5905580032
		],
		[
			2691694592,
			5905580032
		],
		[
			2691694592,
			5905580032
		],
		[
			2691694592,
			5905580032
		],
		[
			2691694592,
			5905580032
		],
		[
			2691694592,
			5905580032
		],
		[
			2691694592,
			5905580032
		],
		[
			2691694592,
			5905580032
		],
		[
			2691694592,
			5905580032
		],
		[
			2691694592,
			5905580032
		],
		[
			2691694592,
			5905580032
		],
		[
			2691694592,
			5905580032
		],
		[
			2691694592,
			5905580032
		],
		[
			2691694592,
			5905580032
		],
		[
			2691694592,
			5905580032
		],
		[
			2691694592,
			5905580032
		],
		[
			2691694592,
			5905580032
		],
		[
			2691694592,
			5905580032
		],
		[
			2691694592,
			5905580032
		],
		[
			2691694592,
			5905580032
		],
		[
			2691694592,
			5905580032
		],
		[
			2691694592,
			5905580032
		],
		[
			2691694592,
			5905580032
		],
		[
			2691694592,
			5905580032
		],
		[
			2691694592,
			5905580032
		],
		[
			2691694592,
			5905580032
		],
		[
			2691694592,
			5905580032
		],
		[
			2691694592,
			5905580032
		],
		[
			2691694592,
			5905580032
		],
		[
			2691694592,
			5905580032
		],
		[
			2691694592,
			5905580032
		],
		[
			2691694592,
			5905580032
		],
		[
			2691694592,
			5905580032
		],
		[
			2691694592,
			5905580032
		],
		[
			2691694592,
			5905580032
		],
		[
			2691694592,
			5905580032
		],
		[
			2691694592,
			5905580032
		],
		[
			2691694592,
			5905580032
		],
		[
			2691694592,
			5905580032
		],
		[
			2691694592,
			5905580032
		],
		[
			2691694592,
			5905580032
		],
		[
			2691694592,
			5905580032
		],
		[
			2691694592,
			5905580032
		],
		[
			2691694592,
			5905580032
		],
		[
			2691694592,
			5905580032
		],
		[
			2691694592,
			5905580032
		],
		[
			2691694592,
			5905580032
		],
		[
			2691694592,
			5905580032
		],
		[
			2691694592,
			5905580032
		],
		[
			2691694592,
			5905580032
		],
		[
			2691694592,
			5905580032
		],
		[
			2691694592,
			5905580032
		],
		[
			2691694592,
			5905580032
		],
		[
			2691694592,
			5905580032
		],
		[
			2691694592,
			5905580032
		],
		[
			2691694592,
			5905580032
		],
		[
			2691694592,
			5905580032
		],
		[
			2691694592,
			5905580032
		],
		[
			2691694592,
			5905580032
		],
		[
			2691694592,
			5905580032
		],
		[
			2691694592,
			5905580032
		],
		[
			2691694592,
			5905580032
		],
		[
			2691694592,
			5905580032
		],
		[
			2691694592,
			5905580032
		],
		[
			2691694592,
			5905580032
		],
		[
			2691694592,
			5905580032
		],
		[
			2691694592,
			5905580032
		],
		[
			2691694592,
			5905580032
		],
		[
			2691694592,
			5905580032
		],
		[
			2691694592,
			5905580032
		],
		[
			2691694592,
			5905580032
		],
		[
			2691694592,
			5905580032
		],
		[
			2691694592,
			5905580032
		],
		[
			2691694592,
			5905580032
		],
		[
			2691694592,
			5905580032
		],
		[
			2691694592,
			5905580032
		],
		[
			2691694592,
			5905580032
		],
		[
			2691694592,
			5905580032
		],
		[
			2691694592,
			5905580032
		],
		[
			2691694592,
			5905580032
		],
		[
			2691694592,
			5905580032
		],
		[
			2691694592,
			5905580032
		],
		[
			2691694592,
			5905580032
		],
		[
			2691694592,
			5905580032
		],
		[
			2691694592,
			5905580032
		],
		[
			2691694592,
			5905580032
		],
		[
			2691694592,
			5905580032
		]
	],
	"utilization": [
		8,
		5,
		5,
		12,
		12,
		28,
		28,
		26,
		26,
		25,
		25,
		27,
		27,
		33,
		33,
		29,
		29,
		25,
		25,
		26,
		26,
		25,
		25,
		26,
		26,
		32,
		32,
		31,
		31,
		25,
		25,
		25,
		25,
		24,
		24,
		23,
		23,
		23,
		23,
		28,
		28,
		32,
		32,
		28,
		28,
		25,
		25,
		25,
		25,
		26,
		26,
		26,
		26,
		31,
		31,
		32,
		32,
		25,
		25,
		25,
		25,
		25,
		25,
		25,
		25,
		28,
		28,
		33,
		33,
		28,
		28,
		26,
		26,
		25,
		25,
		25,
		25,
		26,
		26,
		31,
		31,
		31,
		31,
		25,
		25,
		25,
		25,
		25,
		25,
		25
	],
	"computation_proportion": 25,
	"extra_dict": {}
}