{
	"model_name": "InceptionV3",
	"batch_size": 8,
	"duration_sec": 45,
	"mode": "train",
	"is_DDP": true,
	"process_group_backend": "gloo",
	"world_size": 2,
	"rank": 1,
	"local_rank": 0,
	"device_type": "gpu",
	"master_addr": "133.133.135.74",
	"master_port": 39920,
	"iteration_count": 44,
	"iteration_intervals": [
		2343488768,
		1026662400,
		1016862976,
		1021312000,
		1006617856,
		1008603392,
		1008258560,
		1016633088,
		1010238720,
		1036404480,
		1024589568,
		993947904,
		1037790720,
		1005751040,
		1018262016,
		1010057216,
		1008661504,
		1026703360,
		1021227008,
		1011740928,
		1016650752,
		1009522432,
		1011071744,
		1014578432,
		1007969792,
		1015831040,
		1011471360,
		1013997824,
		1029946112,
		1012960000,
		1012802816,
		1006984448,
		1008785408,
		1012964096,
		1019687168,
		1005730816,
		1015269888,
		1013457152,
		1017139712,
		1010893056,
		1016252160,
		1012765440,
		1007436544,
		1012416512
	],
	"iteration_intervals_avg": 1014242415.5897436,
	"iteration_intervals_avg_second": 1.0142424155897436,
	"total_time_ns": 45971368960,
	"total_time_second": 45,
	"mem_infos": [
		[
			10952376320,
			11811160064
		],
		[
			10713300992,
			11811160064
		],
		[
			10486808576,
			11811160064
		],
		[
			9450815488,
			11811160064
		],
		[
			9450815488,
			11811160064
		],
		[
			9098493952,
			11811160064
		],
		[
			9098493952,
			11811160064
		],
		[
			9098493952,
			11811160064
		],
		[
			9098493952,
			11811160064
		],
		[
			9098493952,
			11811160064
		],
		[
			9098493952,
			11811160064
		],
		[
			9098493952,
			11811160064
		],
		[
			9098493952,
			11811160064
		],
		[
			9098493952,
			11811160064
		],
		[
			9098493952,
			11811160064
		],
		[
			9098493952,
			11811160064
		],
		[
			9098493952,
			11811160064
		],
		[
			9098493952,
			11811160064
		],
		[
			9098493952,
			11811160064
		],
		[
			9098493952,
			11811160064
		],
		[
			9098493952,
			11811160064
		],
		[
			9098493952,
			11811160064
		],
		[
			9098493952,
			11811160064
		],
		[
			9098493952,
			11811160064
		],
		[
			9098493952,
			11811160064
		],
		[
			9098493952,
			11811160064
		],
		[
			9098493952,
			11811160064
		],
		[
			9098493952,
			11811160064
		],
		[
			9098493952,
			11811160064
		],
		[
			9098493952,
			11811160064
		],
		[
			9098493952,
			11811160064
		],
		[
			9098493952,
			11811160064
		],
		[
			9098493952,
			11811160064
		],
		[
			9098493952,
			11811160064
		],
		[
			9098493952,
			11811160064
		],
		[
			9098493952,
			11811160064
		],
		[
			9098493952,
			11811160064
		],
		[
			9098493952,
			11811160064
		],
		[
			9098493952,
			11811160064
		],
		[
			9098493952,
			11811160064
		],
		[
			9098493952,
			11811160064
		],
		[
			9098493952,
			11811160064
		],
		[
			9098493952,
			11811160064
		],
		[
			9098493952,
			11811160064
		],
		[
			9098493952,
			11811160064
		],
		[
			9098493952,
			11811160064
		],
		[
			9098493952,
			11811160064
		],
		[
			9098493952,
			11811160064
		],
		[
			9098493952,
			11811160064
		],
		[
			9098493952,
			11811160064
		],
		[
			9098493952,
			11811160064
		],
		[
			9098493952,
			11811160064
		],
		[
			9098493952,
			11811160064
		],
		[
			9098493952,
			11811160064
		],
		[
			9098493952,
			11811160064
		],
		[
			9098493952,
			11811160064
		],
		[
			9098493952,
			11811160064
		],
		[
			9098493952,
			11811160064
		],
		[
			9098493952,
			11811160064
		],
		[
			9098493952,
			11811160064
		],
		[
			9098493952,
			11811160064
		],
		[
			9098493952,
			11811160064
		],
		[
			9098493952,
			11811160064
		],
		[
			9098493952,
			11811160064
		],
		[
			9098493952,
			11811160064
		],
		[
			9098493952,
			11811160064
		],
		[
			9098493952,
			11811160064
		],
		[
			9098493952,
			11811160064
		],
		[
			9098493952,
			11811160064
		],
		[
			9098493952,
			11811160064
		],
		[
			9098493952,
			11811160064
		],
		[
			9098493952,
			11811160064
		],
		[
			9098493952,
			11811160064
		],
		[
			9098493952,
			11811160064
		],
		[
			9098493952,
			11811160064
		],
		[
			9098493952,
			11811160064
		],
		[
			9098493952,
			11811160064
		],
		[
			9098493952,
			11811160064
		],
		[
			9098493952,
			11811160064
		],
		[
			9098493952,
			11811160064
		],
		[
			9098493952,
			11811160064
		],
		[
			9098493952,
			11811160064
		],
		[
			9098493952,
			11811160064
		],
		[
			9098493952,
			11811160064
		],
		[
			9098493952,
			11811160064
		],
		[
			9098493952,
			11811160064
		],
		[
			9098493952,
			11811160064
		],
		[
			9098493952,
			11811160064
		],
		[
			9098493952,
			11811160064
		],
		[
			9098493952,
			11811160064
		]
	],
	"utilization": [
		4,
		2,
		2,
		8,
		8,
		3,
		3,
		9,
		9,
		8,
		8,
		9,
		9,
		9,
		9,
		8,
		8,
		9,
		9,
		8,
		8,
		8,
		8,
		8,
		8,
		8,
		8,
		8,
		8,
		9,
		9,
		8,
		8,
		8,
		8,
		8,
		8,
		8,
		8,
		8,
		8,
		8,
		8,
		8,
		8,
		8,
		8,
		8,
		8,
		8,
		8,
		8,
		8,
		9,
		9,
		9,
		9,
		8,
		8,
		9,
		9,
		8,
		8,
		8,
		8,
		8,
		8,
		8,
		8,
		8,
		8,
		8,
		8,
		8,
		8,
		8,
		8,
		8,
		8,
		8,
		8,
		8,
		8,
		8,
		8,
		8,
		8,
		9,
		9,
		8
	],
	"computation_proportion": 75,
	"extra_dict": {}
}