{
	"model_name": "ResNet18",
	"batch_size": 64,
	"duration_sec": 45,
	"mode": "train",
	"is_DDP": true,
	"process_group_backend": "gloo",
	"world_size": 2,
	"rank": 0,
	"local_rank": 0,
	"device_type": "gpu",
	"master_addr": "133.133.135.74",
	"master_port": 39920,
	"iteration_count": 97,
	"iteration_intervals": [
		1774397952,
		454727168,
		450198016,
		451816704,
		450512384,
		450761472,
		449064448,
		448355840,
		449880064,
		451042304,
		463184384,
		445430272,
		454478592,
		445834752,
		451881984,
		448744448,
		450098432,
		451128064,
		451233024,
		456991488,
		448981504,
		449056512,
		449841152,
		447635456,
		448108032,
		450188800,
		447867648,
		451334912,
		450619392,
		447963392,
		448741120,
		455642624,
		453930752,
		450396416,
		447847168,
		449620224,
		451542528,
		448374528,
		450226176,
		451434496,
		446633472,
		449321472,
		457820416,
		454114048,
		452075776,
		449003520,
		456888832,
		453603072,
		449501440,
		448606464,
		449556224,
		453648896,
		451412736,
		448880384,
		453502720,
		452782848,
		450236416,
		447809024,
		449739520,
		453570048,
		447298560,
		449340672,
		447824640,
		450488576,
		449827840,
		456561408,
		449345280,
		447996160,
		455622656,
		451906304,
		446980096,
		449939456,
		454876416,
		449216256,
		450023936,
		449205760,
		450279424,
		449497856,
		448856320,
		452640512,
		454059520,
		447464960,
		450060288,
		454920192,
		456123648,
		450768896,
		445629440,
		459626752,
		449447680,
		449390848,
		452840448,
		447464704,
		448793856,
		455122432,
		449664768,
		449448192,
		446687232
	],
	"iteration_intervals_avg": 450776214.26086956,
	"iteration_intervals_avg_second": 0.45077621426086956,
	"total_time_ns": 45053867776,
	"total_time_second": 45,
	"mem_infos": [
		[
			11130634240,
			11811160064
		],
		[
			10585374720,
			11811160064
		],
		[
			10337910784,
			11811160064
		],
		[
			7791968256,
			11811160064
		],
		[
			7783579648,
			11811160064
		],
		[
			7783579648,
			11811160064
		],
		[
			7783579648,
			11811160064
		],
		[
			7783579648,
			11811160064
		],
		[
			7783579648,
			11811160064
		],
		[
			7783579648,
			11811160064
		],
		[
			7783579648,
			11811160064
		],
		[
			7783579648,
			11811160064
		],
		[
			7783579648,
			11811160064
		],
		[
			7783579648,
			11811160064
		],
		[
			7783579648,
			11811160064
		],
		[
			7783579648,
			11811160064
		],
		[
			7783579648,
			11811160064
		],
		[
			7783579648,
			11811160064
		],
		[
			7783579648,
			11811160064
		],
		[
			7783579648,
			11811160064
		],
		[
			7783579648,
			11811160064
		],
		[
			7783579648,
			11811160064
		],
		[
			7783579648,
			11811160064
		],
		[
			7783579648,
			11811160064
		],
		[
			7783579648,
			11811160064
		],
		[
			7783579648,
			11811160064
		],
		[
			7783579648,
			11811160064
		],
		[
			7783579648,
			11811160064
		],
		[
			7783579648,
			11811160064
		],
		[
			7783579648,
			11811160064
		],
		[
			7783579648,
			11811160064
		],
		[
			7783579648,
			11811160064
		],
		[
			7783579648,
			11811160064
		],
		[
			7783579648,
			11811160064
		],
		[
			7783579648,
			11811160064
		],
		[
			7783579648,
			11811160064
		],
		[
			7783579648,
			11811160064
		],
		[
			7783579648,
			11811160064
		],
		[
			7783579648,
			11811160064
		],
		[
			7783579648,
			11811160064
		],
		[
			7783579648,
			11811160064
		],
		[
			7783579648,
			11811160064
		],
		[
			7783579648,
			11811160064
		],
		[
			7783579648,
			11811160064
		],
		[
			7783579648,
			11811160064
		],
		[
			7783579648,
			11811160064
		],
		[
			7783579648,
			11811160064
		],
		[
			7783579648,
			11811160064
		],
		[
			7783579648,
			11811160064
		],
		[
			7783579648,
			11811160064
		],
		[
			7783579648,
			11811160064
		],
		[
			7783579648,
			11811160064
		],
		[
			7783579648,
			11811160064
		],
		[
			7783579648,
			11811160064
		],
		[
			7783579648,
			11811160064
		],
		[
			7783579648,
			11811160064
		],
		[
			7783579648,
			11811160064
		],
		[
			7783579648,
			11811160064
		],
		[
			7783579648,
			11811160064
		],
		[
			7783579648,
			11811160064
		],
		[
			7783579648,
			11811160064
		],
		[
			7783579648,
			11811160064
		],
		[
			7783579648,
			11811160064
		],
		[
			7783579648,
			11811160064
		],
		[
			7783579648,
			11811160064
		],
		[
			7783579648,
			11811160064
		],
		[
			7783579648,
			11811160064
		],
		[
			7783579648,
			11811160064
		],
		[
			7783579648,
			11811160064
		],
		[
			7783579648,
			11811160064
		],
		[
			7783579648,
			11811160064
		],
		[
			7783579648,
			11811160064
		],
		[
			7783579648,
			11811160064
		],
		[
			7783579648,
			11811160064
		],
		[
			7783579648,
			11811160064
		],
		[
			7783579648,
			11811160064
		],
		[
			7783579648,
			11811160064
		],
		[
			7783579648,
			11811160064
		],
		[
			7783579648,
			11811160064
		],
		[
			7783579648,
			11811160064
		],
		[
			7783579648,
			11811160064
		],
		[
			7783579648,
			11811160064
		],
		[
			7783579648,
			11811160064
		],
		[
			7783579648,
			11811160064
		],
		[
			7783579648,
			11811160064
		],
		[
			7783579648,
			11811160064
		],
		[
			7783579648,
			11811160064
		],
		[
			7783579648,
			11811160064
		],
		[
			7783579648,
			11811160064
		],
		[
			7783579648,
			11811160064
		]
	],
	"utilization": [
		4,
		4,
		5,
		5,
		21,
		21,
		21,
		21,
		18,
		18,
		26,
		26,
		26,
		19,
		19,
		18,
		18,
		18,
		18,
		25,
		25,
		20,
		20,
		18,
		18,
		18,
		18,
		23,
		23,
		22,
		22,
		18,
		18,
		18,
		18,
		20,
		20,
		25,
		25,
		18,
		18,
		18,
		18,
		19,
		19,
		27,
		27,
		18,
		18,
		18,
		18,
		18,
		18,
		25,
		25,
		20,
		20,
		18,
		18,
		18,
		18,
		23,
		23,
		22,
		22,
		18,
		18,
		18,
		18,
		21,
		21,
		24,
		24,
		18,
		18,
		18,
		18,
		19,
		19,
		26,
		26,
		18,
		18,
		18,
		18,
		18,
		18,
		26,
		26,
		19
	],
	"computation_proportion": 90,
	"extra_dict": {}
}