{
	"model_name": "InceptionV3",
	"batch_size": 8,
	"duration_sec": 45,
	"mode": "train",
	"is_DDP": true,
	"process_group_backend": "gloo",
	"world_size": 4,
	"rank": 3,
	"local_rank": 0,
	"device_type": "gpu",
	"master_addr": "133.133.135.75",
	"master_port": 39920,
	"iteration_count": 150,
	"iteration_intervals": [
		1880657664,
		209124864,
		174307072,
		164136192,
		183427072,
		164525312,
		177479680,
		193420800,
		178527488,
		177057536,
		182493440,
		183127296,
		187462400,
		181870592,
		259246592,
		969047296,
		310818816,
		299011584,
		301554688,
		207284480,
		190421504,
		173786880,
		183165696,
		167123456,
		162071040,
		170625280,
		180198400,
		168785152,
		160701952,
		188588288,
		175045376,
		194657280,
		392792320,
		305263104,
		1578808576,
		362777088,
		254145792,
		210011392,
		175533056,
		188605696,
		168411904,
		187718400,
		165208576,
		202229760,
		156859648,
		184613120,
		179598592,
		172005632,
		842109440,
		786903552,
		375764736,
		212281856,
		211973632,
		165701888,
		197410304,
		174745088,
		171782400,
		165446400,
		195830528,
		168382976,
		184903424,
		165648640,
		363087104,
		1624627200,
		325290752,
		211351040,
		174052096,
		189910016,
		162365440,
		172019968,
		195280640,
		171645184,
		162289152,
		170703616,
		362799616,
		1821841920,
		250786560,
		186842880,
		190382848,
		198072832,
		180154624,
		175069184,
		178930432,
		190722304,
		170445312,
		183669760,
		178324224,
		180394240,
		209865728,
		178399488,
		304527616,
		1855618048,
		385049600,
		265732608,
		183646720,
		227228672,
		204729856,
		184558848,
		249341696,
		194937856,
		178810112,
		185623808,
		180857088,
		175240192,
		186206720,
		177856256,
		187053568,
		172776960,
		189733120,
		163760640,
		212396032,
		183950336,
		178705920,
		187304704,
		185684224,
		265351424,
		202156288,
		1336454912,
		860548096,
		255024640,
		225162752,
		171987712,
		193666560,
		193492992,
		181596416,
		186989568,
		171784192,
		252605440,
		360721920,
		1601997568,
		357150720,
		249212672,
		191744768,
		195140352,
		182894592,
		170056448,
		181037056,
		174598912,
		183527168,
		186548736,
		185098240,
		246956288,
		1596730880,
		248670976,
		211283712,
		194106880,
		178783744,
		183698176,
		172787712,
		190479872
	],
	"iteration_intervals_avg": 293050134.9517241,
	"iteration_intervals_avg_second": 0.2930501349517241,
	"total_time_ns": 45104760576,
	"total_time_second": 45,
	"mem_infos": [
		[
			5046796288,
			5905580032
		],
		[
			4826595328,
			5905580032
		],
		[
			4646240256,
			5905580032
		],
		[
			3551526912,
			5905580032
		],
		[
			3192913920,
			5905580032
		],
		[
			3192913920,
			5905580032
		],
		[
			3192913920,
			5905580032
		],
		[
			3192913920,
			5905580032
		],
		[
			3192913920,
			5905580032
		],
		[
			3192913920,
			5905580032
		],
		[
			3192913920,
			5905580032
		],
		[
			3192913920,
			5905580032
		],
		[
			3192913920,
			5905580032
		],
		[
			3192913920,
			5905580032
		],
		[
			3192913920,
			5905580032
		],
		[
			3192913920,
			5905580032
		],
		[
			3192913920,
			5905580032
		],
		[
			3192913920,
			5905580032
		],
		[
			3192913920,
			5905580032
		],
		[
			3192913920,
			5905580032
		],
		[
			3192913920,
			5905580032
		],
		[
			3192913920,
			5905580032
		],
		[
			3192913920,
			5905580032
		],
		[
			3192913920,
			5905580032
		],
		[
			3192913920,
			5905580032
		],
		[
			3192913920,
			5905580032
		],
		[
			3192913920,
			5905580032
		],
		[
			3192913920,
			5905580032
		],
		[
			3192913920,
			5905580032
		],
		[
			3192913920,
			5905580032
		],
		[
			3192913920,
			5905580032
		],
		[
			3192913920,
			5905580032
		],
		[
			3192913920,
			5905580032
		],
		[
			3192913920,
			5905580032
		],
		[
			3192913920,
			5905580032
		],
		[
			3192913920,
			5905580032
		],
		[
			3192913920,
			5905580032
		],
		[
			3192913920,
			5905580032
		],
		[
			3192913920,
			5905580032
		],
		[
			3192913920,
			5905580032
		],
		[
			3192913920,
			5905580032
		],
		[
			3192913920,
			5905580032
		],
		[
			3192913920,
			5905580032
		],
		[
			3192913920,
			5905580032
		],
		[
			3192913920,
			5905580032
		],
		[
			3192913920,
			5905580032
		],
		[
			3192913920,
			5905580032
		],
		[
			3192913920,
			5905580032
		],
		[
			3192913920,
			5905580032
		],
		[
			3192913920,
			5905580032
		],
		[
			3192913920,
			5905580032
		],
		[
			3192913920,
			5905580032
		],
		[
			3192913920,
			5905580032
		],
		[
			3192913920,
			5905580032
		],
		[
			3192913920,
			5905580032
		],
		[
			3192913920,
			5905580032
		],
		[
			3192913920,
			5905580032
		],
		[
			3192913920,
			5905580032
		],
		[
			3192913920,
			5905580032
		],
		[
			3192913920,
			5905580032
		],
		[
			3192913920,
			5905580032
		],
		[
			3192913920,
			5905580032
		],
		[
			3192913920,
			5905580032
		],
		[
			3192913920,
			5905580032
		],
		[
			3192913920,
			5905580032
		],
		[
			3192913920,
			5905580032
		],
		[
			3192913920,
			5905580032
		],
		[
			3192913920,
			5905580032
		],
		[
			3192913920,
			5905580032
		],
		[
			3192913920,
			5905580032
		],
		[
			3192913920,
			5905580032
		],
		[
			3192913920,
			5905580032
		],
		[
			3192913920,
			5905580032
		],
		[
			3192913920,
			5905580032
		],
		[
			3192913920,
			5905580032
		],
		[
			3192913920,
			5905580032
		],
		[
			3192913920,
			5905580032
		],
		[
			3192913920,
			5905580032
		],
		[
			3192913920,
			5905580032
		],
		[
			3192913920,
			5905580032
		],
		[
			3192913920,
			5905580032
		],
		[
			3192913920,
			5905580032
		],
		[
			3192913920,
			5905580032
		],
		[
			3192913920,
			5905580032
		],
		[
			3192913920,
			5905580032
		],
		[
			3192913920,
			5905580032
		],
		[
			3192913920,
			5905580032
		],
		[
			3192913920,
			5905580032
		],
		[
			3192913920,
			5905580032
		],
		[
			3192913920,
			5905580032
		]
	],
	"utilization": [
		14,
		14,
		25,
		25,
		26,
		26,
		78,
		78,
		87,
		87,
		68,
		68,
		23,
		23,
		69,
		69,
		92,
		92,
		86,
		86,
		31,
		31,
		15,
		15,
		54,
		54,
		90,
		90,
		75,
		75,
		21,
		21,
		45,
		45,
		86,
		86,
		77,
		77,
		4,
		4,
		34,
		34,
		88,
		88,
		72,
		72,
		0,
		0,
		33,
		33,
		87,
		87,
		87,
		87,
		56,
		56,
		5,
		5,
		34,
		34,
		76,
		76,
		85,
		85,
		88,
		88,
		85,
		85,
		58,
		58,
		3,
		3,
		33,
		33,
		83,
		83,
		66,
		66,
		12,
		12,
		30,
		30,
		86,
		86,
		87,
		87,
		0,
		0,
		45,
		45
	],
	"computation_proportion": 40,
	"extra_dict": {}
}