{
	"model_name": "MobileNetV3S",
	"batch_size": 64,
	"duration_sec": 45,
	"mode": "train",
	"is_DDP": true,
	"process_group_backend": "gloo",
	"world_size": 4,
	"rank": 1,
	"local_rank": 0,
	"device_type": "gpu",
	"master_addr": "133.133.135.75",
	"master_port": 39920,
	"iteration_count": 42,
	"iteration_intervals": [
		1506142976,
		1119132416,
		1460234496,
		1709613312,
		500428800,
		473746688,
		375412480,
		2073113856,
		604255232,
		2578464256,
		716420096,
		504664832,
		2684838144,
		728176384,
		499361792,
		593532928,
		2326675712,
		717842688,
		2590656000,
		1100772352,
		2568087296,
		496636928,
		480122880,
		372709632,
		260058880,
		2550236928,
		971808256,
		489517312,
		491978752,
		2195990272,
		853861120,
		495379712,
		480370944,
		364692480,
		252124672,
		2071965952,
		620767232,
		481523200,
		368584960,
		363540992,
		2685944320,
		1837457664
	],
	"iteration_intervals_avg": 1089764697.945946,
	"iteration_intervals_avg_second": 1.0897646979459459,
	"total_time_ns": 46619794688,
	"total_time_second": 46,
	"mem_infos": [
		[
			5178916864,
			5905580032
		],
		[
			4948230144,
			5905580032
		],
		[
			4744806400,
			5905580032
		],
		[
			3448766464,
			5905580032
		],
		[
			3444572160,
			5905580032
		],
		[
			3444572160,
			5905580032
		],
		[
			3444572160,
			5905580032
		],
		[
			3444572160,
			5905580032
		],
		[
			3444572160,
			5905580032
		],
		[
			3444572160,
			5905580032
		],
		[
			3444572160,
			5905580032
		],
		[
			3444572160,
			5905580032
		],
		[
			3444572160,
			5905580032
		],
		[
			3444572160,
			5905580032
		],
		[
			3444572160,
			5905580032
		],
		[
			3444572160,
			5905580032
		],
		[
			3444572160,
			5905580032
		],
		[
			3444572160,
			5905580032
		],
		[
			3444572160,
			5905580032
		],
		[
			3444572160,
			5905580032
		],
		[
			3444572160,
			5905580032
		],
		[
			3444572160,
			5905580032
		],
		[
			3444572160,
			5905580032
		],
		[
			3444572160,
			5905580032
		],
		[
			3444572160,
			5905580032
		],
		[
			3444572160,
			5905580032
		],
		[
			3444572160,
			5905580032
		],
		[
			3444572160,
			5905580032
		],
		[
			3444572160,
			5905580032
		],
		[
			3444572160,
			5905580032
		],
		[
			3444572160,
			5905580032
		],
		[
			3444572160,
			5905580032
		],
		[
			3444572160,
			5905580032
		],
		[
			3444572160,
			5905580032
		],
		[
			3444572160,
			5905580032
		],
		[
			3444572160,
			5905580032
		],
		[
			3444572160,
			5905580032
		],
		[
			3444572160,
			5905580032
		],
		[
			3444572160,
			5905580032
		],
		[
			3444572160,
			5905580032
		],
		[
			3444572160,
			5905580032
		],
		[
			3444572160,
			5905580032
		],
		[
			3444572160,
			5905580032
		],
		[
			3444572160,
			5905580032
		],
		[
			3444572160,
			5905580032
		],
		[
			3444572160,
			5905580032
		],
		[
			3444572160,
			5905580032
		],
		[
			3444572160,
			5905580032
		],
		[
			3444572160,
			5905580032
		],
		[
			3444572160,
			5905580032
		],
		[
			3444572160,
			5905580032
		],
		[
			3444572160,
			5905580032
		],
		[
			3444572160,
			5905580032
		],
		[
			3444572160,
			5905580032
		],
		[
			3444572160,
			5905580032
		],
		[
			3444572160,
			5905580032
		],
		[
			3444572160,
			5905580032
		],
		[
			3444572160,
			5905580032
		],
		[
			3444572160,
			5905580032
		],
		[
			3444572160,
			5905580032
		],
		[
			3444572160,
			5905580032
		],
		[
			3444572160,
			5905580032
		],
		[
			3444572160,
			5905580032
		],
		[
			3444572160,
			5905580032
		],
		[
			3444572160,
			5905580032
		],
		[
			3444572160,
			5905580032
		],
		[
			3444572160,
			5905580032
		],
		[
			3444572160,
			5905580032
		],
		[
			3444572160,
			5905580032
		],
		[
			3444572160,
			5905580032
		],
		[
			3444572160,
			5905580032
		],
		[
			3444572160,
			5905580032
		],
		[
			3444572160,
			5905580032
		],
		[
			3444572160,
			5905580032
		],
		[
			3444572160,
			5905580032
		],
		[
			3444572160,
			5905580032
		],
		[
			3444572160,
			5905580032
		],
		[
			3444572160,
			5905580032
		],
		[
			3444572160,
			5905580032
		],
		[
			3444572160,
			5905580032
		],
		[
			3444572160,
			5905580032
		],
		[
			3444572160,
			5905580032
		],
		[
			3444572160,
			5905580032
		],
		[
			3444572160,
			5905580032
		],
		[
			3444572160,
			5905580032
		],
		[
			3444572160,
			5905580032
		],
		[
			3444572160,
			5905580032
		],
		[
			3444572160,
			5905580032
		],
		[
			3444572160,
			5905580032
		],
		[
			3444572160,
			5905580032
		]
	],
	"utilization": [
		37,
		37,
		36,
		36,
		26,
		26,
		7,
		7,
		0,
		0,
		8,
		8,
		9,
		9,
		16,
		16,
		5,
		5,
		2,
		2,
		15,
		15,
		2,
		2,
		0,
		0,
		8,
		8,
		16,
		16,
		0,
		0,
		0,
		0,
		8,
		8,
		16,
		16,
		8,
		8,
		0,
		0,
		9,
		9,
		7,
		7,
		0,
		0,
		7,
		7,
		7,
		7,
		0,
		0,
		2,
		2,
		15,
		15,
		20,
		20,
		7,
		7,
		0,
		0,
		6,
		6,
		11,
		11,
		14,
		14,
		0,
		0,
		6,
		6,
		11,
		11,
		24,
		24,
		6,
		6,
		2,
		2,
		15,
		15,
		19,
		19,
		7,
		7,
		0,
		0
	],
	"computation_proportion": 5,
	"extra_dict": {}
}