{
	"model_name": "YoloV5N",
	"batch_size": 128,
	"duration_sec": 45,
	"mode": "train",
	"is_DDP": true,
	"process_group_backend": "gloo",
	"world_size": 1,
	"rank": 0,
	"local_rank": 0,
	"device_type": "gpu",
	"master_addr": "133.133.135.75",
	"master_port": 39920,
	"iteration_count": 64,
	"iteration_intervals": [
		1192860160,
		460394752,
		485731840,
		722559488,
		628480000,
		616495360,
		709243392,
		853564928,
		746476544,
		732576768,
		607580416,
		622402816,
		721518592,
		849501696,
		730043392,
		625731584,
		609795072,
		718804992,
		729395200,
		738898432,
		736537600,
		610586112,
		614824960,
		720024064,
		622057728,
		839700992,
		623482880,
		827332864,
		748198144,
		730563584,
		616301056,
		608450560,
		628971264,
		717878784,
		606216192,
		620621312,
		733564672,
		728238080,
		729722624,
		614486016,
		606104832,
		620976640,
		727891712,
		855102976,
		858245376,
		736829952,
		722906880,
		731664384,
		737149184,
		613435904,
		726935296,
		850348544,
		859978496,
		846986752,
		618572800,
		732558336,
		737647872,
		723578880,
		732198400,
		731777536,
		866263808,
		844055040,
		618560256,
		730771200
	],
	"iteration_intervals_avg": 713903893.6949153,
	"iteration_intervals_avg_second": 0.7139038936949152,
	"total_time_ns": 45612331264,
	"total_time_second": 45,
	"mem_infos": [
		[
			11120148480,
			11811160064
		],
		[
			10671357952,
			11811160064
		],
		[
			7200571392,
			11811160064
		],
		[
			7018119168,
			11811160064
		],
		[
			6883901440,
			11811160064
		],
		[
			6883901440,
			11811160064
		],
		[
			6883901440,
			11811160064
		],
		[
			6883901440,
			11811160064
		],
		[
			6883901440,
			11811160064
		],
		[
			6883901440,
			11811160064
		],
		[
			6883901440,
			11811160064
		],
		[
			6883901440,
			11811160064
		],
		[
			6883901440,
			11811160064
		],
		[
			6883901440,
			11811160064
		],
		[
			6883901440,
			11811160064
		],
		[
			6883901440,
			11811160064
		],
		[
			6883901440,
			11811160064
		],
		[
			6883901440,
			11811160064
		],
		[
			6883901440,
			11811160064
		],
		[
			6883901440,
			11811160064
		],
		[
			6883901440,
			11811160064
		],
		[
			6883901440,
			11811160064
		],
		[
			6883901440,
			11811160064
		],
		[
			6883901440,
			11811160064
		],
		[
			6883901440,
			11811160064
		],
		[
			6883901440,
			11811160064
		],
		[
			6883901440,
			11811160064
		],
		[
			6883901440,
			11811160064
		],
		[
			6883901440,
			11811160064
		],
		[
			6883901440,
			11811160064
		],
		[
			6883901440,
			11811160064
		],
		[
			6883901440,
			11811160064
		],
		[
			6883901440,
			11811160064
		],
		[
			6883901440,
			11811160064
		],
		[
			6883901440,
			11811160064
		],
		[
			6883901440,
			11811160064
		],
		[
			6883901440,
			11811160064
		],
		[
			6883901440,
			11811160064
		],
		[
			6883901440,
			11811160064
		],
		[
			6883901440,
			11811160064
		],
		[
			6883901440,
			11811160064
		],
		[
			6883901440,
			11811160064
		],
		[
			6883901440,
			11811160064
		],
		[
			6883901440,
			11811160064
		],
		[
			6883901440,
			11811160064
		],
		[
			6883901440,
			11811160064
		],
		[
			6883901440,
			11811160064
		],
		[
			6883901440,
			11811160064
		],
		[
			6883901440,
			11811160064
		],
		[
			6883901440,
			11811160064
		],
		[
			6883901440,
			11811160064
		],
		[
			6883901440,
			11811160064
		],
		[
			6883901440,
			11811160064
		],
		[
			6883901440,
			11811160064
		],
		[
			6883901440,
			11811160064
		],
		[
			6883901440,
			11811160064
		],
		[
			6883901440,
			11811160064
		],
		[
			6883901440,
			11811160064
		],
		[
			6883901440,
			11811160064
		],
		[
			6883901440,
			11811160064
		],
		[
			6883901440,
			11811160064
		],
		[
			6883901440,
			11811160064
		],
		[
			6883901440,
			11811160064
		],
		[
			6883901440,
			11811160064
		],
		[
			6883901440,
			11811160064
		],
		[
			6883901440,
			11811160064
		],
		[
			6883901440,
			11811160064
		],
		[
			6883901440,
			11811160064
		],
		[
			6883901440,
			11811160064
		],
		[
			6883901440,
			11811160064
		],
		[
			6883901440,
			11811160064
		],
		[
			6883901440,
			11811160064
		],
		[
			6883901440,
			11811160064
		],
		[
			6883901440,
			11811160064
		],
		[
			6883901440,
			11811160064
		],
		[
			6883901440,
			11811160064
		],
		[
			6883901440,
			11811160064
		],
		[
			6883901440,
			11811160064
		],
		[
			6883901440,
			11811160064
		],
		[
			6883901440,
			11811160064
		],
		[
			6883901440,
			11811160064
		],
		[
			6883901440,
			11811160064
		],
		[
			6883901440,
			11811160064
		],
		[
			6883901440,
			11811160064
		],
		[
			6883901440,
			11811160064
		],
		[
			6883901440,
			11811160064
		],
		[
			6883901440,
			11811160064
		],
		[
			6883901440,
			11811160064
		],
		[
			6883901440,
			11811160064
		],
		[
			6883901440,
			11811160064
		]
	],
	"utilization": [
		9,
		9,
		11,
		11,
		26,
		26,
		14,
		14,
		17,
		17,
		17,
		17,
		15,
		15,
		13,
		13,
		19,
		19,
		16,
		16,
		15,
		15,
		16,
		16,
		17,
		17,
		18,
		18,
		14,
		14,
		16,
		16,
		17,
		17,
		18,
		18,
		15,
		15,
		16,
		16,
		16,
		16,
		15,
		15,
		19,
		19,
		15,
		15,
		19,
		19,
		19,
		19,
		16,
		16,
		14,
		14,
		19,
		19,
		19,
		19,
		16,
		16,
		12,
		12,
		13,
		13,
		18,
		18,
		15,
		15,
		17,
		17,
		16,
		16,
		13,
		13,
		13,
		13,
		17,
		17,
		14,
		14,
		17,
		17,
		17,
		17,
		12,
		12,
		14,
		14
	],
	"computation_proportion": 15,
	"extra_dict": {}
}