{
	"model_name": "ResNet18",
	"batch_size": 4,
	"duration_sec": 45,
	"mode": "train",
	"is_DDP": true,
	"process_group_backend": "gloo",
	"world_size": 4,
	"rank": 0,
	"local_rank": 0,
	"device_type": "gpu",
	"master_addr": "133.133.135.75",
	"master_port": 39920,
	"iteration_count": 68,
	"iteration_intervals": [
		1971171840,
		648268288,
		628291328,
		635595520,
		629878528,
		632935680,
		657826560,
		619591936,
		1365209344,
		631270912,
		626697216,
		639211520,
		634826496,
		624678144,
		644077312,
		633107712,
		639794688,
		635654144,
		632304896,
		627678976,
		632303104,
		662496256,
		638463488,
		630808064,
		635348736,
		629413376,
		631689472,
		635286528,
		632602880,
		637403136,
		638302976,
		628700928,
		674337024,
		633256960,
		633129472,
		630577152,
		635302144,
		630931200,
		632352768,
		631883264,
		629071616,
		629200640,
		634879232,
		627306752,
		636822528,
		633699328,
		626275072,
		638599424,
		633213952,
		635448320,
		632314880,
		632572928,
		621264640,
		636087808,
		630003712,
		633367296,
		629957888,
		627648768,
		645447168,
		628348672,
		632903936,
		629672448,
		632488960,
		627881728,
		635850240,
		633345792,
		628329472,
		630030592
	],
	"iteration_intervals_avg": 645579178.6666666,
	"iteration_intervals_avg_second": 0.6455791786666666,
	"total_time_ns": 45185600768,
	"total_time_second": 45,
	"mem_infos": [
		[
			5225054208,
			5905580032
		],
		[
			5017436160,
			5905580032
		],
		[
			4790943744,
			5905580032
		],
		[
			4495245312,
			5905580032
		],
		[
			4394582016,
			5905580032
		],
		[
			4394582016,
			5905580032
		],
		[
			4394582016,
			5905580032
		],
		[
			4394582016,
			5905580032
		],
		[
			4394582016,
			5905580032
		],
		[
			4394582016,
			5905580032
		],
		[
			4394582016,
			5905580032
		],
		[
			4394582016,
			5905580032
		],
		[
			4394582016,
			5905580032
		],
		[
			4394582016,
			5905580032
		],
		[
			4394582016,
			5905580032
		],
		[
			4394582016,
			5905580032
		],
		[
			4394582016,
			5905580032
		],
		[
			4394582016,
			5905580032
		],
		[
			4394582016,
			5905580032
		],
		[
			4394582016,
			5905580032
		],
		[
			4394582016,
			5905580032
		],
		[
			4394582016,
			5905580032
		],
		[
			4394582016,
			5905580032
		],
		[
			4394582016,
			5905580032
		],
		[
			4394582016,
			5905580032
		],
		[
			4394582016,
			5905580032
		],
		[
			4394582016,
			5905580032
		],
		[
			4394582016,
			5905580032
		],
		[
			4394582016,
			5905580032
		],
		[
			4394582016,
			5905580032
		],
		[
			4394582016,
			5905580032
		],
		[
			4394582016,
			5905580032
		],
		[
			4394582016,
			5905580032
		],
		[
			4394582016,
			5905580032
		],
		[
			4394582016,
			5905580032
		],
		[
			4394582016,
			5905580032
		],
		[
			4394582016,
			5905580032
		],
		[
			4394582016,
			5905580032
		],
		[
			4394582016,
			5905580032
		],
		[
			4394582016,
			5905580032
		],
		[
			4394582016,
			5905580032
		],
		[
			4394582016,
			5905580032
		],
		[
			4394582016,
			5905580032
		],
		[
			4394582016,
			5905580032
		],
		[
			4394582016,
			5905580032
		],
		[
			4394582016,
			5905580032
		],
		[
			4394582016,
			5905580032
		],
		[
			4394582016,
			5905580032
		],
		[
			4394582016,
			5905580032
		],
		[
			4394582016,
			5905580032
		],
		[
			4394582016,
			5905580032
		],
		[
			4394582016,
			5905580032
		],
		[
			4394582016,
			5905580032
		],
		[
			4394582016,
			5905580032
		],
		[
			4394582016,
			5905580032
		],
		[
			4394582016,
			5905580032
		],
		[
			4394582016,
			5905580032
		],
		[
			4394582016,
			5905580032
		],
		[
			4394582016,
			5905580032
		],
		[
			4394582016,
			5905580032
		],
		[
			4394582016,
			5905580032
		],
		[
			4394582016,
			5905580032
		],
		[
			4394582016,
			5905580032
		],
		[
			4394582016,
			5905580032
		],
		[
			4394582016,
			5905580032
		],
		[
			4394582016,
			5905580032
		],
		[
			4394582016,
			5905580032
		],
		[
			4394582016,
			5905580032
		],
		[
			4394582016,
			5905580032
		],
		[
			4394582016,
			5905580032
		],
		[
			4394582016,
			5905580032
		],
		[
			4394582016,
			5905580032
		],
		[
			4394582016,
			5905580032
		],
		[
			4394582016,
			5905580032
		],
		[
			4394582016,
			5905580032
		],
		[
			4394582016,
			5905580032
		],
		[
			4394582016,
			5905580032
		],
		[
			4394582016,
			5905580032
		],
		[
			4394582016,
			5905580032
		],
		[
			4394582016,
			5905580032
		],
		[
			4394582016,
			5905580032
		],
		[
			4394582016,
			5905580032
		],
		[
			4394582016,
			5905580032
		],
		[
			4394582016,
			5905580032
		],
		[
			4394582016,
			5905580032
		],
		[
			4394582016,
			5905580032
		],
		[
			4394582016,
			5905580032
		],
		[
			4394582016,
			5905580032
		],
		[
			4394582016,
			5905580032
		],
		[
			4394582016,
			5905580032
		]
	],
	"utilization": [
		12,
		3,
		3,
		13,
		13,
		9,
		9,
		4,
		4,
		8,
		8,
		8,
		8,
		4,
		4,
		4,
		4,
		4,
		4,
		8,
		8,
		4,
		4,
		8,
		8,
		6,
		6,
		6,
		6,
		8,
		8,
		4,
		4,
		8,
		8,
		4,
		4,
		8,
		8,
		8,
		8,
		4,
		4,
		8,
		8,
		4,
		4,
		8,
		8,
		4,
		4,
		8,
		8,
		8,
		8,
		4,
		4,
		8,
		8,
		4,
		4,
		8,
		8,
		7,
		7,
		5,
		5,
		8,
		8,
		4,
		4,
		8,
		8,
		4,
		4,
		7,
		7,
		8,
		8,
		4,
		4,
		8,
		8,
		4,
		4,
		8,
		8,
		8,
		8,
		4
	],
	"computation_proportion": 5,
	"extra_dict": {}
}