{
	"model_name": "ConvNeXtT",
	"batch_size": 4,
	"duration_sec": 45,
	"mode": "train",
	"is_DDP": true,
	"process_group_backend": "gloo",
	"world_size": 1,
	"rank": 0,
	"local_rank": 0,
	"device_type": "gpu",
	"master_addr": "133.133.135.75",
	"master_port": 39920,
	"iteration_count": 122,
	"iteration_intervals": [
		1083446528,
		331120128,
		609945856,
		610143488,
		478041856,
		380081664,
		478703104,
		371482112,
		364431616,
		359737088,
		261132032,
		350092800,
		272577536,
		348851968,
		360137216,
		367104512,
		370214400,
		479442176,
		367128320,
		365510656,
		368890368,
		360826112,
		265620224,
		349701376,
		356498944,
		366210816,
		364889600,
		371805696,
		478443008,
		367328000,
		375339520,
		358741248,
		359816448,
		362696448,
		261446656,
		362404096,
		362597888,
		364395776,
		485601280,
		368179200,
		481331200,
		368298496,
		363574272,
		275795456,
		348732416,
		351579648,
		373123584,
		364934144,
		369234688,
		361422848,
		362677760,
		266328576,
		373779712,
		450508032,
		275099392,
		349980160,
		357772544,
		369112064,
		368873216,
		373328128,
		477037312,
		481555712,
		375467776,
		374528256,
		377686784,
		355683584,
		360642304,
		358678272,
		259659520,
		345211136,
		257714176,
		349959424,
		371204864,
		271054080,
		456657408,
		365462528,
		372020480,
		363652864,
		271686912,
		352936448,
		345724672,
		258686464,
		354050560,
		265640192,
		360087296,
		363572224,
		475219200,
		363291392,
		370550016,
		358133248,
		366267904,
		373433088,
		368154880,
		368964096,
		370543104,
		353122304,
		359317248,
		261189120,
		346258688,
		267742464,
		351298816,
		360894208,
		365432320,
		370898432,
		365325056,
		363547904,
		369473536,
		356941824,
		366910720,
		374570240,
		383580672,
		370315264,
		351342080,
		351018752,
		280610560,
		333226240,
		359526656,
		272549120,
		352384512,
		366300416,
		471590400,
		374194944
	],
	"iteration_intervals_avg": 359606212.9230769,
	"iteration_intervals_avg_second": 0.35960621292307693,
	"total_time_ns": 45188753920,
	"total_time_second": 45,
	"mem_infos": [
		[
			10786701312,
			11811160064
		],
		[
			10551820288,
			11811160064
		],
		[
			9928966144,
			11811160064
		],
		[
			9582936064,
			11811160064
		],
		[
			9582936064,
			11811160064
		],
		[
			9582936064,
			11811160064
		],
		[
			9582936064,
			11811160064
		],
		[
			9582936064,
			11811160064
		],
		[
			9582936064,
			11811160064
		],
		[
			9582936064,
			11811160064
		],
		[
			9582936064,
			11811160064
		],
		[
			9582936064,
			11811160064
		],
		[
			9582936064,
			11811160064
		],
		[
			9582936064,
			11811160064
		],
		[
			9582936064,
			11811160064
		],
		[
			9582936064,
			11811160064
		],
		[
			9582936064,
			11811160064
		],
		[
			9582936064,
			11811160064
		],
		[
			9582936064,
			11811160064
		],
		[
			9582936064,
			11811160064
		],
		[
			9582936064,
			11811160064
		],
		[
			9582936064,
			11811160064
		],
		[
			9582936064,
			11811160064
		],
		[
			9582936064,
			11811160064
		],
		[
			9582936064,
			11811160064
		],
		[
			9582936064,
			11811160064
		],
		[
			9582936064,
			11811160064
		],
		[
			9582936064,
			11811160064
		],
		[
			9582936064,
			11811160064
		],
		[
			9582936064,
			11811160064
		],
		[
			9582936064,
			11811160064
		],
		[
			9582936064,
			11811160064
		],
		[
			9582936064,
			11811160064
		],
		[
			9582936064,
			11811160064
		],
		[
			9582936064,
			11811160064
		],
		[
			9582936064,
			11811160064
		],
		[
			9582936064,
			11811160064
		],
		[
			9582936064,
			11811160064
		],
		[
			9582936064,
			11811160064
		],
		[
			9582936064,
			11811160064
		],
		[
			9582936064,
			11811160064
		],
		[
			9582936064,
			11811160064
		],
		[
			9582936064,
			11811160064
		],
		[
			9582936064,
			11811160064
		],
		[
			9582936064,
			11811160064
		],
		[
			9582936064,
			11811160064
		],
		[
			9582936064,
			11811160064
		],
		[
			9582936064,
			11811160064
		],
		[
			9582936064,
			11811160064
		],
		[
			9582936064,
			11811160064
		],
		[
			9582936064,
			11811160064
		],
		[
			9582936064,
			11811160064
		],
		[
			9582936064,
			11811160064
		],
		[
			9582936064,
			11811160064
		],
		[
			9582936064,
			11811160064
		],
		[
			9582936064,
			11811160064
		],
		[
			9582936064,
			11811160064
		],
		[
			9582936064,
			11811160064
		],
		[
			9582936064,
			11811160064
		],
		[
			9582936064,
			11811160064
		],
		[
			9582936064,
			11811160064
		],
		[
			9582936064,
			11811160064
		],
		[
			9582936064,
			11811160064
		],
		[
			9582936064,
			11811160064
		],
		[
			9582936064,
			11811160064
		],
		[
			9582936064,
			11811160064
		],
		[
			9582936064,
			11811160064
		],
		[
			9582936064,
			11811160064
		],
		[
			9582936064,
			11811160064
		],
		[
			9582936064,
			11811160064
		],
		[
			9582936064,
			11811160064
		],
		[
			9582936064,
			11811160064
		],
		[
			9582936064,
			11811160064
		],
		[
			9582936064,
			11811160064
		],
		[
			9582936064,
			11811160064
		],
		[
			9582936064,
			11811160064
		],
		[
			9582936064,
			11811160064
		],
		[
			9582936064,
			11811160064
		],
		[
			9582936064,
			11811160064
		],
		[
			9582936064,
			11811160064
		],
		[
			9582936064,
			11811160064
		],
		[
			9582936064,
			11811160064
		],
		[
			9582936064,
			11811160064
		],
		[
			9582936064,
			11811160064
		],
		[
			9582936064,
			11811160064
		],
		[
			9582936064,
			11811160064
		],
		[
			9582936064,
			11811160064
		],
		[
			9582936064,
			11811160064
		],
		[
			9582936064,
			11811160064
		],
		[
			9582936064,
			11811160064
		]
	],
	"utilization": [
		9,
		9,
		13,
		13,
		15,
		15,
		12,
		12,
		12,
		12,
		16,
		16,
		17,
		17,
		17,
		17,
		15,
		15,
		14,
		14,
		17,
		17,
		17,
		17,
		15,
		15,
		12,
		12,
		17,
		17,
		17,
		17,
		14,
		14,
		14,
		14,
		17,
		17,
		14,
		14,
		16,
		16,
		15,
		15,
		16,
		16,
		17,
		17,
		13,
		13,
		15,
		15,
		13,
		13,
		18,
		18,
		19,
		19,
		15,
		15,
		14,
		14,
		17,
		17,
		17,
		17,
		16,
		16,
		16,
		16,
		14,
		14,
		15,
		15,
		18,
		18,
		19,
		19,
		14,
		14,
		17,
		17,
		16,
		16,
		14,
		14,
		18,
		18,
		16,
		16
	],
	"computation_proportion": 15,
	"extra_dict": {}
}