{
	"model_name": "MEALV2",
	"batch_size": 16,
	"duration_sec": 45,
	"mode": "train",
	"is_DDP": true,
	"process_group_backend": "gloo",
	"world_size": 4,
	"rank": 1,
	"local_rank": 0,
	"device_type": "gpu",
	"master_addr": "133.133.135.75",
	"master_port": 39920,
	"iteration_count": 103,
	"iteration_intervals": [
		1540813568,
		173116416,
		140095488,
		148026368,
		150243328,
		436973056,
		487729408,
		1590701824,
		488061696,
		250755584,
		255691776,
		228109824,
		236774912,
		158443520,
		151304704,
		183507456,
		157678592,
		132402944,
		1387776768,
		606814976,
		369301248,
		252972800,
		234086144,
		174337280,
		202817280,
		2679423744,
		372888576,
		243902208,
		252109312,
		245987584,
		229093376,
		153676032,
		150364928,
		192864512,
		158306048,
		158164736,
		150808320,
		1819043072,
		483499776,
		254113536,
		241202432,
		262257152,
		234840320,
		1462417408,
		493945344,
		610878976,
		1219131392,
		371144192,
		259071744,
		242358272,
		246440704,
		228760576,
		1720673536,
		368261120,
		260758016,
		238785536,
		238903040,
		1586617600,
		525323776,
		488079616,
		369174272,
		255606784,
		239527936,
		233895168,
		244996096,
		1349684480,
		484724736,
		355827200,
		247203328,
		172042496,
		208352512,
		232131328,
		157892096,
		156290816,
		146868224,
		158987008,
		152940800,
		1308078080,
		605306624,
		370810112,
		251919104,
		235301632,
		238191104,
		152313600,
		217915904,
		164065792,
		1352188672,
		450932224,
		354611968,
		252783104,
		242481664,
		149950464,
		1442544896,
		503810048,
		365501952,
		250066688,
		245488896,
		240822784,
		151318528,
		211225088,
		148011008,
		197487360,
		1075207936
	],
	"iteration_intervals_avg": 440559375.67346936,
	"iteration_intervals_avg_second": 0.44055937567346937,
	"total_time_ns": 45327960832,
	"total_time_second": 45,
	"mem_infos": [
		[
			5361369088,
			5905580032
		],
		[
			5122293760,
			5905580032
		],
		[
			4906287104,
			5905580032
		],
		[
			4493148160,
			5905580032
		],
		[
			4463788032,
			5905580032
		],
		[
			4463788032,
			5905580032
		],
		[
			4463788032,
			5905580032
		],
		[
			4463788032,
			5905580032
		],
		[
			4463788032,
			5905580032
		],
		[
			4463788032,
			5905580032
		],
		[
			4463788032,
			5905580032
		],
		[
			4463788032,
			5905580032
		],
		[
			4463788032,
			5905580032
		],
		[
			4463788032,
			5905580032
		],
		[
			4463788032,
			5905580032
		],
		[
			4463788032,
			5905580032
		],
		[
			4463788032,
			5905580032
		],
		[
			4463788032,
			5905580032
		],
		[
			4463788032,
			5905580032
		],
		[
			4463788032,
			5905580032
		],
		[
			4463788032,
			5905580032
		],
		[
			4463788032,
			5905580032
		],
		[
			4463788032,
			5905580032
		],
		[
			4463788032,
			5905580032
		],
		[
			4463788032,
			5905580032
		],
		[
			4463788032,
			5905580032
		],
		[
			4463788032,
			5905580032
		],
		[
			4463788032,
			5905580032
		],
		[
			4463788032,
			5905580032
		],
		[
			4463788032,
			5905580032
		],
		[
			4463788032,
			5905580032
		],
		[
			4463788032,
			5905580032
		],
		[
			4463788032,
			5905580032
		],
		[
			4463788032,
			5905580032
		],
		[
			4463788032,
			5905580032
		],
		[
			4463788032,
			5905580032
		],
		[
			4463788032,
			5905580032
		],
		[
			4463788032,
			5905580032
		],
		[
			4463788032,
			5905580032
		],
		[
			4463788032,
			5905580032
		],
		[
			4463788032,
			5905580032
		],
		[
			4463788032,
			5905580032
		],
		[
			4463788032,
			5905580032
		],
		[
			4463788032,
			5905580032
		],
		[
			4463788032,
			5905580032
		],
		[
			4463788032,
			5905580032
		],
		[
			4463788032,
			5905580032
		],
		[
			4463788032,
			5905580032
		],
		[
			4463788032,
			5905580032
		],
		[
			4463788032,
			5905580032
		],
		[
			4463788032,
			5905580032
		],
		[
			4463788032,
			5905580032
		],
		[
			4463788032,
			5905580032
		],
		[
			4463788032,
			5905580032
		],
		[
			4463788032,
			5905580032
		],
		[
			4463788032,
			5905580032
		],
		[
			4463788032,
			5905580032
		],
		[
			4463788032,
			5905580032
		],
		[
			4463788032,
			5905580032
		],
		[
			4463788032,
			5905580032
		],
		[
			4463788032,
			5905580032
		],
		[
			4463788032,
			5905580032
		],
		[
			4463788032,
			5905580032
		],
		[
			4463788032,
			5905580032
		],
		[
			4463788032,
			5905580032
		],
		[
			4463788032,
			5905580032
		],
		[
			4463788032,
			5905580032
		],
		[
			4463788032,
			5905580032
		],
		[
			4463788032,
			5905580032
		],
		[
			4463788032,
			5905580032
		],
		[
			4463788032,
			5905580032
		],
		[
			4463788032,
			5905580032
		],
		[
			4463788032,
			5905580032
		],
		[
			4463788032,
			5905580032
		],
		[
			4463788032,
			5905580032
		],
		[
			4463788032,
			5905580032
		],
		[
			4463788032,
			5905580032
		],
		[
			4463788032,
			5905580032
		],
		[
			4463788032,
			5905580032
		],
		[
			4463788032,
			5905580032
		],
		[
			4463788032,
			5905580032
		],
		[
			4463788032,
			5905580032
		],
		[
			4463788032,
			5905580032
		],
		[
			4463788032,
			5905580032
		],
		[
			4463788032,
			5905580032
		],
		[
			4463788032,
			5905580032
		],
		[
			4463788032,
			5905580032
		],
		[
			4463788032,
			5905580032
		],
		[
			4463788032,
			5905580032
		],
		[
			4463788032,
			5905580032
		]
	],
	"utilization": [
		5,
		10,
		10,
		13,
		13,
		33,
		33,
		11,
		11,
		0,
		0,
		11,
		11,
		28,
		28,
		23,
		23,
		2,
		2,
		13,
		13,
		19,
		19,
		0,
		0,
		0,
		0,
		12,
		12,
		29,
		29,
		33,
		33,
		0,
		0,
		5,
		5,
		20,
		20,
		5,
		5,
		6,
		6,
		8,
		8,
		7,
		7,
		22,
		22,
		4,
		4,
		5,
		5,
		19,
		19,
		3,
		3,
		5,
		5,
		15,
		15,
		22,
		22,
		0,
		0,
		11,
		11,
		27,
		27,
		30,
		30,
		0,
		0,
		10,
		10,
		27,
		27,
		10,
		10,
		5,
		5,
		18,
		18,
		5,
		5,
		6,
		6,
		16,
		16,
		25
	],
	"computation_proportion": 5,
	"extra_dict": {}
}