{
	"model_name": "ShuffleNet",
	"batch_size": 128,
	"duration_sec": 45,
	"mode": "train",
	"is_DDP": true,
	"process_group_backend": "gloo",
	"world_size": 4,
	"rank": 2,
	"local_rank": 0,
	"device_type": "gpu",
	"master_addr": "133.133.135.75",
	"master_port": 39920,
	"iteration_count": 83,
	"iteration_intervals": [
		1635937792,
		245699072,
		228328192,
		230629632,
		238204672,
		2143008256,
		745304320,
		591805952,
		498868736,
		368527104,
		357350912,
		244727040,
		257262848,
		355961600,
		483367424,
		2323424000,
		486582016,
		490097664,
		380473344,
		363746304,
		357733888,
		251266816,
		239255808,
		239473408,
		240350976,
		250269952,
		373817088,
		1565478656,
		505918464,
		474151168,
		375123200,
		617918208,
		617789184,
		370578944,
		363183360,
		257419008,
		358211072,
		368012800,
		472850944,
		2337249536,
		491207936,
		378298112,
		354182912,
		252119552,
		356096512,
		258806272,
		361474560,
		354870528,
		624807680,
		497616128,
		362234624,
		257977088,
		262995712,
		315851520,
		505661952,
		1474309376,
		1076997632,
		494859008,
		366047232,
		254152448,
		357573632,
		363226880,
		487059968,
		383868672,
		353602048,
		261883648,
		384319488,
		612041984,
		369886720,
		439091456,
		1855706624,
		850878720,
		384841216,
		463932672,
		375905536,
		368723968,
		257588224,
		262386688,
		251336704,
		327216640,
		2323362048,
		612390912,
		607554816
	],
	"iteration_intervals_avg": 551044949.3333334,
	"iteration_intervals_avg_second": 0.5510449493333334,
	"total_time_ns": 45561368832,
	"total_time_second": 45,
	"mem_infos": [
		[
			5363466240,
			5905580032
		],
		[
			4918870016,
			5905580032
		],
		[
			4694474752,
			5905580032
		],
		[
			1351614464,
			5905580032
		],
		[
			1343225856,
			5905580032
		],
		[
			1343225856,
			5905580032
		],
		[
			1343225856,
			5905580032
		],
		[
			1343225856,
			5905580032
		],
		[
			1343225856,
			5905580032
		],
		[
			1343225856,
			5905580032
		],
		[
			1343225856,
			5905580032
		],
		[
			1343225856,
			5905580032
		],
		[
			1343225856,
			5905580032
		],
		[
			1343225856,
			5905580032
		],
		[
			1343225856,
			5905580032
		],
		[
			1343225856,
			5905580032
		],
		[
			1343225856,
			5905580032
		],
		[
			1343225856,
			5905580032
		],
		[
			1343225856,
			5905580032
		],
		[
			1343225856,
			5905580032
		],
		[
			1343225856,
			5905580032
		],
		[
			1343225856,
			5905580032
		],
		[
			1343225856,
			5905580032
		],
		[
			1343225856,
			5905580032
		],
		[
			1343225856,
			5905580032
		],
		[
			1343225856,
			5905580032
		],
		[
			1343225856,
			5905580032
		],
		[
			1343225856,
			5905580032
		],
		[
			1343225856,
			5905580032
		],
		[
			1343225856,
			5905580032
		],
		[
			1343225856,
			5905580032
		],
		[
			1343225856,
			5905580032
		],
		[
			1343225856,
			5905580032
		],
		[
			1343225856,
			5905580032
		],
		[
			1343225856,
			5905580032
		],
		[
			1343225856,
			5905580032
		],
		[
			1343225856,
			5905580032
		],
		[
			1343225856,
			5905580032
		],
		[
			1343225856,
			5905580032
		],
		[
			1343225856,
			5905580032
		],
		[
			1343225856,
			5905580032
		],
		[
			1343225856,
			5905580032
		],
		[
			1343225856,
			5905580032
		],
		[
			1343225856,
			5905580032
		],
		[
			1343225856,
			5905580032
		],
		[
			1343225856,
			5905580032
		],
		[
			1343225856,
			5905580032
		],
		[
			1343225856,
			5905580032
		],
		[
			1343225856,
			5905580032
		],
		[
			1343225856,
			5905580032
		],
		[
			1343225856,
			5905580032
		],
		[
			1343225856,
			5905580032
		],
		[
			1343225856,
			5905580032
		],
		[
			1343225856,
			5905580032
		],
		[
			1343225856,
			5905580032
		],
		[
			1343225856,
			5905580032
		],
		[
			1343225856,
			5905580032
		],
		[
			1343225856,
			5905580032
		],
		[
			1343225856,
			5905580032
		],
		[
			1343225856,
			5905580032
		],
		[
			1343225856,
			5905580032
		],
		[
			1343225856,
			5905580032
		],
		[
			1343225856,
			5905580032
		],
		[
			1343225856,
			5905580032
		],
		[
			1343225856,
			5905580032
		],
		[
			1343225856,
			5905580032
		],
		[
			1343225856,
			5905580032
		],
		[
			1343225856,
			5905580032
		],
		[
			1343225856,
			5905580032
		],
		[
			1343225856,
			5905580032
		],
		[
			1343225856,
			5905580032
		],
		[
			1343225856,
			5905580032
		],
		[
			1343225856,
			5905580032
		],
		[
			1343225856,
			5905580032
		],
		[
			1343225856,
			5905580032
		],
		[
			1343225856,
			5905580032
		],
		[
			1343225856,
			5905580032
		],
		[
			1343225856,
			5905580032
		],
		[
			1343225856,
			5905580032
		],
		[
			1343225856,
			5905580032
		],
		[
			1343225856,
			5905580032
		],
		[
			1343225856,
			5905580032
		],
		[
			1343225856,
			5905580032
		],
		[
			1343225856,
			5905580032
		],
		[
			1343225856,
			5905580032
		],
		[
			1343225856,
			5905580032
		],
		[
			1343225856,
			5905580032
		],
		[
			1343225856,
			5905580032
		],
		[
			1343225856,
			5905580032
		],
		[
			1343225856,
			5905580032
		]
	],
	"utilization": [
		7,
		12,
		12,
		17,
		17,
		58,
		58,
		30,
		30,
		0,
		0,
		16,
		16,
		30,
		30,
		39,
		39,
		53,
		53,
		11,
		11,
		1,
		1,
		20,
		20,
		37,
		37,
		49,
		49,
		63,
		63,
		19,
		19,
		16,
		16,
		32,
		32,
		27,
		27,
		33,
		33,
		46,
		46,
		25,
		25,
		0,
		0,
		16,
		16,
		35,
		35,
		55,
		55,
		37,
		37,
		32,
		32,
		55,
		55,
		23,
		23,
		8,
		8,
		10,
		10,
		42,
		42,
		43,
		43,
		33,
		33,
		46,
		46,
		32,
		32,
		12,
		12,
		12,
		12,
		19,
		19,
		37,
		37,
		56,
		56,
		29,
		29,
		0,
		0,
		16
	],
	"computation_proportion": 20,
	"extra_dict": {}
}