{
	"model_name": "GhostNet",
	"batch_size": 256,
	"duration_sec": 45,
	"mode": "train",
	"is_DDP": true,
	"process_group_backend": "gloo",
	"world_size": 2,
	"rank": 1,
	"local_rank": 0,
	"device_type": "gpu",
	"master_addr": "133.133.135.75",
	"master_port": 39920,
	"iteration_count": 52,
	"iteration_intervals": [
		2055393792,
		837296384,
		879754752,
		846568192,
		865554944,
		836189952,
		858836480,
		850631168,
		862880768,
		848879104,
		748873984,
		866070272,
		851582464,
		862344192,
		836984832,
		857101056,
		855714560,
		848718848,
		851971584,
		864416768,
		854270976,
		846984960,
		857987328,
		860692224,
		841503232,
		853021440,
		852174848,
		863925248,
		854016768,
		752430336,
		845020928,
		878832896,
		849367296,
		851052800,
		842916096,
		856522496,
		851896064,
		860934656,
		853914368,
		879616256,
		893515008,
		858063104,
		863366656,
		845673728,
		857273856,
		854279168,
		858897408,
		846398208,
		764448512,
		850586112,
		858109184,
		855748864
	],
	"iteration_intervals_avg": 849247596.9361702,
	"iteration_intervals_avg_second": 0.8492475969361702,
	"total_time_ns": 45400012800,
	"total_time_second": 45,
	"mem_infos": [
		[
			11269046272,
			11811160064
		],
		[
			9736028160,
			11811160064
		],
		[
			9522118656,
			11811160064
		],
		[
			1102053376,
			11811160064
		],
		[
			1204813824,
			11811160064
		],
		[
			441450496,
			11811160064
		],
		[
			441450496,
			11811160064
		],
		[
			441450496,
			11811160064
		],
		[
			441450496,
			11811160064
		],
		[
			441450496,
			11811160064
		],
		[
			441450496,
			11811160064
		],
		[
			441450496,
			11811160064
		],
		[
			441450496,
			11811160064
		],
		[
			441450496,
			11811160064
		],
		[
			441450496,
			11811160064
		],
		[
			441450496,
			11811160064
		],
		[
			441450496,
			11811160064
		],
		[
			441450496,
			11811160064
		],
		[
			441450496,
			11811160064
		],
		[
			441450496,
			11811160064
		],
		[
			441450496,
			11811160064
		],
		[
			441450496,
			11811160064
		],
		[
			441450496,
			11811160064
		],
		[
			441450496,
			11811160064
		],
		[
			441450496,
			11811160064
		],
		[
			441450496,
			11811160064
		],
		[
			441450496,
			11811160064
		],
		[
			441450496,
			11811160064
		],
		[
			441450496,
			11811160064
		],
		[
			441450496,
			11811160064
		],
		[
			441450496,
			11811160064
		],
		[
			441450496,
			11811160064
		],
		[
			441450496,
			11811160064
		],
		[
			441450496,
			11811160064
		],
		[
			441450496,
			11811160064
		],
		[
			441450496,
			11811160064
		],
		[
			441450496,
			11811160064
		],
		[
			441450496,
			11811160064
		],
		[
			441450496,
			11811160064
		],
		[
			441450496,
			11811160064
		],
		[
			441450496,
			11811160064
		],
		[
			441450496,
			11811160064
		],
		[
			441450496,
			11811160064
		],
		[
			441450496,
			11811160064
		],
		[
			441450496,
			11811160064
		],
		[
			441450496,
			11811160064
		],
		[
			441450496,
			11811160064
		],
		[
			441450496,
			11811160064
		],
		[
			441450496,
			11811160064
		],
		[
			441450496,
			11811160064
		],
		[
			441450496,
			11811160064
		],
		[
			441450496,
			11811160064
		],
		[
			441450496,
			11811160064
		],
		[
			441450496,
			11811160064
		],
		[
			441450496,
			11811160064
		],
		[
			441450496,
			11811160064
		],
		[
			441450496,
			11811160064
		],
		[
			441450496,
			11811160064
		],
		[
			441450496,
			11811160064
		],
		[
			441450496,
			11811160064
		],
		[
			441450496,
			11811160064
		],
		[
			441450496,
			11811160064
		],
		[
			441450496,
			11811160064
		],
		[
			441450496,
			11811160064
		],
		[
			441450496,
			11811160064
		],
		[
			441450496,
			11811160064
		],
		[
			441450496,
			11811160064
		],
		[
			441450496,
			11811160064
		],
		[
			441450496,
			11811160064
		],
		[
			441450496,
			11811160064
		],
		[
			441450496,
			11811160064
		],
		[
			441450496,
			11811160064
		],
		[
			441450496,
			11811160064
		],
		[
			441450496,
			11811160064
		],
		[
			441450496,
			11811160064
		],
		[
			441450496,
			11811160064
		],
		[
			441450496,
			11811160064
		],
		[
			441450496,
			11811160064
		],
		[
			441450496,
			11811160064
		],
		[
			441450496,
			11811160064
		],
		[
			441450496,
			11811160064
		],
		[
			441450496,
			11811160064
		],
		[
			441450496,
			11811160064
		],
		[
			441450496,
			11811160064
		],
		[
			441450496,
			11811160064
		],
		[
			441450496,
			11811160064
		],
		[
			441450496,
			11811160064
		],
		[
			441450496,
			11811160064
		],
		[
			441450496,
			11811160064
		],
		[
			441450496,
			11811160064
		]
	],
	"utilization": [
		5,
		5,
		7,
		7,
		30,
		30,
		36,
		36,
		31,
		31,
		32,
		32,
		31,
		31,
		32,
		32,
		36,
		36,
		31,
		31,
		31,
		31,
		31,
		31,
		34,
		34,
		32,
		32,
		34,
		34,
		33,
		33,
		30,
		30,
		31,
		31,
		34,
		34,
		35,
		35,
		31,
		31,
		29,
		29,
		32,
		32,
		36,
		36,
		33,
		33,
		30,
		30,
		34,
		34,
		31,
		31,
		32,
		32,
		32,
		32,
		37,
		37,
		31,
		31,
		30,
		30,
		32,
		32,
		37,
		37,
		31,
		31,
		30,
		30,
		31,
		31,
		31,
		31,
		33,
		33,
		36,
		36,
		31,
		31,
		32,
		32,
		32,
		32,
		34,
		34
	],
	"computation_proportion": 50,
	"extra_dict": {}
}