{
	"model_name": "ConvNeXtT",
	"batch_size": 16,
	"duration_sec": 45,
	"mode": "train",
	"is_DDP": true,
	"process_group_backend": "gloo",
	"world_size": 2,
	"rank": 1,
	"local_rank": 0,
	"device_type": "gpu",
	"master_addr": "133.133.135.74",
	"master_port": 39920,
	"iteration_count": 31,
	"iteration_intervals": [
		2345363968,
		1388972544,
		1412622592,
		1416838400,
		1457690368,
		1357317376,
		1450603776,
		1450335488,
		1405403648,
		1453525248,
		1417888000,
		1385297408,
		1418002176,
		1394779136,
		1463601664,
		1457051904,
		1446908672,
		1446163712,
		1467569920,
		1457386240,
		1464349440,
		1464771840,
		1457707520,
		1457682176,
		1373874176,
		1437211392,
		1364808960,
		1444932864,
		1468797696,
		1455895808,
		1466391296
	],
	"iteration_intervals_avg": 1435702212.9230769,
	"iteration_intervals_avg_second": 1.4357022129230768,
	"total_time_ns": 45351546880,
	"total_time_second": 45,
	"mem_infos": [
		[
			10786701312,
			11811160064
		],
		[
			10570694656,
			11811160064
		],
		[
			8565817344,
			11811160064
		],
		[
			8402239488,
			11811160064
		],
		[
			8402239488,
			11811160064
		],
		[
			8161067008,
			11811160064
		],
		[
			8161067008,
			11811160064
		],
		[
			8161067008,
			11811160064
		],
		[
			8161067008,
			11811160064
		],
		[
			8161067008,
			11811160064
		],
		[
			8161067008,
			11811160064
		],
		[
			8161067008,
			11811160064
		],
		[
			8161067008,
			11811160064
		],
		[
			8161067008,
			11811160064
		],
		[
			8161067008,
			11811160064
		],
		[
			8161067008,
			11811160064
		],
		[
			8161067008,
			11811160064
		],
		[
			8161067008,
			11811160064
		],
		[
			8161067008,
			11811160064
		],
		[
			8161067008,
			11811160064
		],
		[
			8161067008,
			11811160064
		],
		[
			8161067008,
			11811160064
		],
		[
			8161067008,
			11811160064
		],
		[
			8161067008,
			11811160064
		],
		[
			8161067008,
			11811160064
		],
		[
			8161067008,
			11811160064
		],
		[
			8161067008,
			11811160064
		],
		[
			8161067008,
			11811160064
		],
		[
			8161067008,
			11811160064
		],
		[
			8161067008,
			11811160064
		],
		[
			8161067008,
			11811160064
		],
		[
			8161067008,
			11811160064
		],
		[
			8161067008,
			11811160064
		],
		[
			8161067008,
			11811160064
		],
		[
			8161067008,
			11811160064
		],
		[
			8161067008,
			11811160064
		],
		[
			8161067008,
			11811160064
		],
		[
			8161067008,
			11811160064
		],
		[
			8161067008,
			11811160064
		],
		[
			8161067008,
			11811160064
		],
		[
			8161067008,
			11811160064
		],
		[
			8161067008,
			11811160064
		],
		[
			8161067008,
			11811160064
		],
		[
			8161067008,
			11811160064
		],
		[
			8161067008,
			11811160064
		],
		[
			8161067008,
			11811160064
		],
		[
			8161067008,
			11811160064
		],
		[
			8161067008,
			11811160064
		],
		[
			8161067008,
			11811160064
		],
		[
			8161067008,
			11811160064
		],
		[
			8161067008,
			11811160064
		],
		[
			8161067008,
			11811160064
		],
		[
			8161067008,
			11811160064
		],
		[
			8161067008,
			11811160064
		],
		[
			8161067008,
			11811160064
		],
		[
			8161067008,
			11811160064
		],
		[
			8161067008,
			11811160064
		],
		[
			8161067008,
			11811160064
		],
		[
			8161067008,
			11811160064
		],
		[
			8161067008,
			11811160064
		],
		[
			8161067008,
			11811160064
		],
		[
			8161067008,
			11811160064
		],
		[
			8161067008,
			11811160064
		],
		[
			8161067008,
			11811160064
		],
		[
			8161067008,
			11811160064
		],
		[
			8161067008,
			11811160064
		],
		[
			8161067008,
			11811160064
		],
		[
			8161067008,
			11811160064
		],
		[
			8161067008,
			11811160064
		],
		[
			8161067008,
			11811160064
		],
		[
			8161067008,
			11811160064
		],
		[
			8161067008,
			11811160064
		],
		[
			8161067008,
			11811160064
		],
		[
			8161067008,
			11811160064
		],
		[
			8161067008,
			11811160064
		],
		[
			8161067008,
			11811160064
		],
		[
			8161067008,
			11811160064
		],
		[
			8161067008,
			11811160064
		],
		[
			8161067008,
			11811160064
		],
		[
			8161067008,
			11811160064
		],
		[
			8161067008,
			11811160064
		],
		[
			8161067008,
			11811160064
		],
		[
			8161067008,
			11811160064
		],
		[
			8161067008,
			11811160064
		],
		[
			8161067008,
			11811160064
		],
		[
			8161067008,
			11811160064
		],
		[
			8161067008,
			11811160064
		],
		[
			8161067008,
			11811160064
		],
		[
			8161067008,
			11811160064
		],
		[
			8161067008,
			11811160064
		]
	],
	"utilization": [
		6,
		3,
		3,
		22,
		22,
		1,
		1,
		14,
		14,
		15,
		15,
		2,
		2,
		11,
		11,
		16,
		16,
		7,
		7,
		7,
		7,
		16,
		16,
		12,
		12,
		0,
		0,
		16,
		16,
		12,
		12,
		4,
		4,
		9,
		9,
		12,
		12,
		13,
		13,
		0,
		0,
		13,
		13,
		12,
		12,
		4,
		4,
		10,
		10,
		16,
		16,
		7,
		7,
		6,
		6,
		12,
		12,
		13,
		13,
		0,
		0,
		16,
		16,
		12,
		12,
		0,
		0,
		13,
		13,
		12,
		12,
		1,
		1,
		16,
		16,
		15,
		15,
		10,
		10,
		4,
		4,
		13,
		13,
		16,
		16,
		1,
		1,
		13,
		13,
		12
	],
	"computation_proportion": 80,
	"extra_dict": {}
}