{
	"model_name": "ConvNeXtT",
	"batch_size": 4,
	"duration_sec": 45,
	"mode": "train",
	"is_DDP": true,
	"process_group_backend": "gloo",
	"world_size": 2,
	"rank": 1,
	"local_rank": 0,
	"device_type": "gpu",
	"master_addr": "133.133.135.74",
	"master_port": 39920,
	"iteration_count": 34,
	"iteration_intervals": [
		2329795840,
		1328308736,
		1324272384,
		1328082688,
		1332458752,
		1326358528,
		1323570176,
		1325957632,
		1332760064,
		1325269248,
		1327290368,
		1329932288,
		1324603136,
		1322699008,
		1330661888,
		1330206208,
		1325068032,
		1330513920,
		1325808640,
		1330841856,
		1327755776,
		1323924224,
		1329448448,
		1330876416,
		1325748992,
		1330077184,
		1327851264,
		1331358208,
		1345709824,
		1333487616,
		1325369088,
		1337866240,
		1321110528,
		1328888320
	],
	"iteration_intervals_avg": 1328655624.8275862,
	"iteration_intervals_avg_second": 1.3286556248275863,
	"total_time_ns": 46176270336,
	"total_time_second": 46,
	"mem_infos": [
		[
			10786701312,
			11811160064
		],
		[
			10579083264,
			11811160064
		],
		[
			9960423424,
			11811160064
		],
		[
			9891217408,
			11811160064
		],
		[
			9891217408,
			11811160064
		],
		[
			9582936064,
			11811160064
		],
		[
			9582936064,
			11811160064
		],
		[
			9582936064,
			11811160064
		],
		[
			9582936064,
			11811160064
		],
		[
			9582936064,
			11811160064
		],
		[
			9582936064,
			11811160064
		],
		[
			9582936064,
			11811160064
		],
		[
			9582936064,
			11811160064
		],
		[
			9582936064,
			11811160064
		],
		[
			9582936064,
			11811160064
		],
		[
			9582936064,
			11811160064
		],
		[
			9582936064,
			11811160064
		],
		[
			9582936064,
			11811160064
		],
		[
			9582936064,
			11811160064
		],
		[
			9582936064,
			11811160064
		],
		[
			9582936064,
			11811160064
		],
		[
			9582936064,
			11811160064
		],
		[
			9582936064,
			11811160064
		],
		[
			9582936064,
			11811160064
		],
		[
			9582936064,
			11811160064
		],
		[
			9582936064,
			11811160064
		],
		[
			9582936064,
			11811160064
		],
		[
			9582936064,
			11811160064
		],
		[
			9582936064,
			11811160064
		],
		[
			9582936064,
			11811160064
		],
		[
			9582936064,
			11811160064
		],
		[
			9582936064,
			11811160064
		],
		[
			9582936064,
			11811160064
		],
		[
			9582936064,
			11811160064
		],
		[
			9582936064,
			11811160064
		],
		[
			9582936064,
			11811160064
		],
		[
			9582936064,
			11811160064
		],
		[
			9582936064,
			11811160064
		],
		[
			9582936064,
			11811160064
		],
		[
			9582936064,
			11811160064
		],
		[
			9582936064,
			11811160064
		],
		[
			9582936064,
			11811160064
		],
		[
			9582936064,
			11811160064
		],
		[
			9582936064,
			11811160064
		],
		[
			9582936064,
			11811160064
		],
		[
			9582936064,
			11811160064
		],
		[
			9582936064,
			11811160064
		],
		[
			9582936064,
			11811160064
		],
		[
			9582936064,
			11811160064
		],
		[
			9582936064,
			11811160064
		],
		[
			9582936064,
			11811160064
		],
		[
			9582936064,
			11811160064
		],
		[
			9582936064,
			11811160064
		],
		[
			9582936064,
			11811160064
		],
		[
			9582936064,
			11811160064
		],
		[
			9582936064,
			11811160064
		],
		[
			9582936064,
			11811160064
		],
		[
			9582936064,
			11811160064
		],
		[
			9582936064,
			11811160064
		],
		[
			9582936064,
			11811160064
		],
		[
			9582936064,
			11811160064
		],
		[
			9582936064,
			11811160064
		],
		[
			9582936064,
			11811160064
		],
		[
			9582936064,
			11811160064
		],
		[
			9582936064,
			11811160064
		],
		[
			9582936064,
			11811160064
		],
		[
			9582936064,
			11811160064
		],
		[
			9582936064,
			11811160064
		],
		[
			9582936064,
			11811160064
		],
		[
			9582936064,
			11811160064
		],
		[
			9582936064,
			11811160064
		],
		[
			9582936064,
			11811160064
		],
		[
			9582936064,
			11811160064
		],
		[
			9582936064,
			11811160064
		],
		[
			9582936064,
			11811160064
		],
		[
			9582936064,
			11811160064
		],
		[
			9582936064,
			11811160064
		],
		[
			9582936064,
			11811160064
		],
		[
			9582936064,
			11811160064
		],
		[
			9582936064,
			11811160064
		],
		[
			9582936064,
			11811160064
		],
		[
			9582936064,
			11811160064
		],
		[
			9582936064,
			11811160064
		],
		[
			9582936064,
			11811160064
		],
		[
			9582936064,
			11811160064
		],
		[
			9582936064,
			11811160064
		],
		[
			9582936064,
			11811160064
		],
		[
			9582936064,
			11811160064
		],
		[
			9582936064,
			11811160064
		],
		[
			9582936064,
			11811160064
		]
	],
	"utilization": [
		5,
		4,
		4,
		12,
		12,
		1,
		1,
		6,
		6,
		6,
		6,
		6,
		6,
		1,
		1,
		5,
		5,
		6,
		6,
		6,
		6,
		3,
		3,
		3,
		3,
		6,
		6,
		6,
		6,
		6,
		6,
		1,
		1,
		6,
		6,
		6,
		6,
		6,
		6,
		0,
		0,
		6,
		6,
		6,
		6,
		6,
		6,
		0,
		0,
		6,
		6,
		6,
		6,
		6,
		6,
		0,
		0,
		6,
		6,
		6,
		6,
		6,
		6,
		0,
		0,
		6,
		6,
		6,
		6,
		6,
		6,
		0,
		0,
		6,
		6,
		6,
		6,
		6,
		6,
		0,
		0,
		6,
		6,
		6,
		6,
		6,
		6,
		0,
		0,
		6
	],
	"computation_proportion": 55,
	"extra_dict": {}
}