{
	"model_name": "SqueezeNet",
	"batch_size": 128,
	"duration_sec": 45,
	"mode": "train",
	"is_DDP": true,
	"process_group_backend": "gloo",
	"world_size": 2,
	"rank": 1,
	"local_rank": 0,
	"device_type": "gpu",
	"master_addr": "133.133.135.75",
	"master_port": 39920,
	"iteration_count": 103,
	"iteration_intervals": [
		1559813888,
		446714112,
		389310976,
		470780672,
		384997120,
		505460480,
		377936128,
		471443200,
		380416768,
		472136192,
		380538880,
		474076672,
		375669248,
		483549184,
		380766976,
		464516352,
		388211200,
		473031936,
		378340864,
		478472704,
		368496896,
		400013056,
		455383552,
		404259584,
		452875776,
		395476736,
		461032960,
		404423680,
		443962368,
		398387200,
		459212032,
		387717888,
		467255040,
		392930816,
		460699648,
		405675008,
		463870464,
		398730240,
		453897728,
		391782656,
		460706816,
		387003904,
		482781952,
		381383680,
		465621760,
		382825472,
		469393664,
		375022080,
		483977984,
		380875776,
		477215232,
		379236096,
		479717376,
		375936256,
		471631872,
		370956800,
		485608704,
		384516864,
		469702656,
		372450048,
		481886464,
		371252224,
		487719424,
		373796608,
		491199744,
		372936704,
		401825792,
		451939840,
		401643008,
		454125824,
		386133760,
		466097664,
		403670016,
		450119424,
		398675456,
		449717760,
		395868672,
		464283904,
		399742208,
		466285056,
		384394496,
		469123840,
		394598144,
		458791424,
		389745408,
		463620352,
		387410432,
		474820608,
		382685440,
		468558848,
		387037952,
		479197440,
		371544320,
		469702912,
		383175424,
		472933632,
		381353728,
		477679872,
		384352000,
		468158464,
		382174720,
		475141120,
		380436224
	],
	"iteration_intervals_avg": 426967055.67346936,
	"iteration_intervals_avg_second": 0.4269670556734694,
	"total_time_ns": 45095187456,
	"total_time_second": 45,
	"mem_infos": [
		[
			11269046272,
			11811160064
		],
		[
			10390339584,
			11811160064
		],
		[
			10172235776,
			11811160064
		],
		[
			4033871872,
			11811160064
		],
		[
			4025483264,
			11811160064
		],
		[
			4025483264,
			11811160064
		],
		[
			4025483264,
			11811160064
		],
		[
			4025483264,
			11811160064
		],
		[
			4025483264,
			11811160064
		],
		[
			4025483264,
			11811160064
		],
		[
			4025483264,
			11811160064
		],
		[
			4025483264,
			11811160064
		],
		[
			4025483264,
			11811160064
		],
		[
			4025483264,
			11811160064
		],
		[
			4025483264,
			11811160064
		],
		[
			4025483264,
			11811160064
		],
		[
			4025483264,
			11811160064
		],
		[
			4025483264,
			11811160064
		],
		[
			4025483264,
			11811160064
		],
		[
			4025483264,
			11811160064
		],
		[
			4025483264,
			11811160064
		],
		[
			4025483264,
			11811160064
		],
		[
			4025483264,
			11811160064
		],
		[
			4025483264,
			11811160064
		],
		[
			4025483264,
			11811160064
		],
		[
			4025483264,
			11811160064
		],
		[
			4025483264,
			11811160064
		],
		[
			4025483264,
			11811160064
		],
		[
			4025483264,
			11811160064
		],
		[
			4025483264,
			11811160064
		],
		[
			4025483264,
			11811160064
		],
		[
			4025483264,
			11811160064
		],
		[
			4025483264,
			11811160064
		],
		[
			4025483264,
			11811160064
		],
		[
			4025483264,
			11811160064
		],
		[
			4025483264,
			11811160064
		],
		[
			4025483264,
			11811160064
		],
		[
			4025483264,
			11811160064
		],
		[
			4025483264,
			11811160064
		],
		[
			4025483264,
			11811160064
		],
		[
			4025483264,
			11811160064
		],
		[
			4025483264,
			11811160064
		],
		[
			4025483264,
			11811160064
		],
		[
			4025483264,
			11811160064
		],
		[
			4025483264,
			11811160064
		],
		[
			4025483264,
			11811160064
		],
		[
			4025483264,
			11811160064
		],
		[
			4025483264,
			11811160064
		],
		[
			4025483264,
			11811160064
		],
		[
			4025483264,
			11811160064
		],
		[
			4025483264,
			11811160064
		],
		[
			4025483264,
			11811160064
		],
		[
			4025483264,
			11811160064
		],
		[
			4025483264,
			11811160064
		],
		[
			4025483264,
			11811160064
		],
		[
			4025483264,
			11811160064
		],
		[
			4025483264,
			11811160064
		],
		[
			4025483264,
			11811160064
		],
		[
			4025483264,
			11811160064
		],
		[
			4025483264,
			11811160064
		],
		[
			4025483264,
			11811160064
		],
		[
			4025483264,
			11811160064
		],
		[
			4025483264,
			11811160064
		],
		[
			4025483264,
			11811160064
		],
		[
			4025483264,
			11811160064
		],
		[
			4025483264,
			11811160064
		],
		[
			4025483264,
			11811160064
		],
		[
			4025483264,
			11811160064
		],
		[
			4025483264,
			11811160064
		],
		[
			4025483264,
			11811160064
		],
		[
			4025483264,
			11811160064
		],
		[
			4025483264,
			11811160064
		],
		[
			4025483264,
			11811160064
		],
		[
			4025483264,
			11811160064
		],
		[
			4025483264,
			11811160064
		],
		[
			4025483264,
			11811160064
		],
		[
			4025483264,
			11811160064
		],
		[
			4025483264,
			11811160064
		],
		[
			4025483264,
			11811160064
		],
		[
			4025483264,
			11811160064
		],
		[
			4025483264,
			11811160064
		],
		[
			4025483264,
			11811160064
		],
		[
			4025483264,
			11811160064
		],
		[
			4025483264,
			11811160064
		],
		[
			4025483264,
			11811160064
		],
		[
			4025483264,
			11811160064
		],
		[
			4025483264,
			11811160064
		],
		[
			4025483264,
			11811160064
		],
		[
			4025483264,
			11811160064
		],
		[
			4025483264,
			11811160064
		]
	],
	"utilization": [
		6,
		6,
		7,
		7,
		27,
		27,
		33,
		33,
		33,
		33,
		33,
		33,
		33,
		33,
		30,
		30,
		33,
		33,
		33,
		33,
		32,
		32,
		33,
		33,
		32,
		32,
		33,
		33,
		33,
		33,
		30,
		30,
		34,
		34,
		33,
		33,
		31,
		31,
		33,
		33,
		33,
		33,
		33,
		33,
		32,
		32,
		31,
		31,
		34,
		34,
		33,
		33,
		30,
		30,
		32,
		32,
		32,
		32,
		33,
		33,
		33,
		33,
		30,
		30,
		33,
		33,
		34,
		34,
		30,
		30,
		32,
		32,
		34,
		34,
		32,
		32,
		32,
		32,
		32,
		32,
		32,
		33,
		33,
		35,
		35,
		31,
		31,
		31,
		31,
		35
	],
	"computation_proportion": 60,
	"extra_dict": {}
}