{
	"model_name": "YoloV5S",
	"batch_size": 64,
	"duration_sec": 45,
	"mode": "train",
	"is_DDP": true,
	"process_group_backend": "gloo",
	"world_size": 2,
	"rank": 0,
	"local_rank": 0,
	"device_type": "gpu",
	"master_addr": "133.133.135.74",
	"master_port": 39920,
	"iteration_count": 126,
	"iteration_intervals": [
		1687800064,
		361419520,
		351085824,
		357201408,
		344312832,
		345105664,
		352887552,
		346771968,
		345556736,
		350129920,
		345047552,
		350019584,
		343873024,
		344258560,
		350756864,
		344006144,
		344868352,
		345125632,
		352023296,
		342789888,
		344818176,
		347700224,
		347080960,
		343597312,
		341561600,
		352820992,
		347059200,
		342990080,
		344087552,
		359418880,
		346139648,
		349809152,
		345020160,
		343425024,
		344158208,
		344773888,
		348941824,
		344484608,
		351879680,
		339613952,
		355181312,
		350846976,
		344269568,
		346395904,
		351235328,
		344392960,
		346844672,
		350760192,
		343626752,
		342042368,
		353240320,
		344536064,
		347937024,
		345876736,
		344692480,
		343349760,
		352536064,
		345018112,
		349478656,
		382112512,
		343219968,
		354439680,
		344823552,
		344909568,
		360516352,
		345209088,
		345517824,
		350087680,
		349739776,
		346273536,
		345751296,
		350503936,
		346298624,
		349653504,
		344813824,
		345051392,
		343883264,
		348372992,
		346567424,
		344667904,
		351688448,
		344858368,
		345916160,
		347058944,
		344577792,
		343128064,
		350092032,
		345760000,
		345408512,
		341661952,
		348126976,
		345910016,
		352588032,
		352158208,
		344975104,
		345344256,
		348089600,
		334811392,
		354797824,
		349574144,
		345265664,
		342666752,
		348442368,
		348384256,
		347111680,
		350638080,
		346873856,
		346775040,
		344417280,
		350841344,
		344955904,
		343154944,
		352870912,
		344593920,
		344762112,
		354457600,
		349371392,
		345507584,
		345151488,
		345797888,
		344256256,
		348443904,
		351720704,
		343702272,
		339510784,
		354324224
	],
	"iteration_intervals_avg": 347337196.9586777,
	"iteration_intervals_avg_second": 0.3473371969586777,
	"total_time_ns": 45130626304,
	"total_time_second": 45,
	"mem_infos": [
		[
			11229200384,
			11811160064
		],
		[
			10816061440,
			11811160064
		],
		[
			10579083264,
			11811160064
		],
		[
			7108296704,
			11811160064
		],
		[
			7078936576,
			11811160064
		],
		[
			7078936576,
			11811160064
		],
		[
			7078936576,
			11811160064
		],
		[
			7078936576,
			11811160064
		],
		[
			7078936576,
			11811160064
		],
		[
			7078936576,
			11811160064
		],
		[
			7078936576,
			11811160064
		],
		[
			7078936576,
			11811160064
		],
		[
			7078936576,
			11811160064
		],
		[
			7078936576,
			11811160064
		],
		[
			7078936576,
			11811160064
		],
		[
			7078936576,
			11811160064
		],
		[
			7078936576,
			11811160064
		],
		[
			7078936576,
			11811160064
		],
		[
			7078936576,
			11811160064
		],
		[
			7078936576,
			11811160064
		],
		[
			7078936576,
			11811160064
		],
		[
			7078936576,
			11811160064
		],
		[
			7078936576,
			11811160064
		],
		[
			7078936576,
			11811160064
		],
		[
			7078936576,
			11811160064
		],
		[
			7078936576,
			11811160064
		],
		[
			7078936576,
			11811160064
		],
		[
			7078936576,
			11811160064
		],
		[
			7078936576,
			11811160064
		],
		[
			7078936576,
			11811160064
		],
		[
			7078936576,
			11811160064
		],
		[
			7078936576,
			11811160064
		],
		[
			7078936576,
			11811160064
		],
		[
			7078936576,
			11811160064
		],
		[
			7078936576,
			11811160064
		],
		[
			7078936576,
			11811160064
		],
		[
			7078936576,
			11811160064
		],
		[
			7078936576,
			11811160064
		],
		[
			7078936576,
			11811160064
		],
		[
			7078936576,
			11811160064
		],
		[
			7078936576,
			11811160064
		],
		[
			7078936576,
			11811160064
		],
		[
			7078936576,
			11811160064
		],
		[
			7078936576,
			11811160064
		],
		[
			7078936576,
			11811160064
		],
		[
			7078936576,
			11811160064
		],
		[
			7078936576,
			11811160064
		],
		[
			7078936576,
			11811160064
		],
		[
			7078936576,
			11811160064
		],
		[
			7078936576,
			11811160064
		],
		[
			7078936576,
			11811160064
		],
		[
			7078936576,
			11811160064
		],
		[
			7078936576,
			11811160064
		],
		[
			7078936576,
			11811160064
		],
		[
			7078936576,
			11811160064
		],
		[
			7078936576,
			11811160064
		],
		[
			7078936576,
			11811160064
		],
		[
			7078936576,
			11811160064
		],
		[
			7078936576,
			11811160064
		],
		[
			7078936576,
			11811160064
		],
		[
			7078936576,
			11811160064
		],
		[
			7078936576,
			11811160064
		],
		[
			7078936576,
			11811160064
		],
		[
			7078936576,
			11811160064
		],
		[
			7078936576,
			11811160064
		],
		[
			7078936576,
			11811160064
		],
		[
			7078936576,
			11811160064
		],
		[
			7078936576,
			11811160064
		],
		[
			7078936576,
			11811160064
		],
		[
			7078936576,
			11811160064
		],
		[
			7078936576,
			11811160064
		],
		[
			7078936576,
			11811160064
		],
		[
			7078936576,
			11811160064
		],
		[
			7078936576,
			11811160064
		],
		[
			7078936576,
			11811160064
		],
		[
			7078936576,
			11811160064
		],
		[
			7078936576,
			11811160064
		],
		[
			7078936576,
			11811160064
		],
		[
			7078936576,
			11811160064
		],
		[
			7078936576,
			11811160064
		],
		[
			7078936576,
			11811160064
		],
		[
			7078936576,
			11811160064
		],
		[
			7078936576,
			11811160064
		],
		[
			7078936576,
			11811160064
		],
		[
			7078936576,
			11811160064
		],
		[
			7078936576,
			11811160064
		],
		[
			7078936576,
			11811160064
		],
		[
			7078936576,
			11811160064
		],
		[
			7078936576,
			11811160064
		],
		[
			7078936576,
			11811160064
		]
	],
	"utilization": [
		3,
		4,
		4,
		8,
		8,
		30,
		30,
		30,
		30,
		30,
		30,
		28,
		28,
		27,
		27,
		27,
		27,
		28,
		28,
		30,
		30,
		30,
		30,
		30,
		30,
		30,
		30,
		30,
		30,
		30,
		30,
		30,
		30,
		29,
		29,
		27,
		27,
		27,
		27,
		29,
		29,
		30,
		30,
		30,
		30,
		30,
		30,
		30,
		30,
		30,
		30,
		29,
		29,
		28,
		28,
		27,
		27,
		27,
		27,
		30,
		30,
		30,
		30,
		30,
		30,
		30,
		30,
		30,
		30,
		30,
		30,
		30,
		30,
		29,
		29,
		29,
		29,
		27,
		27,
		27,
		27,
		30,
		30,
		30,
		30,
		30,
		30,
		30,
		30,
		30
	],
	"computation_proportion": 60,
	"extra_dict": {}
}