{
	"model_name": "YoloV5S",
	"batch_size": 8,
	"duration_sec": 45,
	"mode": "train",
	"is_DDP": true,
	"process_group_backend": "gloo",
	"world_size": 4,
	"rank": 0,
	"local_rank": 0,
	"device_type": "gpu",
	"master_addr": "133.133.135.75",
	"master_port": 39920,
	"iteration_count": 58,
	"iteration_intervals": [
		1857908224,
		458668032,
		431787008,
		437914112,
		436614656,
		433524736,
		434518528,
		452103680,
		439742976,
		868924160,
		775414272,
		1315877120,
		841426432,
		1219603712,
		1226964992,
		506003200,
		605747712,
		1829598464,
		490862848,
		440938752,
		419605248,
		442621184,
		441091328,
		471808000,
		743129344,
		1560179456,
		495461888,
		434463488,
		444978432,
		432780544,
		1365832448,
		489136384,
		430835712,
		453156608,
		433240320,
		1264520960,
		488570880,
		432542208,
		437405952,
		432114176,
		2129378560,
		491330048,
		426000384,
		436084480,
		437349888,
		429203200,
		950564096,
		2318840320,
		747900416,
		2323140608,
		721277440,
		448594176,
		436058112,
		1023098112,
		1104208384,
		908146944,
		1186172672,
		894454272
	],
	"iteration_intervals_avg": 781255250.1132076,
	"iteration_intervals_avg_second": 0.7812552501132076,
	"total_time_ns": 45030398720,
	"total_time_second": 45,
	"mem_infos": [
		[
			5323620352,
			5905580032
		],
		[
			5086642176,
			5905580032
		],
		[
			4874829824,
			5905580032
		],
		[
			4329570304,
			5905580032
		],
		[
			4245684224,
			5905580032
		],
		[
			4243587072,
			5905580032
		],
		[
			4243587072,
			5905580032
		],
		[
			4243587072,
			5905580032
		],
		[
			4243587072,
			5905580032
		],
		[
			4243587072,
			5905580032
		],
		[
			4243587072,
			5905580032
		],
		[
			4243587072,
			5905580032
		],
		[
			4243587072,
			5905580032
		],
		[
			4243587072,
			5905580032
		],
		[
			4243587072,
			5905580032
		],
		[
			4243587072,
			5905580032
		],
		[
			4243587072,
			5905580032
		],
		[
			4243587072,
			5905580032
		],
		[
			4243587072,
			5905580032
		],
		[
			4243587072,
			5905580032
		],
		[
			4243587072,
			5905580032
		],
		[
			4243587072,
			5905580032
		],
		[
			4243587072,
			5905580032
		],
		[
			4243587072,
			5905580032
		],
		[
			4243587072,
			5905580032
		],
		[
			4243587072,
			5905580032
		],
		[
			4243587072,
			5905580032
		],
		[
			4243587072,
			5905580032
		],
		[
			4243587072,
			5905580032
		],
		[
			4243587072,
			5905580032
		],
		[
			4243587072,
			5905580032
		],
		[
			4243587072,
			5905580032
		],
		[
			4243587072,
			5905580032
		],
		[
			4243587072,
			5905580032
		],
		[
			4243587072,
			5905580032
		],
		[
			4243587072,
			5905580032
		],
		[
			4243587072,
			5905580032
		],
		[
			4243587072,
			5905580032
		],
		[
			4243587072,
			5905580032
		],
		[
			4243587072,
			5905580032
		],
		[
			4243587072,
			5905580032
		],
		[
			4243587072,
			5905580032
		],
		[
			4243587072,
			5905580032
		],
		[
			4243587072,
			5905580032
		],
		[
			4243587072,
			5905580032
		],
		[
			4243587072,
			5905580032
		],
		[
			4243587072,
			5905580032
		],
		[
			4243587072,
			5905580032
		],
		[
			4243587072,
			5905580032
		],
		[
			4243587072,
			5905580032
		],
		[
			4243587072,
			5905580032
		],
		[
			4243587072,
			5905580032
		],
		[
			4243587072,
			5905580032
		],
		[
			4243587072,
			5905580032
		],
		[
			4243587072,
			5905580032
		],
		[
			4243587072,
			5905580032
		],
		[
			4243587072,
			5905580032
		],
		[
			4243587072,
			5905580032
		],
		[
			4243587072,
			5905580032
		],
		[
			4243587072,
			5905580032
		],
		[
			4243587072,
			5905580032
		],
		[
			4243587072,
			5905580032
		],
		[
			4243587072,
			5905580032
		],
		[
			4243587072,
			5905580032
		],
		[
			4243587072,
			5905580032
		],
		[
			4243587072,
			5905580032
		],
		[
			4243587072,
			5905580032
		],
		[
			4243587072,
			5905580032
		],
		[
			4243587072,
			5905580032
		],
		[
			4243587072,
			5905580032
		],
		[
			4243587072,
			5905580032
		],
		[
			4243587072,
			5905580032
		],
		[
			4243587072,
			5905580032
		],
		[
			4243587072,
			5905580032
		],
		[
			4243587072,
			5905580032
		],
		[
			4243587072,
			5905580032
		],
		[
			4243587072,
			5905580032
		],
		[
			4243587072,
			5905580032
		],
		[
			4243587072,
			5905580032
		],
		[
			4243587072,
			5905580032
		],
		[
			4243587072,
			5905580032
		],
		[
			4243587072,
			5905580032
		],
		[
			4243587072,
			5905580032
		],
		[
			4243587072,
			5905580032
		],
		[
			4243587072,
			5905580032
		],
		[
			4243587072,
			5905580032
		],
		[
			4243587072,
			5905580032
		],
		[
			4243587072,
			5905580032
		],
		[
			4243587072,
			5905580032
		],
		[
			4243587072,
			5905580032
		]
	],
	"utilization": [
		13,
		13,
		7,
		7,
		16,
		16,
		16,
		16,
		16,
		16,
		22,
		22,
		14,
		14,
		8,
		8,
		8,
		8,
		8,
		8,
		8,
		8,
		5,
		5,
		2,
		2,
		14,
		14,
		7,
		7,
		4,
		4,
		18,
		18,
		14,
		14,
		14,
		14,
		9,
		9,
		8,
		8,
		16,
		16,
		12,
		12,
		2,
		2,
		16,
		16,
		19,
		19,
		2,
		2,
		16,
		16,
		19,
		19,
		0,
		0,
		2,
		2,
		19,
		19,
		20,
		20,
		7,
		7,
		8,
		8,
		0,
		0,
		7,
		7,
		7,
		7,
		0,
		0,
		8,
		8,
		15,
		15,
		7,
		7,
		8,
		8,
		7,
		7,
		8,
		8
	],
	"computation_proportion": 5,
	"extra_dict": {}
}