{
	"model_name": "HarDNet",
	"batch_size": 64,
	"duration_sec": 45,
	"mode": "train",
	"is_DDP": true,
	"process_group_backend": "gloo",
	"world_size": 4,
	"rank": 2,
	"local_rank": 0,
	"device_type": "gpu",
	"master_addr": "133.133.135.75",
	"master_port": 39920,
	"iteration_count": 158,
	"iteration_intervals": [
		1464561664,
		216751360,
		229969664,
		237211392,
		247893504,
		255609088,
		231074304,
		302152192,
		242169088,
		264817920,
		354296320,
		361969920,
		361448704,
		378226688,
		364294912,
		253533952,
		275657472,
		245075200,
		244387072,
		263282688,
		245829120,
		350996480,
		258948096,
		352380160,
		266452480,
		350024704,
		354828544,
		241208320,
		212843264,
		238910208,
		199842816,
		240263936,
		240331264,
		248115712,
		293328384,
		256151296,
		258487040,
		252396288,
		238623488,
		242217216,
		354098688,
		266410240,
		359260672,
		357270784,
		376162048,
		352744704,
		246456064,
		251215616,
		357551872,
		260891136,
		242618112,
		237194752,
		236781568,
		198900992,
		241763584,
		238624512,
		255125504,
		248506624,
		244574208,
		242808320,
		279630848,
		251699200,
		264646912,
		348469504,
		257564672,
		351204352,
		367163136,
		361468928,
		372471296,
		364363776,
		376005376,
		365994240,
		372958464,
		265788928,
		244097024,
		237166336,
		239257600,
		228793088,
		202294272,
		250053888,
		243805440,
		249647616,
		291016192,
		205732096,
		263951616,
		220543488,
		243086848,
		291051520,
		249967872,
		267569152,
		338689024,
		252320256,
		232652800,
		203049984,
		244871424,
		236117504,
		246485248,
		246020352,
		292443392,
		250631168,
		357996288,
		262029824,
		472118016,
		272229376,
		344110080,
		260697856,
		246196480,
		246305792,
		223378944,
		238876160,
		196713216,
		248992256,
		244118784,
		266259712,
		274693632,
		341626624,
		290215168,
		260651520,
		352884736,
		367433984,
		373221888,
		360437248,
		367404800,
		260459008,
		244019200,
		237790976,
		205361920,
		235042816,
		244379648,
		239821568,
		248695808,
		241953280,
		250612480,
		289409280,
		317339904,
		369979136,
		366169344,
		376902656,
		473785344,
		268648960,
		237501952,
		246224640,
		229433344,
		240981504,
		251808000,
		237122048,
		253014784,
		292619776,
		251151872,
		295605504,
		250877696,
		260956928,
		347365888,
		365598208,
		241522176,
		200709632,
		240809728,
		237038592
	],
	"iteration_intervals_avg": 279733236.2875817,
	"iteration_intervals_avg_second": 0.2797332362875817,
	"total_time_ns": 45196586752,
	"total_time_second": 45,
	"mem_infos": [
		[
			5363466240,
			5905580032
		],
		[
			4809818112,
			5905580032
		],
		[
			4581228544,
			5905580032
		],
		[
			1466957824,
			5905580032
		],
		[
			1466957824,
			5905580032
		],
		[
			1466957824,
			5905580032
		],
		[
			1466957824,
			5905580032
		],
		[
			1466957824,
			5905580032
		],
		[
			1466957824,
			5905580032
		],
		[
			1466957824,
			5905580032
		],
		[
			1466957824,
			5905580032
		],
		[
			1466957824,
			5905580032
		],
		[
			1466957824,
			5905580032
		],
		[
			1466957824,
			5905580032
		],
		[
			1466957824,
			5905580032
		],
		[
			1466957824,
			5905580032
		],
		[
			1466957824,
			5905580032
		],
		[
			1466957824,
			5905580032
		],
		[
			1466957824,
			5905580032
		],
		[
			1466957824,
			5905580032
		],
		[
			1466957824,
			5905580032
		],
		[
			1466957824,
			5905580032
		],
		[
			1466957824,
			5905580032
		],
		[
			1466957824,
			5905580032
		],
		[
			1466957824,
			5905580032
		],
		[
			1466957824,
			5905580032
		],
		[
			1466957824,
			5905580032
		],
		[
			1466957824,
			5905580032
		],
		[
			1466957824,
			5905580032
		],
		[
			1466957824,
			5905580032
		],
		[
			1466957824,
			5905580032
		],
		[
			1466957824,
			5905580032
		],
		[
			1466957824,
			5905580032
		],
		[
			1466957824,
			5905580032
		],
		[
			1466957824,
			5905580032
		],
		[
			1466957824,
			5905580032
		],
		[
			1466957824,
			5905580032
		],
		[
			1466957824,
			5905580032
		],
		[
			1466957824,
			5905580032
		],
		[
			1466957824,
			5905580032
		],
		[
			1466957824,
			5905580032
		],
		[
			1466957824,
			5905580032
		],
		[
			1466957824,
			5905580032
		],
		[
			1466957824,
			5905580032
		],
		[
			1466957824,
			5905580032
		],
		[
			1466957824,
			5905580032
		],
		[
			1466957824,
			5905580032
		],
		[
			1466957824,
			5905580032
		],
		[
			1466957824,
			5905580032
		],
		[
			1466957824,
			5905580032
		],
		[
			1466957824,
			5905580032
		],
		[
			1466957824,
			5905580032
		],
		[
			1466957824,
			5905580032
		],
		[
			1466957824,
			5905580032
		],
		[
			1466957824,
			5905580032
		],
		[
			1466957824,
			5905580032
		],
		[
			1466957824,
			5905580032
		],
		[
			1466957824,
			5905580032
		],
		[
			1466957824,
			5905580032
		],
		[
			1466957824,
			5905580032
		],
		[
			1466957824,
			5905580032
		],
		[
			1466957824,
			5905580032
		],
		[
			1466957824,
			5905580032
		],
		[
			1466957824,
			5905580032
		],
		[
			1466957824,
			5905580032
		],
		[
			1466957824,
			5905580032
		],
		[
			1466957824,
			5905580032
		],
		[
			1466957824,
			5905580032
		],
		[
			1466957824,
			5905580032
		],
		[
			1466957824,
			5905580032
		],
		[
			1466957824,
			5905580032
		],
		[
			1466957824,
			5905580032
		],
		[
			1466957824,
			5905580032
		],
		[
			1466957824,
			5905580032
		],
		[
			1466957824,
			5905580032
		],
		[
			1466957824,
			5905580032
		],
		[
			1466957824,
			5905580032
		],
		[
			1466957824,
			5905580032
		],
		[
			1466957824,
			5905580032
		],
		[
			1466957824,
			5905580032
		],
		[
			1466957824,
			5905580032
		],
		[
			1466957824,
			5905580032
		],
		[
			1466957824,
			5905580032
		],
		[
			1466957824,
			5905580032
		],
		[
			1466957824,
			5905580032
		],
		[
			1466957824,
			5905580032
		],
		[
			1466957824,
			5905580032
		],
		[
			1466957824,
			5905580032
		],
		[
			1466957824,
			5905580032
		],
		[
			1466957824,
			5905580032
		]
	],
	"utilization": [
		10,
		10,
		10,
		10,
		38,
		38,
		60,
		60,
		59,
		59,
		44,
		44,
		42,
		42,
		57,
		57,
		49,
		49,
		47,
		47,
		55,
		55,
		67,
		67,
		56,
		56,
		54,
		54,
		42,
		42,
		49,
		49,
		57,
		57,
		64,
		64,
		61,
		61,
		52,
		52,
		45,
		45,
		43,
		43,
		40,
		40,
		52,
		52,
		66,
		66,
		61,
		61,
		62,
		62,
		53,
		53,
		67,
		67,
		61,
		61,
		36,
		36,
		58,
		58,
		65,
		65,
		59,
		59,
		57,
		57,
		39,
		39,
		50,
		50,
		68,
		68,
		64,
		64,
		46,
		46,
		40,
		40,
		49,
		49,
		67,
		67,
		55,
		55,
		56,
		56
	],
	"computation_proportion": 40,
	"extra_dict": {}
}