{
	"model_name": "HarDNet",
	"batch_size": 32,
	"duration_sec": 45,
	"mode": "train",
	"is_DDP": true,
	"process_group_backend": "gloo",
	"world_size": 4,
	"rank": 0,
	"local_rank": 0,
	"device_type": "gpu",
	"master_addr": "133.133.135.75",
	"master_port": 39920,
	"iteration_count": 113,
	"iteration_intervals": [
		1472699904,
		142824704,
		132189696,
		237651968,
		249503232,
		238607360,
		250873600,
		143091456,
		224155392,
		238939648,
		374544384,
		473151744,
		339454208,
		275983104,
		334916352,
		278908160,
		258028800,
		480083200,
		494380800,
		847060736,
		615077120,
		373547776,
		356181504,
		252023040,
		244760832,
		240793088,
		136661760,
		239265792,
		252641792,
		342790656,
		373402368,
		603817216,
		739676160,
		369418496,
		371163136,
		366291456,
		361895424,
		368871680,
		372551424,
		489097472,
		606270208,
		612749824,
		613932544,
		375729664,
		354639360,
		254035968,
		251070720,
		238461440,
		241698048,
		129408000,
		233720576,
		235879424,
		365066496,
		1592672000,
		860164608,
		371332608,
		362101248,
		261490176,
		358915840,
		354177280,
		259022848,
		351298816,
		243432704,
		146341120,
		236490240,
		231477504,
		130044672,
		147252736,
		220460800,
		130475264,
		231517696,
		1092145920,
		1715287808,
		741044992,
		612062720,
		492263936,
		488667648,
		368569088,
		360922368,
		259284480,
		239288576,
		241120000,
		145993216,
		226964224,
		143061504,
		224183808,
		135407360,
		211714816,
		240000256,
		238244864,
		2004702464,
		724762880,
		489276416,
		383286784,
		473281536,
		255917056,
		256069376,
		258026752,
		238834432,
		348387072,
		368264960,
		738882816,
		980859648,
		736507392,
		482510592,
		266345984,
		353441536,
		240653312,
		246981632,
		145154816,
		231082752,
		358751232,
		621718784
	],
	"iteration_intervals_avg": 399105234.962963,
	"iteration_intervals_avg_second": 0.39910523496296296,
	"total_time_ns": 45339210496,
	"total_time_second": 45,
	"mem_infos": [
		[
			5363466240,
			5905580032
		],
		[
			4979687424,
			5905580032
		],
		[
			4772069376,
			5905580032
		],
		[
			3121610752,
			5905580032
		],
		[
			3121610752,
			5905580032
		],
		[
			3121610752,
			5905580032
		],
		[
			3121610752,
			5905580032
		],
		[
			3121610752,
			5905580032
		],
		[
			3121610752,
			5905580032
		],
		[
			3121610752,
			5905580032
		],
		[
			3121610752,
			5905580032
		],
		[
			3121610752,
			5905580032
		],
		[
			3121610752,
			5905580032
		],
		[
			3121610752,
			5905580032
		],
		[
			3121610752,
			5905580032
		],
		[
			3121610752,
			5905580032
		],
		[
			3121610752,
			5905580032
		],
		[
			3121610752,
			5905580032
		],
		[
			3121610752,
			5905580032
		],
		[
			3121610752,
			5905580032
		],
		[
			3121610752,
			5905580032
		],
		[
			3121610752,
			5905580032
		],
		[
			3121610752,
			5905580032
		],
		[
			3121610752,
			5905580032
		],
		[
			3121610752,
			5905580032
		],
		[
			3121610752,
			5905580032
		],
		[
			3121610752,
			5905580032
		],
		[
			3121610752,
			5905580032
		],
		[
			3121610752,
			5905580032
		],
		[
			3121610752,
			5905580032
		],
		[
			3121610752,
			5905580032
		],
		[
			3121610752,
			5905580032
		],
		[
			3121610752,
			5905580032
		],
		[
			3121610752,
			5905580032
		],
		[
			3121610752,
			5905580032
		],
		[
			3121610752,
			5905580032
		],
		[
			3121610752,
			5905580032
		],
		[
			3121610752,
			5905580032
		],
		[
			3121610752,
			5905580032
		],
		[
			3121610752,
			5905580032
		],
		[
			3121610752,
			5905580032
		],
		[
			3121610752,
			5905580032
		],
		[
			3121610752,
			5905580032
		],
		[
			3121610752,
			5905580032
		],
		[
			3121610752,
			5905580032
		],
		[
			3121610752,
			5905580032
		],
		[
			3121610752,
			5905580032
		],
		[
			3121610752,
			5905580032
		],
		[
			3121610752,
			5905580032
		],
		[
			3121610752,
			5905580032
		],
		[
			3121610752,
			5905580032
		],
		[
			3121610752,
			5905580032
		],
		[
			3121610752,
			5905580032
		],
		[
			3121610752,
			5905580032
		],
		[
			3121610752,
			5905580032
		],
		[
			3121610752,
			5905580032
		],
		[
			3121610752,
			5905580032
		],
		[
			3121610752,
			5905580032
		],
		[
			3121610752,
			5905580032
		],
		[
			3121610752,
			5905580032
		],
		[
			3121610752,
			5905580032
		],
		[
			3121610752,
			5905580032
		],
		[
			3121610752,
			5905580032
		],
		[
			3121610752,
			5905580032
		],
		[
			3121610752,
			5905580032
		],
		[
			3121610752,
			5905580032
		],
		[
			3121610752,
			5905580032
		],
		[
			3121610752,
			5905580032
		],
		[
			3121610752,
			5905580032
		],
		[
			3121610752,
			5905580032
		],
		[
			3121610752,
			5905580032
		],
		[
			3121610752,
			5905580032
		],
		[
			3121610752,
			5905580032
		],
		[
			3121610752,
			5905580032
		],
		[
			3121610752,
			5905580032
		],
		[
			3121610752,
			5905580032
		],
		[
			3121610752,
			5905580032
		],
		[
			3121610752,
			5905580032
		],
		[
			3121610752,
			5905580032
		],
		[
			3121610752,
			5905580032
		],
		[
			3121610752,
			5905580032
		],
		[
			3121610752,
			5905580032
		],
		[
			3121610752,
			5905580032
		],
		[
			3121610752,
			5905580032
		],
		[
			3121610752,
			5905580032
		],
		[
			3121610752,
			5905580032
		],
		[
			3121610752,
			5905580032
		],
		[
			3121610752,
			5905580032
		],
		[
			3121610752,
			5905580032
		],
		[
			3121610752,
			5905580032
		]
	],
	"utilization": [
		11,
		11,
		11,
		11,
		41,
		41,
		34,
		34,
		29,
		29,
		23,
		23,
		31,
		31,
		18,
		18,
		9,
		9,
		20,
		20,
		40,
		40,
		25,
		25,
		17,
		17,
		19,
		19,
		26,
		26,
		17,
		17,
		17,
		17,
		19,
		19,
		29,
		29,
		42,
		42,
		20,
		20,
		0,
		0,
		10,
		10,
		27,
		27,
		29,
		29,
		37,
		37,
		44,
		44,
		7,
		7,
		5,
		5,
		9,
		9,
		12,
		12,
		17,
		17,
		27,
		27,
		40,
		40,
		43,
		43,
		7,
		7,
		1,
		1,
		15,
		15,
		20,
		20,
		35,
		35,
		26,
		26,
		10,
		10,
		10,
		10,
		19,
		19,
		37,
		37
	],
	"computation_proportion": 15,
	"extra_dict": {}
}