{
	"model_name": "MEALV2",
	"batch_size": 32,
	"duration_sec": 45,
	"mode": "train",
	"is_DDP": true,
	"process_group_backend": "gloo",
	"world_size": 2,
	"rank": 0,
	"local_rank": 0,
	"device_type": "gpu",
	"master_addr": "133.133.135.75",
	"master_port": 39920,
	"iteration_count": 114,
	"iteration_intervals": [
		1405799680,
		69387776,
		69574144,
		62208512,
		809260544,
		2070193408,
		489531648,
		370018048,
		363898368,
		244530944,
		247675904,
		245131776,
		238645504,
		247327744,
		243200768,
		250680064,
		366574848,
		476330496,
		500820736,
		377682688,
		360830976,
		251372800,
		247256320,
		242173184,
		245262592,
		225043200,
		252089344,
		242850304,
		251343616,
		364162816,
		361593344,
		500662528,
		481235456,
		260988928,
		366001408,
		354766848,
		485951744,
		494398720,
		365872384,
		251142144,
		350915584,
		245812992,
		150703872,
		223380224,
		254476544,
		355977728,
		250863104,
		369729280,
		480161792,
		491125248,
		379140864,
		354500608,
		252901120,
		247881216,
		240110592,
		241081344,
		242018304,
		137956352,
		351792384,
		252925696,
		357187584,
		494608896,
		485618432,
		253937664,
		357486336,
		253002752,
		244362240,
		241276928,
		242187776,
		150169600,
		229549824,
		1664500992,
		1013676032,
		492131328,
		360282880,
		364288768,
		252355328,
		242637312,
		240886528,
		239761408,
		248505856,
		370084096,
		364761856,
		488640256,
		611672576,
		482167552,
		375791360,
		370558976,
		356426752,
		256249856,
		358748416,
		480746752,
		502845696,
		1090714624,
		502187008,
		475808512,
		254669056,
		351374080,
		263720960,
		475909888,
		611230464,
		1236943104,
		473942784,
		492056064,
		247086848,
		364359168,
		365623552,
		487512832,
		376928512,
		359352064,
		265215232,
		351916800,
		487205376,
		605176832
	],
	"iteration_intervals_avg": 392630631.3394495,
	"iteration_intervals_avg_second": 0.39263063133944953,
	"total_time_ns": 45213870848,
	"total_time_second": 45,
	"mem_infos": [
		[
			11266949120,
			11811160064
		],
		[
			10990125056,
			11811160064
		],
		[
			10769924096,
			11811160064
		],
		[
			10061086720,
			11811160064
		],
		[
			10061086720,
			11811160064
		],
		[
			10061086720,
			11811160064
		],
		[
			10061086720,
			11811160064
		],
		[
			10061086720,
			11811160064
		],
		[
			10061086720,
			11811160064
		],
		[
			10061086720,
			11811160064
		],
		[
			10061086720,
			11811160064
		],
		[
			10061086720,
			11811160064
		],
		[
			10061086720,
			11811160064
		],
		[
			10061086720,
			11811160064
		],
		[
			10061086720,
			11811160064
		],
		[
			10061086720,
			11811160064
		],
		[
			10061086720,
			11811160064
		],
		[
			10061086720,
			11811160064
		],
		[
			10061086720,
			11811160064
		],
		[
			10061086720,
			11811160064
		],
		[
			10061086720,
			11811160064
		],
		[
			10061086720,
			11811160064
		],
		[
			10061086720,
			11811160064
		],
		[
			10061086720,
			11811160064
		],
		[
			10061086720,
			11811160064
		],
		[
			10061086720,
			11811160064
		],
		[
			10061086720,
			11811160064
		],
		[
			10061086720,
			11811160064
		],
		[
			10061086720,
			11811160064
		],
		[
			10061086720,
			11811160064
		],
		[
			10061086720,
			11811160064
		],
		[
			10061086720,
			11811160064
		],
		[
			10061086720,
			11811160064
		],
		[
			10061086720,
			11811160064
		],
		[
			10061086720,
			11811160064
		],
		[
			10061086720,
			11811160064
		],
		[
			10061086720,
			11811160064
		],
		[
			10061086720,
			11811160064
		],
		[
			10061086720,
			11811160064
		],
		[
			10061086720,
			11811160064
		],
		[
			10061086720,
			11811160064
		],
		[
			10061086720,
			11811160064
		],
		[
			10061086720,
			11811160064
		],
		[
			10061086720,
			11811160064
		],
		[
			10061086720,
			11811160064
		],
		[
			10061086720,
			11811160064
		],
		[
			10061086720,
			11811160064
		],
		[
			10061086720,
			11811160064
		],
		[
			10061086720,
			11811160064
		],
		[
			10061086720,
			11811160064
		],
		[
			10061086720,
			11811160064
		],
		[
			10061086720,
			11811160064
		],
		[
			10061086720,
			11811160064
		],
		[
			10061086720,
			11811160064
		],
		[
			10061086720,
			11811160064
		],
		[
			10061086720,
			11811160064
		],
		[
			10061086720,
			11811160064
		],
		[
			10061086720,
			11811160064
		],
		[
			10061086720,
			11811160064
		],
		[
			10061086720,
			11811160064
		],
		[
			10061086720,
			11811160064
		],
		[
			10061086720,
			11811160064
		],
		[
			10061086720,
			11811160064
		],
		[
			10061086720,
			11811160064
		],
		[
			10061086720,
			11811160064
		],
		[
			10061086720,
			11811160064
		],
		[
			10061086720,
			11811160064
		],
		[
			10061086720,
			11811160064
		],
		[
			10061086720,
			11811160064
		],
		[
			10061086720,
			11811160064
		],
		[
			10061086720,
			11811160064
		],
		[
			10061086720,
			11811160064
		],
		[
			10061086720,
			11811160064
		],
		[
			10061086720,
			11811160064
		],
		[
			10061086720,
			11811160064
		],
		[
			10061086720,
			11811160064
		],
		[
			10061086720,
			11811160064
		],
		[
			10061086720,
			11811160064
		],
		[
			10061086720,
			11811160064
		],
		[
			10061086720,
			11811160064
		],
		[
			10061086720,
			11811160064
		],
		[
			10061086720,
			11811160064
		],
		[
			10061086720,
			11811160064
		],
		[
			10061086720,
			11811160064
		],
		[
			10061086720,
			11811160064
		],
		[
			10061086720,
			11811160064
		],
		[
			10061086720,
			11811160064
		],
		[
			10061086720,
			11811160064
		],
		[
			10061086720,
			11811160064
		],
		[
			10061086720,
			11811160064
		]
	],
	"utilization": [
		2,
		4,
		4,
		6,
		6,
		9,
		9,
		2,
		2,
		0,
		0,
		6,
		6,
		7,
		7,
		9,
		9,
		6,
		6,
		4,
		4,
		9,
		9,
		9,
		9,
		6,
		6,
		5,
		5,
		6,
		6,
		4,
		4,
		9,
		9,
		9,
		9,
		5,
		5,
		6,
		6,
		9,
		9,
		9,
		9,
		5,
		5,
		6,
		6,
		9,
		9,
		6,
		6,
		1,
		1,
		2,
		2,
		5,
		5,
		8,
		8,
		7,
		7,
		4,
		4,
		5,
		5,
		7,
		7,
		5,
		5,
		4,
		4,
		2,
		2,
		6,
		6,
		6,
		6,
		3,
		3,
		2,
		2,
		4,
		4,
		6,
		6,
		6,
		6,
		5
	],
	"computation_proportion": 5,
	"extra_dict": {}
}