{
	"model_name": "ResNet18",
	"batch_size": 8,
	"duration_sec": 45,
	"mode": "train",
	"is_DDP": true,
	"process_group_backend": "gloo",
	"world_size": 4,
	"rank": 1,
	"local_rank": 0,
	"device_type": "gpu",
	"master_addr": "133.133.135.75",
	"master_port": 39920,
	"iteration_count": 73,
	"iteration_intervals": [
		1632474368,
		121709056,
		78112000,
		83401728,
		1426032896,
		728665856,
		2350684160,
		734192128,
		372550400,
		250046208,
		266999040,
		1686228224,
		730608128,
		1346452736,
		854645760,
		2315849472,
		496413184,
		265565440,
		339764224,
		252814336,
		235089664,
		148790272,
		224809472,
		153170176,
		213259264,
		133872896,
		146996992,
		118638336,
		104565760,
		1211063296,
		474637312,
		636927488,
		1333997056,
		621678336,
		963981824,
		866610944,
		595187712,
		2339723520,
		607286784,
		1230901760,
		488488192,
		367185664,
		343529728,
		265094656,
		239017472,
		154095360,
		220219648,
		149043200,
		215924480,
		155106560,
		1801814528,
		542740736,
		357978880,
		250939136,
		1716198144,
		612365568,
		1470958080,
		366557184,
		372776448,
		257324800,
		1585290240,
		616361728,
		358562816,
		357825280,
		250447616,
		260936960,
		222559744,
		249456128,
		144399104,
		136582912,
		213085952,
		143823360,
		1563220224
	],
	"iteration_intervals_avg": 614743804.2352941,
	"iteration_intervals_avg_second": 0.6147438042352941,
	"total_time_ns": 45145235968,
	"total_time_second": 45,
	"mem_infos": [
		[
			5225054208,
			5905580032
		],
		[
			5050990592,
			5905580032
		],
		[
			4868538368,
			5905580032
		],
		[
			4356833280,
			5905580032
		],
		[
			4249878528,
			5905580032
		],
		[
			4249878528,
			5905580032
		],
		[
			4249878528,
			5905580032
		],
		[
			4249878528,
			5905580032
		],
		[
			4249878528,
			5905580032
		],
		[
			4249878528,
			5905580032
		],
		[
			4249878528,
			5905580032
		],
		[
			4249878528,
			5905580032
		],
		[
			4249878528,
			5905580032
		],
		[
			4249878528,
			5905580032
		],
		[
			4249878528,
			5905580032
		],
		[
			4249878528,
			5905580032
		],
		[
			4249878528,
			5905580032
		],
		[
			4249878528,
			5905580032
		],
		[
			4249878528,
			5905580032
		],
		[
			4249878528,
			5905580032
		],
		[
			4249878528,
			5905580032
		],
		[
			4249878528,
			5905580032
		],
		[
			4249878528,
			5905580032
		],
		[
			4249878528,
			5905580032
		],
		[
			4249878528,
			5905580032
		],
		[
			4249878528,
			5905580032
		],
		[
			4249878528,
			5905580032
		],
		[
			4249878528,
			5905580032
		],
		[
			4249878528,
			5905580032
		],
		[
			4249878528,
			5905580032
		],
		[
			4249878528,
			5905580032
		],
		[
			4249878528,
			5905580032
		],
		[
			4249878528,
			5905580032
		],
		[
			4249878528,
			5905580032
		],
		[
			4249878528,
			5905580032
		],
		[
			4249878528,
			5905580032
		],
		[
			4249878528,
			5905580032
		],
		[
			4249878528,
			5905580032
		],
		[
			4249878528,
			5905580032
		],
		[
			4249878528,
			5905580032
		],
		[
			4249878528,
			5905580032
		],
		[
			4249878528,
			5905580032
		],
		[
			4249878528,
			5905580032
		],
		[
			4249878528,
			5905580032
		],
		[
			4249878528,
			5905580032
		],
		[
			4249878528,
			5905580032
		],
		[
			4249878528,
			5905580032
		],
		[
			4249878528,
			5905580032
		],
		[
			4249878528,
			5905580032
		],
		[
			4249878528,
			5905580032
		],
		[
			4249878528,
			5905580032
		],
		[
			4249878528,
			5905580032
		],
		[
			4249878528,
			5905580032
		],
		[
			4249878528,
			5905580032
		],
		[
			4249878528,
			5905580032
		],
		[
			4249878528,
			5905580032
		],
		[
			4249878528,
			5905580032
		],
		[
			4249878528,
			5905580032
		],
		[
			4249878528,
			5905580032
		],
		[
			4249878528,
			5905580032
		],
		[
			4249878528,
			5905580032
		],
		[
			4249878528,
			5905580032
		],
		[
			4249878528,
			5905580032
		],
		[
			4249878528,
			5905580032
		],
		[
			4249878528,
			5905580032
		],
		[
			4249878528,
			5905580032
		],
		[
			4249878528,
			5905580032
		],
		[
			4249878528,
			5905580032
		],
		[
			4249878528,
			5905580032
		],
		[
			4249878528,
			5905580032
		],
		[
			4249878528,
			5905580032
		],
		[
			4249878528,
			5905580032
		],
		[
			4249878528,
			5905580032
		],
		[
			4249878528,
			5905580032
		],
		[
			4249878528,
			5905580032
		],
		[
			4249878528,
			5905580032
		],
		[
			4249878528,
			5905580032
		],
		[
			4249878528,
			5905580032
		],
		[
			4249878528,
			5905580032
		],
		[
			4249878528,
			5905580032
		],
		[
			4249878528,
			5905580032
		],
		[
			4249878528,
			5905580032
		],
		[
			4249878528,
			5905580032
		],
		[
			4249878528,
			5905580032
		],
		[
			4249878528,
			5905580032
		],
		[
			4249878528,
			5905580032
		],
		[
			4249878528,
			5905580032
		],
		[
			4249878528,
			5905580032
		],
		[
			4249878528,
			5905580032
		],
		[
			4249878528,
			5905580032
		]
	],
	"utilization": [
		3,
		12,
		12,
		11,
		11,
		28,
		28,
		0,
		0,
		8,
		8,
		2,
		2,
		0,
		0,
		9,
		9,
		18,
		18,
		0,
		0,
		6,
		6,
		3,
		3,
		8,
		8,
		4,
		4,
		0,
		0,
		8,
		8,
		17,
		17,
		28,
		28,
		24,
		24,
		7,
		7,
		9,
		9,
		2,
		2,
		10,
		10,
		4,
		4,
		9,
		9,
		3,
		3,
		0,
		0,
		8,
		8,
		6,
		6,
		11,
		11,
		17,
		17,
		28,
		28,
		1,
		1,
		7,
		7,
		15,
		15,
		2,
		2,
		6,
		6,
		3,
		3,
		8,
		8,
		18,
		18,
		0,
		0,
		10,
		10,
		19,
		19,
		27,
		27,
		9
	],
	"computation_proportion": 5,
	"extra_dict": {}
}