{
	"model_name": "YoloV5S",
	"batch_size": 8,
	"duration_sec": 45,
	"mode": "train",
	"is_DDP": true,
	"process_group_backend": "gloo",
	"world_size": 4,
	"rank": 0,
	"local_rank": 0,
	"device_type": "gpu",
	"master_addr": "133.133.135.75",
	"master_port": 39920,
	"iteration_count": 97,
	"iteration_intervals": [
		1815110400,
		451455488,
		467691776,
		434574848,
		434948352,
		443621376,
		428023040,
		432026624,
		452743936,
		432707840,
		429570048,
		442043136,
		451163648,
		439609856,
		447613952,
		442800384,
		447750144,
		438339328,
		459113984,
		444229120,
		425810432,
		431652608,
		435877376,
		432768768,
		433681920,
		428541184,
		431355136,
		429752320,
		435899904,
		437570560,
		447550208,
		441412608,
		427883776,
		446352384,
		430503424,
		431972864,
		439417088,
		438384640,
		431453440,
		436169984,
		435214592,
		434152448,
		428425472,
		445583616,
		437194752,
		428904448,
		425380608,
		434962944,
		429584384,
		434107392,
		437923840,
		448871936,
		437047296,
		433733120,
		429901056,
		427083008,
		436243456,
		444857856,
		427703296,
		432343552,
		434063872,
		432657408,
		424131072,
		437745152,
		424565248,
		422917888,
		431607552,
		433404672,
		431287296,
		426035200,
		435024384,
		482194176,
		428998400,
		434295808,
		1502442496,
		433453312,
		430237696,
		422225152,
		451637504,
		427903744,
		425460736,
		443475200,
		437851392,
		432237056,
		415260672,
		443274496,
		429369088,
		426343680,
		440370688,
		427365376,
		431653376,
		1026433280,
		442990336,
		431620608,
		434377472,
		438342400,
		435414016
	],
	"iteration_intervals_avg": 453513630.6086956,
	"iteration_intervals_avg_second": 0.45351363060869565,
	"total_time_ns": 45327901184,
	"total_time_second": 45,
	"mem_infos": [
		[
			5323620352,
			5905580032
		],
		[
			5074059264,
			5905580032
		],
		[
			4855955456,
			5905580032
		],
		[
			4329570304,
			5905580032
		],
		[
			4245684224,
			5905580032
		],
		[
			4243587072,
			5905580032
		],
		[
			4243587072,
			5905580032
		],
		[
			4243587072,
			5905580032
		],
		[
			4243587072,
			5905580032
		],
		[
			4243587072,
			5905580032
		],
		[
			4243587072,
			5905580032
		],
		[
			4243587072,
			5905580032
		],
		[
			4243587072,
			5905580032
		],
		[
			4243587072,
			5905580032
		],
		[
			4243587072,
			5905580032
		],
		[
			4243587072,
			5905580032
		],
		[
			4243587072,
			5905580032
		],
		[
			4243587072,
			5905580032
		],
		[
			4243587072,
			5905580032
		],
		[
			4243587072,
			5905580032
		],
		[
			4243587072,
			5905580032
		],
		[
			4243587072,
			5905580032
		],
		[
			4243587072,
			5905580032
		],
		[
			4243587072,
			5905580032
		],
		[
			4243587072,
			5905580032
		],
		[
			4243587072,
			5905580032
		],
		[
			4243587072,
			5905580032
		],
		[
			4243587072,
			5905580032
		],
		[
			4243587072,
			5905580032
		],
		[
			4243587072,
			5905580032
		],
		[
			4243587072,
			5905580032
		],
		[
			4243587072,
			5905580032
		],
		[
			4243587072,
			5905580032
		],
		[
			4243587072,
			5905580032
		],
		[
			4243587072,
			5905580032
		],
		[
			4243587072,
			5905580032
		],
		[
			4243587072,
			5905580032
		],
		[
			4243587072,
			5905580032
		],
		[
			4243587072,
			5905580032
		],
		[
			4243587072,
			5905580032
		],
		[
			4243587072,
			5905580032
		],
		[
			4243587072,
			5905580032
		],
		[
			4243587072,
			5905580032
		],
		[
			4243587072,
			5905580032
		],
		[
			4243587072,
			5905580032
		],
		[
			4243587072,
			5905580032
		],
		[
			4243587072,
			5905580032
		],
		[
			4243587072,
			5905580032
		],
		[
			4243587072,
			5905580032
		],
		[
			4243587072,
			5905580032
		],
		[
			4243587072,
			5905580032
		],
		[
			4243587072,
			5905580032
		],
		[
			4243587072,
			5905580032
		],
		[
			4243587072,
			5905580032
		],
		[
			4243587072,
			5905580032
		],
		[
			4243587072,
			5905580032
		],
		[
			4243587072,
			5905580032
		],
		[
			4243587072,
			5905580032
		],
		[
			4243587072,
			5905580032
		],
		[
			4243587072,
			5905580032
		],
		[
			4243587072,
			5905580032
		],
		[
			4243587072,
			5905580032
		],
		[
			4243587072,
			5905580032
		],
		[
			4243587072,
			5905580032
		],
		[
			4243587072,
			5905580032
		],
		[
			4243587072,
			5905580032
		],
		[
			4243587072,
			5905580032
		],
		[
			4243587072,
			5905580032
		],
		[
			4243587072,
			5905580032
		],
		[
			4243587072,
			5905580032
		],
		[
			4243587072,
			5905580032
		],
		[
			4243587072,
			5905580032
		],
		[
			4243587072,
			5905580032
		],
		[
			4243587072,
			5905580032
		],
		[
			4243587072,
			5905580032
		],
		[
			4243587072,
			5905580032
		],
		[
			4243587072,
			5905580032
		],
		[
			4243587072,
			5905580032
		],
		[
			4243587072,
			5905580032
		],
		[
			4243587072,
			5905580032
		],
		[
			4243587072,
			5905580032
		],
		[
			4243587072,
			5905580032
		],
		[
			4243587072,
			5905580032
		],
		[
			4243587072,
			5905580032
		],
		[
			4243587072,
			5905580032
		],
		[
			4243587072,
			5905580032
		],
		[
			4243587072,
			5905580032
		],
		[
			4243587072,
			5905580032
		],
		[
			4243587072,
			5905580032
		],
		[
			4243587072,
			5905580032
		]
	],
	"utilization": [
		9,
		7,
		7,
		14,
		14,
		13,
		13,
		19,
		19,
		15,
		15,
		14,
		14,
		23,
		23,
		16,
		16,
		15,
		15,
		17,
		17,
		19,
		19,
		15,
		15,
		14,
		14,
		22,
		22,
		16,
		16,
		16,
		16,
		20,
		20,
		16,
		16,
		14,
		14,
		16,
		16,
		20,
		20,
		14,
		14,
		16,
		16,
		21,
		21,
		18,
		18,
		16,
		16,
		23,
		23,
		16,
		16,
		16,
		16,
		22,
		22,
		15,
		15,
		15,
		15,
		21,
		21,
		15,
		15,
		5,
		5,
		9,
		9,
		15,
		15,
		22,
		22,
		15,
		15,
		14,
		14,
		22,
		22,
		14,
		14,
		13,
		13,
		9,
		9,
		20
	],
	"computation_proportion": 10,
	"extra_dict": {}
}