{
	"model_name": "MobileNetV3S",
	"batch_size": 128,
	"duration_sec": 45,
	"mode": "train",
	"is_DDP": true,
	"process_group_backend": "gloo",
	"world_size": 1,
	"rank": 0,
	"local_rank": 0,
	"device_type": "gpu",
	"master_addr": "133.133.135.75",
	"master_port": 39920,
	"iteration_count": 110,
	"iteration_intervals": [
		1163556352,
		587665920,
		967744000,
		761834752,
		613124608,
		485932288,
		374632192,
		483902976,
		370026752,
		374397440,
		369997312,
		354103552,
		481051904,
		365390336,
		481885952,
		489576448,
		369291520,
		479676672,
		362848512,
		375498240,
		365394176,
		365889024,
		377265664,
		367553792,
		483706112,
		486068224,
		373778944,
		473299712,
		363932416,
		377287168,
		360004096,
		369809664,
		362973952,
		371331072,
		481395200,
		381522944,
		475285504,
		373993472,
		371447040,
		365225216,
		362226944,
		358587648,
		370404608,
		374088704,
		478128896,
		374150400,
		484896512,
		358275584,
		371785984,
		368490496,
		360487680,
		368482816,
		365659392,
		367401728,
		360045568,
		482434816,
		378467584,
		449477376,
		398999808,
		358410752,
		340965376,
		297917440,
		347465472,
		363078400,
		374714112,
		450295296,
		393309952,
		381547008,
		472991488,
		354563840,
		347145984,
		292079360,
		347611392,
		365400320,
		374454272,
		361740032,
		365738752,
		478548224,
		372296448,
		367726848,
		370974464,
		379368960,
		471018240,
		483897088,
		492411648,
		490070784,
		372957184,
		482297344,
		369601792,
		364800256,
		366115072,
		360708352,
		347504640,
		280565504,
		354785024,
		366504192,
		477690368,
		370286848,
		381195520,
		435719168,
		367778560,
		293201152,
		363552256,
		356260096,
		355169536,
		265883648,
		440443648,
		393870080,
		371804928,
		485819904
	],
	"iteration_intervals_avg": 391601191.0095238,
	"iteration_intervals_avg_second": 0.3916011910095238,
	"total_time_ns": 45213998080,
	"total_time_second": 45,
	"mem_infos": [
		[
			11046748160,
			11811160064
		],
		[
			10727981056,
			11811160064
		],
		[
			8492417024,
			11811160064
		],
		[
			8148484096,
			11811160064
		],
		[
			8148484096,
			11811160064
		],
		[
			8148484096,
			11811160064
		],
		[
			8148484096,
			11811160064
		],
		[
			8148484096,
			11811160064
		],
		[
			8148484096,
			11811160064
		],
		[
			8148484096,
			11811160064
		],
		[
			8148484096,
			11811160064
		],
		[
			8148484096,
			11811160064
		],
		[
			8148484096,
			11811160064
		],
		[
			8148484096,
			11811160064
		],
		[
			8148484096,
			11811160064
		],
		[
			8148484096,
			11811160064
		],
		[
			8148484096,
			11811160064
		],
		[
			8148484096,
			11811160064
		],
		[
			8148484096,
			11811160064
		],
		[
			8148484096,
			11811160064
		],
		[
			8148484096,
			11811160064
		],
		[
			8148484096,
			11811160064
		],
		[
			8148484096,
			11811160064
		],
		[
			8148484096,
			11811160064
		],
		[
			8148484096,
			11811160064
		],
		[
			8148484096,
			11811160064
		],
		[
			8148484096,
			11811160064
		],
		[
			8148484096,
			11811160064
		],
		[
			8148484096,
			11811160064
		],
		[
			8148484096,
			11811160064
		],
		[
			8148484096,
			11811160064
		],
		[
			8148484096,
			11811160064
		],
		[
			8148484096,
			11811160064
		],
		[
			8148484096,
			11811160064
		],
		[
			8148484096,
			11811160064
		],
		[
			8148484096,
			11811160064
		],
		[
			8148484096,
			11811160064
		],
		[
			8148484096,
			11811160064
		],
		[
			8148484096,
			11811160064
		],
		[
			8148484096,
			11811160064
		],
		[
			8148484096,
			11811160064
		],
		[
			8148484096,
			11811160064
		],
		[
			8148484096,
			11811160064
		],
		[
			8148484096,
			11811160064
		],
		[
			8148484096,
			11811160064
		],
		[
			8148484096,
			11811160064
		],
		[
			8148484096,
			11811160064
		],
		[
			8148484096,
			11811160064
		],
		[
			8148484096,
			11811160064
		],
		[
			8148484096,
			11811160064
		],
		[
			8148484096,
			11811160064
		],
		[
			8148484096,
			11811160064
		],
		[
			8148484096,
			11811160064
		],
		[
			8148484096,
			11811160064
		],
		[
			8148484096,
			11811160064
		],
		[
			8148484096,
			11811160064
		],
		[
			8148484096,
			11811160064
		],
		[
			8148484096,
			11811160064
		],
		[
			8148484096,
			11811160064
		],
		[
			8148484096,
			11811160064
		],
		[
			8148484096,
			11811160064
		],
		[
			8148484096,
			11811160064
		],
		[
			8148484096,
			11811160064
		],
		[
			8148484096,
			11811160064
		],
		[
			8148484096,
			11811160064
		],
		[
			8148484096,
			11811160064
		],
		[
			8148484096,
			11811160064
		],
		[
			8148484096,
			11811160064
		],
		[
			8148484096,
			11811160064
		],
		[
			8148484096,
			11811160064
		],
		[
			8148484096,
			11811160064
		],
		[
			8148484096,
			11811160064
		],
		[
			8148484096,
			11811160064
		],
		[
			8148484096,
			11811160064
		],
		[
			8148484096,
			11811160064
		],
		[
			8148484096,
			11811160064
		],
		[
			8148484096,
			11811160064
		],
		[
			8148484096,
			11811160064
		],
		[
			8148484096,
			11811160064
		],
		[
			8148484096,
			11811160064
		],
		[
			8148484096,
			11811160064
		],
		[
			8148484096,
			11811160064
		],
		[
			8148484096,
			11811160064
		],
		[
			8148484096,
			11811160064
		],
		[
			8148484096,
			11811160064
		],
		[
			8148484096,
			11811160064
		],
		[
			8148484096,
			11811160064
		],
		[
			8148484096,
			11811160064
		],
		[
			8148484096,
			11811160064
		],
		[
			8148484096,
			11811160064
		]
	],
	"utilization": [
		6,
		11,
		11,
		16,
		16,
		8,
		8,
		8,
		8,
		11,
		11,
		14,
		14,
		18,
		18,
		16,
		16,
		14,
		14,
		14,
		14,
		19,
		19,
		17,
		17,
		14,
		14,
		15,
		15,
		19,
		19,
		17,
		17,
		14,
		14,
		15,
		15,
		18,
		18,
		18,
		18,
		15,
		15,
		15,
		15,
		18,
		18,
		18,
		18,
		15,
		15,
		15,
		15,
		20,
		20,
		18,
		18,
		16,
		16,
		16,
		16,
		19,
		19,
		19,
		19,
		16,
		16,
		16,
		16,
		17,
		17,
		14,
		14,
		14,
		14,
		15,
		15,
		19,
		19,
		19,
		19,
		16,
		16,
		16,
		16,
		19,
		19,
		19,
		19,
		16
	],
	"computation_proportion": 15,
	"extra_dict": {}
}