{
	"model_name": "ResNet50",
	"batch_size": 4,
	"duration_sec": 45,
	"mode": "train",
	"is_DDP": true,
	"process_group_backend": "gloo",
	"world_size": 4,
	"rank": 1,
	"local_rank": 0,
	"device_type": "gpu",
	"master_addr": "133.133.135.75",
	"master_port": 39920,
	"iteration_count": 79,
	"iteration_intervals": [
		1729691136,
		184626176,
		139292928,
		137037568,
		130370560,
		118019072,
		135517440,
		132080640,
		153469440,
		128340224,
		1502801408,
		609924608,
		357833472,
		270721792,
		232299776,
		256162048,
		182759168,
		1154206208,
		590367744,
		502516480,
		611375104,
		1221127424,
		516743168,
		367032320,
		333031936,
		256921088,
		1465261312,
		610398464,
		506931968,
		1576721152,
		761077248,
		468223744,
		282510336,
		281988352,
		250878464,
		167979776,
		219211776,
		163164416,
		962443776,
		511571712,
		599320576,
		2320167936,
		960542976,
		981610240,
		2311260416,
		741310720,
		400092416,
		347535104,
		281193728,
		261011456,
		192344832,
		199144704,
		176726784,
		170587392,
		185482240,
		1946762240,
		485972224,
		488083456,
		494600448,
		737056000,
		619047424,
		361100032,
		279785984,
		257004032,
		223715072,
		1820345856,
		395820288,
		336252672,
		275011584,
		253108736,
		211976192,
		1452352512,
		972761088,
		494650112,
		359035392,
		246454528,
		248196864,
		172908288,
		2289627136
	],
	"iteration_intervals_avg": 586642874.8108108,
	"iteration_intervals_avg_second": 0.5866428748108108,
	"total_time_ns": 45733487872,
	"total_time_second": 45,
	"mem_infos": [
		[
			5059379200,
			5905580032
		],
		[
			4858052608,
			5905580032
		],
		[
			4673503232,
			5905580032
		],
		[
			4050649088,
			5905580032
		],
		[
			3778019328,
			5905580032
		],
		[
			3778019328,
			5905580032
		],
		[
			3778019328,
			5905580032
		],
		[
			3778019328,
			5905580032
		],
		[
			3778019328,
			5905580032
		],
		[
			3778019328,
			5905580032
		],
		[
			3778019328,
			5905580032
		],
		[
			3778019328,
			5905580032
		],
		[
			3778019328,
			5905580032
		],
		[
			3778019328,
			5905580032
		],
		[
			3778019328,
			5905580032
		],
		[
			3778019328,
			5905580032
		],
		[
			3778019328,
			5905580032
		],
		[
			3778019328,
			5905580032
		],
		[
			3778019328,
			5905580032
		],
		[
			3778019328,
			5905580032
		],
		[
			3778019328,
			5905580032
		],
		[
			3778019328,
			5905580032
		],
		[
			3778019328,
			5905580032
		],
		[
			3778019328,
			5905580032
		],
		[
			3778019328,
			5905580032
		],
		[
			3778019328,
			5905580032
		],
		[
			3778019328,
			5905580032
		],
		[
			3778019328,
			5905580032
		],
		[
			3778019328,
			5905580032
		],
		[
			3778019328,
			5905580032
		],
		[
			3778019328,
			5905580032
		],
		[
			3778019328,
			5905580032
		],
		[
			3778019328,
			5905580032
		],
		[
			3778019328,
			5905580032
		],
		[
			3778019328,
			5905580032
		],
		[
			3778019328,
			5905580032
		],
		[
			3778019328,
			5905580032
		],
		[
			3778019328,
			5905580032
		],
		[
			3778019328,
			5905580032
		],
		[
			3778019328,
			5905580032
		],
		[
			3778019328,
			5905580032
		],
		[
			3778019328,
			5905580032
		],
		[
			3778019328,
			5905580032
		],
		[
			3778019328,
			5905580032
		],
		[
			3778019328,
			5905580032
		],
		[
			3778019328,
			5905580032
		],
		[
			3778019328,
			5905580032
		],
		[
			3778019328,
			5905580032
		],
		[
			3778019328,
			5905580032
		],
		[
			3778019328,
			5905580032
		],
		[
			3778019328,
			5905580032
		],
		[
			3778019328,
			5905580032
		],
		[
			3778019328,
			5905580032
		],
		[
			3778019328,
			5905580032
		],
		[
			3778019328,
			5905580032
		],
		[
			3778019328,
			5905580032
		],
		[
			3778019328,
			5905580032
		],
		[
			3778019328,
			5905580032
		],
		[
			3778019328,
			5905580032
		],
		[
			3778019328,
			5905580032
		],
		[
			3778019328,
			5905580032
		],
		[
			3778019328,
			5905580032
		],
		[
			3778019328,
			5905580032
		],
		[
			3778019328,
			5905580032
		],
		[
			3778019328,
			5905580032
		],
		[
			3778019328,
			5905580032
		],
		[
			3778019328,
			5905580032
		],
		[
			3778019328,
			5905580032
		],
		[
			3778019328,
			5905580032
		],
		[
			3778019328,
			5905580032
		],
		[
			3778019328,
			5905580032
		],
		[
			3778019328,
			5905580032
		],
		[
			3778019328,
			5905580032
		],
		[
			3778019328,
			5905580032
		],
		[
			3778019328,
			5905580032
		],
		[
			3778019328,
			5905580032
		],
		[
			3778019328,
			5905580032
		],
		[
			3778019328,
			5905580032
		],
		[
			3778019328,
			5905580032
		],
		[
			3778019328,
			5905580032
		],
		[
			3778019328,
			5905580032
		],
		[
			3778019328,
			5905580032
		],
		[
			3778019328,
			5905580032
		],
		[
			3778019328,
			5905580032
		],
		[
			3778019328,
			5905580032
		],
		[
			3778019328,
			5905580032
		],
		[
			3778019328,
			5905580032
		],
		[
			3778019328,
			5905580032
		],
		[
			3778019328,
			5905580032
		],
		[
			3778019328,
			5905580032
		]
	],
	"utilization": [
		7,
		15,
		15,
		19,
		19,
		55,
		55,
		32,
		32,
		7,
		7,
		24,
		24,
		43,
		43,
		2,
		2,
		19,
		19,
		22,
		22,
		7,
		7,
		24,
		24,
		22,
		22,
		6,
		6,
		18,
		18,
		7,
		7,
		6,
		6,
		25,
		25,
		43,
		43,
		14,
		14,
		18,
		18,
		11,
		11,
		0,
		0,
		11,
		11,
		11,
		11,
		7,
		7,
		3,
		3,
		6,
		6,
		24,
		24,
		40,
		40,
		34,
		34,
		3,
		3,
		13,
		13,
		23,
		23,
		15,
		15,
		26,
		26,
		26,
		26,
		1,
		1,
		22,
		22,
		41,
		41,
		3,
		3,
		7,
		7,
		23,
		23,
		38,
		38,
		0
	],
	"computation_proportion": 10,
	"extra_dict": {}
}