{
	"model_name": "InceptionV3",
	"batch_size": 64,
	"duration_sec": 45,
	"mode": "train",
	"is_DDP": true,
	"process_group_backend": "gloo",
	"world_size": 1,
	"rank": 0,
	"local_rank": 0,
	"device_type": "gpu",
	"master_addr": "133.133.135.75",
	"master_port": 39920,
	"iteration_count": 102,
	"iteration_intervals": [
		1678380800,
		376386304,
		429683968,
		403429632,
		403161856,
		444876544,
		416612096,
		445134080,
		475293184,
		390342912,
		465667840,
		395184640,
		453010432,
		396134656,
		462913792,
		384628992,
		465869568,
		422168064,
		444054528,
		453435136,
		426607360,
		445514752,
		400951296,
		395850496,
		443327488,
		386113536,
		456717312,
		395396608,
		457837568,
		426834432,
		447110656,
		436117504,
		424145152,
		401099776,
		440828160,
		409576448,
		437146880,
		406122752,
		452928768,
		384983040,
		441337088,
		416373248,
		438420992,
		410614784,
		465608448,
		420469760,
		440236800,
		409601536,
		439645440,
		394921984,
		453449728,
		395078912,
		451671296,
		426307840,
		462968064,
		456749824,
		469487872,
		421111040,
		464402688,
		396418304,
		463046656,
		384957440,
		438047232,
		401540352,
		418828032,
		444396800,
		449843712,
		415344640,
		462264832,
		470676480,
		436105216,
		455073024,
		471599616,
		398279936,
		454371072,
		385126400,
		481531392,
		407783168,
		463232768,
		466453248,
		452207872,
		428498688,
		454868224,
		402012416,
		446734336,
		423751936,
		445603328,
		435776768,
		429831424,
		400307456,
		441705472,
		403286528,
		451891712,
		405743360,
		455761664,
		458310400,
		435271424,
		460644352,
		472188160,
		480739584,
		401625600,
		462624768
	],
	"iteration_intervals_avg": 433848449.31958765,
	"iteration_intervals_avg_second": 0.43384844931958766,
	"total_time_ns": 45375152384,
	"total_time_second": 45,
	"mem_infos": [
		[
			10952376320,
			11811160064
		],
		[
			10547625984,
			11811160064
		],
		[
			10314842112,
			11811160064
		],
		[
			2521825280,
			11811160064
		],
		[
			1227882496,
			11811160064
		],
		[
			1227882496,
			11811160064
		],
		[
			1227882496,
			11811160064
		],
		[
			1227882496,
			11811160064
		],
		[
			1227882496,
			11811160064
		],
		[
			1227882496,
			11811160064
		],
		[
			1227882496,
			11811160064
		],
		[
			1227882496,
			11811160064
		],
		[
			1227882496,
			11811160064
		],
		[
			1227882496,
			11811160064
		],
		[
			1227882496,
			11811160064
		],
		[
			1227882496,
			11811160064
		],
		[
			1227882496,
			11811160064
		],
		[
			1227882496,
			11811160064
		],
		[
			1227882496,
			11811160064
		],
		[
			1227882496,
			11811160064
		],
		[
			1227882496,
			11811160064
		],
		[
			1227882496,
			11811160064
		],
		[
			1227882496,
			11811160064
		],
		[
			1227882496,
			11811160064
		],
		[
			1227882496,
			11811160064
		],
		[
			1227882496,
			11811160064
		],
		[
			1227882496,
			11811160064
		],
		[
			1227882496,
			11811160064
		],
		[
			1227882496,
			11811160064
		],
		[
			1227882496,
			11811160064
		],
		[
			1227882496,
			11811160064
		],
		[
			1227882496,
			11811160064
		],
		[
			1227882496,
			11811160064
		],
		[
			1227882496,
			11811160064
		],
		[
			1227882496,
			11811160064
		],
		[
			1227882496,
			11811160064
		],
		[
			1227882496,
			11811160064
		],
		[
			1227882496,
			11811160064
		],
		[
			1227882496,
			11811160064
		],
		[
			1227882496,
			11811160064
		],
		[
			1227882496,
			11811160064
		],
		[
			1227882496,
			11811160064
		],
		[
			1227882496,
			11811160064
		],
		[
			1227882496,
			11811160064
		],
		[
			1227882496,
			11811160064
		],
		[
			1227882496,
			11811160064
		],
		[
			1227882496,
			11811160064
		],
		[
			1227882496,
			11811160064
		],
		[
			1227882496,
			11811160064
		],
		[
			1227882496,
			11811160064
		],
		[
			1227882496,
			11811160064
		],
		[
			1227882496,
			11811160064
		],
		[
			1227882496,
			11811160064
		],
		[
			1227882496,
			11811160064
		],
		[
			1227882496,
			11811160064
		],
		[
			1227882496,
			11811160064
		],
		[
			1227882496,
			11811160064
		],
		[
			1227882496,
			11811160064
		],
		[
			1227882496,
			11811160064
		],
		[
			1227882496,
			11811160064
		],
		[
			1227882496,
			11811160064
		],
		[
			1227882496,
			11811160064
		],
		[
			1227882496,
			11811160064
		],
		[
			1227882496,
			11811160064
		],
		[
			1227882496,
			11811160064
		],
		[
			1227882496,
			11811160064
		],
		[
			1227882496,
			11811160064
		],
		[
			1227882496,
			11811160064
		],
		[
			1227882496,
			11811160064
		],
		[
			1227882496,
			11811160064
		],
		[
			1227882496,
			11811160064
		],
		[
			1227882496,
			11811160064
		],
		[
			1227882496,
			11811160064
		],
		[
			1227882496,
			11811160064
		],
		[
			1227882496,
			11811160064
		],
		[
			1227882496,
			11811160064
		],
		[
			1227882496,
			11811160064
		],
		[
			1227882496,
			11811160064
		],
		[
			1227882496,
			11811160064
		],
		[
			1227882496,
			11811160064
		],
		[
			1227882496,
			11811160064
		],
		[
			1227882496,
			11811160064
		],
		[
			1227882496,
			11811160064
		],
		[
			1227882496,
			11811160064
		],
		[
			1227882496,
			11811160064
		],
		[
			1227882496,
			11811160064
		],
		[
			1227882496,
			11811160064
		],
		[
			1227882496,
			11811160064
		],
		[
			1227882496,
			11811160064
		],
		[
			1227882496,
			11811160064
		]
	],
	"utilization": [
		4,
		4,
		7,
		7,
		55,
		55,
		85,
		85,
		82,
		82,
		79,
		79,
		76,
		76,
		82,
		82,
		82,
		82,
		76,
		76,
		79,
		79,
		81,
		81,
		82,
		82,
		85,
		85,
		78,
		78,
		76,
		76,
		85,
		85,
		79,
		79,
		83,
		83,
		83,
		83,
		80,
		80,
		80,
		79,
		79,
		81,
		81,
		83,
		83,
		82,
		82,
		74,
		74,
		78,
		78,
		81,
		81,
		83,
		83,
		84,
		84,
		84,
		84,
		74,
		74,
		77,
		77,
		83,
		83,
		82,
		82,
		77,
		77,
		79,
		79,
		83,
		83,
		81,
		81,
		80,
		80,
		86,
		86,
		82,
		82,
		83,
		83,
		80,
		80,
		76
	],
	"computation_proportion": 80,
	"extra_dict": {}
}