{
	"model_name": "InceptionV3",
	"batch_size": 32,
	"duration_sec": 45,
	"mode": "train",
	"is_DDP": true,
	"process_group_backend": "gloo",
	"world_size": 2,
	"rank": 1,
	"local_rank": 0,
	"device_type": "gpu",
	"master_addr": "133.133.135.74",
	"master_port": 39920,
	"iteration_count": 42,
	"iteration_intervals": [
		2442755328,
		1036187136,
		1038870016,
		1034192384,
		1038935808,
		1041348352,
		1037567744,
		1036646912,
		1038457088,
		1041620224,
		1038099200,
		1042439936,
		1027213312,
		1045635584,
		1038453760,
		1035501824,
		1039231488,
		1040234752,
		1040766208,
		1037552896,
		1051848192,
		1048220160,
		1034647040,
		1043990784,
		1025933568,
		1058297088,
		1040679168,
		1040942848,
		1025172992,
		1052520448,
		1034597632,
		1035023616,
		1025938688,
		1046742272,
		1038270976,
		1033533184,
		1040854784,
		1040772608,
		1038071040,
		1034269696,
		1041928448,
		1035030272
	],
	"iteration_intervals_avg": 1039136615.7837838,
	"iteration_intervals_avg_second": 1.0391366157837838,
	"total_time_ns": 45040007936,
	"total_time_second": 45,
	"mem_infos": [
		[
			11061428224,
			11811160064
		],
		[
			10694426624,
			11811160064
		],
		[
			10459545600,
			11811160064
		],
		[
			5839519744,
			11811160064
		],
		[
			5839519744,
			11811160064
		],
		[
			5759827968,
			11811160064
		],
		[
			5759827968,
			11811160064
		],
		[
			5759827968,
			11811160064
		],
		[
			5759827968,
			11811160064
		],
		[
			5759827968,
			11811160064
		],
		[
			5759827968,
			11811160064
		],
		[
			5759827968,
			11811160064
		],
		[
			5759827968,
			11811160064
		],
		[
			5759827968,
			11811160064
		],
		[
			5759827968,
			11811160064
		],
		[
			5759827968,
			11811160064
		],
		[
			5759827968,
			11811160064
		],
		[
			5759827968,
			11811160064
		],
		[
			5759827968,
			11811160064
		],
		[
			5759827968,
			11811160064
		],
		[
			5759827968,
			11811160064
		],
		[
			5759827968,
			11811160064
		],
		[
			5759827968,
			11811160064
		],
		[
			5759827968,
			11811160064
		],
		[
			5759827968,
			11811160064
		],
		[
			5759827968,
			11811160064
		],
		[
			5759827968,
			11811160064
		],
		[
			5759827968,
			11811160064
		],
		[
			5759827968,
			11811160064
		],
		[
			5759827968,
			11811160064
		],
		[
			5759827968,
			11811160064
		],
		[
			5759827968,
			11811160064
		],
		[
			5759827968,
			11811160064
		],
		[
			5759827968,
			11811160064
		],
		[
			5759827968,
			11811160064
		],
		[
			5759827968,
			11811160064
		],
		[
			5759827968,
			11811160064
		],
		[
			5759827968,
			11811160064
		],
		[
			5759827968,
			11811160064
		],
		[
			5759827968,
			11811160064
		],
		[
			5759827968,
			11811160064
		],
		[
			5759827968,
			11811160064
		],
		[
			5759827968,
			11811160064
		],
		[
			5759827968,
			11811160064
		],
		[
			5759827968,
			11811160064
		],
		[
			5759827968,
			11811160064
		],
		[
			5759827968,
			11811160064
		],
		[
			5759827968,
			11811160064
		],
		[
			5759827968,
			11811160064
		],
		[
			5759827968,
			11811160064
		],
		[
			5759827968,
			11811160064
		],
		[
			5759827968,
			11811160064
		],
		[
			5759827968,
			11811160064
		],
		[
			5759827968,
			11811160064
		],
		[
			5759827968,
			11811160064
		],
		[
			5759827968,
			11811160064
		],
		[
			5759827968,
			11811160064
		],
		[
			5759827968,
			11811160064
		],
		[
			5759827968,
			11811160064
		],
		[
			5759827968,
			11811160064
		],
		[
			5759827968,
			11811160064
		],
		[
			5759827968,
			11811160064
		],
		[
			5759827968,
			11811160064
		],
		[
			5759827968,
			11811160064
		],
		[
			5759827968,
			11811160064
		],
		[
			5759827968,
			11811160064
		],
		[
			5759827968,
			11811160064
		],
		[
			5759827968,
			11811160064
		],
		[
			5759827968,
			11811160064
		],
		[
			5759827968,
			11811160064
		],
		[
			5759827968,
			11811160064
		],
		[
			5759827968,
			11811160064
		],
		[
			5759827968,
			11811160064
		],
		[
			5759827968,
			11811160064
		],
		[
			5759827968,
			11811160064
		],
		[
			5759827968,
			11811160064
		],
		[
			5759827968,
			11811160064
		],
		[
			5759827968,
			11811160064
		],
		[
			5759827968,
			11811160064
		],
		[
			5759827968,
			11811160064
		],
		[
			5759827968,
			11811160064
		],
		[
			5759827968,
			11811160064
		],
		[
			5759827968,
			11811160064
		],
		[
			5759827968,
			11811160064
		],
		[
			5759827968,
			11811160064
		],
		[
			5759827968,
			11811160064
		],
		[
			5759827968,
			11811160064
		],
		[
			5759827968,
			11811160064
		],
		[
			5759827968,
			11811160064
		],
		[
			5759827968,
			11811160064
		]
	],
	"utilization": [
		5,
		2,
		2,
		10,
		10,
		15,
		15,
		19,
		19,
		18,
		18,
		18,
		18,
		18,
		18,
		18,
		18,
		18,
		18,
		18,
		18,
		18,
		18,
		18,
		18,
		18,
		18,
		18,
		18,
		18,
		18,
		18,
		18,
		18,
		18,
		18,
		18,
		18,
		18,
		19,
		19,
		19,
		19,
		18,
		18,
		19,
		19,
		14,
		14,
		16,
		16,
		16,
		16,
		15,
		15,
		15,
		15,
		18,
		18,
		18,
		18,
		18,
		18,
		18,
		18,
		18,
		18,
		19,
		19,
		18,
		18,
		19,
		19,
		19,
		19,
		19,
		19,
		19,
		19,
		19,
		19,
		18,
		18,
		19,
		19,
		19,
		19,
		19,
		19,
		18
	],
	"computation_proportion": 65,
	"extra_dict": {}
}