{
	"model_name": "ShuffleNet",
	"batch_size": 64,
	"duration_sec": 45,
	"mode": "train",
	"is_DDP": true,
	"process_group_backend": "gloo",
	"world_size": 2,
	"rank": 1,
	"local_rank": 0,
	"device_type": "gpu",
	"master_addr": "133.133.135.75",
	"master_port": 39920,
	"iteration_count": 64,
	"iteration_intervals": [
		1404916480,
		276784896,
		2323979776,
		740738816,
		607172608,
		488703232,
		491373056,
		737875712,
		989914880,
		725018880,
		852940032,
		860718848,
		605863936,
		458938112,
		409419520,
		605598976,
		740160512,
		980959488,
		743415040,
		490706944,
		484913664,
		475475456,
		866790656,
		1101827072,
		610159360,
		607535104,
		498520064,
		609667328,
		981600000,
		939145472,
		531648768,
		495450112,
		487195136,
		695757056,
		887029760,
		857998592,
		607208960,
		494092544,
		451218432,
		527673088,
		734025472,
		980835328,
		606575616,
		491317248,
		497860608,
		478594816,
		735510272,
		985327616,
		737626624,
		486203392,
		484775168,
		577689856,
		651210752,
		1189319936,
		647261184,
		614346496,
		488328960,
		607720704,
		948432896,
		1101505792,
		639465984,
		502419200,
		603682560,
		824867328
	],
	"iteration_intervals_avg": 678091823.7288135,
	"iteration_intervals_avg_second": 0.6780918237288135,
	"total_time_ns": 45361836544,
	"total_time_second": 45,
	"mem_infos": [
		[
			11269046272,
			11811160064
		],
		[
			10933501952,
			11811160064
		],
		[
			10717495296,
			11811160064
		],
		[
			8960081920,
			11811160064
		],
		[
			8960081920,
			11811160064
		],
		[
			8960081920,
			11811160064
		],
		[
			8960081920,
			11811160064
		],
		[
			8960081920,
			11811160064
		],
		[
			8960081920,
			11811160064
		],
		[
			8960081920,
			11811160064
		],
		[
			8960081920,
			11811160064
		],
		[
			8960081920,
			11811160064
		],
		[
			8960081920,
			11811160064
		],
		[
			8960081920,
			11811160064
		],
		[
			8960081920,
			11811160064
		],
		[
			8960081920,
			11811160064
		],
		[
			8960081920,
			11811160064
		],
		[
			8960081920,
			11811160064
		],
		[
			8960081920,
			11811160064
		],
		[
			8960081920,
			11811160064
		],
		[
			8960081920,
			11811160064
		],
		[
			8960081920,
			11811160064
		],
		[
			8960081920,
			11811160064
		],
		[
			8960081920,
			11811160064
		],
		[
			8960081920,
			11811160064
		],
		[
			8960081920,
			11811160064
		],
		[
			8960081920,
			11811160064
		],
		[
			8960081920,
			11811160064
		],
		[
			8960081920,
			11811160064
		],
		[
			8960081920,
			11811160064
		],
		[
			8960081920,
			11811160064
		],
		[
			8960081920,
			11811160064
		],
		[
			8960081920,
			11811160064
		],
		[
			8960081920,
			11811160064
		],
		[
			8960081920,
			11811160064
		],
		[
			8960081920,
			11811160064
		],
		[
			8960081920,
			11811160064
		],
		[
			8960081920,
			11811160064
		],
		[
			8960081920,
			11811160064
		],
		[
			8960081920,
			11811160064
		],
		[
			8960081920,
			11811160064
		],
		[
			8960081920,
			11811160064
		],
		[
			8960081920,
			11811160064
		],
		[
			8960081920,
			11811160064
		],
		[
			8960081920,
			11811160064
		],
		[
			8960081920,
			11811160064
		],
		[
			8960081920,
			11811160064
		],
		[
			8960081920,
			11811160064
		],
		[
			8960081920,
			11811160064
		],
		[
			8960081920,
			11811160064
		],
		[
			8960081920,
			11811160064
		],
		[
			8960081920,
			11811160064
		],
		[
			8960081920,
			11811160064
		],
		[
			8960081920,
			11811160064
		],
		[
			8960081920,
			11811160064
		],
		[
			8960081920,
			11811160064
		],
		[
			8960081920,
			11811160064
		],
		[
			8960081920,
			11811160064
		],
		[
			8960081920,
			11811160064
		],
		[
			8960081920,
			11811160064
		],
		[
			8960081920,
			11811160064
		],
		[
			8960081920,
			11811160064
		],
		[
			8960081920,
			11811160064
		],
		[
			8960081920,
			11811160064
		],
		[
			8960081920,
			11811160064
		],
		[
			8960081920,
			11811160064
		],
		[
			8960081920,
			11811160064
		],
		[
			8960081920,
			11811160064
		],
		[
			8960081920,
			11811160064
		],
		[
			8960081920,
			11811160064
		],
		[
			8960081920,
			11811160064
		],
		[
			8960081920,
			11811160064
		],
		[
			8960081920,
			11811160064
		],
		[
			8960081920,
			11811160064
		],
		[
			8960081920,
			11811160064
		],
		[
			8960081920,
			11811160064
		],
		[
			8960081920,
			11811160064
		],
		[
			8960081920,
			11811160064
		],
		[
			8960081920,
			11811160064
		],
		[
			8960081920,
			11811160064
		],
		[
			8960081920,
			11811160064
		],
		[
			8960081920,
			11811160064
		],
		[
			8960081920,
			11811160064
		],
		[
			8960081920,
			11811160064
		],
		[
			8960081920,
			11811160064
		],
		[
			8960081920,
			11811160064
		],
		[
			8960081920,
			11811160064
		],
		[
			8960081920,
			11811160064
		],
		[
			8960081920,
			11811160064
		],
		[
			8960081920,
			11811160064
		]
	],
	"utilization": [
		5,
		5,
		8,
		8,
		13,
		13,
		1,
		1,
		2,
		2,
		5,
		5,
		8,
		8,
		8,
		8,
		5,
		5,
		6,
		6,
		5,
		5,
		5,
		5,
		9,
		9,
		8,
		8,
		5,
		5,
		5,
		5,
		8,
		8,
		8,
		8,
		5,
		5,
		5,
		5,
		8,
		8,
		7,
		7,
		4,
		4,
		5,
		5,
		9,
		9,
		8,
		8,
		5,
		5,
		5,
		5,
		8,
		8,
		9,
		9,
		5,
		5,
		6,
		6,
		8,
		8,
		9,
		9,
		5,
		5,
		5,
		5,
		8,
		8,
		8,
		8,
		5,
		5,
		5,
		5,
		8,
		8,
		8,
		8,
		4,
		4,
		5,
		5,
		7,
		7
	],
	"computation_proportion": 5,
	"extra_dict": {}
}