{
	"model_name": "GhostNet",
	"batch_size": 64,
	"duration_sec": 45,
	"mode": "train",
	"is_DDP": true,
	"process_group_backend": "gloo",
	"world_size": 4,
	"rank": 1,
	"local_rank": 0,
	"device_type": "gpu",
	"master_addr": "133.133.135.75",
	"master_port": 39920,
	"iteration_count": 80,
	"iteration_intervals": [
		1628575488,
		167261440,
		371878400,
		363123200,
		369401600,
		256759040,
		497523200,
		845969408,
		1860761856,
		731509504,
		624510208,
		725861888,
		740872960,
		744085760,
		504710400,
		468367104,
		371058432,
		274112512,
		350741504,
		238770176,
		254191872,
		263613440,
		595129344,
		2442482432,
		730607872,
		730407936,
		623986688,
		609964800,
		730431232,
		729038592,
		719228928,
		393842176,
		375023360,
		353890560,
		261697792,
		260911104,
		237591552,
		258573312,
		346049536,
		2068266752,
		982503680,
		736775168,
		610239232,
		367785472,
		369015552,
		368229120,
		381158656,
		478408448,
		357431040,
		380306944,
		732884992,
		749725440,
		495437824,
		488326656,
		493120000,
		483652864,
		276496384,
		355609088,
		249418752,
		256824832,
		349474048,
		489655552,
		2588024064,
		628928768,
		599258624,
		619807744,
		596380928,
		378466560,
		372285952,
		272613888,
		340471808,
		253051904,
		255381248,
		468528128,
		506135296,
		474675200,
		368731904,
		257318144,
		363638784,
		372064768
	],
	"iteration_intervals_avg": 565183822.5066667,
	"iteration_intervals_avg_second": 0.5651838225066667,
	"total_time_ns": 45290342656,
	"total_time_second": 45,
	"mem_infos": [
		[
			5363466240,
			5905580032
		],
		[
			4832886784,
			5905580032
		],
		[
			4646240256,
			5905580032
		],
		[
			1475346432,
			5905580032
		],
		[
			1466957824,
			5905580032
		],
		[
			1466957824,
			5905580032
		],
		[
			1466957824,
			5905580032
		],
		[
			1466957824,
			5905580032
		],
		[
			1466957824,
			5905580032
		],
		[
			1466957824,
			5905580032
		],
		[
			1466957824,
			5905580032
		],
		[
			1466957824,
			5905580032
		],
		[
			1466957824,
			5905580032
		],
		[
			1466957824,
			5905580032
		],
		[
			1466957824,
			5905580032
		],
		[
			1466957824,
			5905580032
		],
		[
			1466957824,
			5905580032
		],
		[
			1466957824,
			5905580032
		],
		[
			1466957824,
			5905580032
		],
		[
			1466957824,
			5905580032
		],
		[
			1466957824,
			5905580032
		],
		[
			1466957824,
			5905580032
		],
		[
			1466957824,
			5905580032
		],
		[
			1466957824,
			5905580032
		],
		[
			1466957824,
			5905580032
		],
		[
			1466957824,
			5905580032
		],
		[
			1466957824,
			5905580032
		],
		[
			1466957824,
			5905580032
		],
		[
			1466957824,
			5905580032
		],
		[
			1466957824,
			5905580032
		],
		[
			1466957824,
			5905580032
		],
		[
			1466957824,
			5905580032
		],
		[
			1466957824,
			5905580032
		],
		[
			1466957824,
			5905580032
		],
		[
			1466957824,
			5905580032
		],
		[
			1466957824,
			5905580032
		],
		[
			1466957824,
			5905580032
		],
		[
			1466957824,
			5905580032
		],
		[
			1466957824,
			5905580032
		],
		[
			1466957824,
			5905580032
		],
		[
			1466957824,
			5905580032
		],
		[
			1466957824,
			5905580032
		],
		[
			1466957824,
			5905580032
		],
		[
			1466957824,
			5905580032
		],
		[
			1466957824,
			5905580032
		],
		[
			1466957824,
			5905580032
		],
		[
			1466957824,
			5905580032
		],
		[
			1466957824,
			5905580032
		],
		[
			1466957824,
			5905580032
		],
		[
			1466957824,
			5905580032
		],
		[
			1466957824,
			5905580032
		],
		[
			1466957824,
			5905580032
		],
		[
			1466957824,
			5905580032
		],
		[
			1466957824,
			5905580032
		],
		[
			1466957824,
			5905580032
		],
		[
			1466957824,
			5905580032
		],
		[
			1466957824,
			5905580032
		],
		[
			1466957824,
			5905580032
		],
		[
			1466957824,
			5905580032
		],
		[
			1466957824,
			5905580032
		],
		[
			1466957824,
			5905580032
		],
		[
			1466957824,
			5905580032
		],
		[
			1466957824,
			5905580032
		],
		[
			1466957824,
			5905580032
		],
		[
			1466957824,
			5905580032
		],
		[
			1466957824,
			5905580032
		],
		[
			1466957824,
			5905580032
		],
		[
			1466957824,
			5905580032
		],
		[
			1466957824,
			5905580032
		],
		[
			1466957824,
			5905580032
		],
		[
			1466957824,
			5905580032
		],
		[
			1466957824,
			5905580032
		],
		[
			1466957824,
			5905580032
		],
		[
			1466957824,
			5905580032
		],
		[
			1466957824,
			5905580032
		],
		[
			1466957824,
			5905580032
		],
		[
			1466957824,
			5905580032
		],
		[
			1466957824,
			5905580032
		],
		[
			1466957824,
			5905580032
		],
		[
			1466957824,
			5905580032
		],
		[
			1466957824,
			5905580032
		],
		[
			1466957824,
			5905580032
		],
		[
			1466957824,
			5905580032
		],
		[
			1466957824,
			5905580032
		],
		[
			1466957824,
			5905580032
		],
		[
			1466957824,
			5905580032
		],
		[
			1466957824,
			5905580032
		],
		[
			1466957824,
			5905580032
		],
		[
			1466957824,
			5905580032
		],
		[
			1466957824,
			5905580032
		]
	],
	"utilization": [
		9,
		9,
		11,
		11,
		45,
		45,
		40,
		40,
		39,
		39,
		14,
		14,
		4,
		4,
		17,
		17,
		31,
		31,
		20,
		20,
		20,
		20,
		32,
		32,
		46,
		46,
		53,
		53,
		13,
		13,
		1,
		1,
		15,
		15,
		17,
		17,
		28,
		28,
		23,
		23,
		26,
		26,
		25,
		25,
		45,
		45,
		56,
		56,
		14,
		14,
		0,
		0,
		16,
		16,
		27,
		27,
		35,
		35,
		42,
		42,
		36,
		36,
		30,
		30,
		16,
		16,
		31,
		31,
		47,
		47,
		48,
		48,
		21,
		21,
		0,
		0,
		6,
		6,
		29,
		29,
		26,
		26,
		32,
		32,
		48,
		48,
		43,
		43,
		32,
		32
	],
	"computation_proportion": 20,
	"extra_dict": {}
}