{
	"model_name": "GhostNet",
	"batch_size": 64,
	"duration_sec": 45,
	"mode": "train",
	"is_DDP": true,
	"process_group_backend": "gloo",
	"world_size": 4,
	"rank": 0,
	"local_rank": 0,
	"device_type": "gpu",
	"master_addr": "133.133.135.75",
	"master_port": 39920,
	"iteration_count": 80,
	"iteration_intervals": [
		1627252736,
		173038080,
		365337344,
		364668928,
		369370112,
		260039424,
		493413888,
		846348288,
		1853637120,
		744563712,
		615329536,
		729187840,
		734863616,
		743618304,
		510275328,
		468690944,
		371148544,
		274237184,
		350563328,
		237496320,
		255567616,
		263708160,
		590114048,
		2449073920,
		728897280,
		730521088,
		623674624,
		610405632,
		734622208,
		729691904,
		627896832,
		481326592,
		379014656,
		350894592,
		257586176,
		258610432,
		238910464,
		261904128,
		350451712,
		2063601408,
		989472768,
		729637120,
		610387712,
		367119616,
		369807360,
		367337984,
		390776576,
		469486080,
		358350336,
		380652032,
		726514944,
		754144000,
		495928320,
		489790720,
		493786368,
		481780224,
		275940864,
		356115712,
		249257472,
		255974656,
		347249664,
		493244928,
		2587546112,
		627449856,
		601137664,
		624230912,
		603678720,
		373544960,
		370320640,
		266949632,
		341087232,
		253398528,
		251628288,
		472622336,
		505403136,
		474771456,
		368829184,
		256476928,
		361800192,
		374489088
	],
	"iteration_intervals_avg": 565173428.9066666,
	"iteration_intervals_avg_second": 0.5651734289066667,
	"total_time_ns": 45289037824,
	"total_time_second": 45,
	"mem_infos": [
		[
			5363466240,
			5905580032
		],
		[
			4832886784,
			5905580032
		],
		[
			4639948800,
			5905580032
		],
		[
			1475346432,
			5905580032
		],
		[
			1466957824,
			5905580032
		],
		[
			1466957824,
			5905580032
		],
		[
			1466957824,
			5905580032
		],
		[
			1466957824,
			5905580032
		],
		[
			1466957824,
			5905580032
		],
		[
			1466957824,
			5905580032
		],
		[
			1466957824,
			5905580032
		],
		[
			1466957824,
			5905580032
		],
		[
			1466957824,
			5905580032
		],
		[
			1466957824,
			5905580032
		],
		[
			1466957824,
			5905580032
		],
		[
			1466957824,
			5905580032
		],
		[
			1466957824,
			5905580032
		],
		[
			1466957824,
			5905580032
		],
		[
			1466957824,
			5905580032
		],
		[
			1466957824,
			5905580032
		],
		[
			1466957824,
			5905580032
		],
		[
			1466957824,
			5905580032
		],
		[
			1466957824,
			5905580032
		],
		[
			1466957824,
			5905580032
		],
		[
			1466957824,
			5905580032
		],
		[
			1466957824,
			5905580032
		],
		[
			1466957824,
			5905580032
		],
		[
			1466957824,
			5905580032
		],
		[
			1466957824,
			5905580032
		],
		[
			1466957824,
			5905580032
		],
		[
			1466957824,
			5905580032
		],
		[
			1466957824,
			5905580032
		],
		[
			1466957824,
			5905580032
		],
		[
			1466957824,
			5905580032
		],
		[
			1466957824,
			5905580032
		],
		[
			1466957824,
			5905580032
		],
		[
			1466957824,
			5905580032
		],
		[
			1466957824,
			5905580032
		],
		[
			1466957824,
			5905580032
		],
		[
			1466957824,
			5905580032
		],
		[
			1466957824,
			5905580032
		],
		[
			1466957824,
			5905580032
		],
		[
			1466957824,
			5905580032
		],
		[
			1466957824,
			5905580032
		],
		[
			1466957824,
			5905580032
		],
		[
			1466957824,
			5905580032
		],
		[
			1466957824,
			5905580032
		],
		[
			1466957824,
			5905580032
		],
		[
			1466957824,
			5905580032
		],
		[
			1466957824,
			5905580032
		],
		[
			1466957824,
			5905580032
		],
		[
			1466957824,
			5905580032
		],
		[
			1466957824,
			5905580032
		],
		[
			1466957824,
			5905580032
		],
		[
			1466957824,
			5905580032
		],
		[
			1466957824,
			5905580032
		],
		[
			1466957824,
			5905580032
		],
		[
			1466957824,
			5905580032
		],
		[
			1466957824,
			5905580032
		],
		[
			1466957824,
			5905580032
		],
		[
			1466957824,
			5905580032
		],
		[
			1466957824,
			5905580032
		],
		[
			1466957824,
			5905580032
		],
		[
			1466957824,
			5905580032
		],
		[
			1466957824,
			5905580032
		],
		[
			1466957824,
			5905580032
		],
		[
			1466957824,
			5905580032
		],
		[
			1466957824,
			5905580032
		],
		[
			1466957824,
			5905580032
		],
		[
			1466957824,
			5905580032
		],
		[
			1466957824,
			5905580032
		],
		[
			1466957824,
			5905580032
		],
		[
			1466957824,
			5905580032
		],
		[
			1466957824,
			5905580032
		],
		[
			1466957824,
			5905580032
		],
		[
			1466957824,
			5905580032
		],
		[
			1466957824,
			5905580032
		],
		[
			1466957824,
			5905580032
		],
		[
			1466957824,
			5905580032
		],
		[
			1466957824,
			5905580032
		],
		[
			1466957824,
			5905580032
		],
		[
			1466957824,
			5905580032
		],
		[
			1466957824,
			5905580032
		],
		[
			1466957824,
			5905580032
		],
		[
			1466957824,
			5905580032
		],
		[
			1466957824,
			5905580032
		],
		[
			1466957824,
			5905580032
		],
		[
			1466957824,
			5905580032
		],
		[
			1466957824,
			5905580032
		],
		[
			1466957824,
			5905580032
		]
	],
	"utilization": [
		9,
		9,
		11,
		11,
		45,
		45,
		40,
		40,
		39,
		39,
		14,
		14,
		4,
		4,
		17,
		17,
		31,
		31,
		20,
		20,
		20,
		20,
		32,
		32,
		46,
		46,
		53,
		53,
		13,
		13,
		1,
		1,
		15,
		15,
		17,
		17,
		28,
		28,
		23,
		23,
		26,
		26,
		25,
		25,
		45,
		45,
		56,
		56,
		14,
		14,
		0,
		0,
		16,
		16,
		27,
		27,
		35,
		35,
		42,
		42,
		36,
		36,
		30,
		30,
		16,
		16,
		31,
		31,
		47,
		47,
		48,
		48,
		21,
		21,
		0,
		0,
		6,
		6,
		29,
		29,
		26,
		26,
		32,
		32,
		48,
		48,
		43,
		43,
		32,
		32
	],
	"computation_proportion": 20,
	"extra_dict": {}
}