{
	"model_name": "ShuffleNet",
	"batch_size": 128,
	"duration_sec": 45,
	"mode": "train",
	"is_DDP": true,
	"process_group_backend": "gloo",
	"world_size": 4,
	"rank": 1,
	"local_rank": 0,
	"device_type": "gpu",
	"master_addr": "133.133.135.75",
	"master_port": 39920,
	"iteration_count": 118,
	"iteration_intervals": [
		1686648064,
		233024000,
		231119360,
		233409792,
		231220992,
		231714816,
		236904960,
		232096512,
		243828224,
		231259136,
		266197248,
		260690176,
		256901888,
		239247104,
		369475840,
		233988352,
		253074176,
		242535168,
		326839552,
		736684544,
		988807168,
		730131968,
		504115456,
		489818368,
		493829888,
		593412096,
		495158016,
		253701632,
		255574272,
		257989376,
		237274112,
		247803904,
		247443200,
		241068800,
		241075456,
		242557440,
		252982528,
		475252992,
		1956602112,
		507267072,
		364207360,
		373914368,
		249451008,
		236363776,
		245990400,
		245404416,
		251066112,
		245161728,
		240199680,
		243319808,
		363482368,
		608541696,
		362972416,
		260470016,
		314440192,
		370292992,
		483617536,
		374680064,
		365811968,
		246172928,
		234868992,
		231974144,
		234252032,
		239369984,
		234254848,
		231941376,
		335831808,
		501635584,
		360054528,
		991275264,
		977585152,
		617749248,
		601999360,
		377213184,
		484608768,
		484400384,
		379241472,
		255311104,
		254354432,
		236591104,
		244653568,
		238117120,
		247160832,
		367105280,
		473849088,
		1833222656,
		494130176,
		356846592,
		261476864,
		352789504,
		256198912,
		250748416,
		236010240,
		235961344,
		234796032,
		231776768,
		237189888,
		236909312,
		279407104,
		384521728,
		344430336,
		249848832,
		259538688,
		249221888,
		252303872,
		243122944,
		243538432,
		580898048,
		730361088,
		365363200,
		291515136,
		364339200,
		254565888,
		248369920,
		303478272,
		363377408,
		498900992,
		849524224
	],
	"iteration_intervals_avg": 379902185.34513277,
	"iteration_intervals_avg_second": 0.37990218534513276,
	"total_time_ns": 45545563136,
	"total_time_second": 45,
	"mem_infos": [
		[
			5363466240,
			5905580032
		],
		[
			4929355776,
			5905580032
		],
		[
			4719640576,
			5905580032
		],
		[
			1351614464,
			5905580032
		],
		[
			1343225856,
			5905580032
		],
		[
			1343225856,
			5905580032
		],
		[
			1343225856,
			5905580032
		],
		[
			1343225856,
			5905580032
		],
		[
			1343225856,
			5905580032
		],
		[
			1343225856,
			5905580032
		],
		[
			1343225856,
			5905580032
		],
		[
			1343225856,
			5905580032
		],
		[
			1343225856,
			5905580032
		],
		[
			1343225856,
			5905580032
		],
		[
			1343225856,
			5905580032
		],
		[
			1343225856,
			5905580032
		],
		[
			1343225856,
			5905580032
		],
		[
			1343225856,
			5905580032
		],
		[
			1343225856,
			5905580032
		],
		[
			1343225856,
			5905580032
		],
		[
			1343225856,
			5905580032
		],
		[
			1343225856,
			5905580032
		],
		[
			1343225856,
			5905580032
		],
		[
			1343225856,
			5905580032
		],
		[
			1343225856,
			5905580032
		],
		[
			1343225856,
			5905580032
		],
		[
			1343225856,
			5905580032
		],
		[
			1343225856,
			5905580032
		],
		[
			1343225856,
			5905580032
		],
		[
			1343225856,
			5905580032
		],
		[
			1343225856,
			5905580032
		],
		[
			1343225856,
			5905580032
		],
		[
			1343225856,
			5905580032
		],
		[
			1343225856,
			5905580032
		],
		[
			1343225856,
			5905580032
		],
		[
			1343225856,
			5905580032
		],
		[
			1343225856,
			5905580032
		],
		[
			1343225856,
			5905580032
		],
		[
			1343225856,
			5905580032
		],
		[
			1343225856,
			5905580032
		],
		[
			1343225856,
			5905580032
		],
		[
			1343225856,
			5905580032
		],
		[
			1343225856,
			5905580032
		],
		[
			1343225856,
			5905580032
		],
		[
			1343225856,
			5905580032
		],
		[
			1343225856,
			5905580032
		],
		[
			1343225856,
			5905580032
		],
		[
			1343225856,
			5905580032
		],
		[
			1343225856,
			5905580032
		],
		[
			1343225856,
			5905580032
		],
		[
			1343225856,
			5905580032
		],
		[
			1343225856,
			5905580032
		],
		[
			1343225856,
			5905580032
		],
		[
			1343225856,
			5905580032
		],
		[
			1343225856,
			5905580032
		],
		[
			1343225856,
			5905580032
		],
		[
			1343225856,
			5905580032
		],
		[
			1343225856,
			5905580032
		],
		[
			1343225856,
			5905580032
		],
		[
			1343225856,
			5905580032
		],
		[
			1343225856,
			5905580032
		],
		[
			1343225856,
			5905580032
		],
		[
			1343225856,
			5905580032
		],
		[
			1343225856,
			5905580032
		],
		[
			1343225856,
			5905580032
		],
		[
			1343225856,
			5905580032
		],
		[
			1343225856,
			5905580032
		],
		[
			1343225856,
			5905580032
		],
		[
			1343225856,
			5905580032
		],
		[
			1343225856,
			5905580032
		],
		[
			1343225856,
			5905580032
		],
		[
			1343225856,
			5905580032
		],
		[
			1343225856,
			5905580032
		],
		[
			1343225856,
			5905580032
		],
		[
			1343225856,
			5905580032
		],
		[
			1343225856,
			5905580032
		],
		[
			1343225856,
			5905580032
		],
		[
			1343225856,
			5905580032
		],
		[
			1343225856,
			5905580032
		],
		[
			1343225856,
			5905580032
		],
		[
			1343225856,
			5905580032
		],
		[
			1343225856,
			5905580032
		],
		[
			1343225856,
			5905580032
		],
		[
			1343225856,
			5905580032
		],
		[
			1343225856,
			5905580032
		],
		[
			1343225856,
			5905580032
		],
		[
			1343225856,
			5905580032
		],
		[
			1343225856,
			5905580032
		],
		[
			1343225856,
			5905580032
		],
		[
			1343225856,
			5905580032
		]
	],
	"utilization": [
		11,
		11,
		12,
		12,
		34,
		34,
		65,
		65,
		65,
		65,
		62,
		62,
		58,
		58,
		29,
		29,
		15,
		15,
		27,
		27,
		32,
		32,
		29,
		29,
		47,
		47,
		65,
		65,
		61,
		61,
		14,
		14,
		3,
		3,
		29,
		29,
		51,
		51,
		64,
		64,
		51,
		51,
		35,
		35,
		46,
		46,
		42,
		42,
		69,
		69,
		56,
		56,
		34,
		34,
		16,
		16,
		16,
		16,
		27,
		27,
		35,
		35,
		45,
		45,
		63,
		63,
		42,
		42,
		5,
		5,
		17,
		17,
		48,
		48,
		57,
		57,
		67,
		67,
		47,
		47,
		62,
		62,
		46,
		46,
		30,
		30,
		44,
		44,
		47,
		47
	],
	"computation_proportion": 30,
	"extra_dict": {}
}