{
	"model_name": "MEALV2",
	"batch_size": 16,
	"duration_sec": 45,
	"mode": "train",
	"is_DDP": true,
	"process_group_backend": "gloo",
	"world_size": 2,
	"rank": 1,
	"local_rank": 0,
	"device_type": "gpu",
	"master_addr": "133.133.135.75",
	"master_port": 39920,
	"iteration_count": 151,
	"iteration_intervals": [
		1388952576,
		65469952,
		56083712,
		54056704,
		54582016,
		58079232,
		57115648,
		274269440,
		2077181696,
		497050624,
		335914240,
		268956672,
		216292352,
		176304640,
		219599360,
		222189568,
		264207872,
		251747328,
		489702912,
		1089755392,
		376879616,
		366608384,
		239504128,
		236707840,
		151218688,
		231077888,
		129567488,
		230807040,
		246014464,
		354504192,
		375150848,
		854593792,
		502172928,
		324467968,
		270959872,
		151706112,
		224893440,
		211414528,
		157402880,
		240847360,
		247450112,
		230959872,
		464178176,
		1009717760,
		495010816,
		363991552,
		261921024,
		232379904,
		247273984,
		139318272,
		232103680,
		240246784,
		331914240,
		409874176,
		1223327232,
		569658112,
		273844224,
		249320448,
		251811840,
		228392192,
		148365824,
		219670528,
		138295552,
		125143296,
		141897728,
		179408896,
		146621952,
		127621632,
		130537984,
		204781312,
		157549824,
		236409344,
		215345408,
		247891968,
		274362624,
		454076416,
		286593536,
		251403520,
		243526912,
		232850944,
		138658304,
		230791936,
		125342720,
		140908800,
		134562048,
		208174336,
		122416384,
		136086272,
		229377280,
		137388544,
		232002816,
		248854784,
		354196992,
		367997952,
		372206080,
		244946944,
		248450048,
		235747584,
		139062272,
		195943424,
		160193792,
		121965056,
		139944960,
		137084160,
		175666432,
		155200000,
		128337664,
		137225472,
		215324672,
		135943680,
		247882496,
		240981248,
		353936640,
		374658816,
		250456064,
		256326912,
		233090816,
		241059840,
		244248064,
		237240576,
		370595328,
		1311736320,
		647738112,
		364610816,
		245829120,
		247815168,
		212781056,
		165090304,
		239430912,
		353691648,
		374425856,
		255058176,
		242213120,
		236709632,
		237181184,
		140806656,
		243704576,
		324591360,
		365486336,
		615272960,
		878071552,
		367418368,
		337162496,
		241353216,
		160259072,
		238251008,
		219313664,
		236838144,
		289219840,
		353425152,
		1072967424
	],
	"iteration_intervals_avg": 303142791.01369864,
	"iteration_intervals_avg_second": 0.3031427910136986,
	"total_time_ns": 45878944256,
	"total_time_second": 45,
	"mem_infos": [
		[
			11266949120,
			11811160064
		],
		[
			11027873792,
			11811160064
		],
		[
			10803478528,
			11811160064
		],
		[
			10369368064,
			11811160064
		],
		[
			10369368064,
			11811160064
		],
		[
			10369368064,
			11811160064
		],
		[
			10369368064,
			11811160064
		],
		[
			10369368064,
			11811160064
		],
		[
			10369368064,
			11811160064
		],
		[
			10369368064,
			11811160064
		],
		[
			10369368064,
			11811160064
		],
		[
			10369368064,
			11811160064
		],
		[
			10369368064,
			11811160064
		],
		[
			10369368064,
			11811160064
		],
		[
			10369368064,
			11811160064
		],
		[
			10369368064,
			11811160064
		],
		[
			10369368064,
			11811160064
		],
		[
			10369368064,
			11811160064
		],
		[
			10369368064,
			11811160064
		],
		[
			10369368064,
			11811160064
		],
		[
			10369368064,
			11811160064
		],
		[
			10369368064,
			11811160064
		],
		[
			10369368064,
			11811160064
		],
		[
			10369368064,
			11811160064
		],
		[
			10369368064,
			11811160064
		],
		[
			10369368064,
			11811160064
		],
		[
			10369368064,
			11811160064
		],
		[
			10369368064,
			11811160064
		],
		[
			10369368064,
			11811160064
		],
		[
			10369368064,
			11811160064
		],
		[
			10369368064,
			11811160064
		],
		[
			10369368064,
			11811160064
		],
		[
			10369368064,
			11811160064
		],
		[
			10369368064,
			11811160064
		],
		[
			10369368064,
			11811160064
		],
		[
			10369368064,
			11811160064
		],
		[
			10369368064,
			11811160064
		],
		[
			10369368064,
			11811160064
		],
		[
			10369368064,
			11811160064
		],
		[
			10369368064,
			11811160064
		],
		[
			10369368064,
			11811160064
		],
		[
			10369368064,
			11811160064
		],
		[
			10369368064,
			11811160064
		],
		[
			10369368064,
			11811160064
		],
		[
			10369368064,
			11811160064
		],
		[
			10369368064,
			11811160064
		],
		[
			10369368064,
			11811160064
		],
		[
			10369368064,
			11811160064
		],
		[
			10369368064,
			11811160064
		],
		[
			10369368064,
			11811160064
		],
		[
			10369368064,
			11811160064
		],
		[
			10369368064,
			11811160064
		],
		[
			10369368064,
			11811160064
		],
		[
			10369368064,
			11811160064
		],
		[
			10369368064,
			11811160064
		],
		[
			10369368064,
			11811160064
		],
		[
			10369368064,
			11811160064
		],
		[
			10369368064,
			11811160064
		],
		[
			10369368064,
			11811160064
		],
		[
			10369368064,
			11811160064
		],
		[
			10369368064,
			11811160064
		],
		[
			10369368064,
			11811160064
		],
		[
			10369368064,
			11811160064
		],
		[
			10369368064,
			11811160064
		],
		[
			10369368064,
			11811160064
		],
		[
			10369368064,
			11811160064
		],
		[
			10369368064,
			11811160064
		],
		[
			10369368064,
			11811160064
		],
		[
			10369368064,
			11811160064
		],
		[
			10369368064,
			11811160064
		],
		[
			10369368064,
			11811160064
		],
		[
			10369368064,
			11811160064
		],
		[
			10369368064,
			11811160064
		],
		[
			10369368064,
			11811160064
		],
		[
			10369368064,
			11811160064
		],
		[
			10369368064,
			11811160064
		],
		[
			10369368064,
			11811160064
		],
		[
			10369368064,
			11811160064
		],
		[
			10369368064,
			11811160064
		],
		[
			10369368064,
			11811160064
		],
		[
			10369368064,
			11811160064
		],
		[
			10369368064,
			11811160064
		],
		[
			10369368064,
			11811160064
		],
		[
			10369368064,
			11811160064
		],
		[
			10369368064,
			11811160064
		],
		[
			10369368064,
			11811160064
		],
		[
			10369368064,
			11811160064
		],
		[
			10369368064,
			11811160064
		],
		[
			10369368064,
			11811160064
		],
		[
			10369368064,
			11811160064
		]
	],
	"utilization": [
		4,
		4,
		7,
		7,
		12,
		12,
		8,
		8,
		0,
		0,
		2,
		2,
		7,
		7,
		7,
		7,
		2,
		2,
		3,
		3,
		7,
		7,
		8,
		8,
		3,
		3,
		3,
		3,
		7,
		7,
		7,
		7,
		2,
		2,
		3,
		3,
		7,
		7,
		6,
		6,
		2,
		2,
		2,
		6,
		6,
		10,
		10,
		9,
		9,
		6,
		6,
		6,
		6,
		10,
		10,
		9,
		9,
		5,
		5,
		6,
		6,
		10,
		10,
		10,
		10,
		5,
		5,
		6,
		6,
		6,
		6,
		1,
		1,
		2,
		2,
		6,
		6,
		5,
		5,
		6,
		6,
		7,
		7,
		2,
		2,
		2,
		2,
		7,
		7,
		7
	],
	"computation_proportion": 5,
	"extra_dict": {}
}