{
	"model_name": "ResNet18",
	"batch_size": 16,
	"duration_sec": 45,
	"mode": "train",
	"is_DDP": true,
	"process_group_backend": "gloo",
	"world_size": 2,
	"rank": 0,
	"local_rank": 0,
	"device_type": "gpu",
	"master_addr": "133.133.135.74",
	"master_port": 39920,
	"iteration_count": 101,
	"iteration_intervals": [
		1735503360,
		436504320,
		427204608,
		449888768,
		429083904,
		433506304,
		430025728,
		438780160,
		431831808,
		427217408,
		441897472,
		431994112,
		437490688,
		436169472,
		432942080,
		432454912,
		436170752,
		430239744,
		433757696,
		446450688,
		432497664,
		433115392,
		432996096,
		445923584,
		441710848,
		429304064,
		445064192,
		428691968,
		432080640,
		432637440,
		432715776,
		446290432,
		432576512,
		430758400,
		428854016,
		433847808,
		431027456,
		445291264,
		446408448,
		431986176,
		432843776,
		429571072,
		433791488,
		434502400,
		427153408,
		433120000,
		432378368,
		438739200,
		442466048,
		435727104,
		432751616,
		437606144,
		431658496,
		433137920,
		432467712,
		433259776,
		437277952,
		434943744,
		429915904,
		432884992,
		433178624,
		433065728,
		433187840,
		430281984,
		441166592,
		433293056,
		428870400,
		429374976,
		429753856,
		432687360,
		432967936,
		429533952,
		433344256,
		435673344,
		433137664,
		441203456,
		431090688,
		434884608,
		428989440,
		431556352,
		433306880,
		432510208,
		435979520,
		439175424,
		444743168,
		430981376,
		433840896,
		432406784,
		428946176,
		439279104,
		433335808,
		434594560,
		427437056,
		438706688,
		437790976,
		430527488,
		437093888,
		429683456,
		433042688,
		429239552,
		433556736
	],
	"iteration_intervals_avg": 434211717.3333333,
	"iteration_intervals_avg_second": 0.4342117173333333,
	"total_time_ns": 45163396352,
	"total_time_second": 45,
	"mem_infos": [
		[
			11130634240,
			11811160064
		],
		[
			10837032960,
			11811160064
		],
		[
			10602151936,
			11811160064
		],
		[
			9878634496,
			11811160064
		],
		[
			9870245888,
			11811160064
		],
		[
			9870245888,
			11811160064
		],
		[
			9870245888,
			11811160064
		],
		[
			9870245888,
			11811160064
		],
		[
			9870245888,
			11811160064
		],
		[
			9870245888,
			11811160064
		],
		[
			9870245888,
			11811160064
		],
		[
			9870245888,
			11811160064
		],
		[
			9870245888,
			11811160064
		],
		[
			9870245888,
			11811160064
		],
		[
			9870245888,
			11811160064
		],
		[
			9870245888,
			11811160064
		],
		[
			9870245888,
			11811160064
		],
		[
			9870245888,
			11811160064
		],
		[
			9870245888,
			11811160064
		],
		[
			9870245888,
			11811160064
		],
		[
			9870245888,
			11811160064
		],
		[
			9870245888,
			11811160064
		],
		[
			9870245888,
			11811160064
		],
		[
			9870245888,
			11811160064
		],
		[
			9870245888,
			11811160064
		],
		[
			9870245888,
			11811160064
		],
		[
			9870245888,
			11811160064
		],
		[
			9870245888,
			11811160064
		],
		[
			9870245888,
			11811160064
		],
		[
			9870245888,
			11811160064
		],
		[
			9870245888,
			11811160064
		],
		[
			9870245888,
			11811160064
		],
		[
			9870245888,
			11811160064
		],
		[
			9870245888,
			11811160064
		],
		[
			9870245888,
			11811160064
		],
		[
			9870245888,
			11811160064
		],
		[
			9870245888,
			11811160064
		],
		[
			9870245888,
			11811160064
		],
		[
			9870245888,
			11811160064
		],
		[
			9870245888,
			11811160064
		],
		[
			9870245888,
			11811160064
		],
		[
			9870245888,
			11811160064
		],
		[
			9870245888,
			11811160064
		],
		[
			9870245888,
			11811160064
		],
		[
			9870245888,
			11811160064
		],
		[
			9870245888,
			11811160064
		],
		[
			9870245888,
			11811160064
		],
		[
			9870245888,
			11811160064
		],
		[
			9870245888,
			11811160064
		],
		[
			9870245888,
			11811160064
		],
		[
			9870245888,
			11811160064
		],
		[
			9870245888,
			11811160064
		],
		[
			9870245888,
			11811160064
		],
		[
			9870245888,
			11811160064
		],
		[
			9870245888,
			11811160064
		],
		[
			9870245888,
			11811160064
		],
		[
			9870245888,
			11811160064
		],
		[
			9870245888,
			11811160064
		],
		[
			9870245888,
			11811160064
		],
		[
			9870245888,
			11811160064
		],
		[
			9870245888,
			11811160064
		],
		[
			9870245888,
			11811160064
		],
		[
			9870245888,
			11811160064
		],
		[
			9870245888,
			11811160064
		],
		[
			9870245888,
			11811160064
		],
		[
			9870245888,
			11811160064
		],
		[
			9870245888,
			11811160064
		],
		[
			9870245888,
			11811160064
		],
		[
			9870245888,
			11811160064
		],
		[
			9870245888,
			11811160064
		],
		[
			9870245888,
			11811160064
		],
		[
			9870245888,
			11811160064
		],
		[
			9870245888,
			11811160064
		],
		[
			9870245888,
			11811160064
		],
		[
			9870245888,
			11811160064
		],
		[
			9870245888,
			11811160064
		],
		[
			9870245888,
			11811160064
		],
		[
			9870245888,
			11811160064
		],
		[
			9870245888,
			11811160064
		],
		[
			9870245888,
			11811160064
		],
		[
			9870245888,
			11811160064
		],
		[
			9870245888,
			11811160064
		],
		[
			9870245888,
			11811160064
		],
		[
			9870245888,
			11811160064
		],
		[
			9870245888,
			11811160064
		],
		[
			9870245888,
			11811160064
		],
		[
			9870245888,
			11811160064
		],
		[
			9870245888,
			11811160064
		],
		[
			9870245888,
			11811160064
		],
		[
			9870245888,
			11811160064
		]
	],
	"utilization": [
		3,
		3,
		3,
		5,
		5,
		9,
		9,
		7,
		7,
		7,
		7,
		10,
		10,
		7,
		7,
		7,
		7,
		8,
		8,
		10,
		10,
		7,
		7,
		7,
		7,
		10,
		10,
		7,
		7,
		7,
		7,
		10,
		10,
		7,
		7,
		7,
		7,
		9,
		9,
		8,
		8,
		7,
		7,
		9,
		9,
		9,
		9,
		7,
		7,
		7,
		7,
		10,
		10,
		7,
		7,
		7,
		7,
		10,
		10,
		7,
		7,
		7,
		7,
		10,
		10,
		7,
		7,
		7,
		7,
		10,
		10,
		7,
		7,
		7,
		7,
		10,
		10,
		7,
		7,
		7,
		7,
		10,
		10,
		7,
		7,
		7,
		7,
		8,
		8,
		9
	],
	"computation_proportion": 25,
	"extra_dict": {}
}