{
	"model_name": "ShuffleNet",
	"batch_size": 128,
	"duration_sec": 45,
	"mode": "train",
	"is_DDP": true,
	"process_group_backend": "gloo",
	"world_size": 4,
	"rank": 2,
	"local_rank": 0,
	"device_type": "gpu",
	"master_addr": "133.133.135.75",
	"master_port": 39920,
	"iteration_count": 56,
	"iteration_intervals": [
		1638234112,
		242864128,
		244912640,
		474995456,
		2076481536,
		733129728,
		479517184,
		388422656,
		686070016,
		2562208512,
		614590976,
		611438848,
		604640768,
		1594620160,
		1099613696,
		505578496,
		481947136,
		266414848,
		366121984,
		1830708992,
		977119232,
		736292864,
		854033152,
		982825216,
		972097792,
		863299328,
		733523456,
		979628544,
		1346786304,
		860607744,
		605099008,
		377782272,
		370961408,
		351975680,
		243190016,
		244158208,
		261053952,
		2677645824,
		615527424,
		485281280,
		397380352,
		462129920,
		606301696,
		372666624,
		2723516928,
		623779328,
		370213376,
		365541376,
		363938048,
		248588800,
		568365568,
		2083213056,
		618646272,
		487425536,
		1005890048,
		1676708608
	],
	"iteration_intervals_avg": 810553298.8235294,
	"iteration_intervals_avg_second": 0.8105532988235293,
	"total_time_ns": 46016599808,
	"total_time_second": 46,
	"mem_infos": [
		[
			5363466240,
			5905580032
		],
		[
			4910481408,
			5905580032
		],
		[
			4679794688,
			5905580032
		],
		[
			1351614464,
			5905580032
		],
		[
			1343225856,
			5905580032
		],
		[
			1343225856,
			5905580032
		],
		[
			1343225856,
			5905580032
		],
		[
			1343225856,
			5905580032
		],
		[
			1343225856,
			5905580032
		],
		[
			1343225856,
			5905580032
		],
		[
			1343225856,
			5905580032
		],
		[
			1343225856,
			5905580032
		],
		[
			1343225856,
			5905580032
		],
		[
			1343225856,
			5905580032
		],
		[
			1343225856,
			5905580032
		],
		[
			1343225856,
			5905580032
		],
		[
			1343225856,
			5905580032
		],
		[
			1343225856,
			5905580032
		],
		[
			1343225856,
			5905580032
		],
		[
			1343225856,
			5905580032
		],
		[
			1343225856,
			5905580032
		],
		[
			1343225856,
			5905580032
		],
		[
			1343225856,
			5905580032
		],
		[
			1343225856,
			5905580032
		],
		[
			1343225856,
			5905580032
		],
		[
			1343225856,
			5905580032
		],
		[
			1343225856,
			5905580032
		],
		[
			1343225856,
			5905580032
		],
		[
			1343225856,
			5905580032
		],
		[
			1343225856,
			5905580032
		],
		[
			1343225856,
			5905580032
		],
		[
			1343225856,
			5905580032
		],
		[
			1343225856,
			5905580032
		],
		[
			1343225856,
			5905580032
		],
		[
			1343225856,
			5905580032
		],
		[
			1343225856,
			5905580032
		],
		[
			1343225856,
			5905580032
		],
		[
			1343225856,
			5905580032
		],
		[
			1343225856,
			5905580032
		],
		[
			1343225856,
			5905580032
		],
		[
			1343225856,
			5905580032
		],
		[
			1343225856,
			5905580032
		],
		[
			1343225856,
			5905580032
		],
		[
			1343225856,
			5905580032
		],
		[
			1343225856,
			5905580032
		],
		[
			1343225856,
			5905580032
		],
		[
			1343225856,
			5905580032
		],
		[
			1343225856,
			5905580032
		],
		[
			1343225856,
			5905580032
		],
		[
			1343225856,
			5905580032
		],
		[
			1343225856,
			5905580032
		],
		[
			1343225856,
			5905580032
		],
		[
			1343225856,
			5905580032
		],
		[
			1343225856,
			5905580032
		],
		[
			1343225856,
			5905580032
		],
		[
			1343225856,
			5905580032
		],
		[
			1343225856,
			5905580032
		],
		[
			1343225856,
			5905580032
		],
		[
			1343225856,
			5905580032
		],
		[
			1343225856,
			5905580032
		],
		[
			1343225856,
			5905580032
		],
		[
			1343225856,
			5905580032
		],
		[
			1343225856,
			5905580032
		],
		[
			1343225856,
			5905580032
		],
		[
			1343225856,
			5905580032
		],
		[
			1343225856,
			5905580032
		],
		[
			1343225856,
			5905580032
		],
		[
			1343225856,
			5905580032
		],
		[
			1343225856,
			5905580032
		],
		[
			1343225856,
			5905580032
		],
		[
			1343225856,
			5905580032
		],
		[
			1343225856,
			5905580032
		],
		[
			1343225856,
			5905580032
		],
		[
			1343225856,
			5905580032
		],
		[
			1343225856,
			5905580032
		],
		[
			1343225856,
			5905580032
		],
		[
			1343225856,
			5905580032
		],
		[
			1343225856,
			5905580032
		],
		[
			1343225856,
			5905580032
		],
		[
			1343225856,
			5905580032
		],
		[
			1343225856,
			5905580032
		],
		[
			1343225856,
			5905580032
		],
		[
			1343225856,
			5905580032
		],
		[
			1343225856,
			5905580032
		],
		[
			1343225856,
			5905580032
		],
		[
			1343225856,
			5905580032
		],
		[
			1343225856,
			5905580032
		],
		[
			1343225856,
			5905580032
		],
		[
			1343225856,
			5905580032
		],
		[
			1343225856,
			5905580032
		]
	],
	"utilization": [
		11,
		11,
		10,
		10,
		36,
		36,
		42,
		42,
		1,
		1,
		13,
		13,
		21,
		21,
		30,
		30,
		15,
		15,
		0,
		0,
		17,
		17,
		26,
		26,
		21,
		21,
		0,
		0,
		16,
		16,
		31,
		31,
		42,
		42,
		1,
		1,
		12,
		12,
		16,
		16,
		17,
		17,
		15,
		15,
		15,
		15,
		20,
		20,
		24,
		24,
		14,
		14,
		5,
		5,
		25,
		25,
		30,
		30,
		50,
		50,
		26,
		26,
		0,
		0,
		9,
		9,
		30,
		30,
		40,
		40,
		33,
		33,
		3,
		3,
		0,
		0,
		19,
		19,
		38,
		38,
		41,
		41,
		10,
		10,
		5,
		5,
		31,
		31,
		17,
		17
	],
	"computation_proportion": 15,
	"extra_dict": {}
}