{
	"model_name": "HarDNet",
	"batch_size": 256,
	"duration_sec": 45,
	"mode": "train",
	"is_DDP": true,
	"process_group_backend": "gloo",
	"world_size": 2,
	"rank": 1,
	"local_rank": 0,
	"device_type": "gpu",
	"master_addr": "133.133.135.74",
	"master_port": 39920,
	"iteration_count": 31,
	"iteration_intervals": [
		2205203968,
		1175160320,
		1240186624,
		1340198656,
		1466948864,
		1353982208,
		1340665344,
		1578676480,
		1465001216,
		1478768384,
		1587966208,
		1472201728,
		1580035584,
		1472253184,
		1585598976,
		1471051520,
		1466034944,
		1465163776,
		1340793600,
		1477676032,
		1337451776,
		1354452736,
		1461596416,
		1353543168,
		1579296256,
		1591021312,
		1584533504,
		1596674048,
		1591545344,
		1468252928,
		1463483136
	],
	"iteration_intervals_avg": 1481450761.8461537,
	"iteration_intervals_avg_second": 1.4814507618461537,
	"total_time_ns": 45946331648,
	"total_time_second": 45,
	"mem_infos": [
		[
			11269046272,
			11811160064
		],
		[
			9712959488,
			11811160064
		],
		[
			9467592704,
			11811160064
		],
		[
			3289382912,
			11811160064
		],
		[
			1204813824,
			11811160064
		],
		[
			1196425216,
			11811160064
		],
		[
			441450496,
			11811160064
		],
		[
			441450496,
			11811160064
		],
		[
			441450496,
			11811160064
		],
		[
			441450496,
			11811160064
		],
		[
			441450496,
			11811160064
		],
		[
			441450496,
			11811160064
		],
		[
			441450496,
			11811160064
		],
		[
			441450496,
			11811160064
		],
		[
			441450496,
			11811160064
		],
		[
			441450496,
			11811160064
		],
		[
			441450496,
			11811160064
		],
		[
			441450496,
			11811160064
		],
		[
			441450496,
			11811160064
		],
		[
			441450496,
			11811160064
		],
		[
			441450496,
			11811160064
		],
		[
			441450496,
			11811160064
		],
		[
			441450496,
			11811160064
		],
		[
			441450496,
			11811160064
		],
		[
			441450496,
			11811160064
		],
		[
			441450496,
			11811160064
		],
		[
			441450496,
			11811160064
		],
		[
			441450496,
			11811160064
		],
		[
			441450496,
			11811160064
		],
		[
			441450496,
			11811160064
		],
		[
			441450496,
			11811160064
		],
		[
			441450496,
			11811160064
		],
		[
			441450496,
			11811160064
		],
		[
			441450496,
			11811160064
		],
		[
			441450496,
			11811160064
		],
		[
			441450496,
			11811160064
		],
		[
			441450496,
			11811160064
		],
		[
			441450496,
			11811160064
		],
		[
			441450496,
			11811160064
		],
		[
			441450496,
			11811160064
		],
		[
			441450496,
			11811160064
		],
		[
			441450496,
			11811160064
		],
		[
			441450496,
			11811160064
		],
		[
			441450496,
			11811160064
		],
		[
			441450496,
			11811160064
		],
		[
			441450496,
			11811160064
		],
		[
			441450496,
			11811160064
		],
		[
			441450496,
			11811160064
		],
		[
			441450496,
			11811160064
		],
		[
			441450496,
			11811160064
		],
		[
			441450496,
			11811160064
		],
		[
			441450496,
			11811160064
		],
		[
			441450496,
			11811160064
		],
		[
			441450496,
			11811160064
		],
		[
			441450496,
			11811160064
		],
		[
			441450496,
			11811160064
		],
		[
			441450496,
			11811160064
		],
		[
			441450496,
			11811160064
		],
		[
			441450496,
			11811160064
		],
		[
			441450496,
			11811160064
		],
		[
			441450496,
			11811160064
		],
		[
			441450496,
			11811160064
		],
		[
			441450496,
			11811160064
		],
		[
			441450496,
			11811160064
		],
		[
			441450496,
			11811160064
		],
		[
			441450496,
			11811160064
		],
		[
			441450496,
			11811160064
		],
		[
			441450496,
			11811160064
		],
		[
			441450496,
			11811160064
		],
		[
			441450496,
			11811160064
		],
		[
			441450496,
			11811160064
		],
		[
			441450496,
			11811160064
		],
		[
			441450496,
			11811160064
		],
		[
			441450496,
			11811160064
		],
		[
			441450496,
			11811160064
		],
		[
			441450496,
			11811160064
		],
		[
			441450496,
			11811160064
		],
		[
			441450496,
			11811160064
		],
		[
			441450496,
			11811160064
		],
		[
			441450496,
			11811160064
		],
		[
			441450496,
			11811160064
		],
		[
			441450496,
			11811160064
		],
		[
			441450496,
			11811160064
		],
		[
			441450496,
			11811160064
		],
		[
			441450496,
			11811160064
		],
		[
			441450496,
			11811160064
		],
		[
			441450496,
			11811160064
		],
		[
			441450496,
			11811160064
		],
		[
			441450496,
			11811160064
		],
		[
			441450496,
			11811160064
		]
	],
	"utilization": [
		3,
		3,
		4,
		4,
		32,
		32,
		19,
		19,
		24,
		24,
		22,
		22,
		30,
		30,
		23,
		23,
		13,
		13,
		21,
		21,
		28,
		28,
		19,
		19,
		14,
		14,
		31,
		31,
		14,
		14,
		18,
		18,
		26,
		26,
		15,
		15,
		13,
		13,
		30,
		30,
		13,
		13,
		16,
		16,
		31,
		31,
		12,
		12,
		17,
		17,
		28,
		28,
		16,
		16,
		15,
		15,
		29,
		29,
		21,
		21,
		13,
		13,
		22,
		22,
		28,
		28,
		17,
		17,
		17,
		17,
		25,
		25,
		28,
		28,
		7,
		7,
		24,
		24,
		19,
		19,
		10,
		10,
		29,
		29,
		12,
		12,
		16,
		16,
		27,
		27
	],
	"computation_proportion": 20,
	"extra_dict": {}
}