{
	"model_name": "ConvNeXtT",
	"batch_size": 8,
	"duration_sec": 45,
	"mode": "train",
	"is_DDP": true,
	"process_group_backend": "gloo",
	"world_size": 2,
	"rank": 1,
	"local_rank": 0,
	"device_type": "gpu",
	"master_addr": "133.133.135.75",
	"master_port": 39920,
	"iteration_count": 98,
	"iteration_intervals": [
		1204528896,
		489921792,
		618160128,
		725701376,
		608712448,
		603390208,
		487433216,
		485165312,
		385632256,
		469370624,
		487808512,
		492228096,
		496744448,
		384702976,
		472430848,
		364379904,
		387424000,
		467814656,
		481457920,
		486504704,
		488609280,
		483105024,
		383978240,
		466808576,
		374651904,
		391765248,
		460196608,
		485031424,
		492896000,
		487994880,
		481942016,
		488542208,
		377352960,
		380005376,
		455898624,
		358942976,
		371595008,
		370678016,
		393971968,
		455288320,
		371949568,
		368462592,
		388495872,
		458931712,
		390769408,
		486521856,
		484985344,
		591859712,
		496322560,
		509186048,
		463287808,
		470499328,
		403193344,
		460797440,
		492231936,
		471345152,
		377913600,
		386486272,
		451176192,
		365984256,
		383502080,
		399810816,
		435893248,
		368722688,
		380113152,
		381416960,
		460754944,
		391023872,
		450250240,
		372710400,
		390635520,
		467375360,
		373807360,
		390155264,
		443650560,
		385542656,
		473561600,
		485060608,
		485595136,
		499415296,
		596484864,
		500214016,
		486727168,
		480624384,
		395331328,
		466261760,
		489902336,
		592353280,
		500315648,
		504968192,
		496887040,
		455598080,
		474609408,
		393320192,
		476162048,
		502339328,
		586946560,
		494824192
	],
	"iteration_intervals_avg": 449516235.6989247,
	"iteration_intervals_avg_second": 0.44951623569892474,
	"total_time_ns": 45453365248,
	"total_time_second": 45,
	"mem_infos": [
		[
			10786701312,
			11811160064
		],
		[
			10566500352,
			11811160064
		],
		[
			9511632896,
			11811160064
		],
		[
			9115271168,
			11811160064
		],
		[
			9115271168,
			11811160064
		],
		[
			9115271168,
			11811160064
		],
		[
			9115271168,
			11811160064
		],
		[
			9115271168,
			11811160064
		],
		[
			9115271168,
			11811160064
		],
		[
			9115271168,
			11811160064
		],
		[
			9115271168,
			11811160064
		],
		[
			9115271168,
			11811160064
		],
		[
			9115271168,
			11811160064
		],
		[
			9115271168,
			11811160064
		],
		[
			9115271168,
			11811160064
		],
		[
			9115271168,
			11811160064
		],
		[
			9115271168,
			11811160064
		],
		[
			9115271168,
			11811160064
		],
		[
			9115271168,
			11811160064
		],
		[
			9115271168,
			11811160064
		],
		[
			9115271168,
			11811160064
		],
		[
			9115271168,
			11811160064
		],
		[
			9115271168,
			11811160064
		],
		[
			9115271168,
			11811160064
		],
		[
			9115271168,
			11811160064
		],
		[
			9115271168,
			11811160064
		],
		[
			9115271168,
			11811160064
		],
		[
			9115271168,
			11811160064
		],
		[
			9115271168,
			11811160064
		],
		[
			9115271168,
			11811160064
		],
		[
			9115271168,
			11811160064
		],
		[
			9115271168,
			11811160064
		],
		[
			9115271168,
			11811160064
		],
		[
			9115271168,
			11811160064
		],
		[
			9115271168,
			11811160064
		],
		[
			9115271168,
			11811160064
		],
		[
			9115271168,
			11811160064
		],
		[
			9115271168,
			11811160064
		],
		[
			9115271168,
			11811160064
		],
		[
			9115271168,
			11811160064
		],
		[
			9115271168,
			11811160064
		],
		[
			9115271168,
			11811160064
		],
		[
			9115271168,
			11811160064
		],
		[
			9115271168,
			11811160064
		],
		[
			9115271168,
			11811160064
		],
		[
			9115271168,
			11811160064
		],
		[
			9115271168,
			11811160064
		],
		[
			9115271168,
			11811160064
		],
		[
			9115271168,
			11811160064
		],
		[
			9115271168,
			11811160064
		],
		[
			9115271168,
			11811160064
		],
		[
			9115271168,
			11811160064
		],
		[
			9115271168,
			11811160064
		],
		[
			9115271168,
			11811160064
		],
		[
			9115271168,
			11811160064
		],
		[
			9115271168,
			11811160064
		],
		[
			9115271168,
			11811160064
		],
		[
			9115271168,
			11811160064
		],
		[
			9115271168,
			11811160064
		],
		[
			9115271168,
			11811160064
		],
		[
			9115271168,
			11811160064
		],
		[
			9115271168,
			11811160064
		],
		[
			9115271168,
			11811160064
		],
		[
			9115271168,
			11811160064
		],
		[
			9115271168,
			11811160064
		],
		[
			9115271168,
			11811160064
		],
		[
			9115271168,
			11811160064
		],
		[
			9115271168,
			11811160064
		],
		[
			9115271168,
			11811160064
		],
		[
			9115271168,
			11811160064
		],
		[
			9115271168,
			11811160064
		],
		[
			9115271168,
			11811160064
		],
		[
			9115271168,
			11811160064
		],
		[
			9115271168,
			11811160064
		],
		[
			9115271168,
			11811160064
		],
		[
			9115271168,
			11811160064
		],
		[
			9115271168,
			11811160064
		],
		[
			9115271168,
			11811160064
		],
		[
			9115271168,
			11811160064
		],
		[
			9115271168,
			11811160064
		],
		[
			9115271168,
			11811160064
		],
		[
			9115271168,
			11811160064
		],
		[
			9115271168,
			11811160064
		],
		[
			9115271168,
			11811160064
		],
		[
			9115271168,
			11811160064
		],
		[
			9115271168,
			11811160064
		],
		[
			9115271168,
			11811160064
		],
		[
			9115271168,
			11811160064
		],
		[
			9115271168,
			11811160064
		],
		[
			9115271168,
			11811160064
		]
	],
	"utilization": [
		12,
		12,
		15,
		15,
		25,
		25,
		13,
		13,
		20,
		20,
		17,
		17,
		23,
		23,
		20,
		20,
		20,
		20,
		24,
		24,
		23,
		23,
		19,
		19,
		20,
		20,
		24,
		24,
		23,
		23,
		18,
		18,
		20,
		20,
		21,
		21,
		27,
		27,
		20,
		20,
		25,
		25,
		24,
		24,
		23,
		23,
		18,
		18,
		20,
		20,
		21,
		21,
		19,
		19,
		21,
		21,
		25,
		25,
		19,
		19,
		27,
		27,
		21,
		21,
		25,
		25,
		19,
		19,
		26,
		26,
		24,
		24,
		22,
		22,
		18,
		18,
		20,
		20,
		22,
		22,
		22,
		22,
		17,
		17,
		20,
		20,
		24,
		24,
		24,
		24
	],
	"computation_proportion": 20,
	"extra_dict": {}
}