{
	"model_name": "MobileNetV2",
	"batch_size": 64,
	"duration_sec": 45,
	"mode": "train",
	"is_DDP": true,
	"process_group_backend": "gloo",
	"world_size": 2,
	"rank": 1,
	"local_rank": 0,
	"device_type": "gpu",
	"master_addr": "133.133.135.75",
	"master_port": 39920,
	"iteration_count": 22,
	"iteration_intervals": [
		2320097536,
		3092504320,
		1475240960,
		3063626752,
		1910892288,
		2487025664,
		3021268224,
		1259084544,
		2815650304,
		1216898560,
		2538036736,
		1262174976,
		1583392512,
		1973854976,
		1214212608,
		2565527552,
		1185930240,
		2725835776,
		1347879168,
		3028061696,
		1621466368,
		2694465536
	],
	"iteration_intervals_avg": 2031809731.764706,
	"iteration_intervals_avg_second": 2.0318097317647057,
	"total_time_ns": 46404013312,
	"total_time_second": 46,
	"mem_infos": [
		[
			11235491840,
			11811160064
		],
		[
			10887364608,
			11811160064
		],
		[
			10818158592,
			11811160064
		],
		[
			10818158592,
			11811160064
		],
		[
			10482614272,
			11811160064
		],
		[
			4979687424,
			11811160064
		],
		[
			4979687424,
			11811160064
		],
		[
			4979687424,
			11811160064
		],
		[
			4979687424,
			11811160064
		],
		[
			4979687424,
			11811160064
		],
		[
			4979687424,
			11811160064
		],
		[
			4979687424,
			11811160064
		],
		[
			4979687424,
			11811160064
		],
		[
			4979687424,
			11811160064
		],
		[
			4979687424,
			11811160064
		],
		[
			4979687424,
			11811160064
		],
		[
			4979687424,
			11811160064
		],
		[
			4979687424,
			11811160064
		],
		[
			4979687424,
			11811160064
		],
		[
			4979687424,
			11811160064
		],
		[
			4979687424,
			11811160064
		],
		[
			4979687424,
			11811160064
		],
		[
			4979687424,
			11811160064
		],
		[
			4979687424,
			11811160064
		],
		[
			4979687424,
			11811160064
		],
		[
			4979687424,
			11811160064
		],
		[
			4979687424,
			11811160064
		],
		[
			4979687424,
			11811160064
		],
		[
			4979687424,
			11811160064
		],
		[
			4979687424,
			11811160064
		],
		[
			4979687424,
			11811160064
		],
		[
			4979687424,
			11811160064
		],
		[
			4979687424,
			11811160064
		],
		[
			4979687424,
			11811160064
		],
		[
			4979687424,
			11811160064
		],
		[
			4979687424,
			11811160064
		],
		[
			4979687424,
			11811160064
		],
		[
			4979687424,
			11811160064
		],
		[
			4979687424,
			11811160064
		],
		[
			4979687424,
			11811160064
		],
		[
			4979687424,
			11811160064
		],
		[
			4979687424,
			11811160064
		],
		[
			4979687424,
			11811160064
		],
		[
			4979687424,
			11811160064
		],
		[
			4979687424,
			11811160064
		],
		[
			4979687424,
			11811160064
		],
		[
			4979687424,
			11811160064
		],
		[
			4979687424,
			11811160064
		],
		[
			4979687424,
			11811160064
		],
		[
			4979687424,
			11811160064
		],
		[
			4979687424,
			11811160064
		],
		[
			4979687424,
			11811160064
		],
		[
			4979687424,
			11811160064
		],
		[
			4979687424,
			11811160064
		],
		[
			4979687424,
			11811160064
		],
		[
			4979687424,
			11811160064
		],
		[
			4979687424,
			11811160064
		],
		[
			4979687424,
			11811160064
		],
		[
			4979687424,
			11811160064
		],
		[
			4979687424,
			11811160064
		],
		[
			4979687424,
			11811160064
		],
		[
			4979687424,
			11811160064
		],
		[
			4979687424,
			11811160064
		],
		[
			4979687424,
			11811160064
		],
		[
			4979687424,
			11811160064
		],
		[
			4979687424,
			11811160064
		],
		[
			4979687424,
			11811160064
		],
		[
			4979687424,
			11811160064
		],
		[
			4979687424,
			11811160064
		],
		[
			4979687424,
			11811160064
		],
		[
			4979687424,
			11811160064
		],
		[
			4979687424,
			11811160064
		],
		[
			4979687424,
			11811160064
		],
		[
			4979687424,
			11811160064
		],
		[
			4979687424,
			11811160064
		],
		[
			4979687424,
			11811160064
		],
		[
			4979687424,
			11811160064
		],
		[
			4979687424,
			11811160064
		],
		[
			4979687424,
			11811160064
		],
		[
			4979687424,
			11811160064
		],
		[
			4979687424,
			11811160064
		],
		[
			4979687424,
			11811160064
		],
		[
			4979687424,
			11811160064
		],
		[
			4979687424,
			11811160064
		],
		[
			4979687424,
			11811160064
		],
		[
			4979687424,
			11811160064
		],
		[
			4979687424,
			11811160064
		],
		[
			4979687424,
			11811160064
		],
		[
			4979687424,
			11811160064
		],
		[
			4979687424,
			11811160064
		]
	],
	"utilization": [
		1,
		8,
		8,
		4,
		4,
		8,
		8,
		14,
		14,
		1,
		1,
		2,
		2,
		7,
		7,
		7,
		7,
		1,
		1,
		3,
		3,
		8,
		8,
		7,
		7,
		3,
		3,
		2,
		2,
		8,
		8,
		7,
		7,
		2,
		2,
		3,
		3,
		9,
		9,
		7,
		7,
		3,
		3,
		4,
		4,
		9,
		9,
		7,
		7,
		4,
		4,
		4,
		4,
		8,
		8,
		10,
		10,
		4,
		4,
		3,
		3,
		10,
		10,
		10,
		10,
		2,
		2,
		4,
		4,
		8,
		8,
		9,
		9,
		3,
		3,
		4,
		4,
		7,
		7,
		8,
		8,
		2,
		2,
		3,
		3,
		7,
		7,
		7,
		7,
		3
	],
	"computation_proportion": 5,
	"extra_dict": {}
}