{
	"model_name": "YoloV5N",
	"batch_size": 32,
	"duration_sec": 45,
	"mode": "train",
	"is_DDP": true,
	"process_group_backend": "gloo",
	"world_size": 4,
	"rank": 0,
	"local_rank": 0,
	"device_type": "gpu",
	"master_addr": "133.133.135.75",
	"master_port": 39920,
	"iteration_count": 117,
	"iteration_intervals": [
		1383081472,
		127410176,
		104592896,
		91896832,
		92982528,
		104236800,
		140763904,
		130138624,
		127885824,
		114151424,
		1434285824,
		254745088,
		252311552,
		248786432,
		237384192,
		344364032,
		243166720,
		1362322432,
		370478848,
		246242816,
		252647680,
		236893184,
		242055936,
		361332736,
		1951526400,
		379981056,
		332743424,
		184384256,
		284171520,
		291141376,
		704292608,
		1607729664,
		371034624,
		266864384,
		233415424,
		132760320,
		222997760,
		208724992,
		1863639040,
		507345408,
		245946624,
		235214080,
		137120256,
		221816576,
		131658240,
		126894336,
		129915648,
		100758016,
		113961984,
		1688010496,
		767013120,
		482082560,
		360881664,
		259394816,
		374573568,
		357833472,
		1838505216,
		487177472,
		258855936,
		233941504,
		145722112,
		218476288,
		124172544,
		131149568,
		108871168,
		130795008,
		113540864,
		122143232,
		99389440,
		105206528,
		93068544,
		96229120,
		824869632,
		368145664,
		282107136,
		204522240,
		373964800,
		266853632,
		228603648,
		138447616,
		204236032,
		151205376,
		125877760,
		1456968704,
		489005056,
		245760768,
		139183104,
		252251904,
		227537152,
		238465024,
		724465920,
		1001523456,
		358426368,
		143403264,
		220641792,
		144527104,
		135610624,
		204125952,
		113599488,
		131073792,
		125790976,
		264186624,
		239584512,
		230325760,
		130898944,
		133880064,
		1436421120,
		381782016,
		260929536,
		241535744,
		249695744,
		334816512,
		267602944,
		1575194880,
		851576064,
		484354304,
		366451456
	],
	"iteration_intervals_avg": 386229433.14285713,
	"iteration_intervals_avg_second": 0.3862294331428571,
	"total_time_ns": 45059755008,
	"total_time_second": 45,
	"mem_infos": [
		[
			5214568448,
			5905580032
		],
		[
			4985978880,
			5905580032
		],
		[
			4784652288,
			5905580032
		],
		[
			3811573760,
			5905580032
		],
		[
			3811573760,
			5905580032
		],
		[
			3811573760,
			5905580032
		],
		[
			3811573760,
			5905580032
		],
		[
			3811573760,
			5905580032
		],
		[
			3811573760,
			5905580032
		],
		[
			3811573760,
			5905580032
		],
		[
			3811573760,
			5905580032
		],
		[
			3811573760,
			5905580032
		],
		[
			3811573760,
			5905580032
		],
		[
			3811573760,
			5905580032
		],
		[
			3811573760,
			5905580032
		],
		[
			3811573760,
			5905580032
		],
		[
			3811573760,
			5905580032
		],
		[
			3811573760,
			5905580032
		],
		[
			3811573760,
			5905580032
		],
		[
			3811573760,
			5905580032
		],
		[
			3811573760,
			5905580032
		],
		[
			3811573760,
			5905580032
		],
		[
			3811573760,
			5905580032
		],
		[
			3811573760,
			5905580032
		],
		[
			3811573760,
			5905580032
		],
		[
			3811573760,
			5905580032
		],
		[
			3811573760,
			5905580032
		],
		[
			3811573760,
			5905580032
		],
		[
			3811573760,
			5905580032
		],
		[
			3811573760,
			5905580032
		],
		[
			3811573760,
			5905580032
		],
		[
			3811573760,
			5905580032
		],
		[
			3811573760,
			5905580032
		],
		[
			3811573760,
			5905580032
		],
		[
			3811573760,
			5905580032
		],
		[
			3811573760,
			5905580032
		],
		[
			3811573760,
			5905580032
		],
		[
			3811573760,
			5905580032
		],
		[
			3811573760,
			5905580032
		],
		[
			3811573760,
			5905580032
		],
		[
			3811573760,
			5905580032
		],
		[
			3811573760,
			5905580032
		],
		[
			3811573760,
			5905580032
		],
		[
			3811573760,
			5905580032
		],
		[
			3811573760,
			5905580032
		],
		[
			3811573760,
			5905580032
		],
		[
			3811573760,
			5905580032
		],
		[
			3811573760,
			5905580032
		],
		[
			3811573760,
			5905580032
		],
		[
			3811573760,
			5905580032
		],
		[
			3811573760,
			5905580032
		],
		[
			3811573760,
			5905580032
		],
		[
			3811573760,
			5905580032
		],
		[
			3811573760,
			5905580032
		],
		[
			3811573760,
			5905580032
		],
		[
			3811573760,
			5905580032
		],
		[
			3811573760,
			5905580032
		],
		[
			3811573760,
			5905580032
		],
		[
			3811573760,
			5905580032
		],
		[
			3811573760,
			5905580032
		],
		[
			3811573760,
			5905580032
		],
		[
			3811573760,
			5905580032
		],
		[
			3811573760,
			5905580032
		],
		[
			3811573760,
			5905580032
		],
		[
			3811573760,
			5905580032
		],
		[
			3811573760,
			5905580032
		],
		[
			3811573760,
			5905580032
		],
		[
			3811573760,
			5905580032
		],
		[
			3811573760,
			5905580032
		],
		[
			3811573760,
			5905580032
		],
		[
			3811573760,
			5905580032
		],
		[
			3811573760,
			5905580032
		],
		[
			3811573760,
			5905580032
		],
		[
			3811573760,
			5905580032
		],
		[
			3811573760,
			5905580032
		],
		[
			3811573760,
			5905580032
		],
		[
			3811573760,
			5905580032
		],
		[
			3811573760,
			5905580032
		],
		[
			3811573760,
			5905580032
		],
		[
			3811573760,
			5905580032
		],
		[
			3811573760,
			5905580032
		],
		[
			3811573760,
			5905580032
		],
		[
			3811573760,
			5905580032
		],
		[
			3811573760,
			5905580032
		],
		[
			3811573760,
			5905580032
		],
		[
			3811573760,
			5905580032
		],
		[
			3811573760,
			5905580032
		],
		[
			3811573760,
			5905580032
		],
		[
			3811573760,
			5905580032
		],
		[
			3811573760,
			5905580032
		]
	],
	"utilization": [
		23,
		31,
		31,
		41,
		41,
		70,
		70,
		15,
		15,
		17,
		17,
		33,
		33,
		8,
		8,
		20,
		20,
		35,
		35,
		7,
		7,
		3,
		3,
		29,
		29,
		25,
		25,
		5,
		5,
		10,
		10,
		36,
		36,
		17,
		17,
		0,
		0,
		26,
		26,
		52,
		52,
		14,
		14,
		6,
		6,
		12,
		12,
		28,
		28,
		18,
		18,
		0,
		0,
		23,
		23,
		52,
		52,
		58,
		58,
		16,
		16,
		26,
		26,
		45,
		45,
		0,
		0,
		19,
		19,
		41,
		41,
		6,
		6,
		20,
		20,
		51,
		51,
		41,
		41,
		14,
		14,
		14,
		14,
		29,
		29,
		18,
		18,
		7,
		7,
		12
	],
	"computation_proportion": 15,
	"extra_dict": {}
}