{
	"model_name": "YoloV5S",
	"batch_size": 64,
	"duration_sec": 45,
	"mode": "train",
	"is_DDP": true,
	"process_group_backend": "gloo",
	"world_size": 2,
	"rank": 0,
	"local_rank": 0,
	"device_type": "gpu",
	"master_addr": "133.133.135.74",
	"master_port": 39920,
	"iteration_count": 126,
	"iteration_intervals": [
		1678939904,
		358433024,
		344748032,
		347187712,
		365030912,
		350910720,
		345101312,
		353276416,
		343813888,
		344974080,
		347434752,
		344705792,
		344451328,
		344302080,
		346007552,
		348225024,
		348542976,
		345304576,
		347729152,
		350010112,
		347276032,
		344057856,
		335999488,
		356650496,
		344413952,
		344514560,
		349417216,
		345868544,
		344077824,
		353894144,
		352610048,
		346377984,
		348446464,
		346897664,
		346587648,
		345040384,
		346014464,
		344570112,
		346850304,
		347579648,
		345054976,
		356613632,
		344896512,
		343529216,
		344920064,
		347014656,
		346651136,
		345267456,
		351279104,
		346822400,
		346709760,
		354504192,
		344423168,
		342512640,
		352298496,
		348719872,
		346108928,
		345024512,
		348013312,
		347662592,
		339034368,
		354733312,
		344454912,
		345776384,
		345049344,
		348899328,
		354520832,
		344025344,
		345764608,
		347676928,
		346522368,
		348963584,
		346248448,
		347461632,
		352422400,
		346395136,
		347002368,
		350096384,
		346616064,
		350174464,
		346371072,
		350730496,
		352721408,
		346623232,
		343548160,
		353538816,
		343639296,
		346108160,
		345381632,
		349466624,
		345624064,
		347262720,
		355172096,
		344374272,
		362196736,
		344599040,
		348634112,
		345007104,
		344106240,
		344834560,
		343690496,
		344875776,
		351730176,
		343866368,
		345469952,
		350406912,
		380655360,
		348570880,
		347955968,
		345142528,
		344863232,
		343008768,
		344989184,
		349066240,
		349390336,
		348748544,
		344239104,
		344683776,
		353340928,
		351144704,
		345092608,
		351171072,
		345221632,
		345295872,
		347723520,
		350888960
	],
	"iteration_intervals_avg": 347627869.09090906,
	"iteration_intervals_avg_second": 0.34762786909090904,
	"total_time_ns": 45158154240,
	"total_time_second": 45,
	"mem_infos": [
		[
			11229200384,
			11811160064
		],
		[
			10824450048,
			11811160064
		],
		[
			10591666176,
			11811160064
		],
		[
			7108296704,
			11811160064
		],
		[
			7078936576,
			11811160064
		],
		[
			7078936576,
			11811160064
		],
		[
			7078936576,
			11811160064
		],
		[
			7078936576,
			11811160064
		],
		[
			7078936576,
			11811160064
		],
		[
			7078936576,
			11811160064
		],
		[
			7078936576,
			11811160064
		],
		[
			7078936576,
			11811160064
		],
		[
			7078936576,
			11811160064
		],
		[
			7078936576,
			11811160064
		],
		[
			7078936576,
			11811160064
		],
		[
			7078936576,
			11811160064
		],
		[
			7078936576,
			11811160064
		],
		[
			7078936576,
			11811160064
		],
		[
			7078936576,
			11811160064
		],
		[
			7078936576,
			11811160064
		],
		[
			7078936576,
			11811160064
		],
		[
			7078936576,
			11811160064
		],
		[
			7078936576,
			11811160064
		],
		[
			7078936576,
			11811160064
		],
		[
			7078936576,
			11811160064
		],
		[
			7078936576,
			11811160064
		],
		[
			7078936576,
			11811160064
		],
		[
			7078936576,
			11811160064
		],
		[
			7078936576,
			11811160064
		],
		[
			7078936576,
			11811160064
		],
		[
			7078936576,
			11811160064
		],
		[
			7078936576,
			11811160064
		],
		[
			7078936576,
			11811160064
		],
		[
			7078936576,
			11811160064
		],
		[
			7078936576,
			11811160064
		],
		[
			7078936576,
			11811160064
		],
		[
			7078936576,
			11811160064
		],
		[
			7078936576,
			11811160064
		],
		[
			7078936576,
			11811160064
		],
		[
			7078936576,
			11811160064
		],
		[
			7078936576,
			11811160064
		],
		[
			7078936576,
			11811160064
		],
		[
			7078936576,
			11811160064
		],
		[
			7078936576,
			11811160064
		],
		[
			7078936576,
			11811160064
		],
		[
			7078936576,
			11811160064
		],
		[
			7078936576,
			11811160064
		],
		[
			7078936576,
			11811160064
		],
		[
			7078936576,
			11811160064
		],
		[
			7078936576,
			11811160064
		],
		[
			7078936576,
			11811160064
		],
		[
			7078936576,
			11811160064
		],
		[
			7078936576,
			11811160064
		],
		[
			7078936576,
			11811160064
		],
		[
			7078936576,
			11811160064
		],
		[
			7078936576,
			11811160064
		],
		[
			7078936576,
			11811160064
		],
		[
			7078936576,
			11811160064
		],
		[
			7078936576,
			11811160064
		],
		[
			7078936576,
			11811160064
		],
		[
			7078936576,
			11811160064
		],
		[
			7078936576,
			11811160064
		],
		[
			7078936576,
			11811160064
		],
		[
			7078936576,
			11811160064
		],
		[
			7078936576,
			11811160064
		],
		[
			7078936576,
			11811160064
		],
		[
			7078936576,
			11811160064
		],
		[
			7078936576,
			11811160064
		],
		[
			7078936576,
			11811160064
		],
		[
			7078936576,
			11811160064
		],
		[
			7078936576,
			11811160064
		],
		[
			7078936576,
			11811160064
		],
		[
			7078936576,
			11811160064
		],
		[
			7078936576,
			11811160064
		],
		[
			7078936576,
			11811160064
		],
		[
			7078936576,
			11811160064
		],
		[
			7078936576,
			11811160064
		],
		[
			7078936576,
			11811160064
		],
		[
			7078936576,
			11811160064
		],
		[
			7078936576,
			11811160064
		],
		[
			7078936576,
			11811160064
		],
		[
			7078936576,
			11811160064
		],
		[
			7078936576,
			11811160064
		],
		[
			7078936576,
			11811160064
		],
		[
			7078936576,
			11811160064
		],
		[
			7078936576,
			11811160064
		],
		[
			7078936576,
			11811160064
		],
		[
			7078936576,
			11811160064
		],
		[
			7078936576,
			11811160064
		],
		[
			7078936576,
			11811160064
		]
	],
	"utilization": [
		4,
		4,
		4,
		4,
		14,
		14,
		31,
		31,
		30,
		30,
		30,
		30,
		30,
		30,
		30,
		30,
		30,
		30,
		28,
		28,
		27,
		27,
		27,
		27,
		28,
		28,
		30,
		30,
		30,
		30,
		30,
		30,
		30,
		30,
		30,
		30,
		30,
		30,
		30,
		30,
		28,
		28,
		27,
		27,
		27,
		27,
		29,
		29,
		30,
		30,
		30,
		30,
		30,
		30,
		30,
		30,
		30,
		30,
		30,
		30,
		29,
		29,
		27,
		27,
		27,
		27,
		29,
		29,
		30,
		30,
		30,
		30,
		30,
		30,
		30,
		30,
		30,
		30,
		29,
		29,
		28,
		28,
		28,
		28,
		27,
		27,
		30,
		30,
		30,
		30
	],
	"computation_proportion": 90,
	"extra_dict": {}
}