{
	"model_name": "ResNet18",
	"batch_size": 16,
	"duration_sec": 45,
	"mode": "train",
	"is_DDP": true,
	"process_group_backend": "gloo",
	"world_size": 4,
	"rank": 2,
	"local_rank": 0,
	"device_type": "gpu",
	"master_addr": "133.133.135.75",
	"master_port": 39920,
	"iteration_count": 68,
	"iteration_intervals": [
		2012829952,
		650294528,
		648592640,
		673641216,
		639824896,
		647855616,
		637909760,
		640009216,
		641413376,
		679847680,
		650585344,
		637564672,
		635880192,
		646195456,
		639709696,
		638906624,
		639314944,
		643778816,
		645815808,
		646633216,
		643367424,
		636942592,
		638138624,
		640370688,
		648882944,
		637953280,
		644495616,
		644375040,
		642441216,
		646878720,
		647767296,
		642441984,
		645837056,
		638111232,
		636856064,
		649298688,
		640447488,
		652549632,
		638595328,
		640827904,
		642619392,
		639082752,
		644845824,
		639867392,
		639128832,
		648454656,
		636070656,
		636130560,
		644169984,
		683258368,
		640016896,
		647481088,
		640637696,
		640459520,
		639677184,
		638127872,
		666960128,
		641209088,
		645146880,
		644695296,
		640854016,
		640917248,
		641758720,
		636475648,
		643606784,
		632825856,
		652358656,
		651885568
	],
	"iteration_intervals_avg": 643916218.9206349,
	"iteration_intervals_avg_second": 0.6439162189206349,
	"total_time_ns": 45192826624,
	"total_time_second": 45,
	"mem_infos": [
		[
			5225054208,
			5905580032
		],
		[
			4927258624,
			5905580032
		],
		[
			4704960512,
			5905580032
		],
		[
			4008706048,
			5905580032
		],
		[
			4000317440,
			5905580032
		],
		[
			4000317440,
			5905580032
		],
		[
			4000317440,
			5905580032
		],
		[
			4000317440,
			5905580032
		],
		[
			4000317440,
			5905580032
		],
		[
			4000317440,
			5905580032
		],
		[
			4000317440,
			5905580032
		],
		[
			4000317440,
			5905580032
		],
		[
			4000317440,
			5905580032
		],
		[
			4000317440,
			5905580032
		],
		[
			4000317440,
			5905580032
		],
		[
			4000317440,
			5905580032
		],
		[
			4000317440,
			5905580032
		],
		[
			4000317440,
			5905580032
		],
		[
			4000317440,
			5905580032
		],
		[
			4000317440,
			5905580032
		],
		[
			4000317440,
			5905580032
		],
		[
			4000317440,
			5905580032
		],
		[
			4000317440,
			5905580032
		],
		[
			4000317440,
			5905580032
		],
		[
			4000317440,
			5905580032
		],
		[
			4000317440,
			5905580032
		],
		[
			4000317440,
			5905580032
		],
		[
			4000317440,
			5905580032
		],
		[
			4000317440,
			5905580032
		],
		[
			4000317440,
			5905580032
		],
		[
			4000317440,
			5905580032
		],
		[
			4000317440,
			5905580032
		],
		[
			4000317440,
			5905580032
		],
		[
			4000317440,
			5905580032
		],
		[
			4000317440,
			5905580032
		],
		[
			4000317440,
			5905580032
		],
		[
			4000317440,
			5905580032
		],
		[
			4000317440,
			5905580032
		],
		[
			4000317440,
			5905580032
		],
		[
			4000317440,
			5905580032
		],
		[
			4000317440,
			5905580032
		],
		[
			4000317440,
			5905580032
		],
		[
			4000317440,
			5905580032
		],
		[
			4000317440,
			5905580032
		],
		[
			4000317440,
			5905580032
		],
		[
			4000317440,
			5905580032
		],
		[
			4000317440,
			5905580032
		],
		[
			4000317440,
			5905580032
		],
		[
			4000317440,
			5905580032
		],
		[
			4000317440,
			5905580032
		],
		[
			4000317440,
			5905580032
		],
		[
			4000317440,
			5905580032
		],
		[
			4000317440,
			5905580032
		],
		[
			4000317440,
			5905580032
		],
		[
			4000317440,
			5905580032
		],
		[
			4000317440,
			5905580032
		],
		[
			4000317440,
			5905580032
		],
		[
			4000317440,
			5905580032
		],
		[
			4000317440,
			5905580032
		],
		[
			4000317440,
			5905580032
		],
		[
			4000317440,
			5905580032
		],
		[
			4000317440,
			5905580032
		],
		[
			4000317440,
			5905580032
		],
		[
			4000317440,
			5905580032
		],
		[
			4000317440,
			5905580032
		],
		[
			4000317440,
			5905580032
		],
		[
			4000317440,
			5905580032
		],
		[
			4000317440,
			5905580032
		],
		[
			4000317440,
			5905580032
		],
		[
			4000317440,
			5905580032
		],
		[
			4000317440,
			5905580032
		],
		[
			4000317440,
			5905580032
		],
		[
			4000317440,
			5905580032
		],
		[
			4000317440,
			5905580032
		],
		[
			4000317440,
			5905580032
		],
		[
			4000317440,
			5905580032
		],
		[
			4000317440,
			5905580032
		],
		[
			4000317440,
			5905580032
		],
		[
			4000317440,
			5905580032
		],
		[
			4000317440,
			5905580032
		],
		[
			4000317440,
			5905580032
		],
		[
			4000317440,
			5905580032
		],
		[
			4000317440,
			5905580032
		],
		[
			4000317440,
			5905580032
		],
		[
			4000317440,
			5905580032
		],
		[
			4000317440,
			5905580032
		],
		[
			4000317440,
			5905580032
		],
		[
			4000317440,
			5905580032
		],
		[
			4000317440,
			5905580032
		],
		[
			4000317440,
			5905580032
		]
	],
	"utilization": [
		3,
		3,
		12,
		12,
		10,
		10,
		15,
		15,
		8,
		8,
		15,
		15,
		14,
		14,
		8,
		8,
		14,
		14,
		8,
		8,
		15,
		15,
		8,
		8,
		15,
		15,
		8,
		8,
		14,
		14,
		16,
		16,
		7,
		7,
		15,
		15,
		7,
		7,
		15,
		15,
		8,
		8,
		15,
		15,
		12,
		12,
		10,
		10,
		15,
		15,
		7,
		7,
		15,
		15,
		8,
		8,
		14,
		14,
		9,
		9,
		13,
		13,
		15,
		15,
		7,
		7,
		14,
		14,
		7,
		7,
		14,
		14,
		8,
		8,
		14,
		14,
		9,
		9,
		13,
		13,
		15,
		15,
		7,
		7,
		15,
		15,
		7,
		7,
		15,
		15
	],
	"computation_proportion": 30,
	"extra_dict": {}
}