{
	"model_name": "HarDNet",
	"batch_size": 128,
	"duration_sec": 45,
	"mode": "train",
	"is_DDP": true,
	"process_group_backend": "gloo",
	"world_size": 2,
	"rank": 1,
	"local_rank": 0,
	"device_type": "gpu",
	"master_addr": "133.133.135.74",
	"master_port": 39920,
	"iteration_count": 103,
	"iteration_intervals": [
		1469214976,
		376555264,
		430348544,
		424435456,
		460299008,
		397804288,
		449570048,
		398412544,
		457108480,
		400814848,
		457708288,
		399339776,
		452117248,
		397928448,
		455547392,
		411066368,
		441624064,
		415860992,
		446141184,
		402401280,
		457097728,
		402160640,
		458169088,
		391266816,
		464853248,
		392374784,
		466107136,
		388980480,
		466925056,
		391141120,
		460684288,
		397585920,
		465285888,
		390320384,
		472656384,
		380113152,
		467994112,
		389789952,
		475620096,
		389615104,
		465960704,
		387623680,
		464058880,
		387371264,
		475142912,
		380270848,
		409075456,
		448811776,
		397266944,
		463858432,
		393443840,
		454682624,
		406187520,
		454514688,
		400582656,
		446670336,
		396784896,
		469602048,
		387712256,
		467108096,
		392861696,
		472711680,
		386979584,
		460327168,
		393515264,
		467015424,
		392084992,
		467780608,
		379299072,
		468190208,
		387054592,
		477648128,
		383824384,
		477369856,
		376506112,
		477892352,
		378126592,
		477542400,
		381113856,
		472614912,
		385565184,
		474080512,
		381644032,
		481724928,
		380738816,
		473808128,
		380738560,
		475541760,
		380170752,
		476664064,
		372959488,
		405153280,
		462657024,
		396592384,
		452070144,
		400882176,
		459833344,
		395969792,
		459898368,
		396043776,
		456688640,
		398636288,
		464962816
	],
	"iteration_intervals_avg": 427473465.46938777,
	"iteration_intervals_avg_second": 0.42747346546938775,
	"total_time_ns": 45054173184,
	"total_time_second": 45,
	"mem_infos": [
		[
			11269046272,
			11811160064
		],
		[
			10367270912,
			11811160064
		],
		[
			10124001280,
			11811160064
		],
		[
			4027580416,
			11811160064
		],
		[
			4027580416,
			11811160064
		],
		[
			4027580416,
			11811160064
		],
		[
			4027580416,
			11811160064
		],
		[
			4027580416,
			11811160064
		],
		[
			4027580416,
			11811160064
		],
		[
			4027580416,
			11811160064
		],
		[
			4027580416,
			11811160064
		],
		[
			4027580416,
			11811160064
		],
		[
			4027580416,
			11811160064
		],
		[
			4027580416,
			11811160064
		],
		[
			4027580416,
			11811160064
		],
		[
			4027580416,
			11811160064
		],
		[
			4027580416,
			11811160064
		],
		[
			4027580416,
			11811160064
		],
		[
			4027580416,
			11811160064
		],
		[
			4027580416,
			11811160064
		],
		[
			4027580416,
			11811160064
		],
		[
			4027580416,
			11811160064
		],
		[
			4027580416,
			11811160064
		],
		[
			4027580416,
			11811160064
		],
		[
			4027580416,
			11811160064
		],
		[
			4027580416,
			11811160064
		],
		[
			4027580416,
			11811160064
		],
		[
			4027580416,
			11811160064
		],
		[
			4027580416,
			11811160064
		],
		[
			4027580416,
			11811160064
		],
		[
			4027580416,
			11811160064
		],
		[
			4027580416,
			11811160064
		],
		[
			4027580416,
			11811160064
		],
		[
			4027580416,
			11811160064
		],
		[
			4027580416,
			11811160064
		],
		[
			4027580416,
			11811160064
		],
		[
			4027580416,
			11811160064
		],
		[
			4027580416,
			11811160064
		],
		[
			4027580416,
			11811160064
		],
		[
			4027580416,
			11811160064
		],
		[
			4027580416,
			11811160064
		],
		[
			4027580416,
			11811160064
		],
		[
			4027580416,
			11811160064
		],
		[
			4027580416,
			11811160064
		],
		[
			4027580416,
			11811160064
		],
		[
			4027580416,
			11811160064
		],
		[
			4027580416,
			11811160064
		],
		[
			4027580416,
			11811160064
		],
		[
			4027580416,
			11811160064
		],
		[
			4027580416,
			11811160064
		],
		[
			4027580416,
			11811160064
		],
		[
			4027580416,
			11811160064
		],
		[
			4027580416,
			11811160064
		],
		[
			4027580416,
			11811160064
		],
		[
			4027580416,
			11811160064
		],
		[
			4027580416,
			11811160064
		],
		[
			4027580416,
			11811160064
		],
		[
			4027580416,
			11811160064
		],
		[
			4027580416,
			11811160064
		],
		[
			4027580416,
			11811160064
		],
		[
			4027580416,
			11811160064
		],
		[
			4027580416,
			11811160064
		],
		[
			4027580416,
			11811160064
		],
		[
			4027580416,
			11811160064
		],
		[
			4027580416,
			11811160064
		],
		[
			4027580416,
			11811160064
		],
		[
			4027580416,
			11811160064
		],
		[
			4027580416,
			11811160064
		],
		[
			4027580416,
			11811160064
		],
		[
			4027580416,
			11811160064
		],
		[
			4027580416,
			11811160064
		],
		[
			4027580416,
			11811160064
		],
		[
			4027580416,
			11811160064
		],
		[
			4027580416,
			11811160064
		],
		[
			4027580416,
			11811160064
		],
		[
			4027580416,
			11811160064
		],
		[
			4027580416,
			11811160064
		],
		[
			4027580416,
			11811160064
		],
		[
			4027580416,
			11811160064
		],
		[
			4027580416,
			11811160064
		],
		[
			4027580416,
			11811160064
		],
		[
			4027580416,
			11811160064
		],
		[
			4027580416,
			11811160064
		],
		[
			4027580416,
			11811160064
		],
		[
			4027580416,
			11811160064
		],
		[
			4027580416,
			11811160064
		],
		[
			4027580416,
			11811160064
		],
		[
			4027580416,
			11811160064
		],
		[
			4027580416,
			11811160064
		],
		[
			4027580416,
			11811160064
		]
	],
	"utilization": [
		4,
		4,
		4,
		4,
		31,
		31,
		30,
		30,
		33,
		33,
		32,
		32,
		32,
		32,
		32,
		32,
		32,
		32,
		33,
		33,
		33,
		33,
		30,
		30,
		31,
		31,
		34,
		34,
		33,
		33,
		32,
		32,
		31,
		31,
		30,
		30,
		34,
		34,
		32,
		32,
		31,
		31,
		32,
		32,
		34,
		34,
		31,
		31,
		33,
		33,
		30,
		30,
		30,
		30,
		34,
		34,
		32,
		32,
		32,
		32,
		32,
		32,
		31,
		31,
		33,
		33,
		32,
		32,
		31,
		31,
		32,
		32,
		32,
		32,
		33,
		33,
		33,
		33,
		30,
		30,
		31,
		31,
		34,
		34,
		32,
		32,
		32,
		32,
		33,
		33
	],
	"computation_proportion": 95,
	"extra_dict": {}
}