{
	"model_name": "HarDNet",
	"batch_size": 256,
	"duration_sec": 45,
	"mode": "train",
	"is_DDP": true,
	"process_group_backend": "gloo",
	"world_size": 2,
	"rank": 0,
	"local_rank": 0,
	"device_type": "gpu",
	"master_addr": "133.133.135.74",
	"master_port": 39920,
	"iteration_count": 52,
	"iteration_intervals": [
		2033881088,
		811979264,
		852795392,
		865264640,
		761942272,
		869390080,
		849276160,
		852320256,
		849625344,
		858676480,
		856929536,
		858484736,
		854721024,
		857812480,
		855038976,
		856801792,
		852845568,
		858704128,
		847000576,
		873057280,
		859557376,
		858112768,
		853805056,
		860399872,
		743640576,
		853088512,
		867901184,
		853524224,
		854816512,
		860616704,
		853043712,
		859051008,
		852189952,
		859000320,
		860528896,
		850121984,
		863272192,
		859831552,
		852973824,
		855425024,
		855789312,
		854970112,
		861314304,
		744184064,
		859614208,
		857125120,
		865156608,
		837362944,
		858886144,
		858359552,
		861590016,
		852636160
	],
	"iteration_intervals_avg": 852097323.5744681,
	"iteration_intervals_avg_second": 0.8520973235744681,
	"total_time_ns": 45375180800,
	"total_time_second": 45,
	"mem_infos": [
		[
			11269046272,
			11811160064
		],
		[
			9704570880,
			11811160064
		],
		[
			9467592704,
			11811160064
		],
		[
			1078984704,
			11811160064
		],
		[
			1204813824,
			11811160064
		],
		[
			441450496,
			11811160064
		],
		[
			441450496,
			11811160064
		],
		[
			441450496,
			11811160064
		],
		[
			441450496,
			11811160064
		],
		[
			441450496,
			11811160064
		],
		[
			441450496,
			11811160064
		],
		[
			441450496,
			11811160064
		],
		[
			441450496,
			11811160064
		],
		[
			441450496,
			11811160064
		],
		[
			441450496,
			11811160064
		],
		[
			441450496,
			11811160064
		],
		[
			441450496,
			11811160064
		],
		[
			441450496,
			11811160064
		],
		[
			441450496,
			11811160064
		],
		[
			441450496,
			11811160064
		],
		[
			441450496,
			11811160064
		],
		[
			441450496,
			11811160064
		],
		[
			441450496,
			11811160064
		],
		[
			441450496,
			11811160064
		],
		[
			441450496,
			11811160064
		],
		[
			441450496,
			11811160064
		],
		[
			441450496,
			11811160064
		],
		[
			441450496,
			11811160064
		],
		[
			441450496,
			11811160064
		],
		[
			441450496,
			11811160064
		],
		[
			441450496,
			11811160064
		],
		[
			441450496,
			11811160064
		],
		[
			441450496,
			11811160064
		],
		[
			441450496,
			11811160064
		],
		[
			441450496,
			11811160064
		],
		[
			441450496,
			11811160064
		],
		[
			441450496,
			11811160064
		],
		[
			441450496,
			11811160064
		],
		[
			441450496,
			11811160064
		],
		[
			441450496,
			11811160064
		],
		[
			441450496,
			11811160064
		],
		[
			441450496,
			11811160064
		],
		[
			441450496,
			11811160064
		],
		[
			441450496,
			11811160064
		],
		[
			441450496,
			11811160064
		],
		[
			441450496,
			11811160064
		],
		[
			441450496,
			11811160064
		],
		[
			441450496,
			11811160064
		],
		[
			441450496,
			11811160064
		],
		[
			441450496,
			11811160064
		],
		[
			441450496,
			11811160064
		],
		[
			441450496,
			11811160064
		],
		[
			441450496,
			11811160064
		],
		[
			441450496,
			11811160064
		],
		[
			441450496,
			11811160064
		],
		[
			441450496,
			11811160064
		],
		[
			441450496,
			11811160064
		],
		[
			441450496,
			11811160064
		],
		[
			441450496,
			11811160064
		],
		[
			441450496,
			11811160064
		],
		[
			441450496,
			11811160064
		],
		[
			441450496,
			11811160064
		],
		[
			441450496,
			11811160064
		],
		[
			441450496,
			11811160064
		],
		[
			441450496,
			11811160064
		],
		[
			441450496,
			11811160064
		],
		[
			441450496,
			11811160064
		],
		[
			441450496,
			11811160064
		],
		[
			441450496,
			11811160064
		],
		[
			441450496,
			11811160064
		],
		[
			441450496,
			11811160064
		],
		[
			441450496,
			11811160064
		],
		[
			441450496,
			11811160064
		],
		[
			441450496,
			11811160064
		],
		[
			441450496,
			11811160064
		],
		[
			441450496,
			11811160064
		],
		[
			441450496,
			11811160064
		],
		[
			441450496,
			11811160064
		],
		[
			441450496,
			11811160064
		],
		[
			441450496,
			11811160064
		],
		[
			441450496,
			11811160064
		],
		[
			441450496,
			11811160064
		],
		[
			441450496,
			11811160064
		],
		[
			441450496,
			11811160064
		],
		[
			441450496,
			11811160064
		],
		[
			441450496,
			11811160064
		],
		[
			441450496,
			11811160064
		],
		[
			441450496,
			11811160064
		],
		[
			441450496,
			11811160064
		],
		[
			441450496,
			11811160064
		]
	],
	"utilization": [
		0,
		5,
		5,
		10,
		10,
		38,
		38,
		33,
		33,
		32,
		32,
		33,
		33,
		33,
		33,
		30,
		30,
		30,
		30,
		33,
		33,
		33,
		33,
		33,
		33,
		31,
		31,
		30,
		30,
		33,
		33,
		36,
		36,
		30,
		30,
		31,
		31,
		32,
		32,
		32,
		32,
		33,
		33,
		33,
		33,
		33,
		33,
		30,
		30,
		31,
		31,
		33,
		33,
		35,
		35,
		32,
		32,
		30,
		30,
		31,
		31,
		35,
		35,
		34,
		34,
		30,
		30,
		31,
		31,
		33,
		33,
		31,
		31,
		33,
		33,
		35,
		35,
		32,
		32,
		30,
		30,
		31,
		31,
		33,
		33,
		35,
		35,
		32,
		32,
		30
	],
	"computation_proportion": 75,
	"extra_dict": {}
}