{
	"model_name": "GhostNet",
	"batch_size": 128,
	"duration_sec": 45,
	"mode": "train",
	"is_DDP": true,
	"process_group_backend": "gloo",
	"world_size": 2,
	"rank": 0,
	"local_rank": 0,
	"device_type": "gpu",
	"master_addr": "133.133.135.75",
	"master_port": 39920,
	"iteration_count": 102,
	"iteration_intervals": [
		1688096512,
		487499520,
		594015488,
		480870656,
		403955712,
		470787584,
		471254784,
		394615552,
		463393024,
		394600960,
		469983488,
		384441856,
		481303040,
		377881088,
		467601152,
		384805120,
		398262272,
		461310720,
		397271808,
		455715584,
		399695104,
		449857280,
		403744768,
		468820992,
		392357632,
		450697728,
		394258432,
		456882688,
		391886336,
		471634688,
		393384192,
		457568256,
		391033856,
		463819008,
		396568320,
		464172032,
		379516416,
		473714688,
		379407616,
		482494464,
		377048064,
		470561280,
		391135744,
		473387776,
		378710016,
		477716736,
		388781568,
		464114176,
		378430208,
		482610688,
		381133568,
		480223488,
		368097792,
		482932224,
		373378560,
		479647744,
		374299136,
		484685824,
		383196160,
		468692480,
		382273024,
		403036928,
		459140864,
		393044224,
		451033088,
		406463488,
		459685632,
		388847616,
		465313280,
		393677312,
		463320576,
		379057920,
		469727744,
		392555776,
		459321088,
		395804672,
		466687744,
		389796352,
		464289024,
		389586688,
		468054272,
		387545600,
		468315648,
		382109696,
		473347584,
		382508288,
		472675584,
		382158336,
		476091136,
		381637888,
		470416384,
		382683392,
		478276864,
		368579840,
		482275328,
		373043712,
		477537792,
		372849408,
		485086208,
		378478848,
		478918400,
		391347712
	],
	"iteration_intervals_avg": 427630172.37113404,
	"iteration_intervals_avg_second": 0.42763017237113404,
	"total_time_ns": 45135420160,
	"total_time_second": 45,
	"mem_infos": [
		[
			11269046272,
			11811160064
		],
		[
			10379853824,
			11811160064
		],
		[
			10155458560,
			11811160064
		],
		[
			4035969024,
			11811160064
		],
		[
			4027580416,
			11811160064
		],
		[
			4027580416,
			11811160064
		],
		[
			4027580416,
			11811160064
		],
		[
			4027580416,
			11811160064
		],
		[
			4027580416,
			11811160064
		],
		[
			4027580416,
			11811160064
		],
		[
			4027580416,
			11811160064
		],
		[
			4027580416,
			11811160064
		],
		[
			4027580416,
			11811160064
		],
		[
			4027580416,
			11811160064
		],
		[
			4027580416,
			11811160064
		],
		[
			4027580416,
			11811160064
		],
		[
			4027580416,
			11811160064
		],
		[
			4027580416,
			11811160064
		],
		[
			4027580416,
			11811160064
		],
		[
			4027580416,
			11811160064
		],
		[
			4027580416,
			11811160064
		],
		[
			4027580416,
			11811160064
		],
		[
			4027580416,
			11811160064
		],
		[
			4027580416,
			11811160064
		],
		[
			4027580416,
			11811160064
		],
		[
			4027580416,
			11811160064
		],
		[
			4027580416,
			11811160064
		],
		[
			4027580416,
			11811160064
		],
		[
			4027580416,
			11811160064
		],
		[
			4027580416,
			11811160064
		],
		[
			4027580416,
			11811160064
		],
		[
			4027580416,
			11811160064
		],
		[
			4027580416,
			11811160064
		],
		[
			4027580416,
			11811160064
		],
		[
			4027580416,
			11811160064
		],
		[
			4027580416,
			11811160064
		],
		[
			4027580416,
			11811160064
		],
		[
			4027580416,
			11811160064
		],
		[
			4027580416,
			11811160064
		],
		[
			4027580416,
			11811160064
		],
		[
			4027580416,
			11811160064
		],
		[
			4027580416,
			11811160064
		],
		[
			4027580416,
			11811160064
		],
		[
			4027580416,
			11811160064
		],
		[
			4027580416,
			11811160064
		],
		[
			4027580416,
			11811160064
		],
		[
			4027580416,
			11811160064
		],
		[
			4027580416,
			11811160064
		],
		[
			4027580416,
			11811160064
		],
		[
			4027580416,
			11811160064
		],
		[
			4027580416,
			11811160064
		],
		[
			4027580416,
			11811160064
		],
		[
			4027580416,
			11811160064
		],
		[
			4027580416,
			11811160064
		],
		[
			4027580416,
			11811160064
		],
		[
			4027580416,
			11811160064
		],
		[
			4027580416,
			11811160064
		],
		[
			4027580416,
			11811160064
		],
		[
			4027580416,
			11811160064
		],
		[
			4027580416,
			11811160064
		],
		[
			4027580416,
			11811160064
		],
		[
			4027580416,
			11811160064
		],
		[
			4027580416,
			11811160064
		],
		[
			4027580416,
			11811160064
		],
		[
			4027580416,
			11811160064
		],
		[
			4027580416,
			11811160064
		],
		[
			4027580416,
			11811160064
		],
		[
			4027580416,
			11811160064
		],
		[
			4027580416,
			11811160064
		],
		[
			4027580416,
			11811160064
		],
		[
			4027580416,
			11811160064
		],
		[
			4027580416,
			11811160064
		],
		[
			4027580416,
			11811160064
		],
		[
			4027580416,
			11811160064
		],
		[
			4027580416,
			11811160064
		],
		[
			4027580416,
			11811160064
		],
		[
			4027580416,
			11811160064
		],
		[
			4027580416,
			11811160064
		],
		[
			4027580416,
			11811160064
		],
		[
			4027580416,
			11811160064
		],
		[
			4027580416,
			11811160064
		],
		[
			4027580416,
			11811160064
		],
		[
			4027580416,
			11811160064
		],
		[
			4027580416,
			11811160064
		],
		[
			4027580416,
			11811160064
		],
		[
			4027580416,
			11811160064
		],
		[
			4027580416,
			11811160064
		],
		[
			4027580416,
			11811160064
		],
		[
			4027580416,
			11811160064
		],
		[
			4027580416,
			11811160064
		]
	],
	"utilization": [
		3,
		3,
		4,
		4,
		18,
		18,
		31,
		31,
		31,
		31,
		31,
		31,
		34,
		34,
		34,
		34,
		30,
		30,
		32,
		32,
		33,
		33,
		33,
		33,
		32,
		32,
		30,
		30,
		30,
		30,
		34,
		34,
		32,
		32,
		32,
		32,
		31,
		31,
		31,
		31,
		33,
		33,
		33,
		33,
		30,
		30,
		32,
		32,
		32,
		32,
		33,
		33,
		33,
		33,
		30,
		30,
		31,
		31,
		34,
		34,
		32,
		32,
		31,
		31,
		33,
		33,
		32,
		32,
		33,
		33,
		32,
		32,
		30,
		30,
		34,
		34,
		32,
		32,
		31,
		31,
		32,
		32,
		32,
		32,
		32,
		32,
		32,
		32,
		30,
		30
	],
	"computation_proportion": 40,
	"extra_dict": {}
}