{
	"model_name": "GhostNet",
	"batch_size": 64,
	"duration_sec": 45,
	"mode": "train",
	"is_DDP": true,
	"process_group_backend": "gloo",
	"world_size": 4,
	"rank": 2,
	"local_rank": 0,
	"device_type": "gpu",
	"master_addr": "133.133.135.75",
	"master_port": 39920,
	"iteration_count": 132,
	"iteration_intervals": [
		1550020864,
		182867456,
		191968256,
		210158336,
		228422656,
		229532672,
		235036928,
		196989696,
		298237184,
		367677440,
		488948736,
		616306944,
		610872832,
		608722176,
		487517440,
		386256128,
		363347712,
		251698688,
		245469952,
		230370304,
		255484928,
		231998720,
		204617984,
		216544256,
		320530432,
		259137280,
		368102912,
		258862080,
		358375424,
		479774720,
		490121472,
		490472448,
		595746304,
		407274496,
		482235648,
		481579264,
		470576640,
		385018624,
		378900992,
		477221888,
		383518976,
		480540160,
		485513984,
		478468864,
		385157888,
		367299584,
		348230656,
		247010560,
		245399808,
		187314688,
		215356672,
		228752384,
		233472512,
		247863552,
		253371136,
		357910016,
		352384768,
		253907712,
		263228416,
		242318336,
		230689280,
		240329728,
		252567552,
		349309696,
		270289152,
		250508032,
		476838144,
		490448384,
		483269888,
		493960704,
		371096576,
		380771328,
		350318592,
		247144448,
		234722816,
		188711936,
		214473728,
		236697088,
		234250496,
		242354176,
		346457088,
		376899584,
		472120576,
		275519232,
		358795520,
		494773760,
		488806912,
		615611392,
		477778944,
		494381568,
		378825984,
		481285120,
		370838272,
		375003392,
		359700736,
		249426176,
		243766784,
		201594368,
		221741312,
		226688256,
		219394560,
		245900032,
		351093504,
		359634944,
		383640320,
		351245056,
		366881536,
		380593152,
		372326400,
		245528832,
		254245376,
		233328128,
		236221696,
		244049664,
		240749568,
		238257152,
		247433472,
		254080768,
		355848192,
		253756160,
		371218432,
		485496832,
		365677056,
		267797504,
		231725568,
		244887552,
		237004288,
		242595328,
		246773248,
		250825472,
		360157952,
		363519488
	],
	"iteration_intervals_avg": 336513669.03937006,
	"iteration_intervals_avg_second": 0.3365136690393701,
	"total_time_ns": 45102417152,
	"total_time_second": 45,
	"mem_infos": [
		[
			5363466240,
			5905580032
		],
		[
			4826595328,
			5905580032
		],
		[
			4627365888,
			5905580032
		],
		[
			1462763520,
			5905580032
		],
		[
			1454374912,
			5905580032
		],
		[
			1454374912,
			5905580032
		],
		[
			1454374912,
			5905580032
		],
		[
			1454374912,
			5905580032
		],
		[
			1454374912,
			5905580032
		],
		[
			1454374912,
			5905580032
		],
		[
			1454374912,
			5905580032
		],
		[
			1454374912,
			5905580032
		],
		[
			1454374912,
			5905580032
		],
		[
			1454374912,
			5905580032
		],
		[
			1454374912,
			5905580032
		],
		[
			1454374912,
			5905580032
		],
		[
			1454374912,
			5905580032
		],
		[
			1454374912,
			5905580032
		],
		[
			1454374912,
			5905580032
		],
		[
			1454374912,
			5905580032
		],
		[
			1454374912,
			5905580032
		],
		[
			1454374912,
			5905580032
		],
		[
			1454374912,
			5905580032
		],
		[
			1454374912,
			5905580032
		],
		[
			1454374912,
			5905580032
		],
		[
			1454374912,
			5905580032
		],
		[
			1454374912,
			5905580032
		],
		[
			1454374912,
			5905580032
		],
		[
			1454374912,
			5905580032
		],
		[
			1454374912,
			5905580032
		],
		[
			1454374912,
			5905580032
		],
		[
			1454374912,
			5905580032
		],
		[
			1454374912,
			5905580032
		],
		[
			1454374912,
			5905580032
		],
		[
			1454374912,
			5905580032
		],
		[
			1454374912,
			5905580032
		],
		[
			1454374912,
			5905580032
		],
		[
			1454374912,
			5905580032
		],
		[
			1454374912,
			5905580032
		],
		[
			1454374912,
			5905580032
		],
		[
			1454374912,
			5905580032
		],
		[
			1454374912,
			5905580032
		],
		[
			1454374912,
			5905580032
		],
		[
			1454374912,
			5905580032
		],
		[
			1454374912,
			5905580032
		],
		[
			1454374912,
			5905580032
		],
		[
			1454374912,
			5905580032
		],
		[
			1454374912,
			5905580032
		],
		[
			1454374912,
			5905580032
		],
		[
			1454374912,
			5905580032
		],
		[
			1454374912,
			5905580032
		],
		[
			1454374912,
			5905580032
		],
		[
			1454374912,
			5905580032
		],
		[
			1454374912,
			5905580032
		],
		[
			1454374912,
			5905580032
		],
		[
			1454374912,
			5905580032
		],
		[
			1454374912,
			5905580032
		],
		[
			1454374912,
			5905580032
		],
		[
			1454374912,
			5905580032
		],
		[
			1454374912,
			5905580032
		],
		[
			1454374912,
			5905580032
		],
		[
			1454374912,
			5905580032
		],
		[
			1454374912,
			5905580032
		],
		[
			1454374912,
			5905580032
		],
		[
			1454374912,
			5905580032
		],
		[
			1454374912,
			5905580032
		],
		[
			1454374912,
			5905580032
		],
		[
			1454374912,
			5905580032
		],
		[
			1454374912,
			5905580032
		],
		[
			1454374912,
			5905580032
		],
		[
			1454374912,
			5905580032
		],
		[
			1454374912,
			5905580032
		],
		[
			1454374912,
			5905580032
		],
		[
			1454374912,
			5905580032
		],
		[
			1454374912,
			5905580032
		],
		[
			1454374912,
			5905580032
		],
		[
			1454374912,
			5905580032
		],
		[
			1454374912,
			5905580032
		],
		[
			1454374912,
			5905580032
		],
		[
			1454374912,
			5905580032
		],
		[
			1454374912,
			5905580032
		],
		[
			1454374912,
			5905580032
		],
		[
			1454374912,
			5905580032
		],
		[
			1454374912,
			5905580032
		],
		[
			1454374912,
			5905580032
		],
		[
			1454374912,
			5905580032
		],
		[
			1454374912,
			5905580032
		],
		[
			1454374912,
			5905580032
		],
		[
			1454374912,
			5905580032
		],
		[
			1454374912,
			5905580032
		]
	],
	"utilization": [
		12,
		12,
		17,
		17,
		45,
		45,
		72,
		72,
		56,
		56,
		25,
		25,
		32,
		32,
		32,
		32,
		51,
		51,
		67,
		67,
		52,
		52,
		44,
		44,
		30,
		30,
		29,
		29,
		31,
		31,
		37,
		37,
		36,
		36,
		31,
		31,
		36,
		36,
		49,
		49,
		72,
		72,
		59,
		59,
		51,
		51,
		58,
		58,
		47,
		47,
		35,
		35,
		41,
		41,
		48,
		48,
		71,
		71,
		46,
		46,
		40,
		40,
		35,
		35,
		26,
		26,
		44,
		44,
		33,
		33,
		58,
		58,
		71,
		71,
		47,
		47,
		40,
		40,
		49,
		49,
		67,
		67,
		60,
		60,
		42,
		42,
		51,
		51,
		66,
		66
	],
	"computation_proportion": 35,
	"extra_dict": {}
}