{
	"model_name": "ResNet50",
	"batch_size": 8,
	"duration_sec": 45,
	"mode": "train",
	"is_DDP": true,
	"process_group_backend": "gloo",
	"world_size": 2,
	"rank": 0,
	"local_rank": 0,
	"device_type": "gpu",
	"master_addr": "133.133.135.74",
	"master_port": 39920,
	"iteration_count": 47,
	"iteration_intervals": [
		2318691840,
		941854464,
		945595392,
		944211968,
		937580032,
		945935872,
		936807168,
		938487808,
		940870400,
		939930624,
		950178048,
		951140608,
		941889536,
		938764800,
		950370048,
		942522880,
		938117632,
		940943616,
		930787584,
		945873152,
		945576704,
		942408192,
		969441536,
		939947008,
		928316928,
		947941376,
		943539456,
		937651968,
		936831232,
		936611584,
		926606848,
		944653824,
		937351168,
		939845632,
		939133952,
		936511232,
		936022272,
		937449472,
		941945088,
		941662720,
		929490432,
		939861504,
		941989120,
		935247360,
		942019328,
		944243200,
		939763968
	],
	"iteration_intervals_avg": 940825782.8571428,
	"iteration_intervals_avg_second": 0.9408257828571428,
	"total_time_ns": 45603296256,
	"total_time_second": 45,
	"mem_infos": [
		[
			10964959232,
			11811160064
		],
		[
			10734272512,
			11811160064
		],
		[
			10493100032,
			11811160064
		],
		[
			9421455360,
			11811160064
		],
		[
			9421455360,
			11811160064
		],
		[
			9215934464,
			11811160064
		],
		[
			9215934464,
			11811160064
		],
		[
			9167699968,
			11811160064
		],
		[
			9167699968,
			11811160064
		],
		[
			9167699968,
			11811160064
		],
		[
			9167699968,
			11811160064
		],
		[
			9167699968,
			11811160064
		],
		[
			9167699968,
			11811160064
		],
		[
			9167699968,
			11811160064
		],
		[
			9167699968,
			11811160064
		],
		[
			9167699968,
			11811160064
		],
		[
			9167699968,
			11811160064
		],
		[
			9167699968,
			11811160064
		],
		[
			9167699968,
			11811160064
		],
		[
			9167699968,
			11811160064
		],
		[
			9167699968,
			11811160064
		],
		[
			9167699968,
			11811160064
		],
		[
			9167699968,
			11811160064
		],
		[
			9167699968,
			11811160064
		],
		[
			9167699968,
			11811160064
		],
		[
			9167699968,
			11811160064
		],
		[
			9167699968,
			11811160064
		],
		[
			9167699968,
			11811160064
		],
		[
			9167699968,
			11811160064
		],
		[
			9167699968,
			11811160064
		],
		[
			9167699968,
			11811160064
		],
		[
			9167699968,
			11811160064
		],
		[
			9167699968,
			11811160064
		],
		[
			9167699968,
			11811160064
		],
		[
			9167699968,
			11811160064
		],
		[
			9167699968,
			11811160064
		],
		[
			9167699968,
			11811160064
		],
		[
			9167699968,
			11811160064
		],
		[
			9167699968,
			11811160064
		],
		[
			9167699968,
			11811160064
		],
		[
			9167699968,
			11811160064
		],
		[
			9167699968,
			11811160064
		],
		[
			9167699968,
			11811160064
		],
		[
			9167699968,
			11811160064
		],
		[
			9167699968,
			11811160064
		],
		[
			9167699968,
			11811160064
		],
		[
			9167699968,
			11811160064
		],
		[
			9167699968,
			11811160064
		],
		[
			9167699968,
			11811160064
		],
		[
			9167699968,
			11811160064
		],
		[
			9167699968,
			11811160064
		],
		[
			9167699968,
			11811160064
		],
		[
			9167699968,
			11811160064
		],
		[
			9167699968,
			11811160064
		],
		[
			9167699968,
			11811160064
		],
		[
			9167699968,
			11811160064
		],
		[
			9167699968,
			11811160064
		],
		[
			9167699968,
			11811160064
		],
		[
			9167699968,
			11811160064
		],
		[
			9167699968,
			11811160064
		],
		[
			9167699968,
			11811160064
		],
		[
			9167699968,
			11811160064
		],
		[
			9167699968,
			11811160064
		],
		[
			9167699968,
			11811160064
		],
		[
			9167699968,
			11811160064
		],
		[
			9167699968,
			11811160064
		],
		[
			9167699968,
			11811160064
		],
		[
			9167699968,
			11811160064
		],
		[
			9167699968,
			11811160064
		],
		[
			9167699968,
			11811160064
		],
		[
			9167699968,
			11811160064
		],
		[
			9167699968,
			11811160064
		],
		[
			9167699968,
			11811160064
		],
		[
			9167699968,
			11811160064
		],
		[
			9167699968,
			11811160064
		],
		[
			9167699968,
			11811160064
		],
		[
			9167699968,
			11811160064
		],
		[
			9167699968,
			11811160064
		],
		[
			9167699968,
			11811160064
		],
		[
			9167699968,
			11811160064
		],
		[
			9167699968,
			11811160064
		],
		[
			9167699968,
			11811160064
		],
		[
			9167699968,
			11811160064
		],
		[
			9167699968,
			11811160064
		],
		[
			9167699968,
			11811160064
		],
		[
			9167699968,
			11811160064
		],
		[
			9167699968,
			11811160064
		],
		[
			9167699968,
			11811160064
		],
		[
			9167699968,
			11811160064
		],
		[
			9167699968,
			11811160064
		]
	],
	"utilization": [
		5,
		2,
		2,
		9,
		9,
		6,
		6,
		7,
		7,
		7,
		7,
		6,
		6,
		6,
		6,
		6,
		6,
		6,
		6,
		6,
		6,
		6,
		6,
		7,
		7,
		7,
		7,
		6,
		6,
		7,
		7,
		6,
		6,
		7,
		7,
		11,
		11,
		8,
		8,
		7,
		7,
		6,
		6,
		6,
		6,
		6,
		6,
		6,
		6,
		6,
		6,
		6,
		6,
		7,
		7,
		7,
		7,
		6,
		6,
		6,
		6,
		7,
		7,
		7,
		7,
		11,
		11,
		7,
		7,
		7,
		7,
		6,
		6,
		6,
		6,
		6,
		6,
		6,
		6,
		6,
		6,
		7,
		7,
		7,
		7,
		6,
		6,
		6,
		6,
		7
	],
	"computation_proportion": 60,
	"extra_dict": {}
}