{
	"model_name": "ResNet18",
	"batch_size": 8,
	"duration_sec": 45,
	"mode": "train",
	"is_DDP": true,
	"process_group_backend": "gloo",
	"world_size": 2,
	"rank": 1,
	"local_rank": 0,
	"device_type": "gpu",
	"master_addr": "133.133.135.74",
	"master_port": 39920,
	"iteration_count": 101,
	"iteration_intervals": [
		1690668032,
		435627008,
		427883776,
		433423616,
		435897600,
		432144896,
		433776896,
		433823744,
		433145856,
		437415168,
		432761344,
		449295872,
		431229696,
		432105984,
		432340480,
		437434368,
		432851968,
		430756608,
		432244224,
		431924992,
		434499584,
		436559872,
		432157696,
		428798464,
		431730176,
		431067648,
		433879808,
		431855616,
		435069952,
		429224448,
		446245120,
		435064064,
		440116224,
		435495424,
		433382144,
		429326848,
		432085504,
		437936384,
		431124736,
		432808704,
		433938944,
		433252352,
		433655296,
		432342016,
		428790784,
		429249536,
		425789440,
		437432320,
		431867392,
		429534208,
		437784320,
		429752576,
		431510784,
		428844288,
		437464576,
		436444672,
		431550208,
		435098880,
		432511232,
		440785152,
		427770368,
		424889088,
		436926720,
		431500288,
		431721984,
		428519936,
		440380160,
		435463680,
		431581696,
		434358528,
		432506112,
		429450752,
		436809216,
		436622592,
		429867008,
		429717248,
		433927936,
		435678464,
		432310272,
		431038208,
		432141056,
		439379712,
		429440768,
		429106944,
		433909248,
		433149696,
		433490432,
		432574464,
		431634688,
		429367808,
		429585408,
		432003840,
		433821952,
		433288448,
		433722624,
		433042176,
		429534208,
		433748992,
		438703872,
		429850112,
		446934784
	],
	"iteration_intervals_avg": 433320322.6666667,
	"iteration_intervals_avg_second": 0.4333203226666667,
	"total_time_ns": 45023200512,
	"total_time_second": 45,
	"mem_infos": [
		[
			11130634240,
			11811160064
		],
		[
			10902044672,
			11811160064
		],
		[
			10654580736,
			11811160064
		],
		[
			10214178816,
			11811160064
		],
		[
			10155458560,
			11811160064
		],
		[
			10155458560,
			11811160064
		],
		[
			10155458560,
			11811160064
		],
		[
			10155458560,
			11811160064
		],
		[
			10155458560,
			11811160064
		],
		[
			10155458560,
			11811160064
		],
		[
			10155458560,
			11811160064
		],
		[
			10155458560,
			11811160064
		],
		[
			10155458560,
			11811160064
		],
		[
			10155458560,
			11811160064
		],
		[
			10155458560,
			11811160064
		],
		[
			10155458560,
			11811160064
		],
		[
			10155458560,
			11811160064
		],
		[
			10155458560,
			11811160064
		],
		[
			10155458560,
			11811160064
		],
		[
			10155458560,
			11811160064
		],
		[
			10155458560,
			11811160064
		],
		[
			10155458560,
			11811160064
		],
		[
			10155458560,
			11811160064
		],
		[
			10155458560,
			11811160064
		],
		[
			10155458560,
			11811160064
		],
		[
			10155458560,
			11811160064
		],
		[
			10155458560,
			11811160064
		],
		[
			10155458560,
			11811160064
		],
		[
			10155458560,
			11811160064
		],
		[
			10155458560,
			11811160064
		],
		[
			10155458560,
			11811160064
		],
		[
			10155458560,
			11811160064
		],
		[
			10155458560,
			11811160064
		],
		[
			10155458560,
			11811160064
		],
		[
			10155458560,
			11811160064
		],
		[
			10155458560,
			11811160064
		],
		[
			10155458560,
			11811160064
		],
		[
			10155458560,
			11811160064
		],
		[
			10155458560,
			11811160064
		],
		[
			10155458560,
			11811160064
		],
		[
			10155458560,
			11811160064
		],
		[
			10155458560,
			11811160064
		],
		[
			10155458560,
			11811160064
		],
		[
			10155458560,
			11811160064
		],
		[
			10155458560,
			11811160064
		],
		[
			10155458560,
			11811160064
		],
		[
			10155458560,
			11811160064
		],
		[
			10155458560,
			11811160064
		],
		[
			10155458560,
			11811160064
		],
		[
			10155458560,
			11811160064
		],
		[
			10155458560,
			11811160064
		],
		[
			10155458560,
			11811160064
		],
		[
			10155458560,
			11811160064
		],
		[
			10155458560,
			11811160064
		],
		[
			10155458560,
			11811160064
		],
		[
			10155458560,
			11811160064
		],
		[
			10155458560,
			11811160064
		],
		[
			10155458560,
			11811160064
		],
		[
			10155458560,
			11811160064
		],
		[
			10155458560,
			11811160064
		],
		[
			10155458560,
			11811160064
		],
		[
			10155458560,
			11811160064
		],
		[
			10155458560,
			11811160064
		],
		[
			10155458560,
			11811160064
		],
		[
			10155458560,
			11811160064
		],
		[
			10155458560,
			11811160064
		],
		[
			10155458560,
			11811160064
		],
		[
			10155458560,
			11811160064
		],
		[
			10155458560,
			11811160064
		],
		[
			10155458560,
			11811160064
		],
		[
			10155458560,
			11811160064
		],
		[
			10155458560,
			11811160064
		],
		[
			10155458560,
			11811160064
		],
		[
			10155458560,
			11811160064
		],
		[
			10155458560,
			11811160064
		],
		[
			10155458560,
			11811160064
		],
		[
			10155458560,
			11811160064
		],
		[
			10155458560,
			11811160064
		],
		[
			10155458560,
			11811160064
		],
		[
			10155458560,
			11811160064
		],
		[
			10155458560,
			11811160064
		],
		[
			10155458560,
			11811160064
		],
		[
			10155458560,
			11811160064
		],
		[
			10155458560,
			11811160064
		],
		[
			10155458560,
			11811160064
		],
		[
			10155458560,
			11811160064
		],
		[
			10155458560,
			11811160064
		],
		[
			10155458560,
			11811160064
		],
		[
			10155458560,
			11811160064
		],
		[
			10155458560,
			11811160064
		]
	],
	"utilization": [
		2,
		4,
		4,
		5,
		5,
		5,
		5,
		7,
		7,
		5,
		5,
		5,
		5,
		7,
		7,
		6,
		6,
		5,
		5,
		5,
		5,
		8,
		8,
		5,
		5,
		5,
		5,
		7,
		7,
		5,
		5,
		5,
		5,
		8,
		8,
		5,
		5,
		5,
		5,
		7,
		7,
		5,
		5,
		5,
		5,
		7,
		7,
		5,
		5,
		5,
		5,
		8,
		8,
		5,
		5,
		5,
		5,
		6,
		6,
		7,
		7,
		5,
		5,
		5,
		5,
		8,
		8,
		5,
		5,
		5,
		5,
		8,
		8,
		5,
		5,
		5,
		5,
		8,
		8,
		5,
		5,
		5,
		5,
		8,
		8,
		5,
		5,
		5,
		5,
		7
	],
	"computation_proportion": 10,
	"extra_dict": {}
}