{
	"model_name": "YoloV5S",
	"batch_size": 4,
	"duration_sec": 45,
	"mode": "train",
	"is_DDP": true,
	"process_group_backend": "gloo",
	"world_size": 2,
	"rank": 0,
	"local_rank": 0,
	"device_type": "gpu",
	"master_addr": "133.133.135.74",
	"master_port": 39920,
	"iteration_count": 140,
	"iteration_intervals": [
		1605510144,
		330613760,
		309172480,
		318537472,
		318014208,
		315362048,
		320260096,
		324069376,
		333752832,
		339114752,
		319293184,
		332239616,
		331589888,
		320385792,
		312598528,
		315232256,
		311552000,
		316088832,
		312816128,
		311873280,
		327762688,
		319053824,
		313861632,
		312758272,
		316422144,
		318668800,
		313896960,
		311018752,
		308846592,
		315326720,
		311304448,
		308395776,
		309444608,
		320146176,
		312330496,
		310882048,
		315026944,
		315057152,
		310559744,
		310081024,
		308492032,
		311485696,
		305865728,
		312599040,
		311425024,
		313140736,
		311687936,
		309078784,
		315289344,
		316341248,
		312937984,
		311924224,
		310819584,
		316058112,
		311010048,
		311007744,
		313597184,
		314948864,
		312400640,
		312540160,
		311108608,
		310245888,
		315943936,
		309931264,
		316845056,
		311975936,
		313916928,
		312601600,
		312324096,
		310722816,
		309943552,
		311577344,
		310820352,
		312535808,
		318989312,
		309568768,
		310908672,
		311879936,
		313321216,
		312194560,
		308826624,
		310800128,
		312487680,
		313198080,
		313353472,
		316069376,
		308757248,
		314375168,
		311570176,
		313894912,
		320662528,
		309811200,
		307335168,
		320332800,
		310376448,
		311959552,
		308204544,
		306546944,
		319450880,
		317009152,
		309287680,
		313845760,
		322217984,
		309681152,
		310772736,
		315277568,
		313537024,
		306187008,
		312520960,
		309153792,
		326619136,
		312278272,
		313413376,
		318251264,
		310436864,
		319011072,
		311474688,
		311055104,
		315273984,
		309143552,
		311169792,
		316023808,
		309760768,
		308608256,
		309952512,
		316413440,
		323815936,
		310235136,
		309005824,
		314746368,
		312119808,
		315267584,
		311837440,
		318208000,
		310899968,
		312175616,
		311507968,
		307322624,
		318354688,
		313933312
	],
	"iteration_intervals_avg": 313873326.4592593,
	"iteration_intervals_avg_second": 0.31387332645925925,
	"total_time_ns": 45255483392,
	"total_time_second": 45,
	"mem_infos": [
		[
			11229200384,
			11811160064
		],
		[
			10985930752,
			11811160064
		],
		[
			10755244032,
			11811160064
		],
		[
			10442768384,
			11811160064
		],
		[
			10350493696,
			11811160064
		],
		[
			10350493696,
			11811160064
		],
		[
			10350493696,
			11811160064
		],
		[
			10350493696,
			11811160064
		],
		[
			10350493696,
			11811160064
		],
		[
			10350493696,
			11811160064
		],
		[
			10350493696,
			11811160064
		],
		[
			10350493696,
			11811160064
		],
		[
			10350493696,
			11811160064
		],
		[
			10350493696,
			11811160064
		],
		[
			10350493696,
			11811160064
		],
		[
			10350493696,
			11811160064
		],
		[
			10350493696,
			11811160064
		],
		[
			10350493696,
			11811160064
		],
		[
			10350493696,
			11811160064
		],
		[
			10350493696,
			11811160064
		],
		[
			10350493696,
			11811160064
		],
		[
			10350493696,
			11811160064
		],
		[
			10350493696,
			11811160064
		],
		[
			10350493696,
			11811160064
		],
		[
			10350493696,
			11811160064
		],
		[
			10350493696,
			11811160064
		],
		[
			10350493696,
			11811160064
		],
		[
			10350493696,
			11811160064
		],
		[
			10350493696,
			11811160064
		],
		[
			10350493696,
			11811160064
		],
		[
			10350493696,
			11811160064
		],
		[
			10350493696,
			11811160064
		],
		[
			10350493696,
			11811160064
		],
		[
			10350493696,
			11811160064
		],
		[
			10350493696,
			11811160064
		],
		[
			10350493696,
			11811160064
		],
		[
			10350493696,
			11811160064
		],
		[
			10350493696,
			11811160064
		],
		[
			10350493696,
			11811160064
		],
		[
			10350493696,
			11811160064
		],
		[
			10350493696,
			11811160064
		],
		[
			10350493696,
			11811160064
		],
		[
			10350493696,
			11811160064
		],
		[
			10350493696,
			11811160064
		],
		[
			10350493696,
			11811160064
		],
		[
			10350493696,
			11811160064
		],
		[
			10350493696,
			11811160064
		],
		[
			10350493696,
			11811160064
		],
		[
			10350493696,
			11811160064
		],
		[
			10350493696,
			11811160064
		],
		[
			10350493696,
			11811160064
		],
		[
			10350493696,
			11811160064
		],
		[
			10350493696,
			11811160064
		],
		[
			10350493696,
			11811160064
		],
		[
			10350493696,
			11811160064
		],
		[
			10350493696,
			11811160064
		],
		[
			10350493696,
			11811160064
		],
		[
			10350493696,
			11811160064
		],
		[
			10350493696,
			11811160064
		],
		[
			10350493696,
			11811160064
		],
		[
			10350493696,
			11811160064
		],
		[
			10350493696,
			11811160064
		],
		[
			10350493696,
			11811160064
		],
		[
			10350493696,
			11811160064
		],
		[
			10350493696,
			11811160064
		],
		[
			10350493696,
			11811160064
		],
		[
			10350493696,
			11811160064
		],
		[
			10350493696,
			11811160064
		],
		[
			10350493696,
			11811160064
		],
		[
			10350493696,
			11811160064
		],
		[
			10350493696,
			11811160064
		],
		[
			10350493696,
			11811160064
		],
		[
			10350493696,
			11811160064
		],
		[
			10350493696,
			11811160064
		],
		[
			10350493696,
			11811160064
		],
		[
			10350493696,
			11811160064
		],
		[
			10350493696,
			11811160064
		],
		[
			10350493696,
			11811160064
		],
		[
			10350493696,
			11811160064
		],
		[
			10350493696,
			11811160064
		],
		[
			10350493696,
			11811160064
		],
		[
			10350493696,
			11811160064
		],
		[
			10350493696,
			11811160064
		],
		[
			10350493696,
			11811160064
		],
		[
			10350493696,
			11811160064
		],
		[
			10350493696,
			11811160064
		],
		[
			10350493696,
			11811160064
		],
		[
			10350493696,
			11811160064
		],
		[
			10350493696,
			11811160064
		],
		[
			10350493696,
			11811160064
		]
	],
	"utilization": [
		2,
		3,
		3,
		4,
		4,
		7,
		7,
		7,
		7,
		7,
		7,
		7,
		7,
		8,
		8,
		8,
		8,
		7,
		7,
		7,
		7,
		7,
		7,
		8,
		8,
		8,
		8,
		7,
		7,
		7,
		7,
		7,
		7,
		8,
		8,
		8,
		8,
		7,
		7,
		7,
		7,
		7,
		7,
		9,
		9,
		7,
		7,
		7,
		7,
		7,
		7,
		7,
		7,
		9,
		9,
		7,
		7,
		7,
		7,
		7,
		7,
		7,
		7,
		8,
		8,
		7,
		7,
		7,
		7,
		7,
		7,
		8,
		8,
		8,
		8,
		7,
		7,
		7,
		7,
		7,
		7,
		8,
		8,
		8,
		8,
		7,
		7,
		7,
		7,
		7
	],
	"computation_proportion": 30,
	"extra_dict": {}
}