{
	"model_name": "YoloV5N",
	"batch_size": 64,
	"duration_sec": 45,
	"mode": "train",
	"is_DDP": true,
	"process_group_backend": "gloo",
	"world_size": 2,
	"rank": 0,
	"local_rank": 0,
	"device_type": "gpu",
	"master_addr": "133.133.135.74",
	"master_port": 39920,
	"iteration_count": 77,
	"iteration_intervals": [
		1307898880,
		165200640,
		149324032,
		204418048,
		354187776,
		363506688,
		392514560,
		2164704768,
		613115648,
		607733248,
		485969408,
		501568768,
		622983424,
		827634432,
		606270720,
		613840384,
		483648768,
		494068224,
		602251520,
		609757184,
		725711616,
		616026112,
		605523968,
		490053120,
		406348544,
		566593024,
		610537472,
		728238848,
		608239104,
		485787904,
		503482880,
		483231744,
		486354944,
		599784960,
		732154624,
		610661376,
		501486592,
		482611712,
		484348672,
		483081984,
		496760320,
		607239936,
		727160832,
		495575808,
		491476736,
		484262912,
		482385920,
		480516864,
		494330624,
		723548928,
		730915072,
		859849472,
		721866752,
		495648768,
		522689536,
		461727232,
		484087296,
		487218944,
		598206208,
		737296384,
		605072384,
		493676288,
		493217024,
		482601216,
		485332736,
		607628032,
		725796608,
		616972800,
		606285312,
		484994816,
		482145792,
		498703360,
		889275136,
		738509056,
		612548096,
		606351872,
		728278528
	],
	"iteration_intervals_avg": 596388618.6666666,
	"iteration_intervals_avg_second": 0.5963886186666666,
	"total_time_ns": 45123058688,
	"total_time_second": 45,
	"mem_infos": [
		[
			11120148480,
			11811160064
		],
		[
			10809769984,
			11811160064
		],
		[
			10493100032,
			11811160064
		],
		[
			8836349952,
			11811160064
		],
		[
			8769241088,
			11811160064
		],
		[
			8769241088,
			11811160064
		],
		[
			8769241088,
			11811160064
		],
		[
			8769241088,
			11811160064
		],
		[
			8769241088,
			11811160064
		],
		[
			8769241088,
			11811160064
		],
		[
			8769241088,
			11811160064
		],
		[
			8769241088,
			11811160064
		],
		[
			8769241088,
			11811160064
		],
		[
			8769241088,
			11811160064
		],
		[
			8769241088,
			11811160064
		],
		[
			8769241088,
			11811160064
		],
		[
			8769241088,
			11811160064
		],
		[
			8769241088,
			11811160064
		],
		[
			8769241088,
			11811160064
		],
		[
			8769241088,
			11811160064
		],
		[
			8769241088,
			11811160064
		],
		[
			8769241088,
			11811160064
		],
		[
			8769241088,
			11811160064
		],
		[
			8769241088,
			11811160064
		],
		[
			8769241088,
			11811160064
		],
		[
			8769241088,
			11811160064
		],
		[
			8769241088,
			11811160064
		],
		[
			8769241088,
			11811160064
		],
		[
			8769241088,
			11811160064
		],
		[
			8769241088,
			11811160064
		],
		[
			8769241088,
			11811160064
		],
		[
			8769241088,
			11811160064
		],
		[
			8769241088,
			11811160064
		],
		[
			8769241088,
			11811160064
		],
		[
			8769241088,
			11811160064
		],
		[
			8769241088,
			11811160064
		],
		[
			8769241088,
			11811160064
		],
		[
			8769241088,
			11811160064
		],
		[
			8769241088,
			11811160064
		],
		[
			8769241088,
			11811160064
		],
		[
			8769241088,
			11811160064
		],
		[
			8769241088,
			11811160064
		],
		[
			8769241088,
			11811160064
		],
		[
			8769241088,
			11811160064
		],
		[
			8769241088,
			11811160064
		],
		[
			8769241088,
			11811160064
		],
		[
			8769241088,
			11811160064
		],
		[
			8769241088,
			11811160064
		],
		[
			8769241088,
			11811160064
		],
		[
			8769241088,
			11811160064
		],
		[
			8769241088,
			11811160064
		],
		[
			8769241088,
			11811160064
		],
		[
			8769241088,
			11811160064
		],
		[
			8769241088,
			11811160064
		],
		[
			8769241088,
			11811160064
		],
		[
			8769241088,
			11811160064
		],
		[
			8769241088,
			11811160064
		],
		[
			8769241088,
			11811160064
		],
		[
			8769241088,
			11811160064
		],
		[
			8769241088,
			11811160064
		],
		[
			8769241088,
			11811160064
		],
		[
			8769241088,
			11811160064
		],
		[
			8769241088,
			11811160064
		],
		[
			8769241088,
			11811160064
		],
		[
			8769241088,
			11811160064
		],
		[
			8769241088,
			11811160064
		],
		[
			8769241088,
			11811160064
		],
		[
			8769241088,
			11811160064
		],
		[
			8769241088,
			11811160064
		],
		[
			8769241088,
			11811160064
		],
		[
			8769241088,
			11811160064
		],
		[
			8769241088,
			11811160064
		],
		[
			8769241088,
			11811160064
		],
		[
			8769241088,
			11811160064
		],
		[
			8769241088,
			11811160064
		],
		[
			8769241088,
			11811160064
		],
		[
			8769241088,
			11811160064
		],
		[
			8769241088,
			11811160064
		],
		[
			8769241088,
			11811160064
		],
		[
			8769241088,
			11811160064
		],
		[
			8769241088,
			11811160064
		],
		[
			8769241088,
			11811160064
		],
		[
			8769241088,
			11811160064
		],
		[
			8769241088,
			11811160064
		],
		[
			8769241088,
			11811160064
		],
		[
			8769241088,
			11811160064
		],
		[
			8769241088,
			11811160064
		],
		[
			8769241088,
			11811160064
		],
		[
			8769241088,
			11811160064
		],
		[
			8769241088,
			11811160064
		]
	],
	"utilization": [
		8,
		9,
		9,
		19,
		19,
		25,
		25,
		9,
		9,
		1,
		1,
		7,
		7,
		11,
		11,
		13,
		13,
		9,
		9,
		9,
		9,
		12,
		12,
		11,
		11,
		10,
		10,
		9,
		9,
		12,
		12,
		13,
		13,
		10,
		10,
		10,
		10,
		14,
		14,
		13,
		13,
		9,
		9,
		10,
		10,
		14,
		14,
		13,
		13,
		11,
		11,
		10,
		10,
		14,
		14,
		13,
		13,
		11,
		11,
		8,
		8,
		8,
		8,
		11,
		11,
		13,
		13,
		13,
		13,
		13,
		11,
		11,
		10,
		10,
		13,
		13,
		13,
		13,
		10,
		10,
		10,
		10,
		12,
		12,
		13,
		13,
		10,
		10,
		7,
		7
	],
	"computation_proportion": 10,
	"extra_dict": {}
}