{
	"model_name": "EfficientNet",
	"batch_size": 16,
	"duration_sec": 45,
	"mode": "train",
	"is_DDP": true,
	"process_group_backend": "gloo",
	"world_size": 4,
	"rank": 3,
	"local_rank": 0,
	"device_type": "gpu",
	"master_addr": "133.133.135.75",
	"master_port": 39920,
	"iteration_count": 95,
	"iteration_intervals": [
		1828301568,
		385209856,
		353454336,
		385262336,
		364534272,
		364457472,
		357733376,
		348781824,
		368803328,
		371452160,
		363063552,
		363720192,
		358215680,
		361833472,
		369787392,
		360161536,
		338082560,
		377249792,
		340630528,
		391812352,
		381459200,
		360144640,
		438099712,
		2323466496,
		372767232,
		365609216,
		364589056,
		350467328,
		357810944,
		352316416,
		349557504,
		356771328,
		368348672,
		374782208,
		398373376,
		376022784,
		350575872,
		366364928,
		341784320,
		375824896,
		1399673088,
		974854656,
		382944256,
		348710144,
		360127488,
		382120704,
		465074944,
		1984988672,
		735846144,
		376280064,
		473099776,
		465737216,
		401759488,
		474967552,
		738370816,
		733229568,
		831124480,
		628368896,
		487707136,
		377984768,
		371896832,
		349370112,
		367323136,
		381086208,
		384211456,
		375925760,
		358770176,
		374596864,
		348199680,
		369848064,
		359662592,
		357215488,
		362265344,
		350694656,
		362696192,
		385169408,
		353632512,
		360853760,
		545525248,
		494845696,
		352305408,
		381303552,
		365537792,
		363216384,
		354144000,
		369670144,
		605781760,
		376849152,
		362302720,
		365469952,
		352839936,
		367917056,
		359953920,
		366859008,
		2094057472
	],
	"iteration_intervals_avg": 475954318.2222222,
	"iteration_intervals_avg_second": 0.47595431822222223,
	"total_time_ns": 46153666304,
	"total_time_second": 46,
	"mem_infos": [
		[
			5329911808,
			5905580032
		],
		[
			5103419392,
			5905580032
		],
		[
			4887412736,
			5905580032
		],
		[
			3157262336,
			5905580032
		],
		[
			3121610752,
			5905580032
		],
		[
			3121610752,
			5905580032
		],
		[
			3121610752,
			5905580032
		],
		[
			3121610752,
			5905580032
		],
		[
			3121610752,
			5905580032
		],
		[
			3121610752,
			5905580032
		],
		[
			3121610752,
			5905580032
		],
		[
			3121610752,
			5905580032
		],
		[
			3121610752,
			5905580032
		],
		[
			3121610752,
			5905580032
		],
		[
			3121610752,
			5905580032
		],
		[
			3121610752,
			5905580032
		],
		[
			3121610752,
			5905580032
		],
		[
			3121610752,
			5905580032
		],
		[
			3121610752,
			5905580032
		],
		[
			3121610752,
			5905580032
		],
		[
			3121610752,
			5905580032
		],
		[
			3121610752,
			5905580032
		],
		[
			3121610752,
			5905580032
		],
		[
			3121610752,
			5905580032
		],
		[
			3121610752,
			5905580032
		],
		[
			3121610752,
			5905580032
		],
		[
			3121610752,
			5905580032
		],
		[
			3121610752,
			5905580032
		],
		[
			3121610752,
			5905580032
		],
		[
			3121610752,
			5905580032
		],
		[
			3121610752,
			5905580032
		],
		[
			3121610752,
			5905580032
		],
		[
			3121610752,
			5905580032
		],
		[
			3121610752,
			5905580032
		],
		[
			3121610752,
			5905580032
		],
		[
			3121610752,
			5905580032
		],
		[
			3121610752,
			5905580032
		],
		[
			3121610752,
			5905580032
		],
		[
			3121610752,
			5905580032
		],
		[
			3121610752,
			5905580032
		],
		[
			3121610752,
			5905580032
		],
		[
			3121610752,
			5905580032
		],
		[
			3121610752,
			5905580032
		],
		[
			3121610752,
			5905580032
		],
		[
			3121610752,
			5905580032
		],
		[
			3121610752,
			5905580032
		],
		[
			3121610752,
			5905580032
		],
		[
			3121610752,
			5905580032
		],
		[
			3121610752,
			5905580032
		],
		[
			3121610752,
			5905580032
		],
		[
			3121610752,
			5905580032
		],
		[
			3121610752,
			5905580032
		],
		[
			3121610752,
			5905580032
		],
		[
			3121610752,
			5905580032
		],
		[
			3121610752,
			5905580032
		],
		[
			3121610752,
			5905580032
		],
		[
			3121610752,
			5905580032
		],
		[
			3121610752,
			5905580032
		],
		[
			3121610752,
			5905580032
		],
		[
			3121610752,
			5905580032
		],
		[
			3121610752,
			5905580032
		],
		[
			3121610752,
			5905580032
		],
		[
			3121610752,
			5905580032
		],
		[
			3121610752,
			5905580032
		],
		[
			3121610752,
			5905580032
		],
		[
			3121610752,
			5905580032
		],
		[
			3121610752,
			5905580032
		],
		[
			3121610752,
			5905580032
		],
		[
			3121610752,
			5905580032
		],
		[
			3121610752,
			5905580032
		],
		[
			3121610752,
			5905580032
		],
		[
			3121610752,
			5905580032
		],
		[
			3121610752,
			5905580032
		],
		[
			3121610752,
			5905580032
		],
		[
			3121610752,
			5905580032
		],
		[
			3121610752,
			5905580032
		],
		[
			3121610752,
			5905580032
		],
		[
			3121610752,
			5905580032
		],
		[
			3121610752,
			5905580032
		],
		[
			3121610752,
			5905580032
		],
		[
			3121610752,
			5905580032
		],
		[
			3121610752,
			5905580032
		],
		[
			3121610752,
			5905580032
		],
		[
			3121610752,
			5905580032
		],
		[
			3121610752,
			5905580032
		],
		[
			3121610752,
			5905580032
		],
		[
			3121610752,
			5905580032
		],
		[
			3121610752,
			5905580032
		],
		[
			3121610752,
			5905580032
		],
		[
			3121610752,
			5905580032
		]
	],
	"utilization": [
		6,
		7,
		7,
		12,
		12,
		24,
		24,
		28,
		28,
		27,
		27,
		28,
		28,
		23,
		23,
		28,
		28,
		28,
		28,
		28,
		28,
		17,
		17,
		0,
		0,
		5,
		5,
		30,
		30,
		29,
		29,
		26,
		26,
		20,
		20,
		27,
		27,
		27,
		27,
		6,
		6,
		5,
		5,
		31,
		31,
		20,
		20,
		7,
		7,
		2,
		2,
		22,
		22,
		20,
		20,
		23,
		23,
		14,
		14,
		12,
		12,
		19,
		19,
		21,
		21,
		28,
		28,
		26,
		26,
		22,
		22,
		29,
		29,
		28,
		28,
		29,
		29,
		20,
		20,
		20,
		20,
		30,
		30,
		20,
		20,
		29,
		29,
		30,
		30,
		21
	],
	"computation_proportion": 15,
	"extra_dict": {}
}