{
	"model_name": "ResNet50",
	"batch_size": 8,
	"duration_sec": 45,
	"mode": "train",
	"is_DDP": true,
	"process_group_backend": "gloo",
	"world_size": 4,
	"rank": 0,
	"local_rank": 0,
	"device_type": "gpu",
	"master_addr": "133.133.135.75",
	"master_port": 39920,
	"iteration_count": 160,
	"iteration_intervals": [
		1769127168,
		180321792,
		140891136,
		145509120,
		144692224,
		152156928,
		165792256,
		146347520,
		144268288,
		146283264,
		142294272,
		142350336,
		148513792,
		177432064,
		782276096,
		335266048,
		198899968,
		147618560,
		168803584,
		194633472,
		205971200,
		198845952,
		349927936,
		614080000,
		981531904,
		504705280,
		370787840,
		245498880,
		269383936,
		285153280,
		238027520,
		300512000,
		240314880,
		359764480,
		281967104,
		263109888,
		188374016,
		144361472,
		184899840,
		142609408,
		133168640,
		150496000,
		152924928,
		131086592,
		144955392,
		141229312,
		148679680,
		135309056,
		215253504,
		1496713984,
		245836288,
		212451328,
		167055616,
		194482432,
		161294080,
		146312192,
		186906112,
		167693824,
		181932032,
		147555072,
		132722688,
		143404288,
		186049280,
		415921664,
		980250368,
		401903872,
		251805440,
		189900032,
		159867392,
		176515072,
		136865536,
		152392960,
		149260800,
		141639680,
		152674560,
		144581376,
		143267840,
		137972736,
		142810880,
		210712576,
		727956992,
		249924352,
		202503680,
		177132032,
		218574848,
		328395008,
		283997696,
		448633600,
		489355520,
		243012352,
		166323200,
		209853440,
		175052032,
		299545344,
		418921728,
		1604656128,
		471549696,
		251465472,
		255833856,
		179399424,
		183640832,
		236780032,
		184946944,
		213022208,
		229764352,
		187075072,
		143233536,
		144255488,
		159845888,
		137789696,
		153115648,
		137769216,
		155638528,
		1955564800,
		361930240,
		252113920,
		185448960,
		144203520,
		137873920,
		159795456,
		151539456,
		132964352,
		147038976,
		151635712,
		150859520,
		133792256,
		213477888,
		621640192,
		364287232,
		267378688,
		206579456,
		166130432,
		200263680,
		196718592,
		171375616,
		189525504,
		209063936,
		1443634688,
		864848896,
		367077120,
		248948736,
		240659456,
		247262208,
		229436160,
		218511872,
		260886016,
		274347776,
		483018240,
		267016704,
		236756992,
		168728576,
		171274496,
		132173568,
		141163008,
		142633216,
		153142016,
		151717120,
		181868800,
		218460928,
		1452788480
	],
	"iteration_intervals_avg": 281362190.86451614,
	"iteration_intervals_avg_second": 0.28136219086451614,
	"total_time_ns": 45993447936,
	"total_time_second": 45,
	"mem_infos": [
		[
			5059379200,
			5905580032
		],
		[
			4868538368,
			5905580032
		],
		[
			4673503232,
			5905580032
		],
		[
			3515875328,
			5905580032
		],
		[
			3262119936,
			5905580032
		],
		[
			3262119936,
			5905580032
		],
		[
			3262119936,
			5905580032
		],
		[
			3262119936,
			5905580032
		],
		[
			3262119936,
			5905580032
		],
		[
			3262119936,
			5905580032
		],
		[
			3262119936,
			5905580032
		],
		[
			3262119936,
			5905580032
		],
		[
			3262119936,
			5905580032
		],
		[
			3262119936,
			5905580032
		],
		[
			3262119936,
			5905580032
		],
		[
			3262119936,
			5905580032
		],
		[
			3262119936,
			5905580032
		],
		[
			3262119936,
			5905580032
		],
		[
			3262119936,
			5905580032
		],
		[
			3262119936,
			5905580032
		],
		[
			3262119936,
			5905580032
		],
		[
			3262119936,
			5905580032
		],
		[
			3262119936,
			5905580032
		],
		[
			3262119936,
			5905580032
		],
		[
			3262119936,
			5905580032
		],
		[
			3262119936,
			5905580032
		],
		[
			3262119936,
			5905580032
		],
		[
			3262119936,
			5905580032
		],
		[
			3262119936,
			5905580032
		],
		[
			3262119936,
			5905580032
		],
		[
			3262119936,
			5905580032
		],
		[
			3262119936,
			5905580032
		],
		[
			3262119936,
			5905580032
		],
		[
			3262119936,
			5905580032
		],
		[
			3262119936,
			5905580032
		],
		[
			3262119936,
			5905580032
		],
		[
			3262119936,
			5905580032
		],
		[
			3262119936,
			5905580032
		],
		[
			3262119936,
			5905580032
		],
		[
			3262119936,
			5905580032
		],
		[
			3262119936,
			5905580032
		],
		[
			3262119936,
			5905580032
		],
		[
			3262119936,
			5905580032
		],
		[
			3262119936,
			5905580032
		],
		[
			3262119936,
			5905580032
		],
		[
			3262119936,
			5905580032
		],
		[
			3262119936,
			5905580032
		],
		[
			3262119936,
			5905580032
		],
		[
			3262119936,
			5905580032
		],
		[
			3262119936,
			5905580032
		],
		[
			3262119936,
			5905580032
		],
		[
			3262119936,
			5905580032
		],
		[
			3262119936,
			5905580032
		],
		[
			3262119936,
			5905580032
		],
		[
			3262119936,
			5905580032
		],
		[
			3262119936,
			5905580032
		],
		[
			3262119936,
			5905580032
		],
		[
			3262119936,
			5905580032
		],
		[
			3262119936,
			5905580032
		],
		[
			3262119936,
			5905580032
		],
		[
			3262119936,
			5905580032
		],
		[
			3262119936,
			5905580032
		],
		[
			3262119936,
			5905580032
		],
		[
			3262119936,
			5905580032
		],
		[
			3262119936,
			5905580032
		],
		[
			3262119936,
			5905580032
		],
		[
			3262119936,
			5905580032
		],
		[
			3262119936,
			5905580032
		],
		[
			3262119936,
			5905580032
		],
		[
			3262119936,
			5905580032
		],
		[
			3262119936,
			5905580032
		],
		[
			3262119936,
			5905580032
		],
		[
			3262119936,
			5905580032
		],
		[
			3262119936,
			5905580032
		],
		[
			3262119936,
			5905580032
		],
		[
			3262119936,
			5905580032
		],
		[
			3262119936,
			5905580032
		],
		[
			3262119936,
			5905580032
		],
		[
			3262119936,
			5905580032
		],
		[
			3262119936,
			5905580032
		],
		[
			3262119936,
			5905580032
		],
		[
			3262119936,
			5905580032
		],
		[
			3262119936,
			5905580032
		],
		[
			3262119936,
			5905580032
		],
		[
			3262119936,
			5905580032
		],
		[
			3262119936,
			5905580032
		],
		[
			3262119936,
			5905580032
		],
		[
			3262119936,
			5905580032
		],
		[
			3262119936,
			5905580032
		],
		[
			3262119936,
			5905580032
		]
	],
	"utilization": [
		9,
		9,
		15,
		15,
		21,
		21,
		80,
		80,
		80,
		80,
		20,
		20,
		63,
		63,
		34,
		34,
		12,
		12,
		32,
		32,
		48,
		48,
		44,
		44,
		60,
		60,
		81,
		81,
		35,
		35,
		15,
		15,
		65,
		65,
		75,
		75,
		26,
		26,
		27,
		27,
		66,
		66,
		81,
		81,
		30,
		30,
		56,
		56,
		35,
		35,
		50,
		50,
		36,
		36,
		5,
		5,
		26,
		26,
		55,
		55,
		65,
		65,
		74,
		74,
		0,
		0,
		14,
		14,
		67,
		67,
		78,
		78,
		27,
		27,
		62,
		62,
		50,
		50,
		0,
		0,
		22,
		22,
		51,
		51,
		54,
		54,
		39,
		39,
		78,
		78
	],
	"computation_proportion": 35,
	"extra_dict": {}
}