{
	"model_name": "SqueezeNet",
	"batch_size": 64,
	"duration_sec": 45,
	"mode": "train",
	"is_DDP": true,
	"process_group_backend": "gloo",
	"world_size": 4,
	"rank": 3,
	"local_rank": 0,
	"device_type": "gpu",
	"master_addr": "133.133.135.75",
	"master_port": 39920,
	"iteration_count": 17,
	"iteration_intervals": [
		2143047936,
		5141568256,
		1596018176,
		2328771584,
		1496030976,
		3751970304,
		1961051392,
		3237149696,
		3187400192,
		2508708096,
		2079559424,
		3054991872,
		2200681984,
		3269189888,
		2696358144,
		1476894464,
		3936188416
	],
	"iteration_intervals_avg": 2780011989.3333335,
	"iteration_intervals_avg_second": 2.7800119893333335,
	"total_time_ns": 46066411264,
	"total_time_second": 46,
	"mem_infos": [
		[
			5363466240,
			5905580032
		],
		[
			4807720960,
			5905580032
		],
		[
			4570742784,
			5905580032
		],
		[
			2062548992,
			5905580032
		],
		[
			1475346432,
			5905580032
		],
		[
			1466957824,
			5905580032
		],
		[
			1466957824,
			5905580032
		],
		[
			1466957824,
			5905580032
		],
		[
			1466957824,
			5905580032
		],
		[
			1466957824,
			5905580032
		],
		[
			1466957824,
			5905580032
		],
		[
			1466957824,
			5905580032
		],
		[
			1466957824,
			5905580032
		],
		[
			1466957824,
			5905580032
		],
		[
			1466957824,
			5905580032
		],
		[
			1466957824,
			5905580032
		],
		[
			1466957824,
			5905580032
		],
		[
			1466957824,
			5905580032
		],
		[
			1466957824,
			5905580032
		],
		[
			1466957824,
			5905580032
		],
		[
			1466957824,
			5905580032
		],
		[
			1466957824,
			5905580032
		],
		[
			1466957824,
			5905580032
		],
		[
			1466957824,
			5905580032
		],
		[
			1466957824,
			5905580032
		],
		[
			1466957824,
			5905580032
		],
		[
			1466957824,
			5905580032
		],
		[
			1466957824,
			5905580032
		],
		[
			1466957824,
			5905580032
		],
		[
			1466957824,
			5905580032
		],
		[
			1466957824,
			5905580032
		],
		[
			1466957824,
			5905580032
		],
		[
			1466957824,
			5905580032
		],
		[
			1466957824,
			5905580032
		],
		[
			1466957824,
			5905580032
		],
		[
			1466957824,
			5905580032
		],
		[
			1466957824,
			5905580032
		],
		[
			1466957824,
			5905580032
		],
		[
			1466957824,
			5905580032
		],
		[
			1466957824,
			5905580032
		],
		[
			1466957824,
			5905580032
		],
		[
			1466957824,
			5905580032
		],
		[
			1466957824,
			5905580032
		],
		[
			1466957824,
			5905580032
		],
		[
			1466957824,
			5905580032
		],
		[
			1466957824,
			5905580032
		],
		[
			1466957824,
			5905580032
		],
		[
			1466957824,
			5905580032
		],
		[
			1466957824,
			5905580032
		],
		[
			1466957824,
			5905580032
		],
		[
			1466957824,
			5905580032
		],
		[
			1466957824,
			5905580032
		],
		[
			1466957824,
			5905580032
		],
		[
			1466957824,
			5905580032
		],
		[
			1466957824,
			5905580032
		],
		[
			1466957824,
			5905580032
		],
		[
			1466957824,
			5905580032
		],
		[
			1466957824,
			5905580032
		],
		[
			1466957824,
			5905580032
		],
		[
			1466957824,
			5905580032
		],
		[
			1466957824,
			5905580032
		],
		[
			1466957824,
			5905580032
		],
		[
			1466957824,
			5905580032
		],
		[
			1466957824,
			5905580032
		],
		[
			1466957824,
			5905580032
		],
		[
			1466957824,
			5905580032
		],
		[
			1466957824,
			5905580032
		],
		[
			1466957824,
			5905580032
		],
		[
			1466957824,
			5905580032
		],
		[
			1466957824,
			5905580032
		],
		[
			1466957824,
			5905580032
		],
		[
			1466957824,
			5905580032
		],
		[
			1466957824,
			5905580032
		],
		[
			1466957824,
			5905580032
		],
		[
			1466957824,
			5905580032
		],
		[
			1466957824,
			5905580032
		],
		[
			1466957824,
			5905580032
		],
		[
			1466957824,
			5905580032
		],
		[
			1466957824,
			5905580032
		],
		[
			1466957824,
			5905580032
		],
		[
			1466957824,
			5905580032
		],
		[
			1466957824,
			5905580032
		],
		[
			1466957824,
			5905580032
		],
		[
			1466957824,
			5905580032
		],
		[
			1466957824,
			5905580032
		],
		[
			1466957824,
			5905580032
		],
		[
			1466957824,
			5905580032
		],
		[
			1466957824,
			5905580032
		],
		[
			1466957824,
			5905580032
		],
		[
			1466957824,
			5905580032
		]
	],
	"utilization": [
		13,
		13,
		12,
		12,
		18,
		18,
		5,
		5,
		6,
		6,
		1,
		1,
		1,
		1,
		4,
		4,
		14,
		14,
		9,
		9,
		6,
		6,
		5,
		5,
		15,
		15,
		14,
		14,
		0,
		0,
		1,
		1,
		4,
		4,
		13,
		13,
		4,
		4,
		11,
		11,
		1,
		1,
		3,
		3,
		13,
		13,
		3,
		3,
		2,
		2,
		12,
		12,
		3,
		3,
		2,
		2,
		12,
		12,
		5,
		5,
		11,
		11,
		3,
		3,
		3,
		3,
		12,
		12,
		4,
		4,
		11,
		11,
		2,
		2,
		2,
		2,
		12,
		12,
		7,
		7,
		0,
		0,
		17,
		17,
		1,
		1,
		10,
		10,
		1,
		1
	],
	"computation_proportion": 5,
	"extra_dict": {}
}