{
	"model_name": "ShuffleNet",
	"batch_size": 256,
	"duration_sec": 45,
	"mode": "train",
	"is_DDP": true,
	"process_group_backend": "gloo",
	"world_size": 2,
	"rank": 1,
	"local_rank": 0,
	"device_type": "gpu",
	"master_addr": "133.133.135.75",
	"master_port": 39920,
	"iteration_count": 150,
	"iteration_intervals": [
		1496225536,
		311264000,
		279748352,
		336545280,
		263417344,
		261276672,
		340644864,
		259273472,
		345950720,
		246351360,
		274225152,
		330694144,
		263322624,
		336697344,
		263498240,
		263644416,
		329729280,
		271793408,
		343571712,
		258831104,
		249932544,
		356356096,
		257599488,
		269945856,
		318236160,
		273898240,
		330452736,
		271130624,
		261239552,
		348717312,
		259592192,
		350505472,
		271302656,
		249978880,
		336737024,
		277835776,
		342333952,
		248216576,
		275324928,
		333161472,
		262937600,
		305972736,
		295287040,
		254166528,
		345454336,
		267845376,
		263703296,
		329894912,
		267661824,
		336516864,
		256092672,
		266949376,
		332229888,
		270610176,
		331653888,
		263546880,
		266773760,
		332559872,
		271615488,
		335719424,
		244578304,
		277661440,
		329021184,
		272732672,
		270403328,
		319954176,
		259133952,
		347733504,
		266841856,
		270815488,
		313833472,
		277801728,
		340060672,
		262668032,
		265718528,
		328456704,
		251142144,
		351581184,
		268303872,
		266515456,
		325077760,
		271438848,
		331531520,
		268377600,
		269284096,
		325481984,
		260951040,
		274126336,
		325122304,
		270562048,
		336260864,
		264374272,
		262366208,
		336204544,
		370658304,
		332333312,
		256974336,
		263619840,
		338536448,
		273171712,
		335750656,
		269509888,
		264303872,
		333817088,
		272738304,
		297241856,
		296269056,
		253780736,
		347547904,
		262833664,
		266533376,
		338799360,
		258326272,
		329792768,
		261251840,
		264921344,
		340618752,
		264478464,
		343286272,
		252118016,
		268580096,
		331687168,
		269780480,
		344739840,
		251935232,
		269756928,
		327699712,
		270021888,
		272232704,
		328286208,
		261472256,
		341309696,
		262713600,
		273385984,
		317748224,
		288607744,
		321764096,
		274272000,
		263195648,
		332064000,
		264358144,
		338566144,
		249236736,
		281890816,
		332757504,
		264354304,
		342348032,
		256432384,
		261819136,
		329662976
	],
	"iteration_intervals_avg": 293222098.0965517,
	"iteration_intervals_avg_second": 0.2932220980965517,
	"total_time_ns": 45205287168,
	"total_time_second": 45,
	"mem_infos": [
		[
			11269046272,
			11811160064
		],
		[
			10589569024,
			11811160064
		],
		[
			10371465216,
			11811160064
		],
		[
			3973054464,
			11811160064
		],
		[
			3973054464,
			11811160064
		],
		[
			3973054464,
			11811160064
		],
		[
			3973054464,
			11811160064
		],
		[
			3973054464,
			11811160064
		],
		[
			3973054464,
			11811160064
		],
		[
			3973054464,
			11811160064
		],
		[
			3973054464,
			11811160064
		],
		[
			3973054464,
			11811160064
		],
		[
			3973054464,
			11811160064
		],
		[
			3973054464,
			11811160064
		],
		[
			3973054464,
			11811160064
		],
		[
			3973054464,
			11811160064
		],
		[
			3973054464,
			11811160064
		],
		[
			3973054464,
			11811160064
		],
		[
			3973054464,
			11811160064
		],
		[
			3973054464,
			11811160064
		],
		[
			3973054464,
			11811160064
		],
		[
			3973054464,
			11811160064
		],
		[
			3973054464,
			11811160064
		],
		[
			3973054464,
			11811160064
		],
		[
			3973054464,
			11811160064
		],
		[
			3973054464,
			11811160064
		],
		[
			3973054464,
			11811160064
		],
		[
			3973054464,
			11811160064
		],
		[
			3973054464,
			11811160064
		],
		[
			3973054464,
			11811160064
		],
		[
			3973054464,
			11811160064
		],
		[
			3973054464,
			11811160064
		],
		[
			3973054464,
			11811160064
		],
		[
			3973054464,
			11811160064
		],
		[
			3973054464,
			11811160064
		],
		[
			3973054464,
			11811160064
		],
		[
			3973054464,
			11811160064
		],
		[
			3973054464,
			11811160064
		],
		[
			3973054464,
			11811160064
		],
		[
			3973054464,
			11811160064
		],
		[
			3973054464,
			11811160064
		],
		[
			3973054464,
			11811160064
		],
		[
			3973054464,
			11811160064
		],
		[
			3973054464,
			11811160064
		],
		[
			3973054464,
			11811160064
		],
		[
			3973054464,
			11811160064
		],
		[
			3973054464,
			11811160064
		],
		[
			3973054464,
			11811160064
		],
		[
			3973054464,
			11811160064
		],
		[
			3973054464,
			11811160064
		],
		[
			3973054464,
			11811160064
		],
		[
			3973054464,
			11811160064
		],
		[
			3973054464,
			11811160064
		],
		[
			3973054464,
			11811160064
		],
		[
			3973054464,
			11811160064
		],
		[
			3973054464,
			11811160064
		],
		[
			3973054464,
			11811160064
		],
		[
			3973054464,
			11811160064
		],
		[
			3973054464,
			11811160064
		],
		[
			3973054464,
			11811160064
		],
		[
			3973054464,
			11811160064
		],
		[
			3973054464,
			11811160064
		],
		[
			3973054464,
			11811160064
		],
		[
			3973054464,
			11811160064
		],
		[
			3973054464,
			11811160064
		],
		[
			3973054464,
			11811160064
		],
		[
			3973054464,
			11811160064
		],
		[
			3973054464,
			11811160064
		],
		[
			3973054464,
			11811160064
		],
		[
			3973054464,
			11811160064
		],
		[
			3973054464,
			11811160064
		],
		[
			3973054464,
			11811160064
		],
		[
			3973054464,
			11811160064
		],
		[
			3973054464,
			11811160064
		],
		[
			3973054464,
			11811160064
		],
		[
			3973054464,
			11811160064
		],
		[
			3973054464,
			11811160064
		],
		[
			3973054464,
			11811160064
		],
		[
			3973054464,
			11811160064
		],
		[
			3973054464,
			11811160064
		],
		[
			3973054464,
			11811160064
		],
		[
			3973054464,
			11811160064
		],
		[
			3973054464,
			11811160064
		],
		[
			3973054464,
			11811160064
		],
		[
			3973054464,
			11811160064
		],
		[
			3973054464,
			11811160064
		],
		[
			3973054464,
			11811160064
		],
		[
			3973054464,
			11811160064
		],
		[
			3973054464,
			11811160064
		],
		[
			3973054464,
			11811160064
		]
	],
	"utilization": [
		6,
		6,
		7,
		7,
		34,
		34,
		44,
		44,
		42,
		42,
		45,
		45,
		45,
		45,
		45,
		45,
		42,
		42,
		43,
		43,
		43,
		43,
		45,
		45,
		42,
		42,
		42,
		42,
		46,
		46,
		44,
		44,
		43,
		43,
		44,
		44,
		44,
		45,
		45,
		43,
		43,
		42,
		42,
		44,
		44,
		46,
		46,
		43,
		43,
		43,
		43,
		45,
		45,
		44,
		44,
		44,
		44,
		45,
		45,
		38,
		38,
		44,
		44,
		45,
		45,
		44,
		44,
		42,
		42,
		45,
		45,
		45,
		45,
		43,
		43,
		43,
		43,
		46,
		46,
		43,
		43,
		42,
		42,
		44,
		44,
		47,
		47,
		43,
		43,
		43
	],
	"computation_proportion": 50,
	"extra_dict": {}
}