{
	"model_name": "MobileNetV3S",
	"batch_size": 16,
	"duration_sec": 45,
	"mode": "train",
	"is_DDP": true,
	"process_group_backend": "gloo",
	"world_size": 4,
	"rank": 3,
	"local_rank": 0,
	"device_type": "gpu",
	"master_addr": "133.133.135.75",
	"master_port": 39920,
	"iteration_count": 90,
	"iteration_intervals": [
		1456030720,
		222856192,
		1705261568,
		476704256,
		254232320,
		235015168,
		183574272,
		224044800,
		1432890880,
		482777344,
		354762240,
		511204096,
		1940207616,
		363155712,
		259498496,
		245611776,
		231876352,
		192936704,
		210211328,
		208882176,
		201152256,
		217330176,
		209455616,
		212082944,
		474234880,
		607813120,
		906106368,
		598761728,
		353397504,
		252072448,
		231252736,
		181803520,
		220806912,
		1319600128,
		491029504,
		360407552,
		249750016,
		235166720,
		194149632,
		211120640,
		213976320,
		211019264,
		1597313792,
		369715456,
		250594560,
		241154304,
		236905216,
		206682880,
		203370240,
		214685952,
		1234189568,
		715817472,
		368984576,
		374058496,
		2067648512,
		375937280,
		351019264,
		247654912,
		190745088,
		215068160,
		216356864,
		1436606720,
		397039872,
		354386432,
		243322112,
		185219328,
		217846016,
		1315417344,
		594244608,
		260966144,
		486737408,
		2065327872,
		368913152,
		986445824,
		746321664,
		346818304,
		346877184,
		181889792,
		217373696,
		207758336,
		1491641600,
		478096896,
		242414080,
		249424640,
		234828288,
		189325056,
		215317504,
		1442360320,
		371101952,
		604131840
	],
	"iteration_intervals_avg": 486884653.1764706,
	"iteration_intervals_avg_second": 0.48688465317647056,
	"total_time_ns": 45501873152,
	"total_time_second": 45,
	"mem_infos": [
		[
			5197791232,
			5905580032
		],
		[
			4983881728,
			5905580032
		],
		[
			4753195008,
			5905580032
		],
		[
			4405067776,
			5905580032
		],
		[
			4405067776,
			5905580032
		],
		[
			4405067776,
			5905580032
		],
		[
			4405067776,
			5905580032
		],
		[
			4405067776,
			5905580032
		],
		[
			4405067776,
			5905580032
		],
		[
			4405067776,
			5905580032
		],
		[
			4405067776,
			5905580032
		],
		[
			4405067776,
			5905580032
		],
		[
			4405067776,
			5905580032
		],
		[
			4405067776,
			5905580032
		],
		[
			4405067776,
			5905580032
		],
		[
			4405067776,
			5905580032
		],
		[
			4405067776,
			5905580032
		],
		[
			4405067776,
			5905580032
		],
		[
			4405067776,
			5905580032
		],
		[
			4405067776,
			5905580032
		],
		[
			4405067776,
			5905580032
		],
		[
			4405067776,
			5905580032
		],
		[
			4405067776,
			5905580032
		],
		[
			4405067776,
			5905580032
		],
		[
			4405067776,
			5905580032
		],
		[
			4405067776,
			5905580032
		],
		[
			4405067776,
			5905580032
		],
		[
			4405067776,
			5905580032
		],
		[
			4405067776,
			5905580032
		],
		[
			4405067776,
			5905580032
		],
		[
			4405067776,
			5905580032
		],
		[
			4405067776,
			5905580032
		],
		[
			4405067776,
			5905580032
		],
		[
			4405067776,
			5905580032
		],
		[
			4405067776,
			5905580032
		],
		[
			4405067776,
			5905580032
		],
		[
			4405067776,
			5905580032
		],
		[
			4405067776,
			5905580032
		],
		[
			4405067776,
			5905580032
		],
		[
			4405067776,
			5905580032
		],
		[
			4405067776,
			5905580032
		],
		[
			4405067776,
			5905580032
		],
		[
			4405067776,
			5905580032
		],
		[
			4405067776,
			5905580032
		],
		[
			4405067776,
			5905580032
		],
		[
			4405067776,
			5905580032
		],
		[
			4405067776,
			5905580032
		],
		[
			4405067776,
			5905580032
		],
		[
			4405067776,
			5905580032
		],
		[
			4405067776,
			5905580032
		],
		[
			4405067776,
			5905580032
		],
		[
			4405067776,
			5905580032
		],
		[
			4405067776,
			5905580032
		],
		[
			4405067776,
			5905580032
		],
		[
			4405067776,
			5905580032
		],
		[
			4405067776,
			5905580032
		],
		[
			4405067776,
			5905580032
		],
		[
			4405067776,
			5905580032
		],
		[
			4405067776,
			5905580032
		],
		[
			4405067776,
			5905580032
		],
		[
			4405067776,
			5905580032
		],
		[
			4405067776,
			5905580032
		],
		[
			4405067776,
			5905580032
		],
		[
			4405067776,
			5905580032
		],
		[
			4405067776,
			5905580032
		],
		[
			4405067776,
			5905580032
		],
		[
			4405067776,
			5905580032
		],
		[
			4405067776,
			5905580032
		],
		[
			4405067776,
			5905580032
		],
		[
			4405067776,
			5905580032
		],
		[
			4405067776,
			5905580032
		],
		[
			4405067776,
			5905580032
		],
		[
			4405067776,
			5905580032
		],
		[
			4405067776,
			5905580032
		],
		[
			4405067776,
			5905580032
		],
		[
			4405067776,
			5905580032
		],
		[
			4405067776,
			5905580032
		],
		[
			4405067776,
			5905580032
		],
		[
			4405067776,
			5905580032
		],
		[
			4405067776,
			5905580032
		],
		[
			4405067776,
			5905580032
		],
		[
			4405067776,
			5905580032
		],
		[
			4405067776,
			5905580032
		],
		[
			4405067776,
			5905580032
		],
		[
			4405067776,
			5905580032
		],
		[
			4405067776,
			5905580032
		],
		[
			4405067776,
			5905580032
		],
		[
			4405067776,
			5905580032
		],
		[
			4405067776,
			5905580032
		],
		[
			4405067776,
			5905580032
		]
	],
	"utilization": [
		41,
		41,
		28,
		28,
		31,
		31,
		4,
		4,
		6,
		6,
		21,
		21,
		5,
		5,
		8,
		8,
		11,
		11,
		0,
		0,
		6,
		6,
		22,
		22,
		25,
		25,
		16,
		16,
		5,
		5,
		10,
		10,
		22,
		22,
		5,
		5,
		9,
		9,
		20,
		20,
		18,
		18,
		0,
		0,
		16,
		16,
		25,
		25,
		0,
		0,
		10,
		10,
		10,
		10,
		0,
		0,
		6,
		6,
		21,
		21,
		11,
		11,
		5,
		5,
		21,
		21,
		5,
		5,
		10,
		10,
		10,
		10,
		0,
		0,
		6,
		6,
		9,
		9,
		6,
		6,
		20,
		20,
		5,
		5,
		5,
		5,
		21,
		21,
		8,
		8
	],
	"computation_proportion": 5,
	"extra_dict": {}
}