{
	"model_name": "HarDNet",
	"batch_size": 128,
	"duration_sec": 45,
	"mode": "train",
	"is_DDP": true,
	"process_group_backend": "gloo",
	"world_size": 2,
	"rank": 0,
	"local_rank": 0,
	"device_type": "gpu",
	"master_addr": "133.133.135.74",
	"master_port": 39920,
	"iteration_count": 32,
	"iteration_intervals": [
		2645399552,
		1669709312,
		1459814656,
		1221734400,
		1587331584,
		1347086592,
		1234125312,
		1460014848,
		1352708608,
		1333512448,
		1475481856,
		1221350656,
		1339369472,
		1467877632,
		1234326784,
		1214782464,
		1471275008,
		1339351040,
		1222800128,
		1465081088,
		1598449920,
		1341734656,
		1457924608,
		1356542720,
		1591739136,
		1591076864,
		1466807296,
		1463567872,
		1590882304,
		1465053184,
		1222056192,
		1351048960
	],
	"iteration_intervals_avg": 1395408431.4074075,
	"iteration_intervals_avg_second": 1.3954084314074076,
	"total_time_ns": 46260870912,
	"total_time_second": 46,
	"mem_infos": [
		[
			11269046272,
			11811160064
		],
		[
			10367270912,
			11811160064
		],
		[
			10113515520,
			11811160064
		],
		[
			5923405824,
			11811160064
		],
		[
			5206179840,
			11811160064
		],
		[
			4035969024,
			11811160064
		],
		[
			4027580416,
			11811160064
		],
		[
			4027580416,
			11811160064
		],
		[
			4027580416,
			11811160064
		],
		[
			4027580416,
			11811160064
		],
		[
			4027580416,
			11811160064
		],
		[
			4027580416,
			11811160064
		],
		[
			4027580416,
			11811160064
		],
		[
			4027580416,
			11811160064
		],
		[
			4027580416,
			11811160064
		],
		[
			4027580416,
			11811160064
		],
		[
			4027580416,
			11811160064
		],
		[
			4027580416,
			11811160064
		],
		[
			4027580416,
			11811160064
		],
		[
			4027580416,
			11811160064
		],
		[
			4027580416,
			11811160064
		],
		[
			4027580416,
			11811160064
		],
		[
			4027580416,
			11811160064
		],
		[
			4027580416,
			11811160064
		],
		[
			4027580416,
			11811160064
		],
		[
			4027580416,
			11811160064
		],
		[
			4027580416,
			11811160064
		],
		[
			4027580416,
			11811160064
		],
		[
			4027580416,
			11811160064
		],
		[
			4027580416,
			11811160064
		],
		[
			4027580416,
			11811160064
		],
		[
			4027580416,
			11811160064
		],
		[
			4027580416,
			11811160064
		],
		[
			4027580416,
			11811160064
		],
		[
			4027580416,
			11811160064
		],
		[
			4027580416,
			11811160064
		],
		[
			4027580416,
			11811160064
		],
		[
			4027580416,
			11811160064
		],
		[
			4027580416,
			11811160064
		],
		[
			4027580416,
			11811160064
		],
		[
			4027580416,
			11811160064
		],
		[
			4027580416,
			11811160064
		],
		[
			4027580416,
			11811160064
		],
		[
			4027580416,
			11811160064
		],
		[
			4027580416,
			11811160064
		],
		[
			4027580416,
			11811160064
		],
		[
			4027580416,
			11811160064
		],
		[
			4027580416,
			11811160064
		],
		[
			4027580416,
			11811160064
		],
		[
			4027580416,
			11811160064
		],
		[
			4027580416,
			11811160064
		],
		[
			4027580416,
			11811160064
		],
		[
			4027580416,
			11811160064
		],
		[
			4027580416,
			11811160064
		],
		[
			4027580416,
			11811160064
		],
		[
			4027580416,
			11811160064
		],
		[
			4027580416,
			11811160064
		],
		[
			4027580416,
			11811160064
		],
		[
			4027580416,
			11811160064
		],
		[
			4027580416,
			11811160064
		],
		[
			4027580416,
			11811160064
		],
		[
			4027580416,
			11811160064
		],
		[
			4027580416,
			11811160064
		],
		[
			4027580416,
			11811160064
		],
		[
			4027580416,
			11811160064
		],
		[
			4027580416,
			11811160064
		],
		[
			4027580416,
			11811160064
		],
		[
			4027580416,
			11811160064
		],
		[
			4027580416,
			11811160064
		],
		[
			4027580416,
			11811160064
		],
		[
			4027580416,
			11811160064
		],
		[
			4027580416,
			11811160064
		],
		[
			4027580416,
			11811160064
		],
		[
			4027580416,
			11811160064
		],
		[
			4027580416,
			11811160064
		],
		[
			4027580416,
			11811160064
		],
		[
			4027580416,
			11811160064
		],
		[
			4027580416,
			11811160064
		],
		[
			4027580416,
			11811160064
		],
		[
			4027580416,
			11811160064
		],
		[
			4027580416,
			11811160064
		],
		[
			4027580416,
			11811160064
		],
		[
			4027580416,
			11811160064
		],
		[
			4027580416,
			11811160064
		],
		[
			4027580416,
			11811160064
		],
		[
			4027580416,
			11811160064
		],
		[
			4027580416,
			11811160064
		],
		[
			4027580416,
			11811160064
		],
		[
			4027580416,
			11811160064
		],
		[
			4027580416,
			11811160064
		]
	],
	"utilization": [
		0,
		5,
		5,
		8,
		8,
		8,
		8,
		7,
		7,
		11,
		11,
		9,
		9,
		12,
		12,
		13,
		13,
		10,
		10,
		9,
		9,
		14,
		14,
		13,
		13,
		10,
		10,
		9,
		9,
		14,
		14,
		12,
		12,
		11,
		11,
		10,
		10,
		14,
		14,
		13,
		13,
		11,
		11,
		10,
		10,
		13,
		13,
		14,
		14,
		10,
		10,
		10,
		10,
		13,
		13,
		14,
		14,
		11,
		11,
		8,
		8,
		11,
		11,
		11,
		11,
		11,
		11,
		12,
		12,
		12,
		12,
		8,
		8,
		12,
		12,
		10,
		10,
		8,
		8,
		12,
		12,
		13,
		13,
		7,
		7,
		11,
		11,
		11,
		11,
		11
	],
	"computation_proportion": 10,
	"extra_dict": {}
}