{
	"model_name": "YoloV5S",
	"batch_size": 64,
	"duration_sec": 45,
	"mode": "train",
	"is_DDP": true,
	"process_group_backend": "gloo",
	"world_size": 2,
	"rank": 0,
	"local_rank": 0,
	"device_type": "gpu",
	"master_addr": "133.133.135.75",
	"master_port": 39920,
	"iteration_count": 160,
	"iteration_intervals": [
		1578649856,
		156772352,
		131364864,
		140127488,
		131129344,
		127626240,
		132304384,
		179525120,
		134898432,
		140249600,
		139030272,
		141770496,
		201876736,
		224655872,
		248413696,
		257039872,
		234998528,
		360667904,
		368088320,
		370728448,
		353952256,
		270324224,
		363743488,
		347258368,
		271937280,
		354647296,
		252882432,
		263201792,
		337723136,
		258086400,
		348873984,
		256568576,
		345283072,
		275096832,
		339504640,
		252697344,
		258359552,
		323159040,
		255028480,
		255311872,
		254045440,
		252122112,
		254071808,
		241852160,
		323587840,
		260434944,
		260739328,
		245932288,
		335756544,
		258434304,
		347553280,
		261899776,
		346657536,
		265897984,
		346652928,
		264796672,
		268788992,
		319342848,
		268697344,
		254955264,
		337300736,
		253916672,
		258954240,
		352706816,
		258529024,
		339788800,
		274651392,
		335982592,
		262684416,
		260105728,
		327068416,
		258697728,
		269718784,
		323517952,
		255494400,
		248461568,
		262021632,
		339357440,
		251299072,
		259631360,
		332690432,
		249368064,
		253850880,
		245767680,
		259651328,
		234238464,
		253313792,
		257684480,
		327220992,
		246146816,
		260285440,
		255319808,
		340582912,
		253382144,
		254726656,
		251631616,
		336213504,
		250713600,
		261304064,
		252813568,
		343354368,
		249463552,
		350024704,
		269827840,
		249324288,
		348423680,
		261725952,
		255941120,
		328953344,
		253113600,
		246243072,
		261723648,
		244086528,
		333223168,
		252864256,
		273522176,
		342802432,
		260934144,
		257471232,
		330166528,
		251598848,
		246932992,
		349055232,
		269324288,
		355262976,
		265412096,
		353596160,
		347520256,
		251533312,
		266986240,
		334857472,
		257717248,
		246528000,
		338870272,
		252874496,
		255056128,
		250169856,
		264948736,
		329372928,
		252252160,
		257593088,
		359221504,
		255853568,
		334540544,
		264285440,
		260610048,
		333731584,
		252308224,
		264522240,
		248695296,
		328610304,
		250722560,
		257477120,
		262697216,
		329529856,
		261643520,
		254217216,
		246757376,
		256485120,
		323572992
	],
	"iteration_intervals_avg": 277681693.7290323,
	"iteration_intervals_avg_second": 0.2776816937290323,
	"total_time_ns": 45179696128,
	"total_time_second": 45,
	"mem_infos": [
		[
			11229200384,
			11811160064
		],
		[
			10837032960,
			11811160064
		],
		[
			10637803520,
			11811160064
		],
		[
			7108296704,
			11811160064
		],
		[
			7078936576,
			11811160064
		],
		[
			7078936576,
			11811160064
		],
		[
			7078936576,
			11811160064
		],
		[
			7078936576,
			11811160064
		],
		[
			7078936576,
			11811160064
		],
		[
			7078936576,
			11811160064
		],
		[
			7078936576,
			11811160064
		],
		[
			7078936576,
			11811160064
		],
		[
			7078936576,
			11811160064
		],
		[
			7078936576,
			11811160064
		],
		[
			7078936576,
			11811160064
		],
		[
			7078936576,
			11811160064
		],
		[
			7078936576,
			11811160064
		],
		[
			7078936576,
			11811160064
		],
		[
			7078936576,
			11811160064
		],
		[
			7078936576,
			11811160064
		],
		[
			7078936576,
			11811160064
		],
		[
			7078936576,
			11811160064
		],
		[
			7078936576,
			11811160064
		],
		[
			7078936576,
			11811160064
		],
		[
			7078936576,
			11811160064
		],
		[
			7078936576,
			11811160064
		],
		[
			7078936576,
			11811160064
		],
		[
			7078936576,
			11811160064
		],
		[
			7078936576,
			11811160064
		],
		[
			7078936576,
			11811160064
		],
		[
			7078936576,
			11811160064
		],
		[
			7078936576,
			11811160064
		],
		[
			7078936576,
			11811160064
		],
		[
			7078936576,
			11811160064
		],
		[
			7078936576,
			11811160064
		],
		[
			7078936576,
			11811160064
		],
		[
			7078936576,
			11811160064
		],
		[
			7078936576,
			11811160064
		],
		[
			7078936576,
			11811160064
		],
		[
			7078936576,
			11811160064
		],
		[
			7078936576,
			11811160064
		],
		[
			7078936576,
			11811160064
		],
		[
			7078936576,
			11811160064
		],
		[
			7078936576,
			11811160064
		],
		[
			7078936576,
			11811160064
		],
		[
			7078936576,
			11811160064
		],
		[
			7078936576,
			11811160064
		],
		[
			7078936576,
			11811160064
		],
		[
			7078936576,
			11811160064
		],
		[
			7078936576,
			11811160064
		],
		[
			7078936576,
			11811160064
		],
		[
			7078936576,
			11811160064
		],
		[
			7078936576,
			11811160064
		],
		[
			7078936576,
			11811160064
		],
		[
			7078936576,
			11811160064
		],
		[
			7078936576,
			11811160064
		],
		[
			7078936576,
			11811160064
		],
		[
			7078936576,
			11811160064
		],
		[
			7078936576,
			11811160064
		],
		[
			7078936576,
			11811160064
		],
		[
			7078936576,
			11811160064
		],
		[
			7078936576,
			11811160064
		],
		[
			7078936576,
			11811160064
		],
		[
			7078936576,
			11811160064
		],
		[
			7078936576,
			11811160064
		],
		[
			7078936576,
			11811160064
		],
		[
			7078936576,
			11811160064
		],
		[
			7078936576,
			11811160064
		],
		[
			7078936576,
			11811160064
		],
		[
			7078936576,
			11811160064
		],
		[
			7078936576,
			11811160064
		],
		[
			7078936576,
			11811160064
		],
		[
			7078936576,
			11811160064
		],
		[
			7078936576,
			11811160064
		],
		[
			7078936576,
			11811160064
		],
		[
			7078936576,
			11811160064
		],
		[
			7078936576,
			11811160064
		],
		[
			7078936576,
			11811160064
		],
		[
			7078936576,
			11811160064
		],
		[
			7078936576,
			11811160064
		],
		[
			7078936576,
			11811160064
		],
		[
			7078936576,
			11811160064
		],
		[
			7078936576,
			11811160064
		],
		[
			7078936576,
			11811160064
		],
		[
			7078936576,
			11811160064
		],
		[
			7078936576,
			11811160064
		],
		[
			7078936576,
			11811160064
		],
		[
			7078936576,
			11811160064
		],
		[
			7078936576,
			11811160064
		],
		[
			7078936576,
			11811160064
		]
	],
	"utilization": [
		4,
		4,
		4,
		4,
		25,
		25,
		71,
		71,
		55,
		55,
		34,
		34,
		28,
		28,
		33,
		33,
		35,
		35,
		30,
		30,
		39,
		39,
		30,
		30,
		39,
		39,
		40,
		40,
		34,
		34,
		36,
		36,
		30,
		30,
		39,
		39,
		33,
		33,
		35,
		35,
		31,
		31,
		40,
		40,
		30,
		30,
		39,
		39,
		40,
		40,
		40,
		40,
		35,
		35,
		35,
		35,
		40,
		40,
		30,
		30,
		37,
		37,
		33,
		33,
		40,
		40,
		35,
		35,
		35,
		35,
		39,
		39,
		30,
		30,
		30,
		30,
		39,
		39,
		40,
		40,
		31,
		31,
		36,
		36,
		34,
		34,
		40,
		40,
		34,
		34
	],
	"computation_proportion": 35,
	"extra_dict": {}
}