{
	"model_name": "YoloV5S",
	"batch_size": 64,
	"duration_sec": 45,
	"mode": "train",
	"is_DDP": true,
	"process_group_backend": "gloo",
	"world_size": 2,
	"rank": 1,
	"local_rank": 0,
	"device_type": "gpu",
	"master_addr": "133.133.135.75",
	"master_port": 39920,
	"iteration_count": 160,
	"iteration_intervals": [
		1575154432,
		152387328,
		136380672,
		145848064,
		117574656,
		135848960,
		130393088,
		180019200,
		122406656,
		145018368,
		141584896,
		133273600,
		215291136,
		223891200,
		250812416,
		251532288,
		239141888,
		364337152,
		363859968,
		372026624,
		353993728,
		270920704,
		364473088,
		346030848,
		271563520,
		354544128,
		253054208,
		319258368,
		281739520,
		258932736,
		347183104,
		259777280,
		342873344,
		274990592,
		339504384,
		252241152,
		260074496,
		327592960,
		248653568,
		245105408,
		264863232,
		252254976,
		255913984,
		293357824,
		270323200,
		260032256,
		261000704,
		302308608,
		280138752,
		262806272,
		342408448,
		250692352,
		358156800,
		262914560,
		344683264,
		269530112,
		325185024,
		270062336,
		256676864,
		260440576,
		333348096,
		255971584,
		260209920,
		352706560,
		259368192,
		338949888,
		274095872,
		336439552,
		262783744,
		316318464,
		274750720,
		251751936,
		272911104,
		324634112,
		255649024,
		247301632,
		258484992,
		337260544,
		264356352,
		252115200,
		332925184,
		248857600,
		251610880,
		248046848,
		259986944,
		238047744,
		249433856,
		253628416,
		331384576,
		241350912,
		264823808,
		255380480,
		340559616,
		253624320,
		254613504,
		251201536,
		336664064,
		250866432,
		261106432,
		252732416,
		334380544,
		263060224,
		345337856,
		270109184,
		314443008,
		283724544,
		260953600,
		254187776,
		331021056,
		251748864,
		247537408,
		254991872,
		306493440,
		277374208,
		253217792,
		262330112,
		353721344,
		254695680,
		321561344,
		272414464,
		251652096,
		247789056,
		348438272,
		272321280,
		351828224,
		345274624,
		273726720,
		346406144,
		251461120,
		323040512,
		280757248,
		254921728,
		261764096,
		325627392,
		249816832,
		258178048,
		259984128,
		255207424,
		328775168,
		256321280,
		262997504,
		349164544,
		247777792,
		343587072,
		268529920,
		257071104,
		333563392,
		244080384,
		272072704,
		249459200,
		327195904,
		251828736,
		260826112,
		256219392,
		332663808,
		261318144,
		252495872,
		245940992,
		304576256,
		277977856
	],
	"iteration_intervals_avg": 277728323.716129,
	"iteration_intervals_avg_second": 0.277728323716129,
	"total_time_ns": 45176058880,
	"total_time_second": 45,
	"mem_infos": [
		[
			11199840256,
			11811160064
		],
		[
			10809769984,
			11811160064
		],
		[
			10608443392,
			11811160064
		],
		[
			7091519488,
			11811160064
		],
		[
			7062159360,
			11811160064
		],
		[
			7062159360,
			11811160064
		],
		[
			7062159360,
			11811160064
		],
		[
			7062159360,
			11811160064
		],
		[
			7062159360,
			11811160064
		],
		[
			7062159360,
			11811160064
		],
		[
			7062159360,
			11811160064
		],
		[
			7062159360,
			11811160064
		],
		[
			7062159360,
			11811160064
		],
		[
			7062159360,
			11811160064
		],
		[
			7062159360,
			11811160064
		],
		[
			7062159360,
			11811160064
		],
		[
			7062159360,
			11811160064
		],
		[
			7062159360,
			11811160064
		],
		[
			7062159360,
			11811160064
		],
		[
			7062159360,
			11811160064
		],
		[
			7062159360,
			11811160064
		],
		[
			7062159360,
			11811160064
		],
		[
			7062159360,
			11811160064
		],
		[
			7062159360,
			11811160064
		],
		[
			7062159360,
			11811160064
		],
		[
			7062159360,
			11811160064
		],
		[
			7062159360,
			11811160064
		],
		[
			7062159360,
			11811160064
		],
		[
			7062159360,
			11811160064
		],
		[
			7062159360,
			11811160064
		],
		[
			7062159360,
			11811160064
		],
		[
			7062159360,
			11811160064
		],
		[
			7062159360,
			11811160064
		],
		[
			7062159360,
			11811160064
		],
		[
			7062159360,
			11811160064
		],
		[
			7062159360,
			11811160064
		],
		[
			7062159360,
			11811160064
		],
		[
			7062159360,
			11811160064
		],
		[
			7062159360,
			11811160064
		],
		[
			7062159360,
			11811160064
		],
		[
			7062159360,
			11811160064
		],
		[
			7062159360,
			11811160064
		],
		[
			7062159360,
			11811160064
		],
		[
			7062159360,
			11811160064
		],
		[
			7062159360,
			11811160064
		],
		[
			7062159360,
			11811160064
		],
		[
			7062159360,
			11811160064
		],
		[
			7062159360,
			11811160064
		],
		[
			7062159360,
			11811160064
		],
		[
			7062159360,
			11811160064
		],
		[
			7062159360,
			11811160064
		],
		[
			7062159360,
			11811160064
		],
		[
			7062159360,
			11811160064
		],
		[
			7062159360,
			11811160064
		],
		[
			7062159360,
			11811160064
		],
		[
			7062159360,
			11811160064
		],
		[
			7062159360,
			11811160064
		],
		[
			7062159360,
			11811160064
		],
		[
			7062159360,
			11811160064
		],
		[
			7062159360,
			11811160064
		],
		[
			7062159360,
			11811160064
		],
		[
			7062159360,
			11811160064
		],
		[
			7062159360,
			11811160064
		],
		[
			7062159360,
			11811160064
		],
		[
			7062159360,
			11811160064
		],
		[
			7062159360,
			11811160064
		],
		[
			7062159360,
			11811160064
		],
		[
			7062159360,
			11811160064
		],
		[
			7062159360,
			11811160064
		],
		[
			7062159360,
			11811160064
		],
		[
			7062159360,
			11811160064
		],
		[
			7062159360,
			11811160064
		],
		[
			7062159360,
			11811160064
		],
		[
			7062159360,
			11811160064
		],
		[
			7062159360,
			11811160064
		],
		[
			7062159360,
			11811160064
		],
		[
			7062159360,
			11811160064
		],
		[
			7062159360,
			11811160064
		],
		[
			7062159360,
			11811160064
		],
		[
			7062159360,
			11811160064
		],
		[
			7062159360,
			11811160064
		],
		[
			7062159360,
			11811160064
		],
		[
			7062159360,
			11811160064
		],
		[
			7062159360,
			11811160064
		],
		[
			7062159360,
			11811160064
		],
		[
			7062159360,
			11811160064
		],
		[
			7062159360,
			11811160064
		],
		[
			7062159360,
			11811160064
		],
		[
			7062159360,
			11811160064
		],
		[
			7062159360,
			11811160064
		]
	],
	"utilization": [
		6,
		6,
		7,
		7,
		34,
		34,
		72,
		72,
		54,
		54,
		32,
		32,
		30,
		30,
		33,
		33,
		36,
		36,
		35,
		35,
		35,
		35,
		36,
		36,
		38,
		38,
		38,
		38,
		37,
		37,
		33,
		33,
		34,
		34,
		38,
		38,
		36,
		36,
		32,
		32,
		35,
		35,
		40,
		40,
		35,
		35,
		36,
		36,
		40,
		40,
		40,
		40,
		35,
		35,
		37,
		37,
		38,
		38,
		33,
		33,
		34,
		34,
		40,
		40,
		36,
		36,
		36,
		34,
		34,
		39,
		39,
		33,
		33,
		32,
		32,
		36,
		36,
		37,
		37,
		38,
		38,
		34,
		34,
		36,
		36,
		37,
		37,
		36,
		36,
		37
	],
	"computation_proportion": 35,
	"extra_dict": {}
}