{
	"model_name": "SqueezeNet",
	"batch_size": 16,
	"duration_sec": 45,
	"mode": "train",
	"is_DDP": true,
	"process_group_backend": "gloo",
	"world_size": 2,
	"rank": 0,
	"local_rank": 0,
	"device_type": "gpu",
	"master_addr": "133.133.135.74",
	"master_port": 39920,
	"iteration_count": 112,
	"iteration_intervals": [
		1248281600,
		72474880,
		66360576,
		271232256,
		251964672,
		355977984,
		491454976,
		855883008,
		856937216,
		491328000,
		367661824,
		367030528,
		367209216,
		253445632,
		355918336,
		251318016,
		326689280,
		284125184,
		479720192,
		460102912,
		523251968,
		492188672,
		365188864,
		253220864,
		356702720,
		253012224,
		362859520,
		252835584,
		366893824,
		482377728,
		606757632,
		493073920,
		365521408,
		366585856,
		250500864,
		253957632,
		354280192,
		241916672,
		366320384,
		376551936,
		367685632,
		493334784,
		482923776,
		366216448,
		367358976,
		365549312,
		240485120,
		249766400,
		247704064,
		366545920,
		246869504,
		450404864,
		408030720,
		482384640,
		377897216,
		364063488,
		486738176,
		451736576,
		647357696,
		980332288,
		611450880,
		365454848,
		451894528,
		283760384,
		364947712,
		248786688,
		242383360,
		365870336,
		250255872,
		440223488,
		404762112,
		617171968,
		482089984,
		366277376,
		376822784,
		242216704,
		252931840,
		354837248,
		250453504,
		368086528,
		481139456,
		490678016,
		607169024,
		492260608,
		366801920,
		253166848,
		356325120,
		251512832,
		367639040,
		367289856,
		366143488,
		606166016,
		608403456,
		491972864,
		366500352,
		364725504,
		253001216,
		358609408,
		365933824,
		376476672,
		483250176,
		731540480,
		500426240,
		478740992,
		375101952,
		363653120,
		241843712,
		367625472,
		451208448,
		521469184,
		613474816,
		615745792
	],
	"iteration_intervals_avg": 408120190.8037383,
	"iteration_intervals_avg_second": 0.4081201908037383,
	"total_time_ns": 45580002560,
	"total_time_second": 45,
	"mem_infos": [
		[
			11269046272,
			11811160064
		],
		[
			10948182016,
			11811160064
		],
		[
			10696523776,
			11811160064
		],
		[
			9884925952,
			11811160064
		],
		[
			9884925952,
			11811160064
		],
		[
			9884925952,
			11811160064
		],
		[
			9884925952,
			11811160064
		],
		[
			9884925952,
			11811160064
		],
		[
			9884925952,
			11811160064
		],
		[
			9884925952,
			11811160064
		],
		[
			9884925952,
			11811160064
		],
		[
			9884925952,
			11811160064
		],
		[
			9884925952,
			11811160064
		],
		[
			9884925952,
			11811160064
		],
		[
			9884925952,
			11811160064
		],
		[
			9884925952,
			11811160064
		],
		[
			9884925952,
			11811160064
		],
		[
			9884925952,
			11811160064
		],
		[
			9884925952,
			11811160064
		],
		[
			9884925952,
			11811160064
		],
		[
			9884925952,
			11811160064
		],
		[
			9884925952,
			11811160064
		],
		[
			9884925952,
			11811160064
		],
		[
			9884925952,
			11811160064
		],
		[
			9884925952,
			11811160064
		],
		[
			9884925952,
			11811160064
		],
		[
			9884925952,
			11811160064
		],
		[
			9884925952,
			11811160064
		],
		[
			9884925952,
			11811160064
		],
		[
			9884925952,
			11811160064
		],
		[
			9884925952,
			11811160064
		],
		[
			9884925952,
			11811160064
		],
		[
			9884925952,
			11811160064
		],
		[
			9884925952,
			11811160064
		],
		[
			9884925952,
			11811160064
		],
		[
			9884925952,
			11811160064
		],
		[
			9884925952,
			11811160064
		],
		[
			9884925952,
			11811160064
		],
		[
			9884925952,
			11811160064
		],
		[
			9884925952,
			11811160064
		],
		[
			9884925952,
			11811160064
		],
		[
			9884925952,
			11811160064
		],
		[
			9884925952,
			11811160064
		],
		[
			9884925952,
			11811160064
		],
		[
			9884925952,
			11811160064
		],
		[
			9884925952,
			11811160064
		],
		[
			9884925952,
			11811160064
		],
		[
			9884925952,
			11811160064
		],
		[
			9884925952,
			11811160064
		],
		[
			9884925952,
			11811160064
		],
		[
			9884925952,
			11811160064
		],
		[
			9884925952,
			11811160064
		],
		[
			9884925952,
			11811160064
		],
		[
			9884925952,
			11811160064
		],
		[
			9884925952,
			11811160064
		],
		[
			9884925952,
			11811160064
		],
		[
			9884925952,
			11811160064
		],
		[
			9884925952,
			11811160064
		],
		[
			9884925952,
			11811160064
		],
		[
			9884925952,
			11811160064
		],
		[
			9884925952,
			11811160064
		],
		[
			9884925952,
			11811160064
		],
		[
			9884925952,
			11811160064
		],
		[
			9884925952,
			11811160064
		],
		[
			9884925952,
			11811160064
		],
		[
			9884925952,
			11811160064
		],
		[
			9884925952,
			11811160064
		],
		[
			9884925952,
			11811160064
		],
		[
			9884925952,
			11811160064
		],
		[
			9884925952,
			11811160064
		],
		[
			9884925952,
			11811160064
		],
		[
			9884925952,
			11811160064
		],
		[
			9884925952,
			11811160064
		],
		[
			9884925952,
			11811160064
		],
		[
			9884925952,
			11811160064
		],
		[
			9884925952,
			11811160064
		],
		[
			9884925952,
			11811160064
		],
		[
			9884925952,
			11811160064
		],
		[
			9884925952,
			11811160064
		],
		[
			9884925952,
			11811160064
		],
		[
			9884925952,
			11811160064
		],
		[
			9884925952,
			11811160064
		],
		[
			9884925952,
			11811160064
		],
		[
			9884925952,
			11811160064
		],
		[
			9884925952,
			11811160064
		],
		[
			9884925952,
			11811160064
		],
		[
			9884925952,
			11811160064
		],
		[
			9884925952,
			11811160064
		],
		[
			9884925952,
			11811160064
		],
		[
			9884925952,
			11811160064
		]
	],
	"utilization": [
		3,
		3,
		5,
		5,
		12,
		12,
		7,
		7,
		3,
		3,
		3,
		3,
		6,
		6,
		8,
		8,
		8,
		8,
		5,
		5,
		5,
		5,
		8,
		8,
		7,
		7,
		5,
		5,
		6,
		6,
		8,
		8,
		8,
		8,
		5,
		5,
		6,
		6,
		9,
		9,
		8,
		8,
		5,
		5,
		6,
		6,
		6,
		6,
		3,
		3,
		3,
		3,
		6,
		6,
		8,
		8,
		9,
		9,
		5,
		5,
		5,
		5,
		8,
		8,
		7,
		7,
		5,
		5,
		5,
		5,
		7,
		7,
		7,
		7,
		5,
		5,
		5,
		5,
		8,
		8,
		7,
		7,
		5,
		5,
		4,
		4,
		7,
		7,
		7,
		7
	],
	"computation_proportion": 5,
	"extra_dict": {}
}