{
	"model_name": "ResNet18",
	"batch_size": 32,
	"duration_sec": 45,
	"mode": "train",
	"is_DDP": true,
	"process_group_backend": "gloo",
	"world_size": 2,
	"rank": 1,
	"local_rank": 0,
	"device_type": "gpu",
	"master_addr": "133.133.135.74",
	"master_port": 39920,
	"iteration_count": 40,
	"iteration_intervals": [
		1719528448,
		452075008,
		440172288,
		437903360,
		447335680,
		439895296,
		447577088,
		1491544576,
		978863872,
		615151616,
		971028736,
		1954252288,
		725637120,
		733950464,
		2073398016,
		985328128,
		733309184,
		2196820224,
		1096488448,
		604193280,
		1960282880,
		1351091712,
		717870592,
		1222532608,
		1952692992,
		728945920,
		1102345472,
		2193675520,
		734876416,
		976459008,
		2201129472,
		726435840,
		856377856,
		2315681280,
		856180736,
		737092864,
		2443312384,
		727054848,
		859545344,
		2201921536
	],
	"iteration_intervals_avg": 1226084103.3142858,
	"iteration_intervals_avg_second": 1.2260841033142857,
	"total_time_ns": 46410941696,
	"total_time_second": 46,
	"mem_infos": [
		[
			11130634240,
			11811160064
		],
		[
			10761535488,
			11811160064
		],
		[
			10518265856,
			11811160064
		],
		[
			9205448704,
			11811160064
		],
		[
			9197060096,
			11811160064
		],
		[
			9197060096,
			11811160064
		],
		[
			9197060096,
			11811160064
		],
		[
			9197060096,
			11811160064
		],
		[
			9197060096,
			11811160064
		],
		[
			9197060096,
			11811160064
		],
		[
			9197060096,
			11811160064
		],
		[
			9197060096,
			11811160064
		],
		[
			9197060096,
			11811160064
		],
		[
			9197060096,
			11811160064
		],
		[
			9197060096,
			11811160064
		],
		[
			9197060096,
			11811160064
		],
		[
			9197060096,
			11811160064
		],
		[
			9197060096,
			11811160064
		],
		[
			9197060096,
			11811160064
		],
		[
			9197060096,
			11811160064
		],
		[
			9197060096,
			11811160064
		],
		[
			9197060096,
			11811160064
		],
		[
			9197060096,
			11811160064
		],
		[
			9197060096,
			11811160064
		],
		[
			9197060096,
			11811160064
		],
		[
			9197060096,
			11811160064
		],
		[
			9197060096,
			11811160064
		],
		[
			9197060096,
			11811160064
		],
		[
			9197060096,
			11811160064
		],
		[
			9197060096,
			11811160064
		],
		[
			9197060096,
			11811160064
		],
		[
			9197060096,
			11811160064
		],
		[
			9197060096,
			11811160064
		],
		[
			9197060096,
			11811160064
		],
		[
			9197060096,
			11811160064
		],
		[
			9197060096,
			11811160064
		],
		[
			9197060096,
			11811160064
		],
		[
			9197060096,
			11811160064
		],
		[
			9197060096,
			11811160064
		],
		[
			9197060096,
			11811160064
		],
		[
			9197060096,
			11811160064
		],
		[
			9197060096,
			11811160064
		],
		[
			9197060096,
			11811160064
		],
		[
			9197060096,
			11811160064
		],
		[
			9197060096,
			11811160064
		],
		[
			9197060096,
			11811160064
		],
		[
			9197060096,
			11811160064
		],
		[
			9197060096,
			11811160064
		],
		[
			9197060096,
			11811160064
		],
		[
			9197060096,
			11811160064
		],
		[
			9197060096,
			11811160064
		],
		[
			9197060096,
			11811160064
		],
		[
			9197060096,
			11811160064
		],
		[
			9197060096,
			11811160064
		],
		[
			9197060096,
			11811160064
		],
		[
			9197060096,
			11811160064
		],
		[
			9197060096,
			11811160064
		],
		[
			9197060096,
			11811160064
		],
		[
			9197060096,
			11811160064
		],
		[
			9197060096,
			11811160064
		],
		[
			9197060096,
			11811160064
		],
		[
			9197060096,
			11811160064
		],
		[
			9197060096,
			11811160064
		],
		[
			9197060096,
			11811160064
		],
		[
			9197060096,
			11811160064
		],
		[
			9197060096,
			11811160064
		],
		[
			9197060096,
			11811160064
		],
		[
			9197060096,
			11811160064
		],
		[
			9197060096,
			11811160064
		],
		[
			9197060096,
			11811160064
		],
		[
			9197060096,
			11811160064
		],
		[
			9197060096,
			11811160064
		],
		[
			9197060096,
			11811160064
		],
		[
			9197060096,
			11811160064
		],
		[
			9197060096,
			11811160064
		],
		[
			9197060096,
			11811160064
		],
		[
			9197060096,
			11811160064
		],
		[
			9197060096,
			11811160064
		],
		[
			9197060096,
			11811160064
		],
		[
			9197060096,
			11811160064
		],
		[
			9197060096,
			11811160064
		],
		[
			9197060096,
			11811160064
		],
		[
			9197060096,
			11811160064
		],
		[
			9197060096,
			11811160064
		],
		[
			9197060096,
			11811160064
		],
		[
			9197060096,
			11811160064
		],
		[
			9197060096,
			11811160064
		],
		[
			9197060096,
			11811160064
		],
		[
			9197060096,
			11811160064
		],
		[
			9197060096,
			11811160064
		]
	],
	"utilization": [
		4,
		3,
		3,
		9,
		9,
		11,
		11,
		12,
		12,
		17,
		17,
		0,
		0,
		5,
		5,
		6,
		6,
		6,
		6,
		5,
		5,
		6,
		6,
		6,
		6,
		6,
		6,
		0,
		0,
		5,
		5,
		6,
		6,
		6,
		6,
		0,
		0,
		5,
		5,
		6,
		6,
		6,
		6,
		0,
		0,
		5,
		5,
		6,
		6,
		6,
		6,
		0,
		0,
		5,
		5,
		11,
		11,
		1,
		1,
		5,
		5,
		0,
		0,
		9,
		9,
		3,
		3,
		5,
		5,
		0,
		0,
		11,
		11,
		6,
		6,
		0,
		0,
		0,
		0,
		11,
		11,
		6,
		6,
		0,
		0,
		0,
		0,
		11,
		11,
		6
	],
	"computation_proportion": 5,
	"extra_dict": {}
}