{
	"model_name": "HarDNet",
	"batch_size": 256,
	"duration_sec": 45,
	"mode": "train",
	"is_DDP": true,
	"process_group_backend": "gloo",
	"world_size": 2,
	"rank": 1,
	"local_rank": 0,
	"device_type": "gpu",
	"master_addr": "133.133.135.74",
	"master_port": 39920,
	"iteration_count": 52,
	"iteration_intervals": [
		2202505472,
		811778048,
		861944832,
		847174400,
		855863808,
		852532480,
		861342464,
		851323392,
		860604672,
		798899456,
		856210944,
		862688768,
		862775040,
		841420032,
		853970688,
		862280704,
		859674880,
		853428480,
		861621248,
		848629760,
		860054528,
		860047872,
		857038336,
		865630208,
		861070336,
		849945088,
		861266176,
		855306496,
		776628224,
		859495680,
		858533376,
		849732864,
		849288960,
		856915456,
		859253504,
		854825472,
		854401536,
		856846080,
		852120320,
		860256256,
		859252224,
		853689344,
		852089088,
		861896448,
		852492288,
		853706752,
		863856128,
		749687040,
		859226624,
		849656320,
		857488640,
		844591616
	],
	"iteration_intervals_avg": 851142389.106383,
	"iteration_intervals_avg_second": 0.851142389106383,
	"total_time_ns": 45583822592,
	"total_time_second": 45,
	"mem_infos": [
		[
			11269046272,
			11811160064
		],
		[
			9704570880,
			11811160064
		],
		[
			9471787008,
			11811160064
		],
		[
			305135616,
			11811160064
		],
		[
			1204813824,
			11811160064
		],
		[
			441450496,
			11811160064
		],
		[
			441450496,
			11811160064
		],
		[
			441450496,
			11811160064
		],
		[
			441450496,
			11811160064
		],
		[
			441450496,
			11811160064
		],
		[
			441450496,
			11811160064
		],
		[
			441450496,
			11811160064
		],
		[
			441450496,
			11811160064
		],
		[
			441450496,
			11811160064
		],
		[
			441450496,
			11811160064
		],
		[
			441450496,
			11811160064
		],
		[
			441450496,
			11811160064
		],
		[
			441450496,
			11811160064
		],
		[
			441450496,
			11811160064
		],
		[
			441450496,
			11811160064
		],
		[
			441450496,
			11811160064
		],
		[
			441450496,
			11811160064
		],
		[
			441450496,
			11811160064
		],
		[
			441450496,
			11811160064
		],
		[
			441450496,
			11811160064
		],
		[
			441450496,
			11811160064
		],
		[
			441450496,
			11811160064
		],
		[
			441450496,
			11811160064
		],
		[
			441450496,
			11811160064
		],
		[
			441450496,
			11811160064
		],
		[
			441450496,
			11811160064
		],
		[
			441450496,
			11811160064
		],
		[
			441450496,
			11811160064
		],
		[
			441450496,
			11811160064
		],
		[
			441450496,
			11811160064
		],
		[
			441450496,
			11811160064
		],
		[
			441450496,
			11811160064
		],
		[
			441450496,
			11811160064
		],
		[
			441450496,
			11811160064
		],
		[
			441450496,
			11811160064
		],
		[
			441450496,
			11811160064
		],
		[
			441450496,
			11811160064
		],
		[
			441450496,
			11811160064
		],
		[
			441450496,
			11811160064
		],
		[
			441450496,
			11811160064
		],
		[
			441450496,
			11811160064
		],
		[
			441450496,
			11811160064
		],
		[
			441450496,
			11811160064
		],
		[
			441450496,
			11811160064
		],
		[
			441450496,
			11811160064
		],
		[
			441450496,
			11811160064
		],
		[
			441450496,
			11811160064
		],
		[
			441450496,
			11811160064
		],
		[
			441450496,
			11811160064
		],
		[
			441450496,
			11811160064
		],
		[
			441450496,
			11811160064
		],
		[
			441450496,
			11811160064
		],
		[
			441450496,
			11811160064
		],
		[
			441450496,
			11811160064
		],
		[
			441450496,
			11811160064
		],
		[
			441450496,
			11811160064
		],
		[
			441450496,
			11811160064
		],
		[
			441450496,
			11811160064
		],
		[
			441450496,
			11811160064
		],
		[
			441450496,
			11811160064
		],
		[
			441450496,
			11811160064
		],
		[
			441450496,
			11811160064
		],
		[
			441450496,
			11811160064
		],
		[
			441450496,
			11811160064
		],
		[
			441450496,
			11811160064
		],
		[
			441450496,
			11811160064
		],
		[
			441450496,
			11811160064
		],
		[
			441450496,
			11811160064
		],
		[
			441450496,
			11811160064
		],
		[
			441450496,
			11811160064
		],
		[
			441450496,
			11811160064
		],
		[
			441450496,
			11811160064
		],
		[
			441450496,
			11811160064
		],
		[
			441450496,
			11811160064
		],
		[
			441450496,
			11811160064
		],
		[
			441450496,
			11811160064
		],
		[
			441450496,
			11811160064
		],
		[
			441450496,
			11811160064
		],
		[
			441450496,
			11811160064
		],
		[
			441450496,
			11811160064
		],
		[
			441450496,
			11811160064
		],
		[
			441450496,
			11811160064
		],
		[
			441450496,
			11811160064
		],
		[
			441450496,
			11811160064
		],
		[
			441450496,
			11811160064
		]
	],
	"utilization": [
		4,
		4,
		4,
		4,
		36,
		36,
		27,
		27,
		32,
		32,
		30,
		30,
		31,
		31,
		32,
		32,
		34,
		34,
		34,
		34,
		30,
		30,
		30,
		30,
		32,
		32,
		36,
		36,
		33,
		33,
		31,
		31,
		29,
		29,
		33,
		33,
		34,
		34,
		33,
		33,
		30,
		30,
		32,
		32,
		31,
		31,
		32,
		32,
		33,
		33,
		34,
		34,
		33,
		33,
		30,
		30,
		31,
		31,
		33,
		33,
		33,
		33,
		34,
		34,
		31,
		31,
		30,
		30,
		31,
		31,
		35,
		35,
		34,
		34,
		30,
		30,
		31,
		31,
		32,
		32,
		34,
		34,
		35,
		35,
		35,
		31,
		31,
		29,
		29,
		33
	],
	"computation_proportion": 55,
	"extra_dict": {}
}