{
	"model_name": "InceptionV3",
	"batch_size": 16,
	"duration_sec": 45,
	"mode": "train",
	"is_DDP": true,
	"process_group_backend": "gloo",
	"world_size": 2,
	"rank": 0,
	"local_rank": 0,
	"device_type": "gpu",
	"master_addr": "133.133.135.74",
	"master_port": 39920,
	"iteration_count": 43,
	"iteration_intervals": [
		2379553024,
		1050065152,
		1019740928,
		1018290944,
		1047669504,
		1010683392,
		1036732160,
		1018704896,
		1002114048,
		1036016640,
		1011375360,
		1017966080,
		1020556032,
		1012772864,
		1029274368,
		1028189440,
		1010871808,
		1021010944,
		1016288512,
		1022101248,
		1019776768,
		1022083072,
		1011457792,
		1029573376,
		1037414400,
		1018416384,
		1004624640,
		1032935424,
		1020851456,
		1026525696,
		1019489536,
		1028935936,
		1022156800,
		1033966080,
		1012014080,
		1016292352,
		1004103680,
		1025741568,
		1010843392,
		1016255744,
		1017633792,
		1019027968,
		1017427456
	],
	"iteration_intervals_avg": 1020058031.1578947,
	"iteration_intervals_avg_second": 1.0200580311578948,
	"total_time_ns": 45278318592,
	"total_time_second": 45,
	"mem_infos": [
		[
			11061428224,
			11811160064
		],
		[
			10776215552,
			11811160064
		],
		[
			10530848768,
			11811160064
		],
		[
			8460959744,
			11811160064
		],
		[
			8460959744,
			11811160064
		],
		[
			8135901184,
			11811160064
		],
		[
			8135901184,
			11811160064
		],
		[
			8135901184,
			11811160064
		],
		[
			8135901184,
			11811160064
		],
		[
			8135901184,
			11811160064
		],
		[
			8135901184,
			11811160064
		],
		[
			8135901184,
			11811160064
		],
		[
			8135901184,
			11811160064
		],
		[
			8135901184,
			11811160064
		],
		[
			8135901184,
			11811160064
		],
		[
			8135901184,
			11811160064
		],
		[
			8135901184,
			11811160064
		],
		[
			8135901184,
			11811160064
		],
		[
			8135901184,
			11811160064
		],
		[
			8135901184,
			11811160064
		],
		[
			8135901184,
			11811160064
		],
		[
			8135901184,
			11811160064
		],
		[
			8135901184,
			11811160064
		],
		[
			8135901184,
			11811160064
		],
		[
			8135901184,
			11811160064
		],
		[
			8135901184,
			11811160064
		],
		[
			8135901184,
			11811160064
		],
		[
			8135901184,
			11811160064
		],
		[
			8135901184,
			11811160064
		],
		[
			8135901184,
			11811160064
		],
		[
			8135901184,
			11811160064
		],
		[
			8135901184,
			11811160064
		],
		[
			8135901184,
			11811160064
		],
		[
			8135901184,
			11811160064
		],
		[
			8135901184,
			11811160064
		],
		[
			8135901184,
			11811160064
		],
		[
			8135901184,
			11811160064
		],
		[
			8135901184,
			11811160064
		],
		[
			8135901184,
			11811160064
		],
		[
			8135901184,
			11811160064
		],
		[
			8135901184,
			11811160064
		],
		[
			8135901184,
			11811160064
		],
		[
			8135901184,
			11811160064
		],
		[
			8135901184,
			11811160064
		],
		[
			8135901184,
			11811160064
		],
		[
			8135901184,
			11811160064
		],
		[
			8135901184,
			11811160064
		],
		[
			8135901184,
			11811160064
		],
		[
			8135901184,
			11811160064
		],
		[
			8135901184,
			11811160064
		],
		[
			8135901184,
			11811160064
		],
		[
			8135901184,
			11811160064
		],
		[
			8135901184,
			11811160064
		],
		[
			8135901184,
			11811160064
		],
		[
			8135901184,
			11811160064
		],
		[
			8135901184,
			11811160064
		],
		[
			8135901184,
			11811160064
		],
		[
			8135901184,
			11811160064
		],
		[
			8135901184,
			11811160064
		],
		[
			8135901184,
			11811160064
		],
		[
			8135901184,
			11811160064
		],
		[
			8135901184,
			11811160064
		],
		[
			8135901184,
			11811160064
		],
		[
			8135901184,
			11811160064
		],
		[
			8135901184,
			11811160064
		],
		[
			8135901184,
			11811160064
		],
		[
			8135901184,
			11811160064
		],
		[
			8135901184,
			11811160064
		],
		[
			8135901184,
			11811160064
		],
		[
			8135901184,
			11811160064
		],
		[
			8135901184,
			11811160064
		],
		[
			8135901184,
			11811160064
		],
		[
			8135901184,
			11811160064
		],
		[
			8135901184,
			11811160064
		],
		[
			8135901184,
			11811160064
		],
		[
			8135901184,
			11811160064
		],
		[
			8135901184,
			11811160064
		],
		[
			8135901184,
			11811160064
		],
		[
			8135901184,
			11811160064
		],
		[
			8135901184,
			11811160064
		],
		[
			8135901184,
			11811160064
		],
		[
			8135901184,
			11811160064
		],
		[
			8135901184,
			11811160064
		],
		[
			8135901184,
			11811160064
		],
		[
			8135901184,
			11811160064
		],
		[
			8135901184,
			11811160064
		],
		[
			8135901184,
			11811160064
		],
		[
			8135901184,
			11811160064
		],
		[
			8135901184,
			11811160064
		],
		[
			8135901184,
			11811160064
		]
	],
	"utilization": [
		5,
		2,
		2,
		13,
		13,
		3,
		3,
		12,
		12,
		10,
		10,
		10,
		10,
		10,
		10,
		13,
		13,
		12,
		12,
		11,
		11,
		10,
		10,
		10,
		10,
		10,
		10,
		10,
		10,
		10,
		10,
		10,
		10,
		10,
		10,
		10,
		10,
		10,
		10,
		13,
		13,
		13,
		13,
		12,
		12,
		12,
		12,
		11,
		11,
		10,
		10,
		10,
		10,
		10,
		10,
		10,
		10,
		10,
		10,
		10,
		10,
		10,
		10,
		10,
		10,
		13,
		13,
		13,
		13,
		12,
		12,
		10,
		10,
		10,
		10,
		10,
		10,
		10,
		10,
		10,
		10,
		10,
		10,
		10,
		10,
		10,
		10,
		10,
		10,
		10
	],
	"computation_proportion": 45,
	"extra_dict": {}
}