{
	"model_name": "EfficientNet",
	"batch_size": 8,
	"duration_sec": 45,
	"mode": "train",
	"is_DDP": true,
	"process_group_backend": "gloo",
	"world_size": 2,
	"rank": 0,
	"local_rank": 0,
	"device_type": "gpu",
	"master_addr": "133.133.135.75",
	"master_port": 39920,
	"iteration_count": 72,
	"iteration_intervals": [
		1441553152,
		127160320,
		2201348096,
		731582720,
		493042944,
		478503936,
		858249216,
		1606683392,
		600574208,
		482092800,
		485531392,
		604715008,
		1592768768,
		615204608,
		491032832,
		492547328,
		488734464,
		712891648,
		1237625344,
		608899072,
		485589248,
		479525888,
		486358784,
		850814976,
		1344664320,
		613744640,
		486001408,
		479418624,
		732508416,
		1589286144,
		751415808,
		490201088,
		368741632,
		363590656,
		260786688,
		358738432,
		347544576,
		493512704,
		617294848,
		1828409344,
		850841856,
		489907200,
		366840576,
		362487808,
		356889344,
		232901376,
		494092288,
		614960640,
		972434944,
		600378112,
		491107328,
		372773376,
		358483200,
		367680512,
		485663232,
		609234944,
		857679872,
		596446464,
		372139776,
		371861760,
		345995520,
		371576832,
		368489728,
		611759872,
		861962496,
		470087424,
		495629056,
		364253696,
		231698432,
		374114048,
		362355968,
		481383680
	],
	"iteration_intervals_avg": 602213635.8208956,
	"iteration_intervals_avg_second": 0.6022136358208956,
	"total_time_ns": 45344272384,
	"total_time_second": 45,
	"mem_infos": [
		[
			11235491840,
			11811160064
		],
		[
			11013193728,
			11811160064
		],
		[
			10797187072,
			11811160064
		],
		[
			9847177216,
			11811160064
		],
		[
			9847177216,
			11811160064
		],
		[
			9847177216,
			11811160064
		],
		[
			9847177216,
			11811160064
		],
		[
			9847177216,
			11811160064
		],
		[
			9847177216,
			11811160064
		],
		[
			9847177216,
			11811160064
		],
		[
			9847177216,
			11811160064
		],
		[
			9847177216,
			11811160064
		],
		[
			9847177216,
			11811160064
		],
		[
			9847177216,
			11811160064
		],
		[
			9847177216,
			11811160064
		],
		[
			9847177216,
			11811160064
		],
		[
			9847177216,
			11811160064
		],
		[
			9847177216,
			11811160064
		],
		[
			9847177216,
			11811160064
		],
		[
			9847177216,
			11811160064
		],
		[
			9847177216,
			11811160064
		],
		[
			9847177216,
			11811160064
		],
		[
			9847177216,
			11811160064
		],
		[
			9847177216,
			11811160064
		],
		[
			9847177216,
			11811160064
		],
		[
			9847177216,
			11811160064
		],
		[
			9847177216,
			11811160064
		],
		[
			9847177216,
			11811160064
		],
		[
			9847177216,
			11811160064
		],
		[
			9847177216,
			11811160064
		],
		[
			9847177216,
			11811160064
		],
		[
			9847177216,
			11811160064
		],
		[
			9847177216,
			11811160064
		],
		[
			9847177216,
			11811160064
		],
		[
			9847177216,
			11811160064
		],
		[
			9847177216,
			11811160064
		],
		[
			9847177216,
			11811160064
		],
		[
			9847177216,
			11811160064
		],
		[
			9847177216,
			11811160064
		],
		[
			9847177216,
			11811160064
		],
		[
			9847177216,
			11811160064
		],
		[
			9847177216,
			11811160064
		],
		[
			9847177216,
			11811160064
		],
		[
			9847177216,
			11811160064
		],
		[
			9847177216,
			11811160064
		],
		[
			9847177216,
			11811160064
		],
		[
			9847177216,
			11811160064
		],
		[
			9847177216,
			11811160064
		],
		[
			9847177216,
			11811160064
		],
		[
			9847177216,
			11811160064
		],
		[
			9847177216,
			11811160064
		],
		[
			9847177216,
			11811160064
		],
		[
			9847177216,
			11811160064
		],
		[
			9847177216,
			11811160064
		],
		[
			9847177216,
			11811160064
		],
		[
			9847177216,
			11811160064
		],
		[
			9847177216,
			11811160064
		],
		[
			9847177216,
			11811160064
		],
		[
			9847177216,
			11811160064
		],
		[
			9847177216,
			11811160064
		],
		[
			9847177216,
			11811160064
		],
		[
			9847177216,
			11811160064
		],
		[
			9847177216,
			11811160064
		],
		[
			9847177216,
			11811160064
		],
		[
			9847177216,
			11811160064
		],
		[
			9847177216,
			11811160064
		],
		[
			9847177216,
			11811160064
		],
		[
			9847177216,
			11811160064
		],
		[
			9847177216,
			11811160064
		],
		[
			9847177216,
			11811160064
		],
		[
			9847177216,
			11811160064
		],
		[
			9847177216,
			11811160064
		],
		[
			9847177216,
			11811160064
		],
		[
			9847177216,
			11811160064
		],
		[
			9847177216,
			11811160064
		],
		[
			9847177216,
			11811160064
		],
		[
			9847177216,
			11811160064
		],
		[
			9847177216,
			11811160064
		],
		[
			9847177216,
			11811160064
		],
		[
			9847177216,
			11811160064
		],
		[
			9847177216,
			11811160064
		],
		[
			9847177216,
			11811160064
		],
		[
			9847177216,
			11811160064
		],
		[
			9847177216,
			11811160064
		],
		[
			9847177216,
			11811160064
		],
		[
			9847177216,
			11811160064
		],
		[
			9847177216,
			11811160064
		],
		[
			9847177216,
			11811160064
		],
		[
			9847177216,
			11811160064
		],
		[
			9847177216,
			11811160064
		]
	],
	"utilization": [
		4,
		4,
		4,
		4,
		11,
		11,
		0,
		0,
		3,
		3,
		3,
		3,
		7,
		7,
		3,
		3,
		1,
		1,
		6,
		6,
		7,
		7,
		3,
		3,
		3,
		3,
		7,
		7,
		7,
		7,
		3,
		3,
		3,
		3,
		7,
		7,
		7,
		7,
		3,
		3,
		1,
		1,
		6,
		6,
		7,
		7,
		3,
		3,
		2,
		2,
		4,
		4,
		10,
		10,
		10,
		10,
		5,
		5,
		2,
		2,
		3,
		3,
		3,
		3,
		10,
		10,
		10,
		10,
		3,
		3,
		3,
		3,
		10,
		10,
		7,
		7,
		7,
		7,
		3,
		3,
		10,
		10,
		7,
		7,
		6,
		6,
		4,
		4,
		9,
		9
	],
	"computation_proportion": 5,
	"extra_dict": {}
}