{
	"model_name": "SqueezeNet",
	"batch_size": 64,
	"duration_sec": 45,
	"mode": "train",
	"is_DDP": true,
	"process_group_backend": "gloo",
	"world_size": 4,
	"rank": 0,
	"local_rank": 0,
	"device_type": "gpu",
	"master_addr": "133.133.135.75",
	"master_port": 39920,
	"iteration_count": 143,
	"iteration_intervals": [
		1485336576,
		210450176,
		246281472,
		249751552,
		234051840,
		237834752,
		225491200,
		230243840,
		252734720,
		241905408,
		333330176,
		249121024,
		238825472,
		246738432,
		262962688,
		258856448,
		241501696,
		251223040,
		255625728,
		360443392,
		258459904,
		244730368,
		326223616,
		471588864,
		389915648,
		356834560,
		254721024,
		244095744,
		235313664,
		232557568,
		235657984,
		244081152,
		220940544,
		230017024,
		248755200,
		289196800,
		297668352,
		270086656,
		248677632,
		285360896,
		267937024,
		358528512,
		387596288,
		354949376,
		256735488,
		233255424,
		238698752,
		239715328,
		244793344,
		242586624,
		300647168,
		242529792,
		262963200,
		425947648,
		485771008,
		490429184,
		490866432,
		488708096,
		485036288,
		491734272,
		382535168,
		473517568,
		384154880,
		351717120,
		247992320,
		250119680,
		240643584,
		244062208,
		251214848,
		236676608,
		251077888,
		295208704,
		263926528,
		350905856,
		374849024,
		475897088,
		494909440,
		365271808,
		254607104,
		243885056,
		248342016,
		244749312,
		246356736,
		260111360,
		250607616,
		260207872,
		263513088,
		353741568,
		234128896,
		245507072,
		461089536,
		380306176,
		481251584,
		492570880,
		488909568,
		382078976,
		481967104,
		369782272,
		364713728,
		247708160,
		241585664,
		204289024,
		252358144,
		237232384,
		241711360,
		248875520,
		288655872,
		264947456,
		358694144,
		367901952,
		491669504,
		370852096,
		247880960,
		257655808,
		233593344,
		236423936,
		237673472,
		202141952,
		274219008,
		242109952,
		267859968,
		463493120,
		383075584,
		483122688,
		483819264,
		370549504,
		399396864,
		347151360,
		260873216,
		234212352,
		231640064,
		195133184,
		245742080,
		247187456,
		286615552,
		243113216,
		247230976,
		267968512,
		345685504,
		260007168,
		487327488,
		380373760,
		350835456
	],
	"iteration_intervals_avg": 308948205.4492754,
	"iteration_intervals_avg_second": 0.30894820544927537,
	"total_time_ns": 45061813760,
	"total_time_second": 45,
	"mem_infos": [
		[
			5363466240,
			5905580032
		],
		[
			4814012416,
			5905580032
		],
		[
			4587520000,
			5905580032
		],
		[
			1466957824,
			5905580032
		],
		[
			1466957824,
			5905580032
		],
		[
			1466957824,
			5905580032
		],
		[
			1466957824,
			5905580032
		],
		[
			1466957824,
			5905580032
		],
		[
			1466957824,
			5905580032
		],
		[
			1466957824,
			5905580032
		],
		[
			1466957824,
			5905580032
		],
		[
			1466957824,
			5905580032
		],
		[
			1466957824,
			5905580032
		],
		[
			1466957824,
			5905580032
		],
		[
			1466957824,
			5905580032
		],
		[
			1466957824,
			5905580032
		],
		[
			1466957824,
			5905580032
		],
		[
			1466957824,
			5905580032
		],
		[
			1466957824,
			5905580032
		],
		[
			1466957824,
			5905580032
		],
		[
			1466957824,
			5905580032
		],
		[
			1466957824,
			5905580032
		],
		[
			1466957824,
			5905580032
		],
		[
			1466957824,
			5905580032
		],
		[
			1466957824,
			5905580032
		],
		[
			1466957824,
			5905580032
		],
		[
			1466957824,
			5905580032
		],
		[
			1466957824,
			5905580032
		],
		[
			1466957824,
			5905580032
		],
		[
			1466957824,
			5905580032
		],
		[
			1466957824,
			5905580032
		],
		[
			1466957824,
			5905580032
		],
		[
			1466957824,
			5905580032
		],
		[
			1466957824,
			5905580032
		],
		[
			1466957824,
			5905580032
		],
		[
			1466957824,
			5905580032
		],
		[
			1466957824,
			5905580032
		],
		[
			1466957824,
			5905580032
		],
		[
			1466957824,
			5905580032
		],
		[
			1466957824,
			5905580032
		],
		[
			1466957824,
			5905580032
		],
		[
			1466957824,
			5905580032
		],
		[
			1466957824,
			5905580032
		],
		[
			1466957824,
			5905580032
		],
		[
			1466957824,
			5905580032
		],
		[
			1466957824,
			5905580032
		],
		[
			1466957824,
			5905580032
		],
		[
			1466957824,
			5905580032
		],
		[
			1466957824,
			5905580032
		],
		[
			1466957824,
			5905580032
		],
		[
			1466957824,
			5905580032
		],
		[
			1466957824,
			5905580032
		],
		[
			1466957824,
			5905580032
		],
		[
			1466957824,
			5905580032
		],
		[
			1466957824,
			5905580032
		],
		[
			1466957824,
			5905580032
		],
		[
			1466957824,
			5905580032
		],
		[
			1466957824,
			5905580032
		],
		[
			1466957824,
			5905580032
		],
		[
			1466957824,
			5905580032
		],
		[
			1466957824,
			5905580032
		],
		[
			1466957824,
			5905580032
		],
		[
			1466957824,
			5905580032
		],
		[
			1466957824,
			5905580032
		],
		[
			1466957824,
			5905580032
		],
		[
			1466957824,
			5905580032
		],
		[
			1466957824,
			5905580032
		],
		[
			1466957824,
			5905580032
		],
		[
			1466957824,
			5905580032
		],
		[
			1466957824,
			5905580032
		],
		[
			1466957824,
			5905580032
		],
		[
			1466957824,
			5905580032
		],
		[
			1466957824,
			5905580032
		],
		[
			1466957824,
			5905580032
		],
		[
			1466957824,
			5905580032
		],
		[
			1466957824,
			5905580032
		],
		[
			1466957824,
			5905580032
		],
		[
			1466957824,
			5905580032
		],
		[
			1466957824,
			5905580032
		],
		[
			1466957824,
			5905580032
		],
		[
			1466957824,
			5905580032
		],
		[
			1466957824,
			5905580032
		],
		[
			1466957824,
			5905580032
		],
		[
			1466957824,
			5905580032
		],
		[
			1466957824,
			5905580032
		],
		[
			1466957824,
			5905580032
		],
		[
			1466957824,
			5905580032
		],
		[
			1466957824,
			5905580032
		],
		[
			1466957824,
			5905580032
		],
		[
			1466957824,
			5905580032
		]
	],
	"utilization": [
		0,
		12,
		12,
		13,
		13,
		60,
		60,
		65,
		65,
		53,
		53,
		61,
		61,
		59,
		59,
		49,
		49,
		37,
		37,
		52,
		52,
		67,
		67,
		55,
		55,
		59,
		59,
		46,
		46,
		55,
		55,
		64,
		64,
		47,
		47,
		33,
		33,
		30,
		30,
		30,
		30,
		35,
		35,
		57,
		57,
		61,
		61,
		51,
		51,
		35,
		35,
		44,
		44,
		61,
		61,
		60,
		60,
		45,
		45,
		32,
		32,
		31,
		31,
		39,
		39,
		50,
		50,
		62,
		62,
		60,
		60,
		30,
		30,
		59,
		59,
		63,
		63,
		45,
		45,
		38,
		38,
		35,
		35,
		52,
		52,
		65,
		65,
		62,
		62,
		37
	],
	"computation_proportion": 35,
	"extra_dict": {}
}