{
	"model_name": "ConvNeXtS",
	"batch_size": 8,
	"duration_sec": 45,
	"mode": "train",
	"is_DDP": true,
	"process_group_backend": "gloo",
	"world_size": 4,
	"rank": 3,
	"local_rank": 0,
	"device_type": "gpu",
	"master_addr": "133.133.135.75",
	"master_port": 39920,
	"iteration_count": 95,
	"iteration_intervals": [
		1375582976,
		178025216,
		174037760,
		155847424,
		180640256,
		203098368,
		1542612480,
		721401088,
		411497216,
		378754560,
		402316288,
		303903232,
		252173312,
		820459264,
		1972905728,
		413618176,
		314400768,
		258251776,
		208253696,
		243902976,
		166051584,
		171650560,
		174165248,
		211610368,
		2133941504,
		406048512,
		356256512,
		370352640,
		346616576,
		334258944,
		734978304,
		1364266496,
		845995008,
		621497856,
		410819584,
		307947776,
		232210944,
		238675200,
		194050048,
		208712960,
		157457920,
		210847488,
		247874816,
		219776768,
		1121968640,
		468963328,
		381109760,
		349486848,
		361662464,
		611670272,
		2088212992,
		383261696,
		365111808,
		349487104,
		320476928,
		261868032,
		233734144,
		169559296,
		208841472,
		166044416,
		1195358464,
		500842752,
		339530496,
		288230144,
		212724224,
		224083712,
		169711872,
		178830336,
		176755712,
		240079104,
		1935344640,
		400073728,
		309512960,
		253764352,
		278575616,
		334938624,
		271118848,
		1825209600,
		624714496,
		333901824,
		271268864,
		207880192,
		247964416,
		163952384,
		175132672,
		150717952,
		372477952,
		1954547200,
		362603008,
		283414016,
		245473536,
		231982848,
		324442368,
		269005312,
		1078405376
	],
	"iteration_intervals_avg": 482084903.82222223,
	"iteration_intervals_avg_second": 0.48208490382222224,
	"total_time_ns": 45454002432,
	"total_time_second": 45,
	"mem_infos": [
		[
			4881121280,
			5905580032
		],
		[
			4669308928,
			5905580032
		],
		[
			4470079488,
			5905580032
		],
		[
			3209691136,
			5905580032
		],
		[
			3209691136,
			5905580032
		],
		[
			3209691136,
			5905580032
		],
		[
			3209691136,
			5905580032
		],
		[
			3209691136,
			5905580032
		],
		[
			3209691136,
			5905580032
		],
		[
			3209691136,
			5905580032
		],
		[
			3209691136,
			5905580032
		],
		[
			3209691136,
			5905580032
		],
		[
			3209691136,
			5905580032
		],
		[
			3209691136,
			5905580032
		],
		[
			3209691136,
			5905580032
		],
		[
			3209691136,
			5905580032
		],
		[
			3209691136,
			5905580032
		],
		[
			3209691136,
			5905580032
		],
		[
			3209691136,
			5905580032
		],
		[
			3209691136,
			5905580032
		],
		[
			3209691136,
			5905580032
		],
		[
			3209691136,
			5905580032
		],
		[
			3209691136,
			5905580032
		],
		[
			3209691136,
			5905580032
		],
		[
			3209691136,
			5905580032
		],
		[
			3209691136,
			5905580032
		],
		[
			3209691136,
			5905580032
		],
		[
			3209691136,
			5905580032
		],
		[
			3209691136,
			5905580032
		],
		[
			3209691136,
			5905580032
		],
		[
			3209691136,
			5905580032
		],
		[
			3209691136,
			5905580032
		],
		[
			3209691136,
			5905580032
		],
		[
			3209691136,
			5905580032
		],
		[
			3209691136,
			5905580032
		],
		[
			3209691136,
			5905580032
		],
		[
			3209691136,
			5905580032
		],
		[
			3209691136,
			5905580032
		],
		[
			3209691136,
			5905580032
		],
		[
			3209691136,
			5905580032
		],
		[
			3209691136,
			5905580032
		],
		[
			3209691136,
			5905580032
		],
		[
			3209691136,
			5905580032
		],
		[
			3209691136,
			5905580032
		],
		[
			3209691136,
			5905580032
		],
		[
			3209691136,
			5905580032
		],
		[
			3209691136,
			5905580032
		],
		[
			3209691136,
			5905580032
		],
		[
			3209691136,
			5905580032
		],
		[
			3209691136,
			5905580032
		],
		[
			3209691136,
			5905580032
		],
		[
			3209691136,
			5905580032
		],
		[
			3209691136,
			5905580032
		],
		[
			3209691136,
			5905580032
		],
		[
			3209691136,
			5905580032
		],
		[
			3209691136,
			5905580032
		],
		[
			3209691136,
			5905580032
		],
		[
			3209691136,
			5905580032
		],
		[
			3209691136,
			5905580032
		],
		[
			3209691136,
			5905580032
		],
		[
			3209691136,
			5905580032
		],
		[
			3209691136,
			5905580032
		],
		[
			3209691136,
			5905580032
		],
		[
			3209691136,
			5905580032
		],
		[
			3209691136,
			5905580032
		],
		[
			3209691136,
			5905580032
		],
		[
			3209691136,
			5905580032
		],
		[
			3209691136,
			5905580032
		],
		[
			3209691136,
			5905580032
		],
		[
			3209691136,
			5905580032
		],
		[
			3209691136,
			5905580032
		],
		[
			3209691136,
			5905580032
		],
		[
			3209691136,
			5905580032
		],
		[
			3209691136,
			5905580032
		],
		[
			3209691136,
			5905580032
		],
		[
			3209691136,
			5905580032
		],
		[
			3209691136,
			5905580032
		],
		[
			3209691136,
			5905580032
		],
		[
			3209691136,
			5905580032
		],
		[
			3209691136,
			5905580032
		],
		[
			3209691136,
			5905580032
		],
		[
			3209691136,
			5905580032
		],
		[
			3209691136,
			5905580032
		],
		[
			3209691136,
			5905580032
		],
		[
			3209691136,
			5905580032
		],
		[
			3209691136,
			5905580032
		],
		[
			3209691136,
			5905580032
		],
		[
			3209691136,
			5905580032
		],
		[
			3209691136,
			5905580032
		],
		[
			3209691136,
			5905580032
		]
	],
	"utilization": [
		35,
		39,
		39,
		58,
		58,
		83,
		83,
		4,
		4,
		22,
		22,
		46,
		46,
		57,
		57,
		20,
		20,
		0,
		0,
		34,
		34,
		72,
		72,
		66,
		66,
		0,
		0,
		24,
		24,
		51,
		51,
		51,
		44,
		44,
		19,
		19,
		20,
		20,
		21,
		21,
		58,
		58,
		85,
		85,
		47,
		47,
		22,
		22,
		50,
		50,
		34,
		34,
		0,
		0,
		22,
		22,
		51,
		51,
		69,
		69,
		38,
		38,
		27,
		27,
		65,
		65,
		77,
		77,
		0,
		0,
		24,
		24,
		67,
		67,
		43,
		43,
		0,
		0,
		29,
		29,
		66,
		66,
		72,
		72,
		0,
		0,
		24,
		24,
		72,
		72
	],
	"computation_proportion": 25,
	"extra_dict": {}
}