{
	"model_name": "YoloV5S",
	"batch_size": 32,
	"duration_sec": 45,
	"mode": "train",
	"is_DDP": true,
	"process_group_backend": "gloo",
	"world_size": 2,
	"rank": 0,
	"local_rank": 0,
	"device_type": "gpu",
	"master_addr": "133.133.135.74",
	"master_port": 39920,
	"iteration_count": 137,
	"iteration_intervals": [
		1610009600,
		326345472,
		316680960,
		322963968,
		320777728,
		317304320,
		320145664,
		319248896,
		324211456,
		323073280,
		318813440,
		319058176,
		315183872,
		324488448,
		324099584,
		318433280,
		321292544,
		317495552,
		317693696,
		317233920,
		331178752,
		332683776,
		321195776,
		309989888,
		329305088,
		332493056,
		318914816,
		317817344,
		319385856,
		318416384,
		319219968,
		317556736,
		323197952,
		320394752,
		315537408,
		318855680,
		316424704,
		321000448,
		314200320,
		321885440,
		304295680,
		332796416,
		315819776,
		328635648,
		322836736,
		317348096,
		320608768,
		316118528,
		323371520,
		325384192,
		318477824,
		319672064,
		325318912,
		318450944,
		326876672,
		318524928,
		322232832,
		327040512,
		316838144,
		318678016,
		323780608,
		317277696,
		320281600,
		316531200,
		322645760,
		321712384,
		317216000,
		318964480,
		322549504,
		317263360,
		318289408,
		317112064,
		319653120,
		319437568,
		325625344,
		318076928,
		321452032,
		313943552,
		323843328,
		323378432,
		316728064,
		318951168,
		321940992,
		324362752,
		321069824,
		324067584,
		317652480,
		322126848,
		319823872,
		319048448,
		310985984,
		328995840,
		319524352,
		317863680,
		319166720,
		326508800,
		317753856,
		318257664,
		319652864,
		316272896,
		320183040,
		326185984,
		331370752,
		321521920,
		320027392,
		318138880,
		319853312,
		314895360,
		323940352,
		318481920,
		321331712,
		319846400,
		320015616,
		318357760,
		318595584,
		332627456,
		317613312,
		313523200,
		334791168,
		317671936,
		322022656,
		324106240,
		307725568,
		327602688,
		326347520,
		325004288,
		320684032,
		328091648,
		314431232,
		320264704,
		325231616,
		316182016,
		327732736,
		313570560,
		335375104,
		324451840,
		319911680
	],
	"iteration_intervals_avg": 320789808.4848485,
	"iteration_intervals_avg_second": 0.3207898084848485,
	"total_time_ns": 45242087936,
	"total_time_second": 45,
	"mem_infos": [
		[
			11229200384,
			11811160064
		],
		[
			10914627584,
			11811160064
		],
		[
			10679746560,
			11811160064
		],
		[
			8630829056,
			11811160064
		],
		[
			8601468928,
			11811160064
		],
		[
			8601468928,
			11811160064
		],
		[
			8601468928,
			11811160064
		],
		[
			8601468928,
			11811160064
		],
		[
			8601468928,
			11811160064
		],
		[
			8601468928,
			11811160064
		],
		[
			8601468928,
			11811160064
		],
		[
			8601468928,
			11811160064
		],
		[
			8601468928,
			11811160064
		],
		[
			8601468928,
			11811160064
		],
		[
			8601468928,
			11811160064
		],
		[
			8601468928,
			11811160064
		],
		[
			8601468928,
			11811160064
		],
		[
			8601468928,
			11811160064
		],
		[
			8601468928,
			11811160064
		],
		[
			8601468928,
			11811160064
		],
		[
			8601468928,
			11811160064
		],
		[
			8601468928,
			11811160064
		],
		[
			8601468928,
			11811160064
		],
		[
			8601468928,
			11811160064
		],
		[
			8601468928,
			11811160064
		],
		[
			8601468928,
			11811160064
		],
		[
			8601468928,
			11811160064
		],
		[
			8601468928,
			11811160064
		],
		[
			8601468928,
			11811160064
		],
		[
			8601468928,
			11811160064
		],
		[
			8601468928,
			11811160064
		],
		[
			8601468928,
			11811160064
		],
		[
			8601468928,
			11811160064
		],
		[
			8601468928,
			11811160064
		],
		[
			8601468928,
			11811160064
		],
		[
			8601468928,
			11811160064
		],
		[
			8601468928,
			11811160064
		],
		[
			8601468928,
			11811160064
		],
		[
			8601468928,
			11811160064
		],
		[
			8601468928,
			11811160064
		],
		[
			8601468928,
			11811160064
		],
		[
			8601468928,
			11811160064
		],
		[
			8601468928,
			11811160064
		],
		[
			8601468928,
			11811160064
		],
		[
			8601468928,
			11811160064
		],
		[
			8601468928,
			11811160064
		],
		[
			8601468928,
			11811160064
		],
		[
			8601468928,
			11811160064
		],
		[
			8601468928,
			11811160064
		],
		[
			8601468928,
			11811160064
		],
		[
			8601468928,
			11811160064
		],
		[
			8601468928,
			11811160064
		],
		[
			8601468928,
			11811160064
		],
		[
			8601468928,
			11811160064
		],
		[
			8601468928,
			11811160064
		],
		[
			8601468928,
			11811160064
		],
		[
			8601468928,
			11811160064
		],
		[
			8601468928,
			11811160064
		],
		[
			8601468928,
			11811160064
		],
		[
			8601468928,
			11811160064
		],
		[
			8601468928,
			11811160064
		],
		[
			8601468928,
			11811160064
		],
		[
			8601468928,
			11811160064
		],
		[
			8601468928,
			11811160064
		],
		[
			8601468928,
			11811160064
		],
		[
			8601468928,
			11811160064
		],
		[
			8601468928,
			11811160064
		],
		[
			8601468928,
			11811160064
		],
		[
			8601468928,
			11811160064
		],
		[
			8601468928,
			11811160064
		],
		[
			8601468928,
			11811160064
		],
		[
			8601468928,
			11811160064
		],
		[
			8601468928,
			11811160064
		],
		[
			8601468928,
			11811160064
		],
		[
			8601468928,
			11811160064
		],
		[
			8601468928,
			11811160064
		],
		[
			8601468928,
			11811160064
		],
		[
			8601468928,
			11811160064
		],
		[
			8601468928,
			11811160064
		],
		[
			8601468928,
			11811160064
		],
		[
			8601468928,
			11811160064
		],
		[
			8601468928,
			11811160064
		],
		[
			8601468928,
			11811160064
		],
		[
			8601468928,
			11811160064
		],
		[
			8601468928,
			11811160064
		],
		[
			8601468928,
			11811160064
		],
		[
			8601468928,
			11811160064
		],
		[
			8601468928,
			11811160064
		],
		[
			8601468928,
			11811160064
		],
		[
			8601468928,
			11811160064
		]
	],
	"utilization": [
		4,
		2,
		2,
		4,
		4,
		20,
		20,
		20,
		20,
		20,
		20,
		20,
		20,
		20,
		20,
		21,
		21,
		23,
		23,
		23,
		23,
		20,
		20,
		20,
		20,
		20,
		20,
		20,
		20,
		20,
		20,
		23,
		23,
		23,
		23,
		20,
		20,
		20,
		20,
		20,
		20,
		20,
		20,
		20,
		20,
		22,
		22,
		25,
		25,
		20,
		20,
		20,
		20,
		20,
		20,
		20,
		20,
		20,
		20,
		21,
		21,
		24,
		24,
		21,
		21,
		20,
		20,
		20,
		20,
		20,
		20,
		20,
		20,
		21,
		21,
		25,
		25,
		21,
		21,
		20,
		20,
		20,
		20,
		20,
		20,
		20,
		20,
		20,
		20,
		22
	],
	"computation_proportion": 50,
	"extra_dict": {}
}