{
	"model_name": "ResNet18",
	"batch_size": 32,
	"duration_sec": 45,
	"mode": "train",
	"is_DDP": true,
	"process_group_backend": "gloo",
	"world_size": 2,
	"rank": 0,
	"local_rank": 0,
	"device_type": "gpu",
	"master_addr": "133.133.135.74",
	"master_port": 39920,
	"iteration_count": 99,
	"iteration_intervals": [
		1725711360,
		446190848,
		439286528,
		441069312,
		438767616,
		441151744,
		444126464,
		440862208,
		453044224,
		435438848,
		451898112,
		438819840,
		436717568,
		440150016,
		443383552,
		441702656,
		439710208,
		445747456,
		441273088,
		436220416,
		440582400,
		439178496,
		439172608,
		436722432,
		444224256,
		437746688,
		440000512,
		444526848,
		438972416,
		439490048,
		446247936,
		440242432,
		439995904,
		442523392,
		440033536,
		439744512,
		442782720,
		439762688,
		439727360,
		442732032,
		442021376,
		439449088,
		439177728,
		440972544,
		440539136,
		446765824,
		440201472,
		440845568,
		443023872,
		439690752,
		440342528,
		440486912,
		442921472,
		445332224,
		454531584,
		442084352,
		439006464,
		442085888,
		445262080,
		439686400,
		444602368,
		447313664,
		448810496,
		438466048,
		446641152,
		441953280,
		439408384,
		439617024,
		438441728,
		440431104,
		439694592,
		437070336,
		442226432,
		440454656,
		438138368,
		443856640,
		450894336,
		442668032,
		440690176,
		440032768,
		439758592,
		444115968,
		447195136,
		439134464,
		441199360,
		444492544,
		443150336,
		443029760,
		439719168,
		439435264,
		439235072,
		446947840,
		439832320,
		443771648,
		440754432,
		439943680,
		444591616,
		440932608,
		439487232
	],
	"iteration_intervals_avg": 441778952.17021275,
	"iteration_intervals_avg_second": 0.44177895217021274,
	"total_time_ns": 45019096832,
	"total_time_second": 45,
	"mem_infos": [
		[
			11130634240,
			11811160064
		],
		[
			10767826944,
			11811160064
		],
		[
			10537140224,
			11811160064
		],
		[
			9205448704,
			11811160064
		],
		[
			9197060096,
			11811160064
		],
		[
			9197060096,
			11811160064
		],
		[
			9197060096,
			11811160064
		],
		[
			9197060096,
			11811160064
		],
		[
			9197060096,
			11811160064
		],
		[
			9197060096,
			11811160064
		],
		[
			9197060096,
			11811160064
		],
		[
			9197060096,
			11811160064
		],
		[
			9197060096,
			11811160064
		],
		[
			9197060096,
			11811160064
		],
		[
			9197060096,
			11811160064
		],
		[
			9197060096,
			11811160064
		],
		[
			9197060096,
			11811160064
		],
		[
			9197060096,
			11811160064
		],
		[
			9197060096,
			11811160064
		],
		[
			9197060096,
			11811160064
		],
		[
			9197060096,
			11811160064
		],
		[
			9197060096,
			11811160064
		],
		[
			9197060096,
			11811160064
		],
		[
			9197060096,
			11811160064
		],
		[
			9197060096,
			11811160064
		],
		[
			9197060096,
			11811160064
		],
		[
			9197060096,
			11811160064
		],
		[
			9197060096,
			11811160064
		],
		[
			9197060096,
			11811160064
		],
		[
			9197060096,
			11811160064
		],
		[
			9197060096,
			11811160064
		],
		[
			9197060096,
			11811160064
		],
		[
			9197060096,
			11811160064
		],
		[
			9197060096,
			11811160064
		],
		[
			9197060096,
			11811160064
		],
		[
			9197060096,
			11811160064
		],
		[
			9197060096,
			11811160064
		],
		[
			9197060096,
			11811160064
		],
		[
			9197060096,
			11811160064
		],
		[
			9197060096,
			11811160064
		],
		[
			9197060096,
			11811160064
		],
		[
			9197060096,
			11811160064
		],
		[
			9197060096,
			11811160064
		],
		[
			9197060096,
			11811160064
		],
		[
			9197060096,
			11811160064
		],
		[
			9197060096,
			11811160064
		],
		[
			9197060096,
			11811160064
		],
		[
			9197060096,
			11811160064
		],
		[
			9197060096,
			11811160064
		],
		[
			9197060096,
			11811160064
		],
		[
			9197060096,
			11811160064
		],
		[
			9197060096,
			11811160064
		],
		[
			9197060096,
			11811160064
		],
		[
			9197060096,
			11811160064
		],
		[
			9197060096,
			11811160064
		],
		[
			9197060096,
			11811160064
		],
		[
			9197060096,
			11811160064
		],
		[
			9197060096,
			11811160064
		],
		[
			9197060096,
			11811160064
		],
		[
			9197060096,
			11811160064
		],
		[
			9197060096,
			11811160064
		],
		[
			9197060096,
			11811160064
		],
		[
			9197060096,
			11811160064
		],
		[
			9197060096,
			11811160064
		],
		[
			9197060096,
			11811160064
		],
		[
			9197060096,
			11811160064
		],
		[
			9197060096,
			11811160064
		],
		[
			9197060096,
			11811160064
		],
		[
			9197060096,
			11811160064
		],
		[
			9197060096,
			11811160064
		],
		[
			9197060096,
			11811160064
		],
		[
			9197060096,
			11811160064
		],
		[
			9197060096,
			11811160064
		],
		[
			9197060096,
			11811160064
		],
		[
			9197060096,
			11811160064
		],
		[
			9197060096,
			11811160064
		],
		[
			9197060096,
			11811160064
		],
		[
			9197060096,
			11811160064
		],
		[
			9197060096,
			11811160064
		],
		[
			9197060096,
			11811160064
		],
		[
			9197060096,
			11811160064
		],
		[
			9197060096,
			11811160064
		],
		[
			9197060096,
			11811160064
		],
		[
			9197060096,
			11811160064
		],
		[
			9197060096,
			11811160064
		],
		[
			9197060096,
			11811160064
		],
		[
			9197060096,
			11811160064
		],
		[
			9197060096,
			11811160064
		],
		[
			9197060096,
			11811160064
		],
		[
			9197060096,
			11811160064
		]
	],
	"utilization": [
		2,
		4,
		4,
		4,
		4,
		12,
		12,
		12,
		12,
		17,
		17,
		11,
		11,
		12,
		12,
		15,
		15,
		13,
		13,
		11,
		11,
		12,
		12,
		17,
		17,
		11,
		11,
		11,
		11,
		13,
		13,
		15,
		15,
		11,
		11,
		12,
		12,
		17,
		17,
		11,
		11,
		11,
		11,
		12,
		12,
		17,
		17,
		11,
		11,
		12,
		12,
		15,
		15,
		13,
		13,
		11,
		11,
		12,
		12,
		17,
		17,
		11,
		11,
		11,
		11,
		12,
		12,
		17,
		17,
		11,
		11,
		12,
		12,
		15,
		15,
		13,
		13,
		11,
		11,
		12,
		12,
		17,
		17,
		11,
		11,
		11,
		11,
		12,
		12,
		16
	],
	"computation_proportion": 75,
	"extra_dict": {}
}