{
	"model_name": "YoloV5S",
	"batch_size": 4,
	"duration_sec": 45,
	"mode": "train",
	"is_DDP": true,
	"process_group_backend": "gloo",
	"world_size": 4,
	"rank": 3,
	"local_rank": 0,
	"device_type": "gpu",
	"master_addr": "133.133.135.75",
	"master_port": 39920,
	"iteration_count": 101,
	"iteration_intervals": [
		1753114112,
		469638144,
		435038720,
		439574784,
		432583936,
		434694656,
		430747136,
		432552704,
		420599040,
		433831936,
		448671488,
		431210752,
		436057856,
		428287232,
		434457600,
		427856896,
		433601280,
		435684608,
		431366656,
		429027840,
		432882432,
		438851840,
		427293184,
		434422272,
		433062144,
		422430976,
		439139584,
		422035712,
		427026944,
		427792384,
		429331968,
		441736704,
		426494208,
		434021888,
		425387776,
		442173440,
		425199360,
		433402368,
		433659648,
		433907200,
		425275136,
		435267072,
		431745536,
		435883776,
		431580160,
		424630016,
		440536576,
		429838080,
		433309184,
		433428992,
		423133184,
		456137216,
		427855104,
		427111936,
		445771264,
		424863232,
		433663744,
		432094976,
		427109632,
		439507712,
		429185280,
		452391168,
		426117888,
		455872768,
		437657344,
		427547648,
		435164928,
		428989952,
		436680192,
		425920512,
		441860608,
		439601408,
		436205568,
		428744960,
		434434048,
		431229184,
		432852736,
		427812352,
		431278336,
		432525312,
		430161664,
		440201216,
		436836864,
		432283136,
		425912576,
		428564224,
		421882368,
		441801216,
		431326208,
		437859072,
		429781248,
		449901568,
		426406912,
		433428480,
		429502464,
		438713088,
		430495744,
		431525888,
		432015104,
		436113664,
		433713920
	],
	"iteration_intervals_avg": 433001469.3333333,
	"iteration_intervals_avg_second": 0.43300146933333333,
	"total_time_ns": 45099184128,
	"total_time_second": 45,
	"mem_infos": [
		[
			5323620352,
			5905580032
		],
		[
			5078253568,
			5905580032
		],
		[
			4841275392,
			5905580032
		],
		[
			4537188352,
			5905580032
		],
		[
			4444913664,
			5905580032
		],
		[
			4444913664,
			5905580032
		],
		[
			4444913664,
			5905580032
		],
		[
			4444913664,
			5905580032
		],
		[
			4444913664,
			5905580032
		],
		[
			4444913664,
			5905580032
		],
		[
			4444913664,
			5905580032
		],
		[
			4444913664,
			5905580032
		],
		[
			4444913664,
			5905580032
		],
		[
			4444913664,
			5905580032
		],
		[
			4444913664,
			5905580032
		],
		[
			4444913664,
			5905580032
		],
		[
			4444913664,
			5905580032
		],
		[
			4444913664,
			5905580032
		],
		[
			4444913664,
			5905580032
		],
		[
			4444913664,
			5905580032
		],
		[
			4444913664,
			5905580032
		],
		[
			4444913664,
			5905580032
		],
		[
			4444913664,
			5905580032
		],
		[
			4444913664,
			5905580032
		],
		[
			4444913664,
			5905580032
		],
		[
			4444913664,
			5905580032
		],
		[
			4444913664,
			5905580032
		],
		[
			4444913664,
			5905580032
		],
		[
			4444913664,
			5905580032
		],
		[
			4444913664,
			5905580032
		],
		[
			4444913664,
			5905580032
		],
		[
			4444913664,
			5905580032
		],
		[
			4444913664,
			5905580032
		],
		[
			4444913664,
			5905580032
		],
		[
			4444913664,
			5905580032
		],
		[
			4444913664,
			5905580032
		],
		[
			4444913664,
			5905580032
		],
		[
			4444913664,
			5905580032
		],
		[
			4444913664,
			5905580032
		],
		[
			4444913664,
			5905580032
		],
		[
			4444913664,
			5905580032
		],
		[
			4444913664,
			5905580032
		],
		[
			4444913664,
			5905580032
		],
		[
			4444913664,
			5905580032
		],
		[
			4444913664,
			5905580032
		],
		[
			4444913664,
			5905580032
		],
		[
			4444913664,
			5905580032
		],
		[
			4444913664,
			5905580032
		],
		[
			4444913664,
			5905580032
		],
		[
			4444913664,
			5905580032
		],
		[
			4444913664,
			5905580032
		],
		[
			4444913664,
			5905580032
		],
		[
			4444913664,
			5905580032
		],
		[
			4444913664,
			5905580032
		],
		[
			4444913664,
			5905580032
		],
		[
			4444913664,
			5905580032
		],
		[
			4444913664,
			5905580032
		],
		[
			4444913664,
			5905580032
		],
		[
			4444913664,
			5905580032
		],
		[
			4444913664,
			5905580032
		],
		[
			4444913664,
			5905580032
		],
		[
			4444913664,
			5905580032
		],
		[
			4444913664,
			5905580032
		],
		[
			4444913664,
			5905580032
		],
		[
			4444913664,
			5905580032
		],
		[
			4444913664,
			5905580032
		],
		[
			4444913664,
			5905580032
		],
		[
			4444913664,
			5905580032
		],
		[
			4444913664,
			5905580032
		],
		[
			4444913664,
			5905580032
		],
		[
			4444913664,
			5905580032
		],
		[
			4444913664,
			5905580032
		],
		[
			4444913664,
			5905580032
		],
		[
			4444913664,
			5905580032
		],
		[
			4444913664,
			5905580032
		],
		[
			4444913664,
			5905580032
		],
		[
			4444913664,
			5905580032
		],
		[
			4444913664,
			5905580032
		],
		[
			4444913664,
			5905580032
		],
		[
			4444913664,
			5905580032
		],
		[
			4444913664,
			5905580032
		],
		[
			4444913664,
			5905580032
		],
		[
			4444913664,
			5905580032
		],
		[
			4444913664,
			5905580032
		],
		[
			4444913664,
			5905580032
		],
		[
			4444913664,
			5905580032
		],
		[
			4444913664,
			5905580032
		],
		[
			4444913664,
			5905580032
		],
		[
			4444913664,
			5905580032
		],
		[
			4444913664,
			5905580032
		]
	],
	"utilization": [
		13,
		6,
		6,
		15,
		15,
		14,
		14,
		13,
		13,
		21,
		21,
		13,
		13,
		13,
		13,
		19,
		19,
		14,
		14,
		12,
		12,
		18,
		18,
		15,
		15,
		13,
		13,
		16,
		16,
		15,
		15,
		13,
		13,
		16,
		16,
		16,
		16,
		12,
		12,
		16,
		16,
		16,
		16,
		13,
		13,
		15,
		15,
		18,
		18,
		13,
		13,
		13,
		13,
		19,
		19,
		14,
		14,
		14,
		14,
		20,
		20,
		13,
		13,
		13,
		13,
		17,
		17,
		15,
		15,
		13,
		13,
		17,
		17,
		16,
		16,
		14,
		14,
		16,
		16,
		18,
		18,
		12,
		12,
		13,
		13,
		19,
		19,
		13,
		13,
		13
	],
	"computation_proportion": 45,
	"extra_dict": {}
}