{
	"model_name": "ShuffleNet",
	"batch_size": 64,
	"duration_sec": 45,
	"mode": "train",
	"is_DDP": true,
	"process_group_backend": "gloo",
	"world_size": 4,
	"rank": 0,
	"local_rank": 0,
	"device_type": "gpu",
	"master_addr": "133.133.135.75",
	"master_port": 39920,
	"iteration_count": 51,
	"iteration_intervals": [
		1614619648,
		120595712,
		253980160,
		1604163584,
		980225536,
		502655488,
		599087360,
		2092518912,
		741660160,
		608115968,
		493125376,
		1838717952,
		992571648,
		602861568,
		492474880,
		855640832,
		2218331136,
		860139008,
		615331072,
		1594422016,
		1103106304,
		500781568,
		369499648,
		604141824,
		1844072960,
		735147008,
		610224128,
		614093312,
		737785088,
		2087473408,
		617164288,
		613863680,
		967352576,
		1968009984,
		497355008,
		617001728,
		611255296,
		1467476224,
		626148864,
		376793856,
		242454528,
		484608768,
		1477378560,
		496023296,
		368439040,
		369654784,
		356684800,
		861965056,
		2335723776,
		605338112,
		501853952
	],
	"iteration_intervals_avg": 886446191.3043479,
	"iteration_intervals_avg_second": 0.8864461913043479,
	"total_time_ns": 45351008768,
	"total_time_second": 45,
	"mem_infos": [
		[
			5363466240,
			5905580032
		],
		[
			5042601984,
			5905580032
		],
		[
			4837081088,
			5905580032
		],
		[
			3060793344,
			5905580032
		],
		[
			3054501888,
			5905580032
		],
		[
			3054501888,
			5905580032
		],
		[
			3054501888,
			5905580032
		],
		[
			3054501888,
			5905580032
		],
		[
			3054501888,
			5905580032
		],
		[
			3054501888,
			5905580032
		],
		[
			3054501888,
			5905580032
		],
		[
			3054501888,
			5905580032
		],
		[
			3054501888,
			5905580032
		],
		[
			3054501888,
			5905580032
		],
		[
			3054501888,
			5905580032
		],
		[
			3054501888,
			5905580032
		],
		[
			3054501888,
			5905580032
		],
		[
			3054501888,
			5905580032
		],
		[
			3054501888,
			5905580032
		],
		[
			3054501888,
			5905580032
		],
		[
			3054501888,
			5905580032
		],
		[
			3054501888,
			5905580032
		],
		[
			3054501888,
			5905580032
		],
		[
			3054501888,
			5905580032
		],
		[
			3054501888,
			5905580032
		],
		[
			3054501888,
			5905580032
		],
		[
			3054501888,
			5905580032
		],
		[
			3054501888,
			5905580032
		],
		[
			3054501888,
			5905580032
		],
		[
			3054501888,
			5905580032
		],
		[
			3054501888,
			5905580032
		],
		[
			3054501888,
			5905580032
		],
		[
			3054501888,
			5905580032
		],
		[
			3054501888,
			5905580032
		],
		[
			3054501888,
			5905580032
		],
		[
			3054501888,
			5905580032
		],
		[
			3054501888,
			5905580032
		],
		[
			3054501888,
			5905580032
		],
		[
			3054501888,
			5905580032
		],
		[
			3054501888,
			5905580032
		],
		[
			3054501888,
			5905580032
		],
		[
			3054501888,
			5905580032
		],
		[
			3054501888,
			5905580032
		],
		[
			3054501888,
			5905580032
		],
		[
			3054501888,
			5905580032
		],
		[
			3054501888,
			5905580032
		],
		[
			3054501888,
			5905580032
		],
		[
			3054501888,
			5905580032
		],
		[
			3054501888,
			5905580032
		],
		[
			3054501888,
			5905580032
		],
		[
			3054501888,
			5905580032
		],
		[
			3054501888,
			5905580032
		],
		[
			3054501888,
			5905580032
		],
		[
			3054501888,
			5905580032
		],
		[
			3054501888,
			5905580032
		],
		[
			3054501888,
			5905580032
		],
		[
			3054501888,
			5905580032
		],
		[
			3054501888,
			5905580032
		],
		[
			3054501888,
			5905580032
		],
		[
			3054501888,
			5905580032
		],
		[
			3054501888,
			5905580032
		],
		[
			3054501888,
			5905580032
		],
		[
			3054501888,
			5905580032
		],
		[
			3054501888,
			5905580032
		],
		[
			3054501888,
			5905580032
		],
		[
			3054501888,
			5905580032
		],
		[
			3054501888,
			5905580032
		],
		[
			3054501888,
			5905580032
		],
		[
			3054501888,
			5905580032
		],
		[
			3054501888,
			5905580032
		],
		[
			3054501888,
			5905580032
		],
		[
			3054501888,
			5905580032
		],
		[
			3054501888,
			5905580032
		],
		[
			3054501888,
			5905580032
		],
		[
			3054501888,
			5905580032
		],
		[
			3054501888,
			5905580032
		],
		[
			3054501888,
			5905580032
		],
		[
			3054501888,
			5905580032
		],
		[
			3054501888,
			5905580032
		],
		[
			3054501888,
			5905580032
		],
		[
			3054501888,
			5905580032
		],
		[
			3054501888,
			5905580032
		],
		[
			3054501888,
			5905580032
		],
		[
			3054501888,
			5905580032
		],
		[
			3054501888,
			5905580032
		],
		[
			3054501888,
			5905580032
		],
		[
			3054501888,
			5905580032
		],
		[
			3054501888,
			5905580032
		],
		[
			3054501888,
			5905580032
		],
		[
			3054501888,
			5905580032
		]
	],
	"utilization": [
		5,
		11,
		11,
		14,
		14,
		35,
		35,
		0,
		0,
		9,
		9,
		21,
		21,
		10,
		10,
		0,
		0,
		10,
		10,
		19,
		19,
		10,
		10,
		1,
		1,
		11,
		11,
		18,
		18,
		18,
		18,
		1,
		1,
		0,
		0,
		13,
		13,
		17,
		17,
		0,
		0,
		10,
		10,
		21,
		21,
		18,
		18,
		0,
		0,
		11,
		11,
		19,
		19,
		11,
		11,
		8,
		8,
		0,
		0,
		16,
		16,
		15,
		15,
		9,
		9,
		0,
		0,
		13,
		13,
		17,
		17,
		9,
		9,
		11,
		11,
		31,
		31,
		10,
		10,
		10,
		10,
		20,
		20,
		19,
		19,
		6,
		6,
		4,
		4,
		11
	],
	"computation_proportion": 10,
	"extra_dict": {}
}