{
	"model_name": "ResNet18",
	"batch_size": 4,
	"duration_sec": 45,
	"mode": "train",
	"is_DDP": true,
	"process_group_backend": "gloo",
	"world_size": 2,
	"rank": 1,
	"local_rank": 0,
	"device_type": "gpu",
	"master_addr": "133.133.135.74",
	"master_port": 39920,
	"iteration_count": 102,
	"iteration_intervals": [
		1706044160,
		441080064,
		432544512,
		429273344,
		432249856,
		435507456,
		430219520,
		431443200,
		429157376,
		428173824,
		438646016,
		432789504,
		428697600,
		433483776,
		431074816,
		432376576,
		429154048,
		427994880,
		435040512,
		436890624,
		432720896,
		431345664,
		435453952,
		426840064,
		435733248,
		436264704,
		428039424,
		432140032,
		440543744,
		439024896,
		431263232,
		430849792,
		433416192,
		438246144,
		430601216,
		435358464,
		432242176,
		435095552,
		433483264,
		428736512,
		429990912,
		432042240,
		429229312,
		431810816,
		432888576,
		431926016,
		429455360,
		438108416,
		430179072,
		429853952,
		432363008,
		424345344,
		435125504,
		432279808,
		433328896,
		433910784,
		434721792,
		437194496,
		428679168,
		431646720,
		431434240,
		436821248,
		429372928,
		436225792,
		431386624,
		434970112,
		432184576,
		435970048,
		427580416,
		431887616,
		437956608,
		437897216,
		432185600,
		431287808,
		436646144,
		432477440,
		435141888,
		427962880,
		429507840,
		435884544,
		427426304,
		431914496,
		428655872,
		431490816,
		432306176,
		434730752,
		438691328,
		429247232,
		434467072,
		432195328,
		427680000,
		432687872,
		435699968,
		435293696,
		433828864,
		429325312,
		424637952,
		433335296,
		430684672,
		436446976,
		433192448,
		432389120
	],
	"iteration_intervals_avg": 432559156.78350514,
	"iteration_intervals_avg_second": 0.43255915678350515,
	"total_time_ns": 45400474880,
	"total_time_second": 45,
	"mem_infos": [
		[
			11130634240,
			11811160064
		],
		[
			10899947520,
			11811160064
		],
		[
			10667163648,
			11811160064
		],
		[
			10400825344,
			11811160064
		],
		[
			10300162048,
			11811160064
		],
		[
			10300162048,
			11811160064
		],
		[
			10300162048,
			11811160064
		],
		[
			10300162048,
			11811160064
		],
		[
			10300162048,
			11811160064
		],
		[
			10300162048,
			11811160064
		],
		[
			10300162048,
			11811160064
		],
		[
			10300162048,
			11811160064
		],
		[
			10300162048,
			11811160064
		],
		[
			10300162048,
			11811160064
		],
		[
			10300162048,
			11811160064
		],
		[
			10300162048,
			11811160064
		],
		[
			10300162048,
			11811160064
		],
		[
			10300162048,
			11811160064
		],
		[
			10300162048,
			11811160064
		],
		[
			10300162048,
			11811160064
		],
		[
			10300162048,
			11811160064
		],
		[
			10300162048,
			11811160064
		],
		[
			10300162048,
			11811160064
		],
		[
			10300162048,
			11811160064
		],
		[
			10300162048,
			11811160064
		],
		[
			10300162048,
			11811160064
		],
		[
			10300162048,
			11811160064
		],
		[
			10300162048,
			11811160064
		],
		[
			10300162048,
			11811160064
		],
		[
			10300162048,
			11811160064
		],
		[
			10300162048,
			11811160064
		],
		[
			10300162048,
			11811160064
		],
		[
			10300162048,
			11811160064
		],
		[
			10300162048,
			11811160064
		],
		[
			10300162048,
			11811160064
		],
		[
			10300162048,
			11811160064
		],
		[
			10300162048,
			11811160064
		],
		[
			10300162048,
			11811160064
		],
		[
			10300162048,
			11811160064
		],
		[
			10300162048,
			11811160064
		],
		[
			10300162048,
			11811160064
		],
		[
			10300162048,
			11811160064
		],
		[
			10300162048,
			11811160064
		],
		[
			10300162048,
			11811160064
		],
		[
			10300162048,
			11811160064
		],
		[
			10300162048,
			11811160064
		],
		[
			10300162048,
			11811160064
		],
		[
			10300162048,
			11811160064
		],
		[
			10300162048,
			11811160064
		],
		[
			10300162048,
			11811160064
		],
		[
			10300162048,
			11811160064
		],
		[
			10300162048,
			11811160064
		],
		[
			10300162048,
			11811160064
		],
		[
			10300162048,
			11811160064
		],
		[
			10300162048,
			11811160064
		],
		[
			10300162048,
			11811160064
		],
		[
			10300162048,
			11811160064
		],
		[
			10300162048,
			11811160064
		],
		[
			10300162048,
			11811160064
		],
		[
			10300162048,
			11811160064
		],
		[
			10300162048,
			11811160064
		],
		[
			10300162048,
			11811160064
		],
		[
			10300162048,
			11811160064
		],
		[
			10300162048,
			11811160064
		],
		[
			10300162048,
			11811160064
		],
		[
			10300162048,
			11811160064
		],
		[
			10300162048,
			11811160064
		],
		[
			10300162048,
			11811160064
		],
		[
			10300162048,
			11811160064
		],
		[
			10300162048,
			11811160064
		],
		[
			10300162048,
			11811160064
		],
		[
			10300162048,
			11811160064
		],
		[
			10300162048,
			11811160064
		],
		[
			10300162048,
			11811160064
		],
		[
			10300162048,
			11811160064
		],
		[
			10300162048,
			11811160064
		],
		[
			10300162048,
			11811160064
		],
		[
			10300162048,
			11811160064
		],
		[
			10300162048,
			11811160064
		],
		[
			10300162048,
			11811160064
		],
		[
			10300162048,
			11811160064
		],
		[
			10300162048,
			11811160064
		],
		[
			10300162048,
			11811160064
		],
		[
			10300162048,
			11811160064
		],
		[
			10300162048,
			11811160064
		],
		[
			10300162048,
			11811160064
		],
		[
			10300162048,
			11811160064
		],
		[
			10300162048,
			11811160064
		],
		[
			10300162048,
			11811160064
		],
		[
			10300162048,
			11811160064
		]
	],
	"utilization": [
		3,
		3,
		4,
		4,
		5,
		5,
		4,
		4,
		6,
		6,
		4,
		4,
		4,
		4,
		6,
		6,
		4,
		4,
		4,
		4,
		5,
		5,
		4,
		4,
		4,
		4,
		6,
		6,
		4,
		4,
		4,
		4,
		4,
		4,
		5,
		5,
		4,
		4,
		4,
		4,
		6,
		6,
		4,
		4,
		4,
		4,
		6,
		6,
		4,
		4,
		4,
		4,
		6,
		6,
		4,
		4,
		4,
		4,
		6,
		6,
		4,
		4,
		4,
		4,
		6,
		6,
		4,
		4,
		4,
		4,
		5,
		5,
		4,
		4,
		4,
		4,
		5,
		5,
		5,
		5,
		4,
		4,
		4,
		4,
		5,
		5,
		4,
		4,
		4,
		4
	],
	"computation_proportion": 30,
	"extra_dict": {}
}