{
	"model_name": "ConvNeXtT",
	"batch_size": 32,
	"duration_sec": 45,
	"mode": "train",
	"is_DDP": true,
	"process_group_backend": "gloo",
	"world_size": 2,
	"rank": 0,
	"local_rank": 0,
	"device_type": "gpu",
	"master_addr": "133.133.135.75",
	"master_port": 39920,
	"iteration_count": 91,
	"iteration_intervals": [
		1435885312,
		448559616,
		473567744,
		490438400,
		486168320,
		490257152,
		480352512,
		484670208,
		489665792,
		483365376,
		496971264,
		487203072,
		470261504,
		492637440,
		500450560,
		479194112,
		482345984,
		490337792,
		475353600,
		488638208,
		500713728,
		476943872,
		508110848,
		465410816,
		486016256,
		502073088,
		474390784,
		476411392,
		484159744,
		497935104,
		478342144,
		490635520,
		480633088,
		488675840,
		491324928,
		475422976,
		513238016,
		464575488,
		497357568,
		473346560,
		494761472,
		475279104,
		500623616,
		470540544,
		503795456,
		495127040,
		456277504,
		503173888,
		497784832,
		468172800,
		489823488,
		491073024,
		488705792,
		488620544,
		484699648,
		495175936,
		473795584,
		475502848,
		514177024,
		473891840,
		477536512,
		489848832,
		475443456,
		509017856,
		468320256,
		501818624,
		473320448,
		482461184,
		496049152,
		487779840,
		494045440,
		475788288,
		484987136,
		503528704,
		472259328,
		482373632,
		501624064,
		472701952,
		515402752,
		460051712,
		480429824,
		487335168,
		499691264,
		477726976,
		501324800,
		469629440,
		499595264,
		478953984,
		497917952,
		462998272,
		508088320
	],
	"iteration_intervals_avg": 486586915.7209302,
	"iteration_intervals_avg_second": 0.4865869157209302,
	"total_time_ns": 45183100928,
	"total_time_second": 45,
	"mem_infos": [
		[
			10786701312,
			11811160064
		],
		[
			10581180416,
			11811160064
		],
		[
			7643070464,
			11811160064
		],
		[
			6388973568,
			11811160064
		],
		[
			6388973568,
			11811160064
		],
		[
			6388973568,
			11811160064
		],
		[
			6388973568,
			11811160064
		],
		[
			6388973568,
			11811160064
		],
		[
			6388973568,
			11811160064
		],
		[
			6388973568,
			11811160064
		],
		[
			6388973568,
			11811160064
		],
		[
			6388973568,
			11811160064
		],
		[
			6388973568,
			11811160064
		],
		[
			6388973568,
			11811160064
		],
		[
			6388973568,
			11811160064
		],
		[
			6388973568,
			11811160064
		],
		[
			6388973568,
			11811160064
		],
		[
			6388973568,
			11811160064
		],
		[
			6388973568,
			11811160064
		],
		[
			6388973568,
			11811160064
		],
		[
			6388973568,
			11811160064
		],
		[
			6388973568,
			11811160064
		],
		[
			6388973568,
			11811160064
		],
		[
			6388973568,
			11811160064
		],
		[
			6388973568,
			11811160064
		],
		[
			6388973568,
			11811160064
		],
		[
			6388973568,
			11811160064
		],
		[
			6388973568,
			11811160064
		],
		[
			6388973568,
			11811160064
		],
		[
			6388973568,
			11811160064
		],
		[
			6388973568,
			11811160064
		],
		[
			6388973568,
			11811160064
		],
		[
			6388973568,
			11811160064
		],
		[
			6388973568,
			11811160064
		],
		[
			6388973568,
			11811160064
		],
		[
			6388973568,
			11811160064
		],
		[
			6388973568,
			11811160064
		],
		[
			6388973568,
			11811160064
		],
		[
			6388973568,
			11811160064
		],
		[
			6388973568,
			11811160064
		],
		[
			6388973568,
			11811160064
		],
		[
			6388973568,
			11811160064
		],
		[
			6388973568,
			11811160064
		],
		[
			6388973568,
			11811160064
		],
		[
			6388973568,
			11811160064
		],
		[
			6388973568,
			11811160064
		],
		[
			6388973568,
			11811160064
		],
		[
			6388973568,
			11811160064
		],
		[
			6388973568,
			11811160064
		],
		[
			6388973568,
			11811160064
		],
		[
			6388973568,
			11811160064
		],
		[
			6388973568,
			11811160064
		],
		[
			6388973568,
			11811160064
		],
		[
			6388973568,
			11811160064
		],
		[
			6388973568,
			11811160064
		],
		[
			6388973568,
			11811160064
		],
		[
			6388973568,
			11811160064
		],
		[
			6388973568,
			11811160064
		],
		[
			6388973568,
			11811160064
		],
		[
			6388973568,
			11811160064
		],
		[
			6388973568,
			11811160064
		],
		[
			6388973568,
			11811160064
		],
		[
			6388973568,
			11811160064
		],
		[
			6388973568,
			11811160064
		],
		[
			6388973568,
			11811160064
		],
		[
			6388973568,
			11811160064
		],
		[
			6388973568,
			11811160064
		],
		[
			6388973568,
			11811160064
		],
		[
			6388973568,
			11811160064
		],
		[
			6388973568,
			11811160064
		],
		[
			6388973568,
			11811160064
		],
		[
			6388973568,
			11811160064
		],
		[
			6388973568,
			11811160064
		],
		[
			6388973568,
			11811160064
		],
		[
			6388973568,
			11811160064
		],
		[
			6388973568,
			11811160064
		],
		[
			6388973568,
			11811160064
		],
		[
			6388973568,
			11811160064
		],
		[
			6388973568,
			11811160064
		],
		[
			6388973568,
			11811160064
		],
		[
			6388973568,
			11811160064
		],
		[
			6388973568,
			11811160064
		],
		[
			6388973568,
			11811160064
		],
		[
			6388973568,
			11811160064
		],
		[
			6388973568,
			11811160064
		],
		[
			6388973568,
			11811160064
		],
		[
			6388973568,
			11811160064
		],
		[
			6388973568,
			11811160064
		],
		[
			6388973568,
			11811160064
		],
		[
			6388973568,
			11811160064
		]
	],
	"utilization": [
		11,
		12,
		12,
		28,
		28,
		71,
		71,
		70,
		70,
		67,
		67,
		65,
		65,
		64,
		64,
		66,
		66,
		66,
		66,
		65,
		65,
		68,
		68,
		69,
		69,
		68,
		68,
		68,
		68,
		69,
		69,
		69,
		69,
		67,
		67,
		67,
		67,
		65,
		65,
		68,
		68,
		67,
		67,
		65,
		65,
		68,
		68,
		70,
		70,
		68,
		68,
		68,
		68,
		69,
		69,
		69,
		69,
		67,
		67,
		66,
		66,
		66,
		65,
		65,
		67,
		67,
		67,
		67,
		65,
		65,
		66,
		66,
		70,
		70,
		68,
		68,
		70,
		70,
		69,
		69,
		69,
		69,
		68,
		68,
		67,
		67,
		66,
		66,
		67,
		67
	],
	"computation_proportion": 70,
	"extra_dict": {}
}