{
	"model_name": "ResNet50",
	"batch_size": 16,
	"duration_sec": 45,
	"mode": "train",
	"is_DDP": true,
	"process_group_backend": "gloo",
	"world_size": 4,
	"rank": 0,
	"local_rank": 0,
	"device_type": "gpu",
	"master_addr": "133.133.135.75",
	"master_port": 39920,
	"iteration_count": 31,
	"iteration_intervals": [
		2906576384,
		1431873024,
		1408570368,
		1408034304,
		1418435072,
		1438385920,
		1420887808,
		1404216832,
		1407542016,
		1406764800,
		1411706624,
		1405931776,
		1411272448,
		1416184576,
		1414244608,
		1410266624,
		1407663872,
		1408022528,
		1406135552,
		1413223936,
		1423332096,
		1406286336,
		1435235072,
		1412594176,
		1417672704,
		1406121216,
		1407767040,
		1403942400,
		1429656832,
		1399195904,
		1434841088
	],
	"iteration_intervals_avg": 1413811337.8461537,
	"iteration_intervals_avg_second": 1.4138113378461536,
	"total_time_ns": 45333583360,
	"total_time_second": 45,
	"mem_infos": [
		[
			5059379200,
			5905580032
		],
		[
			4862246912,
			5905580032
		],
		[
			4646240256,
			5905580032
		],
		[
			2335178752,
			5905580032
		],
		[
			2335178752,
			5905580032
		],
		[
			2335178752,
			5905580032
		],
		[
			2297430016,
			5905580032
		],
		[
			2297430016,
			5905580032
		],
		[
			2297430016,
			5905580032
		],
		[
			2297430016,
			5905580032
		],
		[
			2297430016,
			5905580032
		],
		[
			2297430016,
			5905580032
		],
		[
			2297430016,
			5905580032
		],
		[
			2297430016,
			5905580032
		],
		[
			2297430016,
			5905580032
		],
		[
			2297430016,
			5905580032
		],
		[
			2297430016,
			5905580032
		],
		[
			2297430016,
			5905580032
		],
		[
			2297430016,
			5905580032
		],
		[
			2297430016,
			5905580032
		],
		[
			2297430016,
			5905580032
		],
		[
			2297430016,
			5905580032
		],
		[
			2297430016,
			5905580032
		],
		[
			2297430016,
			5905580032
		],
		[
			2297430016,
			5905580032
		],
		[
			2297430016,
			5905580032
		],
		[
			2297430016,
			5905580032
		],
		[
			2297430016,
			5905580032
		],
		[
			2297430016,
			5905580032
		],
		[
			2297430016,
			5905580032
		],
		[
			2297430016,
			5905580032
		],
		[
			2297430016,
			5905580032
		],
		[
			2297430016,
			5905580032
		],
		[
			2297430016,
			5905580032
		],
		[
			2297430016,
			5905580032
		],
		[
			2297430016,
			5905580032
		],
		[
			2297430016,
			5905580032
		],
		[
			2297430016,
			5905580032
		],
		[
			2297430016,
			5905580032
		],
		[
			2297430016,
			5905580032
		],
		[
			2297430016,
			5905580032
		],
		[
			2297430016,
			5905580032
		],
		[
			2297430016,
			5905580032
		],
		[
			2297430016,
			5905580032
		],
		[
			2297430016,
			5905580032
		],
		[
			2297430016,
			5905580032
		],
		[
			2297430016,
			5905580032
		],
		[
			2297430016,
			5905580032
		],
		[
			2297430016,
			5905580032
		],
		[
			2297430016,
			5905580032
		],
		[
			2297430016,
			5905580032
		],
		[
			2297430016,
			5905580032
		],
		[
			2297430016,
			5905580032
		],
		[
			2297430016,
			5905580032
		],
		[
			2297430016,
			5905580032
		],
		[
			2297430016,
			5905580032
		],
		[
			2297430016,
			5905580032
		],
		[
			2297430016,
			5905580032
		],
		[
			2297430016,
			5905580032
		],
		[
			2297430016,
			5905580032
		],
		[
			2297430016,
			5905580032
		],
		[
			2297430016,
			5905580032
		],
		[
			2297430016,
			5905580032
		],
		[
			2297430016,
			5905580032
		],
		[
			2297430016,
			5905580032
		],
		[
			2297430016,
			5905580032
		],
		[
			2297430016,
			5905580032
		],
		[
			2297430016,
			5905580032
		],
		[
			2297430016,
			5905580032
		],
		[
			2297430016,
			5905580032
		],
		[
			2297430016,
			5905580032
		],
		[
			2297430016,
			5905580032
		],
		[
			2297430016,
			5905580032
		],
		[
			2297430016,
			5905580032
		],
		[
			2297430016,
			5905580032
		],
		[
			2297430016,
			5905580032
		],
		[
			2297430016,
			5905580032
		],
		[
			2297430016,
			5905580032
		],
		[
			2297430016,
			5905580032
		],
		[
			2297430016,
			5905580032
		],
		[
			2297430016,
			5905580032
		],
		[
			2297430016,
			5905580032
		],
		[
			2297430016,
			5905580032
		],
		[
			2297430016,
			5905580032
		],
		[
			2297430016,
			5905580032
		],
		[
			2297430016,
			5905580032
		],
		[
			2297430016,
			5905580032
		],
		[
			2297430016,
			5905580032
		],
		[
			2297430016,
			5905580032
		],
		[
			2297430016,
			5905580032
		]
	],
	"utilization": [
		0,
		6,
		6,
		20,
		20,
		11,
		11,
		21,
		21,
		11,
		11,
		10,
		10,
		19,
		19,
		19,
		19,
		1,
		1,
		19,
		19,
		18,
		18,
		6,
		6,
		15,
		15,
		19,
		19,
		20,
		20,
		1,
		1,
		19,
		19,
		19,
		19,
		8,
		8,
		12,
		12,
		18,
		18,
		19,
		19,
		1,
		1,
		19,
		19,
		19,
		19,
		8,
		8,
		12,
		12,
		18,
		18,
		19,
		19,
		1,
		1,
		19,
		19,
		19,
		19,
		8,
		8,
		12,
		12,
		18,
		18,
		20,
		20,
		1,
		1,
		18,
		18,
		19,
		19,
		7,
		7,
		14,
		14,
		18,
		18,
		20,
		20,
		1,
		1,
		18
	],
	"computation_proportion": 15,
	"extra_dict": {}
}