{
	"model_name": "InceptionV3",
	"batch_size": 16,
	"duration_sec": 45,
	"mode": "train",
	"is_DDP": true,
	"process_group_backend": "gloo",
	"world_size": 2,
	"rank": 0,
	"local_rank": 0,
	"device_type": "gpu",
	"master_addr": "133.133.135.74",
	"master_port": 39920,
	"iteration_count": 43,
	"iteration_intervals": [
		2393820416,
		1047388416,
		1022858752,
		1011000320,
		1020284672,
		1011380224,
		1020033024,
		1021894400,
		1028195072,
		1006517248,
		1036741120,
		1016140032,
		1019005952,
		1024898048,
		1017367296,
		1018699520,
		1016345344,
		1014496000,
		1017842688,
		1020306688,
		1022161920,
		1024130304,
		1020699904,
		1022874624,
		1028872960,
		1020453888,
		1020620544,
		1017258752,
		1019841792,
		1020430592,
		1016913920,
		1012263168,
		1017634048,
		1023106816,
		1018785536,
		1022490624,
		1017012736,
		1005381888,
		1033977856,
		1014735104,
		1014007040,
		1016026880,
		1016662528
	],
	"iteration_intervals_avg": 1019373844.2105263,
	"iteration_intervals_avg_second": 1.0193738442105262,
	"total_time_ns": 45232321280,
	"total_time_second": 45,
	"mem_infos": [
		[
			11061428224,
			11811160064
		],
		[
			10774118400,
			11811160064
		],
		[
			10524557312,
			11811160064
		],
		[
			8460959744,
			11811160064
		],
		[
			8460959744,
			11811160064
		],
		[
			8135901184,
			11811160064
		],
		[
			8135901184,
			11811160064
		],
		[
			8135901184,
			11811160064
		],
		[
			8135901184,
			11811160064
		],
		[
			8135901184,
			11811160064
		],
		[
			8135901184,
			11811160064
		],
		[
			8135901184,
			11811160064
		],
		[
			8135901184,
			11811160064
		],
		[
			8135901184,
			11811160064
		],
		[
			8135901184,
			11811160064
		],
		[
			8135901184,
			11811160064
		],
		[
			8135901184,
			11811160064
		],
		[
			8135901184,
			11811160064
		],
		[
			8135901184,
			11811160064
		],
		[
			8135901184,
			11811160064
		],
		[
			8135901184,
			11811160064
		],
		[
			8135901184,
			11811160064
		],
		[
			8135901184,
			11811160064
		],
		[
			8135901184,
			11811160064
		],
		[
			8135901184,
			11811160064
		],
		[
			8135901184,
			11811160064
		],
		[
			8135901184,
			11811160064
		],
		[
			8135901184,
			11811160064
		],
		[
			8135901184,
			11811160064
		],
		[
			8135901184,
			11811160064
		],
		[
			8135901184,
			11811160064
		],
		[
			8135901184,
			11811160064
		],
		[
			8135901184,
			11811160064
		],
		[
			8135901184,
			11811160064
		],
		[
			8135901184,
			11811160064
		],
		[
			8135901184,
			11811160064
		],
		[
			8135901184,
			11811160064
		],
		[
			8135901184,
			11811160064
		],
		[
			8135901184,
			11811160064
		],
		[
			8135901184,
			11811160064
		],
		[
			8135901184,
			11811160064
		],
		[
			8135901184,
			11811160064
		],
		[
			8135901184,
			11811160064
		],
		[
			8135901184,
			11811160064
		],
		[
			8135901184,
			11811160064
		],
		[
			8135901184,
			11811160064
		],
		[
			8135901184,
			11811160064
		],
		[
			8135901184,
			11811160064
		],
		[
			8135901184,
			11811160064
		],
		[
			8135901184,
			11811160064
		],
		[
			8135901184,
			11811160064
		],
		[
			8135901184,
			11811160064
		],
		[
			8135901184,
			11811160064
		],
		[
			8135901184,
			11811160064
		],
		[
			8135901184,
			11811160064
		],
		[
			8135901184,
			11811160064
		],
		[
			8135901184,
			11811160064
		],
		[
			8135901184,
			11811160064
		],
		[
			8135901184,
			11811160064
		],
		[
			8135901184,
			11811160064
		],
		[
			8135901184,
			11811160064
		],
		[
			8135901184,
			11811160064
		],
		[
			8135901184,
			11811160064
		],
		[
			8135901184,
			11811160064
		],
		[
			8135901184,
			11811160064
		],
		[
			8135901184,
			11811160064
		],
		[
			8135901184,
			11811160064
		],
		[
			8135901184,
			11811160064
		],
		[
			8135901184,
			11811160064
		],
		[
			8135901184,
			11811160064
		],
		[
			8135901184,
			11811160064
		],
		[
			8135901184,
			11811160064
		],
		[
			8135901184,
			11811160064
		],
		[
			8135901184,
			11811160064
		],
		[
			8135901184,
			11811160064
		],
		[
			8135901184,
			11811160064
		],
		[
			8135901184,
			11811160064
		],
		[
			8135901184,
			11811160064
		],
		[
			8135901184,
			11811160064
		],
		[
			8135901184,
			11811160064
		],
		[
			8135901184,
			11811160064
		],
		[
			8135901184,
			11811160064
		],
		[
			8135901184,
			11811160064
		],
		[
			8135901184,
			11811160064
		],
		[
			8135901184,
			11811160064
		],
		[
			8135901184,
			11811160064
		],
		[
			8135901184,
			11811160064
		],
		[
			8135901184,
			11811160064
		],
		[
			8135901184,
			11811160064
		],
		[
			8135901184,
			11811160064
		]
	],
	"utilization": [
		2,
		2,
		5,
		5,
		12,
		12,
		12,
		12,
		10,
		10,
		10,
		10,
		10,
		10,
		10,
		10,
		10,
		10,
		10,
		10,
		10,
		10,
		13,
		13,
		13,
		13,
		12,
		12,
		11,
		11,
		10,
		10,
		10,
		10,
		10,
		10,
		10,
		10,
		10,
		10,
		10,
		10,
		10,
		10,
		10,
		10,
		10,
		10,
		10,
		10,
		13,
		13,
		13,
		13,
		11,
		11,
		10,
		10,
		10,
		10,
		10,
		10,
		10,
		10,
		9,
		9,
		10,
		10,
		10,
		10,
		9,
		9,
		9,
		9,
		9,
		9,
		9,
		9,
		12,
		12,
		12,
		12,
		12,
		12,
		10,
		10,
		10,
		10,
		10,
		10
	],
	"computation_proportion": 95,
	"extra_dict": {}
}