{
	"model_name": "ConvNeXtT",
	"batch_size": 8,
	"duration_sec": 45,
	"mode": "train",
	"is_DDP": true,
	"process_group_backend": "gloo",
	"world_size": 2,
	"rank": 1,
	"local_rank": 0,
	"device_type": "gpu",
	"master_addr": "133.133.135.74",
	"master_port": 39920,
	"iteration_count": 34,
	"iteration_intervals": [
		2327233536,
		1326787584,
		1331324928,
		1335001600,
		1343750912,
		1329071104,
		1329627904,
		1331100672,
		1338149120,
		1335852800,
		1334070528,
		1337518848,
		1338941696,
		1342962432,
		1328110592,
		1313784064,
		1319330560,
		1336848640,
		1326498304,
		1335803648,
		1334962688,
		1336058368,
		1329255936,
		1338673664,
		1325240320,
		1332963840,
		1324484864,
		1340280320,
		1333943296,
		1328218624,
		1327544064,
		1330691072,
		1333210112,
		1330880512
	],
	"iteration_intervals_avg": 1331864779.0344827,
	"iteration_intervals_avg_second": 1.3318647790344826,
	"total_time_ns": 46290165760,
	"total_time_second": 46,
	"mem_infos": [
		[
			10786701312,
			11811160064
		],
		[
			10574888960,
			11811160064
		],
		[
			9492758528,
			11811160064
		],
		[
			9362735104,
			11811160064
		],
		[
			9362735104,
			11811160064
		],
		[
			9117368320,
			11811160064
		],
		[
			9117368320,
			11811160064
		],
		[
			9117368320,
			11811160064
		],
		[
			9117368320,
			11811160064
		],
		[
			9117368320,
			11811160064
		],
		[
			9117368320,
			11811160064
		],
		[
			9117368320,
			11811160064
		],
		[
			9117368320,
			11811160064
		],
		[
			9117368320,
			11811160064
		],
		[
			9117368320,
			11811160064
		],
		[
			9117368320,
			11811160064
		],
		[
			9117368320,
			11811160064
		],
		[
			9117368320,
			11811160064
		],
		[
			9117368320,
			11811160064
		],
		[
			9117368320,
			11811160064
		],
		[
			9117368320,
			11811160064
		],
		[
			9117368320,
			11811160064
		],
		[
			9117368320,
			11811160064
		],
		[
			9117368320,
			11811160064
		],
		[
			9117368320,
			11811160064
		],
		[
			9117368320,
			11811160064
		],
		[
			9117368320,
			11811160064
		],
		[
			9117368320,
			11811160064
		],
		[
			9117368320,
			11811160064
		],
		[
			9117368320,
			11811160064
		],
		[
			9117368320,
			11811160064
		],
		[
			9117368320,
			11811160064
		],
		[
			9117368320,
			11811160064
		],
		[
			9117368320,
			11811160064
		],
		[
			9117368320,
			11811160064
		],
		[
			9117368320,
			11811160064
		],
		[
			9117368320,
			11811160064
		],
		[
			9117368320,
			11811160064
		],
		[
			9117368320,
			11811160064
		],
		[
			9117368320,
			11811160064
		],
		[
			9117368320,
			11811160064
		],
		[
			9117368320,
			11811160064
		],
		[
			9117368320,
			11811160064
		],
		[
			9117368320,
			11811160064
		],
		[
			9117368320,
			11811160064
		],
		[
			9117368320,
			11811160064
		],
		[
			9117368320,
			11811160064
		],
		[
			9117368320,
			11811160064
		],
		[
			9117368320,
			11811160064
		],
		[
			9117368320,
			11811160064
		],
		[
			9117368320,
			11811160064
		],
		[
			9117368320,
			11811160064
		],
		[
			9117368320,
			11811160064
		],
		[
			9117368320,
			11811160064
		],
		[
			9117368320,
			11811160064
		],
		[
			9117368320,
			11811160064
		],
		[
			9117368320,
			11811160064
		],
		[
			9117368320,
			11811160064
		],
		[
			9117368320,
			11811160064
		],
		[
			9117368320,
			11811160064
		],
		[
			9117368320,
			11811160064
		],
		[
			9117368320,
			11811160064
		],
		[
			9117368320,
			11811160064
		],
		[
			9117368320,
			11811160064
		],
		[
			9117368320,
			11811160064
		],
		[
			9117368320,
			11811160064
		],
		[
			9117368320,
			11811160064
		],
		[
			9117368320,
			11811160064
		],
		[
			9117368320,
			11811160064
		],
		[
			9117368320,
			11811160064
		],
		[
			9117368320,
			11811160064
		],
		[
			9117368320,
			11811160064
		],
		[
			9117368320,
			11811160064
		],
		[
			9117368320,
			11811160064
		],
		[
			9117368320,
			11811160064
		],
		[
			9117368320,
			11811160064
		],
		[
			9117368320,
			11811160064
		],
		[
			9117368320,
			11811160064
		],
		[
			9117368320,
			11811160064
		],
		[
			9117368320,
			11811160064
		],
		[
			9117368320,
			11811160064
		],
		[
			9117368320,
			11811160064
		],
		[
			9117368320,
			11811160064
		],
		[
			9117368320,
			11811160064
		],
		[
			9117368320,
			11811160064
		],
		[
			9117368320,
			11811160064
		],
		[
			9117368320,
			11811160064
		],
		[
			9117368320,
			11811160064
		],
		[
			9117368320,
			11811160064
		],
		[
			9117368320,
			11811160064
		]
	],
	"utilization": [
		6,
		3,
		3,
		16,
		16,
		0,
		0,
		9,
		9,
		8,
		8,
		9,
		9,
		0,
		0,
		9,
		9,
		8,
		8,
		9,
		9,
		0,
		0,
		9,
		9,
		8,
		8,
		9,
		9,
		1,
		1,
		8,
		8,
		9,
		9,
		9,
		9,
		1,
		1,
		8,
		8,
		9,
		9,
		9,
		9,
		1,
		1,
		8,
		8,
		9,
		9,
		8,
		8,
		2,
		2,
		8,
		8,
		9,
		9,
		8,
		8,
		3,
		3,
		7,
		7,
		9,
		9,
		8,
		8,
		5,
		5,
		5,
		5,
		9,
		9,
		9,
		9,
		7,
		7,
		3,
		3,
		9,
		9,
		9,
		9,
		9,
		9,
		0,
		0,
		9
	],
	"computation_proportion": 35,
	"extra_dict": {}
}