{
	"model_name": "YoloV5N",
	"batch_size": 64,
	"duration_sec": 45,
	"mode": "train",
	"is_DDP": true,
	"process_group_backend": "gloo",
	"world_size": 4,
	"rank": 0,
	"local_rank": 0,
	"device_type": "gpu",
	"master_addr": "133.133.135.75",
	"master_port": 39920,
	"iteration_count": 155,
	"iteration_intervals": [
		1522652416,
		154480896,
		126378240,
		142102272,
		143132160,
		136558080,
		139735296,
		126849792,
		141891072,
		137013504,
		145274624,
		942650112,
		354949120,
		487245312,
		369202176,
		230739712,
		152634880,
		246090240,
		226209792,
		243585536,
		235702528,
		137037824,
		143746304,
		197423104,
		126171904,
		155644416,
		143011840,
		144354304,
		143661056,
		140912640,
		126544128,
		1596372224,
		626720000,
		262403584,
		220428288,
		140042752,
		224379136,
		132424704,
		136956416,
		127026944,
		151695872,
		127324160,
		154023936,
		150494976,
		231889408,
		1577958144,
		372454912,
		142617856,
		233298176,
		128500736,
		153517056,
		188504064,
		145743872,
		155251200,
		141674496,
		141567232,
		125303808,
		154155520,
		140490496,
		141062656,
		1560965632,
		371903488,
		243427328,
		240581376,
		195030784,
		184281600,
		228128000,
		138947328,
		225136640,
		141269248,
		140524032,
		137390080,
		141716480,
		138820096,
		150266624,
		140212480,
		1323688192,
		1105040640,
		381832448,
		353650432,
		150900736,
		221506560,
		130986240,
		162525440,
		129815040,
		134034176,
		149391616,
		152445184,
		141282048,
		140473600,
		141782784,
		180917248,
		750773248,
		596945408,
		272014336,
		252017152,
		231828736,
		226898688,
		145295104,
		232861696,
		230634496,
		237689856,
		259679232,
		962108928,
		268813312,
		236910080,
		237808896,
		153156352,
		139448320,
		144836864,
		141272064,
		125270528,
		138347520,
		134419200,
		133189888,
		153123840,
		1044897024,
		375174400,
		253078784,
		235952384,
		241358080,
		150540544,
		240575744,
		239723264,
		236600576,
		136510208,
		217438976,
		1342792704,
		488301312,
		262896640,
		233076480,
		240350208,
		228991232,
		251659008,
		239573248,
		247515904,
		359783936,
		494231040,
		734829568,
		486403840,
		240965120,
		140336896,
		220881408,
		142468096,
		142282496,
		137071872,
		146312704,
		151920384,
		153026048,
		140705792,
		151982848,
		129671424,
		164599296,
		1958988288,
		274814464
	],
	"iteration_intervals_avg": 287077476.6933333,
	"iteration_intervals_avg_second": 0.28707747669333333,
	"total_time_ns": 45152627200,
	"total_time_second": 45,
	"mem_infos": [
		[
			5214568448,
			5905580032
		],
		[
			4918870016,
			5905580032
		],
		[
			4717543424,
			5905580032
		],
		[
			2930769920,
			5905580032
		],
		[
			2863661056,
			5905580032
		],
		[
			2863661056,
			5905580032
		],
		[
			2863661056,
			5905580032
		],
		[
			2863661056,
			5905580032
		],
		[
			2863661056,
			5905580032
		],
		[
			2863661056,
			5905580032
		],
		[
			2863661056,
			5905580032
		],
		[
			2863661056,
			5905580032
		],
		[
			2863661056,
			5905580032
		],
		[
			2863661056,
			5905580032
		],
		[
			2863661056,
			5905580032
		],
		[
			2863661056,
			5905580032
		],
		[
			2863661056,
			5905580032
		],
		[
			2863661056,
			5905580032
		],
		[
			2863661056,
			5905580032
		],
		[
			2863661056,
			5905580032
		],
		[
			2863661056,
			5905580032
		],
		[
			2863661056,
			5905580032
		],
		[
			2863661056,
			5905580032
		],
		[
			2863661056,
			5905580032
		],
		[
			2863661056,
			5905580032
		],
		[
			2863661056,
			5905580032
		],
		[
			2863661056,
			5905580032
		],
		[
			2863661056,
			5905580032
		],
		[
			2863661056,
			5905580032
		],
		[
			2863661056,
			5905580032
		],
		[
			2863661056,
			5905580032
		],
		[
			2863661056,
			5905580032
		],
		[
			2863661056,
			5905580032
		],
		[
			2863661056,
			5905580032
		],
		[
			2863661056,
			5905580032
		],
		[
			2863661056,
			5905580032
		],
		[
			2863661056,
			5905580032
		],
		[
			2863661056,
			5905580032
		],
		[
			2863661056,
			5905580032
		],
		[
			2863661056,
			5905580032
		],
		[
			2863661056,
			5905580032
		],
		[
			2863661056,
			5905580032
		],
		[
			2863661056,
			5905580032
		],
		[
			2863661056,
			5905580032
		],
		[
			2863661056,
			5905580032
		],
		[
			2863661056,
			5905580032
		],
		[
			2863661056,
			5905580032
		],
		[
			2863661056,
			5905580032
		],
		[
			2863661056,
			5905580032
		],
		[
			2863661056,
			5905580032
		],
		[
			2863661056,
			5905580032
		],
		[
			2863661056,
			5905580032
		],
		[
			2863661056,
			5905580032
		],
		[
			2863661056,
			5905580032
		],
		[
			2863661056,
			5905580032
		],
		[
			2863661056,
			5905580032
		],
		[
			2863661056,
			5905580032
		],
		[
			2863661056,
			5905580032
		],
		[
			2863661056,
			5905580032
		],
		[
			2863661056,
			5905580032
		],
		[
			2863661056,
			5905580032
		],
		[
			2863661056,
			5905580032
		],
		[
			2863661056,
			5905580032
		],
		[
			2863661056,
			5905580032
		],
		[
			2863661056,
			5905580032
		],
		[
			2863661056,
			5905580032
		],
		[
			2863661056,
			5905580032
		],
		[
			2863661056,
			5905580032
		],
		[
			2863661056,
			5905580032
		],
		[
			2863661056,
			5905580032
		],
		[
			2863661056,
			5905580032
		],
		[
			2863661056,
			5905580032
		],
		[
			2863661056,
			5905580032
		],
		[
			2863661056,
			5905580032
		],
		[
			2863661056,
			5905580032
		],
		[
			2863661056,
			5905580032
		],
		[
			2863661056,
			5905580032
		],
		[
			2863661056,
			5905580032
		],
		[
			2863661056,
			5905580032
		],
		[
			2863661056,
			5905580032
		],
		[
			2863661056,
			5905580032
		],
		[
			2863661056,
			5905580032
		],
		[
			2863661056,
			5905580032
		],
		[
			2863661056,
			5905580032
		],
		[
			2863661056,
			5905580032
		],
		[
			2863661056,
			5905580032
		],
		[
			2863661056,
			5905580032
		],
		[
			2863661056,
			5905580032
		],
		[
			2863661056,
			5905580032
		],
		[
			2863661056,
			5905580032
		]
	],
	"utilization": [
		18,
		33,
		33,
		41,
		41,
		72,
		72,
		74,
		74,
		13,
		13,
		36,
		36,
		55,
		55,
		73,
		73,
		67,
		67,
		0,
		0,
		27,
		27,
		66,
		66,
		78,
		78,
		0,
		0,
		30,
		30,
		73,
		73,
		82,
		82,
		1,
		1,
		30,
		30,
		64,
		64,
		81,
		81,
		24,
		24,
		9,
		9,
		23,
		23,
		62,
		62,
		87,
		87,
		29,
		29,
		30,
		30,
		60,
		60,
		36,
		36,
		31,
		31,
		80,
		80,
		49,
		49,
		26,
		26,
		53,
		53,
		59,
		59,
		3,
		3,
		35,
		35,
		52,
		52,
		35,
		35,
		21,
		21,
		42,
		42,
		88,
		88,
		46,
		46,
		0
	],
	"computation_proportion": 30,
	"extra_dict": {}
}