{
	"model_name": "ResNet18",
	"batch_size": 4,
	"duration_sec": 45,
	"mode": "train",
	"is_DDP": true,
	"process_group_backend": "gloo",
	"world_size": 2,
	"rank": 1,
	"local_rank": 0,
	"device_type": "gpu",
	"master_addr": "133.133.135.74",
	"master_port": 39920,
	"iteration_count": 101,
	"iteration_intervals": [
		1697206528,
		436283904,
		433457664,
		428963328,
		428694016,
		432116992,
		443010560,
		431338240,
		432166656,
		428397312,
		427773952,
		434783488,
		433560320,
		432575744,
		425397760,
		438643200,
		427921920,
		431096832,
		431543552,
		435384064,
		432818176,
		440658944,
		434272256,
		436380416,
		443772416,
		442877696,
		447695360,
		433682944,
		434390528,
		427704576,
		437163520,
		434398976,
		432205568,
		435187200,
		437742080,
		435679744,
		437071104,
		440879360,
		432975872,
		432748544,
		428026112,
		429971200,
		431899904,
		429361152,
		437244160,
		452777728,
		433654528,
		445671936,
		431884032,
		431027968,
		445445376,
		430252288,
		431298560,
		437084416,
		433428224,
		432184832,
		432173312,
		432830464,
		430553856,
		429316352,
		443774208,
		432171520,
		435226624,
		434428160,
		432623872,
		432700928,
		437324032,
		430870528,
		437245952,
		431455488,
		427489024,
		441716736,
		429070336,
		428865024,
		433304064,
		434411520,
		432413184,
		434630912,
		431608832,
		422006528,
		434237184,
		429028864,
		431535360,
		434977024,
		430268160,
		435681536,
		448697088,
		437814272,
		438497280,
		431550208,
		433456896,
		442736128,
		441530880,
		439353600,
		441386240,
		440926720,
		429398016,
		428833792,
		434050560,
		438180608,
		431204864
	],
	"iteration_intervals_avg": 434570677.3333333,
	"iteration_intervals_avg_second": 0.4345706773333333,
	"total_time_ns": 45144356352,
	"total_time_second": 45,
	"mem_infos": [
		[
			11130634240,
			11811160064
		],
		[
			10895753216,
			11811160064
		],
		[
			10662969344,
			11811160064
		],
		[
			10400825344,
			11811160064
		],
		[
			10300162048,
			11811160064
		],
		[
			10300162048,
			11811160064
		],
		[
			10300162048,
			11811160064
		],
		[
			10300162048,
			11811160064
		],
		[
			10300162048,
			11811160064
		],
		[
			10300162048,
			11811160064
		],
		[
			10300162048,
			11811160064
		],
		[
			10300162048,
			11811160064
		],
		[
			10300162048,
			11811160064
		],
		[
			10300162048,
			11811160064
		],
		[
			10300162048,
			11811160064
		],
		[
			10300162048,
			11811160064
		],
		[
			10300162048,
			11811160064
		],
		[
			10300162048,
			11811160064
		],
		[
			10300162048,
			11811160064
		],
		[
			10300162048,
			11811160064
		],
		[
			10300162048,
			11811160064
		],
		[
			10300162048,
			11811160064
		],
		[
			10300162048,
			11811160064
		],
		[
			10300162048,
			11811160064
		],
		[
			10300162048,
			11811160064
		],
		[
			10300162048,
			11811160064
		],
		[
			10300162048,
			11811160064
		],
		[
			10300162048,
			11811160064
		],
		[
			10300162048,
			11811160064
		],
		[
			10300162048,
			11811160064
		],
		[
			10300162048,
			11811160064
		],
		[
			10300162048,
			11811160064
		],
		[
			10300162048,
			11811160064
		],
		[
			10300162048,
			11811160064
		],
		[
			10300162048,
			11811160064
		],
		[
			10300162048,
			11811160064
		],
		[
			10300162048,
			11811160064
		],
		[
			10300162048,
			11811160064
		],
		[
			10300162048,
			11811160064
		],
		[
			10300162048,
			11811160064
		],
		[
			10300162048,
			11811160064
		],
		[
			10300162048,
			11811160064
		],
		[
			10300162048,
			11811160064
		],
		[
			10300162048,
			11811160064
		],
		[
			10300162048,
			11811160064
		],
		[
			10300162048,
			11811160064
		],
		[
			10300162048,
			11811160064
		],
		[
			10300162048,
			11811160064
		],
		[
			10300162048,
			11811160064
		],
		[
			10300162048,
			11811160064
		],
		[
			10300162048,
			11811160064
		],
		[
			10300162048,
			11811160064
		],
		[
			10300162048,
			11811160064
		],
		[
			10300162048,
			11811160064
		],
		[
			10300162048,
			11811160064
		],
		[
			10300162048,
			11811160064
		],
		[
			10300162048,
			11811160064
		],
		[
			10300162048,
			11811160064
		],
		[
			10300162048,
			11811160064
		],
		[
			10300162048,
			11811160064
		],
		[
			10300162048,
			11811160064
		],
		[
			10300162048,
			11811160064
		],
		[
			10300162048,
			11811160064
		],
		[
			10300162048,
			11811160064
		],
		[
			10300162048,
			11811160064
		],
		[
			10300162048,
			11811160064
		],
		[
			10300162048,
			11811160064
		],
		[
			10300162048,
			11811160064
		],
		[
			10300162048,
			11811160064
		],
		[
			10300162048,
			11811160064
		],
		[
			10300162048,
			11811160064
		],
		[
			10300162048,
			11811160064
		],
		[
			10300162048,
			11811160064
		],
		[
			10300162048,
			11811160064
		],
		[
			10300162048,
			11811160064
		],
		[
			10300162048,
			11811160064
		],
		[
			10300162048,
			11811160064
		],
		[
			10300162048,
			11811160064
		],
		[
			10300162048,
			11811160064
		],
		[
			10300162048,
			11811160064
		],
		[
			10300162048,
			11811160064
		],
		[
			10300162048,
			11811160064
		],
		[
			10300162048,
			11811160064
		],
		[
			10300162048,
			11811160064
		],
		[
			10300162048,
			11811160064
		],
		[
			10300162048,
			11811160064
		],
		[
			10300162048,
			11811160064
		],
		[
			10300162048,
			11811160064
		],
		[
			10300162048,
			11811160064
		],
		[
			10300162048,
			11811160064
		]
	],
	"utilization": [
		2,
		3,
		4,
		4,
		4,
		4,
		6,
		6,
		4,
		4,
		4,
		4,
		5,
		5,
		5,
		5,
		4,
		4,
		4,
		4,
		5,
		5,
		4,
		4,
		4,
		4,
		6,
		6,
		4,
		4,
		4,
		4,
		6,
		6,
		6,
		4,
		4,
		4,
		4,
		5,
		5,
		5,
		5,
		4,
		4,
		4,
		4,
		6,
		4,
		4,
		4,
		4,
		6,
		6,
		4,
		4,
		4,
		4,
		6,
		6,
		4,
		4,
		4,
		4,
		6,
		6,
		4,
		4,
		4,
		4,
		5,
		5,
		5,
		5,
		4,
		4,
		5,
		5,
		5,
		5,
		4,
		4,
		4,
		4,
		6,
		6,
		4,
		4,
		4,
		4
	],
	"computation_proportion": 55,
	"extra_dict": {}
}