{
	"model_name": "GhostNet",
	"batch_size": 256,
	"duration_sec": 45,
	"mode": "train",
	"is_DDP": true,
	"process_group_backend": "gloo",
	"world_size": 1,
	"rank": 0,
	"local_rank": 0,
	"device_type": "gpu",
	"master_addr": "133.133.135.75",
	"master_port": 39920,
	"iteration_count": 52,
	"iteration_intervals": [
		2154030592,
		974556928,
		853800192,
		853543424,
		850009088,
		857261568,
		854524160,
		850361856,
		857922304,
		747825408,
		855447808,
		856087040,
		859844096,
		839412224,
		854132224,
		853772544,
		853465088,
		862333696,
		854428160,
		855524608,
		854647808,
		845680128,
		869307904,
		841417728,
		850818048,
		857802496,
		853199360,
		865101568,
		743417344,
		849514240,
		861403136,
		858202368,
		835557888,
		860726784,
		850929408,
		855981056,
		859479296,
		853558016,
		855980544,
		852305408,
		861109504,
		857104640,
		844084736,
		851568384,
		862708736,
		855800320,
		859162624,
		824965120,
		779422464,
		853139456,
		859180288,
		857081856
	],
	"iteration_intervals_avg": 847929817.8723404,
	"iteration_intervals_avg_second": 0.8479298178723405,
	"total_time_ns": 45539429888,
	"total_time_second": 45,
	"mem_infos": [
		[
			11269046272,
			11811160064
		],
		[
			9708765184,
			11811160064
		],
		[
			9482272768,
			11811160064
		],
		[
			1727004672,
			11811160064
		],
		[
			1204813824,
			11811160064
		],
		[
			1196425216,
			11811160064
		],
		[
			441450496,
			11811160064
		],
		[
			441450496,
			11811160064
		],
		[
			441450496,
			11811160064
		],
		[
			441450496,
			11811160064
		],
		[
			441450496,
			11811160064
		],
		[
			441450496,
			11811160064
		],
		[
			441450496,
			11811160064
		],
		[
			441450496,
			11811160064
		],
		[
			441450496,
			11811160064
		],
		[
			441450496,
			11811160064
		],
		[
			441450496,
			11811160064
		],
		[
			441450496,
			11811160064
		],
		[
			441450496,
			11811160064
		],
		[
			441450496,
			11811160064
		],
		[
			441450496,
			11811160064
		],
		[
			441450496,
			11811160064
		],
		[
			441450496,
			11811160064
		],
		[
			441450496,
			11811160064
		],
		[
			441450496,
			11811160064
		],
		[
			441450496,
			11811160064
		],
		[
			441450496,
			11811160064
		],
		[
			441450496,
			11811160064
		],
		[
			441450496,
			11811160064
		],
		[
			441450496,
			11811160064
		],
		[
			441450496,
			11811160064
		],
		[
			441450496,
			11811160064
		],
		[
			441450496,
			11811160064
		],
		[
			441450496,
			11811160064
		],
		[
			441450496,
			11811160064
		],
		[
			441450496,
			11811160064
		],
		[
			441450496,
			11811160064
		],
		[
			441450496,
			11811160064
		],
		[
			441450496,
			11811160064
		],
		[
			441450496,
			11811160064
		],
		[
			441450496,
			11811160064
		],
		[
			441450496,
			11811160064
		],
		[
			441450496,
			11811160064
		],
		[
			441450496,
			11811160064
		],
		[
			441450496,
			11811160064
		],
		[
			441450496,
			11811160064
		],
		[
			441450496,
			11811160064
		],
		[
			441450496,
			11811160064
		],
		[
			441450496,
			11811160064
		],
		[
			441450496,
			11811160064
		],
		[
			441450496,
			11811160064
		],
		[
			441450496,
			11811160064
		],
		[
			441450496,
			11811160064
		],
		[
			441450496,
			11811160064
		],
		[
			441450496,
			11811160064
		],
		[
			441450496,
			11811160064
		],
		[
			441450496,
			11811160064
		],
		[
			441450496,
			11811160064
		],
		[
			441450496,
			11811160064
		],
		[
			441450496,
			11811160064
		],
		[
			441450496,
			11811160064
		],
		[
			441450496,
			11811160064
		],
		[
			441450496,
			11811160064
		],
		[
			441450496,
			11811160064
		],
		[
			441450496,
			11811160064
		],
		[
			441450496,
			11811160064
		],
		[
			441450496,
			11811160064
		],
		[
			441450496,
			11811160064
		],
		[
			441450496,
			11811160064
		],
		[
			441450496,
			11811160064
		],
		[
			441450496,
			11811160064
		],
		[
			441450496,
			11811160064
		],
		[
			441450496,
			11811160064
		],
		[
			441450496,
			11811160064
		],
		[
			441450496,
			11811160064
		],
		[
			441450496,
			11811160064
		],
		[
			441450496,
			11811160064
		],
		[
			441450496,
			11811160064
		],
		[
			441450496,
			11811160064
		],
		[
			441450496,
			11811160064
		],
		[
			441450496,
			11811160064
		],
		[
			441450496,
			11811160064
		],
		[
			441450496,
			11811160064
		],
		[
			441450496,
			11811160064
		],
		[
			441450496,
			11811160064
		],
		[
			441450496,
			11811160064
		],
		[
			441450496,
			11811160064
		],
		[
			441450496,
			11811160064
		],
		[
			441450496,
			11811160064
		],
		[
			441450496,
			11811160064
		]
	],
	"utilization": [
		4,
		4,
		5,
		5,
		34,
		34,
		28,
		28,
		33,
		33,
		30,
		30,
		31,
		31,
		33,
		33,
		36,
		36,
		30,
		30,
		31,
		31,
		32,
		32,
		32,
		33,
		33,
		32,
		32,
		34,
		34,
		33,
		33,
		31,
		31,
		30,
		30,
		34,
		34,
		34,
		34,
		33,
		33,
		29,
		29,
		31,
		31,
		33,
		33,
		36,
		36,
		31,
		31,
		31,
		31,
		31,
		31,
		34,
		34,
		32,
		32,
		34,
		34,
		33,
		33,
		30,
		30,
		31,
		31,
		34,
		34,
		33,
		33,
		33,
		33,
		30,
		30,
		31,
		31,
		32,
		32,
		36,
		36,
		31,
		31,
		31,
		31,
		32,
		32,
		34
	],
	"computation_proportion": 90,
	"extra_dict": {}
}