{
	"model_name": "YoloV5S",
	"batch_size": 4,
	"duration_sec": 45,
	"mode": "train",
	"is_DDP": true,
	"process_group_backend": "gloo",
	"world_size": 2,
	"rank": 1,
	"local_rank": 0,
	"device_type": "gpu",
	"master_addr": "133.133.135.74",
	"master_port": 39920,
	"iteration_count": 140,
	"iteration_intervals": [
		1574499072,
		329475328,
		308927488,
		301746688,
		321338112,
		310856192,
		307455488,
		314473472,
		316784384,
		309432320,
		309588736,
		310265088,
		310533888,
		312880640,
		318093056,
		326373888,
		310628608,
		311962112,
		311284736,
		301277440,
		325779456,
		313559808,
		312068352,
		312132864,
		307245824,
		311552256,
		312316416,
		315984384,
		319770880,
		321268992,
		313857536,
		308029952,
		326759168,
		314268160,
		313020672,
		312363776,
		312516608,
		312023296,
		319185664,
		317918720,
		311878400,
		312540928,
		317918464,
		311581184,
		312461824,
		312926720,
		311463168,
		314704128,
		312140288,
		312664832,
		312302592,
		313114112,
		315444736,
		311151104,
		308682752,
		311996416,
		310708224,
		312635648,
		311351808,
		318825472,
		311821312,
		311049984,
		317124352,
		298409216,
		321819904,
		307998464,
		310443264,
		306450944,
		314321664,
		319171840,
		309068800,
		308221952,
		312093952,
		311408128,
		309212160,
		307930880,
		315972352,
		315882752,
		315890432,
		312817152,
		331985152,
		316356864,
		316281600,
		316991744,
		324729088,
		325464576,
		317558016,
		314882560,
		323377408,
		314027776,
		318669312,
		315348736,
		321317888,
		310255104,
		319623680,
		302297600,
		333785856,
		313169664,
		311152128,
		311487232,
		318205440,
		312478208,
		323191808,
		314852864,
		312215552,
		308710400,
		309248000,
		310440960,
		312372224,
		317751040,
		310444288,
		310837504,
		327549440,
		310534912,
		308503040,
		305329152,
		319757312,
		315706112,
		328203520,
		314552576,
		317719552,
		317657600,
		316425728,
		302426368,
		325253120,
		310483968,
		309600512,
		309282816,
		312895744,
		311423232,
		310018304,
		309380864,
		311707648,
		323204096,
		316129024,
		310405888,
		315783936,
		312248064,
		322475520,
		312871680
	],
	"iteration_intervals_avg": 314104852.85925925,
	"iteration_intervals_avg_second": 0.31410485285925926,
	"total_time_ns": 45241167360,
	"total_time_second": 45,
	"mem_infos": [
		[
			11229200384,
			11811160064
		],
		[
			10979639296,
			11811160064
		],
		[
			10746855424,
			11811160064
		],
		[
			10442768384,
			11811160064
		],
		[
			10350493696,
			11811160064
		],
		[
			10350493696,
			11811160064
		],
		[
			10350493696,
			11811160064
		],
		[
			10350493696,
			11811160064
		],
		[
			10350493696,
			11811160064
		],
		[
			10350493696,
			11811160064
		],
		[
			10350493696,
			11811160064
		],
		[
			10350493696,
			11811160064
		],
		[
			10350493696,
			11811160064
		],
		[
			10350493696,
			11811160064
		],
		[
			10350493696,
			11811160064
		],
		[
			10350493696,
			11811160064
		],
		[
			10350493696,
			11811160064
		],
		[
			10350493696,
			11811160064
		],
		[
			10350493696,
			11811160064
		],
		[
			10350493696,
			11811160064
		],
		[
			10350493696,
			11811160064
		],
		[
			10350493696,
			11811160064
		],
		[
			10350493696,
			11811160064
		],
		[
			10350493696,
			11811160064
		],
		[
			10350493696,
			11811160064
		],
		[
			10350493696,
			11811160064
		],
		[
			10350493696,
			11811160064
		],
		[
			10350493696,
			11811160064
		],
		[
			10350493696,
			11811160064
		],
		[
			10350493696,
			11811160064
		],
		[
			10350493696,
			11811160064
		],
		[
			10350493696,
			11811160064
		],
		[
			10350493696,
			11811160064
		],
		[
			10350493696,
			11811160064
		],
		[
			10350493696,
			11811160064
		],
		[
			10350493696,
			11811160064
		],
		[
			10350493696,
			11811160064
		],
		[
			10350493696,
			11811160064
		],
		[
			10350493696,
			11811160064
		],
		[
			10350493696,
			11811160064
		],
		[
			10350493696,
			11811160064
		],
		[
			10350493696,
			11811160064
		],
		[
			10350493696,
			11811160064
		],
		[
			10350493696,
			11811160064
		],
		[
			10350493696,
			11811160064
		],
		[
			10350493696,
			11811160064
		],
		[
			10350493696,
			11811160064
		],
		[
			10350493696,
			11811160064
		],
		[
			10350493696,
			11811160064
		],
		[
			10350493696,
			11811160064
		],
		[
			10350493696,
			11811160064
		],
		[
			10350493696,
			11811160064
		],
		[
			10350493696,
			11811160064
		],
		[
			10350493696,
			11811160064
		],
		[
			10350493696,
			11811160064
		],
		[
			10350493696,
			11811160064
		],
		[
			10350493696,
			11811160064
		],
		[
			10350493696,
			11811160064
		],
		[
			10350493696,
			11811160064
		],
		[
			10350493696,
			11811160064
		],
		[
			10350493696,
			11811160064
		],
		[
			10350493696,
			11811160064
		],
		[
			10350493696,
			11811160064
		],
		[
			10350493696,
			11811160064
		],
		[
			10350493696,
			11811160064
		],
		[
			10350493696,
			11811160064
		],
		[
			10350493696,
			11811160064
		],
		[
			10350493696,
			11811160064
		],
		[
			10350493696,
			11811160064
		],
		[
			10350493696,
			11811160064
		],
		[
			10350493696,
			11811160064
		],
		[
			10350493696,
			11811160064
		],
		[
			10350493696,
			11811160064
		],
		[
			10350493696,
			11811160064
		],
		[
			10350493696,
			11811160064
		],
		[
			10350493696,
			11811160064
		],
		[
			10350493696,
			11811160064
		],
		[
			10350493696,
			11811160064
		],
		[
			10350493696,
			11811160064
		],
		[
			10350493696,
			11811160064
		],
		[
			10350493696,
			11811160064
		],
		[
			10350493696,
			11811160064
		],
		[
			10350493696,
			11811160064
		],
		[
			10350493696,
			11811160064
		],
		[
			10350493696,
			11811160064
		],
		[
			10350493696,
			11811160064
		],
		[
			10350493696,
			11811160064
		],
		[
			10350493696,
			11811160064
		],
		[
			10350493696,
			11811160064
		],
		[
			10350493696,
			11811160064
		]
	],
	"utilization": [
		1,
		4,
		4,
		5,
		5,
		7,
		7,
		7,
		7,
		8,
		8,
		8,
		8,
		7,
		7,
		7,
		7,
		7,
		7,
		8,
		8,
		7,
		7,
		7,
		7,
		7,
		7,
		7,
		7,
		8,
		8,
		8,
		8,
		7,
		7,
		7,
		7,
		7,
		7,
		8,
		8,
		8,
		8,
		7,
		7,
		7,
		7,
		7,
		7,
		9,
		9,
		7,
		7,
		7,
		7,
		7,
		7,
		7,
		7,
		7,
		7,
		8,
		8,
		7,
		7,
		7,
		7,
		7,
		7,
		7,
		7,
		9,
		9,
		7,
		7,
		7,
		7,
		7,
		7,
		7,
		7,
		8,
		8,
		8,
		8,
		7,
		7,
		7,
		7,
		7
	],
	"computation_proportion": 60,
	"extra_dict": {}
}