{
	"model_name": "SqueezeNet",
	"batch_size": 128,
	"duration_sec": 45,
	"mode": "train",
	"is_DDP": true,
	"process_group_backend": "gloo",
	"world_size": 2,
	"rank": 0,
	"local_rank": 0,
	"device_type": "gpu",
	"master_addr": "133.133.135.75",
	"master_port": 39920,
	"iteration_count": 103,
	"iteration_intervals": [
		1549269504,
		456288000,
		381658624,
		471692288,
		383030272,
		476078592,
		375161088,
		481441792,
		382913280,
		472117248,
		376771072,
		485799680,
		379875328,
		468945664,
		389755648,
		473280256,
		376997632,
		479390208,
		381979136,
		480239360,
		372909312,
		394863616,
		458568448,
		395069696,
		459814656,
		399842048,
		459498752,
		402331136,
		454304256,
		389618432,
		460948992,
		391672832,
		464613888,
		386305024,
		464999680,
		389268992,
		467927808,
		394000640,
		457884416,
		392382720,
		468791808,
		382344704,
		474354176,
		378583296,
		472650496,
		385409280,
		471459328,
		374461696,
		472991744,
		396109568,
		470024960,
		376909824,
		466722304,
		387077376,
		472771072,
		376259584,
		481461504,
		373870592,
		473912576,
		385632000,
		476773632,
		376151552,
		471855616,
		389420544,
		476449024,
		371610368,
		390888960,
		458408704,
		394831872,
		465359360,
		394552576,
		463168256,
		402785280,
		448240128,
		403705856,
		459498240,
		385109504,
		465042432,
		397274624,
		467287552,
		393702400,
		464647680,
		393163008,
		463995392,
		378243328,
		469496832,
		396588032,
		457931264,
		386827264,
		468975616,
		391361536,
		466781184,
		391428352,
		472889088,
		388549632,
		467256064,
		381405440,
		475927040,
		376873472,
		471090432,
		389160960,
		471131904,
		376589056
	],
	"iteration_intervals_avg": 426855084.40816325,
	"iteration_intervals_avg_second": 0.4268550844081633,
	"total_time_ns": 45074711808,
	"total_time_second": 45,
	"mem_infos": [
		[
			11269046272,
			11811160064
		],
		[
			10384048128,
			11811160064
		],
		[
			10165944320,
			11811160064
		],
		[
			4035969024,
			11811160064
		],
		[
			4027580416,
			11811160064
		],
		[
			4027580416,
			11811160064
		],
		[
			4027580416,
			11811160064
		],
		[
			4027580416,
			11811160064
		],
		[
			4027580416,
			11811160064
		],
		[
			4027580416,
			11811160064
		],
		[
			4027580416,
			11811160064
		],
		[
			4027580416,
			11811160064
		],
		[
			4027580416,
			11811160064
		],
		[
			4027580416,
			11811160064
		],
		[
			4027580416,
			11811160064
		],
		[
			4027580416,
			11811160064
		],
		[
			4027580416,
			11811160064
		],
		[
			4027580416,
			11811160064
		],
		[
			4027580416,
			11811160064
		],
		[
			4027580416,
			11811160064
		],
		[
			4027580416,
			11811160064
		],
		[
			4027580416,
			11811160064
		],
		[
			4027580416,
			11811160064
		],
		[
			4027580416,
			11811160064
		],
		[
			4027580416,
			11811160064
		],
		[
			4027580416,
			11811160064
		],
		[
			4027580416,
			11811160064
		],
		[
			4027580416,
			11811160064
		],
		[
			4027580416,
			11811160064
		],
		[
			4027580416,
			11811160064
		],
		[
			4027580416,
			11811160064
		],
		[
			4027580416,
			11811160064
		],
		[
			4027580416,
			11811160064
		],
		[
			4027580416,
			11811160064
		],
		[
			4027580416,
			11811160064
		],
		[
			4027580416,
			11811160064
		],
		[
			4027580416,
			11811160064
		],
		[
			4027580416,
			11811160064
		],
		[
			4027580416,
			11811160064
		],
		[
			4027580416,
			11811160064
		],
		[
			4027580416,
			11811160064
		],
		[
			4027580416,
			11811160064
		],
		[
			4027580416,
			11811160064
		],
		[
			4027580416,
			11811160064
		],
		[
			4027580416,
			11811160064
		],
		[
			4027580416,
			11811160064
		],
		[
			4027580416,
			11811160064
		],
		[
			4027580416,
			11811160064
		],
		[
			4027580416,
			11811160064
		],
		[
			4027580416,
			11811160064
		],
		[
			4027580416,
			11811160064
		],
		[
			4027580416,
			11811160064
		],
		[
			4027580416,
			11811160064
		],
		[
			4027580416,
			11811160064
		],
		[
			4027580416,
			11811160064
		],
		[
			4027580416,
			11811160064
		],
		[
			4027580416,
			11811160064
		],
		[
			4027580416,
			11811160064
		],
		[
			4027580416,
			11811160064
		],
		[
			4027580416,
			11811160064
		],
		[
			4027580416,
			11811160064
		],
		[
			4027580416,
			11811160064
		],
		[
			4027580416,
			11811160064
		],
		[
			4027580416,
			11811160064
		],
		[
			4027580416,
			11811160064
		],
		[
			4027580416,
			11811160064
		],
		[
			4027580416,
			11811160064
		],
		[
			4027580416,
			11811160064
		],
		[
			4027580416,
			11811160064
		],
		[
			4027580416,
			11811160064
		],
		[
			4027580416,
			11811160064
		],
		[
			4027580416,
			11811160064
		],
		[
			4027580416,
			11811160064
		],
		[
			4027580416,
			11811160064
		],
		[
			4027580416,
			11811160064
		],
		[
			4027580416,
			11811160064
		],
		[
			4027580416,
			11811160064
		],
		[
			4027580416,
			11811160064
		],
		[
			4027580416,
			11811160064
		],
		[
			4027580416,
			11811160064
		],
		[
			4027580416,
			11811160064
		],
		[
			4027580416,
			11811160064
		],
		[
			4027580416,
			11811160064
		],
		[
			4027580416,
			11811160064
		],
		[
			4027580416,
			11811160064
		],
		[
			4027580416,
			11811160064
		],
		[
			4027580416,
			11811160064
		],
		[
			4027580416,
			11811160064
		],
		[
			4027580416,
			11811160064
		],
		[
			4027580416,
			11811160064
		]
	],
	"utilization": [
		4,
		4,
		4,
		4,
		31,
		31,
		36,
		36,
		34,
		34,
		30,
		30,
		30,
		30,
		33,
		33,
		32,
		32,
		31,
		31,
		33,
		33,
		31,
		31,
		32,
		32,
		34,
		34,
		30,
		30,
		31,
		31,
		33,
		33,
		32,
		32,
		32,
		32,
		31,
		31,
		31,
		31,
		34,
		34,
		30,
		30,
		31,
		31,
		33,
		33,
		33,
		33,
		32,
		32,
		31,
		31,
		31,
		31,
		33,
		33,
		33,
		33,
		30,
		30,
		32,
		32,
		32,
		34,
		34,
		32,
		32,
		32,
		32,
		30,
		30,
		30,
		30,
		35,
		35,
		32,
		32,
		32,
		32,
		31,
		31,
		33,
		33,
		33,
		33,
		31
	],
	"computation_proportion": 65,
	"extra_dict": {}
}