{
	"model_name": "MobileNetV3S",
	"batch_size": 8,
	"duration_sec": 45,
	"mode": "train",
	"is_DDP": true,
	"process_group_backend": "gloo",
	"world_size": 4,
	"rank": 3,
	"local_rank": 0,
	"device_type": "gpu",
	"master_addr": "133.133.135.75",
	"master_port": 39920,
	"iteration_count": 103,
	"iteration_intervals": [
		1437835008,
		532649216,
		262153728,
		236851968,
		241482752,
		182061568,
		217869824,
		234782464,
		196647424,
		1142215936,
		1184792832,
		372734720,
		241630976,
		183866368,
		219313664,
		207459584,
		217868288,
		203429376,
		204269824,
		1096252160,
		360545024,
		244326144,
		240583936,
		175195392,
		218736384,
		207808000,
		392695808,
		499556608,
		250639616,
		353904128,
		1828162816,
		504738560,
		240350720,
		254125824,
		348124672,
		1705258496,
		497399552,
		251879936,
		353283328,
		1955699712,
		501421568,
		249500672,
		356335872,
		1949702400,
		386969856,
		336945408,
		189597952,
		307085056,
		1833700608,
		374321664,
		354425344,
		250968320,
		2068743936,
		383132416,
		346942720,
		250287872,
		1948209408,
		485585152,
		248134912,
		203676928,
		212457728,
		211772160,
		219818752,
		203040000,
		203793664,
		215830016,
		1094445312,
		263023872,
		235829760,
		237339648,
		208588288,
		207804416,
		209798912,
		206414080,
		214929664,
		210010880,
		207580416,
		218464000,
		206011392,
		206462720,
		216883712,
		210502912,
		211720448,
		1502765312,
		264172032,
		238911232,
		236344064,
		181104640,
		221892096,
		208913152,
		216200192,
		216464640,
		195418624,
		217106176,
		214602752,
		206118400,
		222338816,
		207160320,
		905888512,
		363361280,
		250749696,
		231448576,
		191319296
	],
	"iteration_intervals_avg": 432027553.9591837,
	"iteration_intervals_avg_second": 0.4320275539591837,
	"total_time_ns": 45051673600,
	"total_time_second": 45,
	"mem_infos": [
		[
			5197791232,
			5905580032
		],
		[
			5000658944,
			5905580032
		],
		[
			4782555136,
			5905580032
		],
		[
			4539285504,
			5905580032
		],
		[
			4539285504,
			5905580032
		],
		[
			4539285504,
			5905580032
		],
		[
			4539285504,
			5905580032
		],
		[
			4539285504,
			5905580032
		],
		[
			4539285504,
			5905580032
		],
		[
			4539285504,
			5905580032
		],
		[
			4539285504,
			5905580032
		],
		[
			4539285504,
			5905580032
		],
		[
			4539285504,
			5905580032
		],
		[
			4539285504,
			5905580032
		],
		[
			4539285504,
			5905580032
		],
		[
			4539285504,
			5905580032
		],
		[
			4539285504,
			5905580032
		],
		[
			4539285504,
			5905580032
		],
		[
			4539285504,
			5905580032
		],
		[
			4539285504,
			5905580032
		],
		[
			4539285504,
			5905580032
		],
		[
			4539285504,
			5905580032
		],
		[
			4539285504,
			5905580032
		],
		[
			4539285504,
			5905580032
		],
		[
			4539285504,
			5905580032
		],
		[
			4539285504,
			5905580032
		],
		[
			4539285504,
			5905580032
		],
		[
			4539285504,
			5905580032
		],
		[
			4539285504,
			5905580032
		],
		[
			4539285504,
			5905580032
		],
		[
			4539285504,
			5905580032
		],
		[
			4539285504,
			5905580032
		],
		[
			4539285504,
			5905580032
		],
		[
			4539285504,
			5905580032
		],
		[
			4539285504,
			5905580032
		],
		[
			4539285504,
			5905580032
		],
		[
			4539285504,
			5905580032
		],
		[
			4539285504,
			5905580032
		],
		[
			4539285504,
			5905580032
		],
		[
			4539285504,
			5905580032
		],
		[
			4539285504,
			5905580032
		],
		[
			4539285504,
			5905580032
		],
		[
			4539285504,
			5905580032
		],
		[
			4539285504,
			5905580032
		],
		[
			4539285504,
			5905580032
		],
		[
			4539285504,
			5905580032
		],
		[
			4539285504,
			5905580032
		],
		[
			4539285504,
			5905580032
		],
		[
			4539285504,
			5905580032
		],
		[
			4539285504,
			5905580032
		],
		[
			4539285504,
			5905580032
		],
		[
			4539285504,
			5905580032
		],
		[
			4539285504,
			5905580032
		],
		[
			4539285504,
			5905580032
		],
		[
			4539285504,
			5905580032
		],
		[
			4539285504,
			5905580032
		],
		[
			4539285504,
			5905580032
		],
		[
			4539285504,
			5905580032
		],
		[
			4539285504,
			5905580032
		],
		[
			4539285504,
			5905580032
		],
		[
			4539285504,
			5905580032
		],
		[
			4539285504,
			5905580032
		],
		[
			4539285504,
			5905580032
		],
		[
			4539285504,
			5905580032
		],
		[
			4539285504,
			5905580032
		],
		[
			4539285504,
			5905580032
		],
		[
			4539285504,
			5905580032
		],
		[
			4539285504,
			5905580032
		],
		[
			4539285504,
			5905580032
		],
		[
			4539285504,
			5905580032
		],
		[
			4539285504,
			5905580032
		],
		[
			4539285504,
			5905580032
		],
		[
			4539285504,
			5905580032
		],
		[
			4539285504,
			5905580032
		],
		[
			4539285504,
			5905580032
		],
		[
			4539285504,
			5905580032
		],
		[
			4539285504,
			5905580032
		],
		[
			4539285504,
			5905580032
		],
		[
			4539285504,
			5905580032
		],
		[
			4539285504,
			5905580032
		],
		[
			4539285504,
			5905580032
		],
		[
			4539285504,
			5905580032
		],
		[
			4539285504,
			5905580032
		],
		[
			4539285504,
			5905580032
		],
		[
			4539285504,
			5905580032
		],
		[
			4539285504,
			5905580032
		],
		[
			4539285504,
			5905580032
		],
		[
			4539285504,
			5905580032
		],
		[
			4539285504,
			5905580032
		],
		[
			4539285504,
			5905580032
		]
	],
	"utilization": [
		27,
		29,
		29,
		39,
		39,
		14,
		14,
		18,
		18,
		11,
		11,
		3,
		3,
		11,
		11,
		20,
		20,
		14,
		14,
		10,
		10,
		21,
		21,
		12,
		12,
		9,
		9,
		0,
		0,
		10,
		10,
		15,
		15,
		0,
		0,
		10,
		10,
		9,
		9,
		0,
		0,
		9,
		9,
		10,
		10,
		0,
		0,
		10,
		10,
		14,
		14,
		0,
		0,
		10,
		10,
		10,
		10,
		0,
		0,
		10,
		10,
		9,
		9,
		0,
		0,
		9,
		9,
		20,
		20,
		16,
		16,
		8,
		8,
		19,
		19,
		22,
		22,
		22,
		22,
		3,
		3,
		9,
		9,
		18,
		18,
		21,
		21,
		18,
		18,
		10
	],
	"computation_proportion": 5,
	"extra_dict": {}
}