{
	"model_name": "ResNet50",
	"batch_size": 4,
	"duration_sec": 45,
	"mode": "train",
	"is_DDP": true,
	"process_group_backend": "gloo",
	"world_size": 2,
	"rank": 1,
	"local_rank": 0,
	"device_type": "gpu",
	"master_addr": "133.133.135.75",
	"master_port": 39920,
	"iteration_count": 43,
	"iteration_intervals": [
		1469483520,
		131980032,
		2645761280,
		735401984,
		485214720,
		1097302528,
		1957151744,
		610598656,
		728191744,
		2082361600,
		859077376,
		611223296,
		734433024,
		2194264064,
		739270144,
		683617280,
		1100422912,
		1831134976,
		607106304,
		616681984,
		2073688320,
		978671872,
		488463616,
		2338169856,
		985040128,
		483041536,
		609206528,
		1583811584,
		1110558464,
		600360192,
		497926400,
		725251328,
		1593378816,
		885911552,
		486429696,
		482955520,
		737360128,
		2079952896,
		611595520,
		607412736,
		1950035200,
		1103144704,
		493745920
	],
	"iteration_intervals_avg": 1051551319.5789474,
	"iteration_intervals_avg_second": 1.0515513195789474,
	"total_time_ns": 45427506432,
	"total_time_second": 45,
	"mem_infos": [
		[
			10964959232,
			11811160064
		],
		[
			10742661120,
			11811160064
		],
		[
			10522460160,
			11811160064
		],
		[
			9683599360,
			11811160064
		],
		[
			9683599360,
			11811160064
		],
		[
			9683599360,
			11811160064
		],
		[
			9683599360,
			11811160064
		],
		[
			9683599360,
			11811160064
		],
		[
			9683599360,
			11811160064
		],
		[
			9683599360,
			11811160064
		],
		[
			9683599360,
			11811160064
		],
		[
			9683599360,
			11811160064
		],
		[
			9683599360,
			11811160064
		],
		[
			9683599360,
			11811160064
		],
		[
			9683599360,
			11811160064
		],
		[
			9683599360,
			11811160064
		],
		[
			9683599360,
			11811160064
		],
		[
			9683599360,
			11811160064
		],
		[
			9683599360,
			11811160064
		],
		[
			9683599360,
			11811160064
		],
		[
			9683599360,
			11811160064
		],
		[
			9683599360,
			11811160064
		],
		[
			9683599360,
			11811160064
		],
		[
			9683599360,
			11811160064
		],
		[
			9683599360,
			11811160064
		],
		[
			9683599360,
			11811160064
		],
		[
			9683599360,
			11811160064
		],
		[
			9683599360,
			11811160064
		],
		[
			9683599360,
			11811160064
		],
		[
			9683599360,
			11811160064
		],
		[
			9683599360,
			11811160064
		],
		[
			9683599360,
			11811160064
		],
		[
			9683599360,
			11811160064
		],
		[
			9683599360,
			11811160064
		],
		[
			9683599360,
			11811160064
		],
		[
			9683599360,
			11811160064
		],
		[
			9683599360,
			11811160064
		],
		[
			9683599360,
			11811160064
		],
		[
			9683599360,
			11811160064
		],
		[
			9683599360,
			11811160064
		],
		[
			9683599360,
			11811160064
		],
		[
			9683599360,
			11811160064
		],
		[
			9683599360,
			11811160064
		],
		[
			9683599360,
			11811160064
		],
		[
			9683599360,
			11811160064
		],
		[
			9683599360,
			11811160064
		],
		[
			9683599360,
			11811160064
		],
		[
			9683599360,
			11811160064
		],
		[
			9683599360,
			11811160064
		],
		[
			9683599360,
			11811160064
		],
		[
			9683599360,
			11811160064
		],
		[
			9683599360,
			11811160064
		],
		[
			9683599360,
			11811160064
		],
		[
			9683599360,
			11811160064
		],
		[
			9683599360,
			11811160064
		],
		[
			9683599360,
			11811160064
		],
		[
			9683599360,
			11811160064
		],
		[
			9683599360,
			11811160064
		],
		[
			9683599360,
			11811160064
		],
		[
			9683599360,
			11811160064
		],
		[
			9683599360,
			11811160064
		],
		[
			9683599360,
			11811160064
		],
		[
			9683599360,
			11811160064
		],
		[
			9683599360,
			11811160064
		],
		[
			9683599360,
			11811160064
		],
		[
			9683599360,
			11811160064
		],
		[
			9683599360,
			11811160064
		],
		[
			9683599360,
			11811160064
		],
		[
			9683599360,
			11811160064
		],
		[
			9683599360,
			11811160064
		],
		[
			9683599360,
			11811160064
		],
		[
			9683599360,
			11811160064
		],
		[
			9683599360,
			11811160064
		],
		[
			9683599360,
			11811160064
		],
		[
			9683599360,
			11811160064
		],
		[
			9683599360,
			11811160064
		],
		[
			9683599360,
			11811160064
		],
		[
			9683599360,
			11811160064
		],
		[
			9683599360,
			11811160064
		],
		[
			9683599360,
			11811160064
		],
		[
			9683599360,
			11811160064
		],
		[
			9683599360,
			11811160064
		],
		[
			9683599360,
			11811160064
		],
		[
			9683599360,
			11811160064
		],
		[
			9683599360,
			11811160064
		],
		[
			9683599360,
			11811160064
		],
		[
			9683599360,
			11811160064
		],
		[
			9683599360,
			11811160064
		],
		[
			9683599360,
			11811160064
		],
		[
			9683599360,
			11811160064
		]
	],
	"utilization": [
		2,
		10,
		10,
		8,
		8,
		18,
		18,
		0,
		0,
		2,
		2,
		9,
		9,
		9,
		9,
		0,
		0,
		6,
		6,
		6,
		6,
		9,
		9,
		3,
		3,
		1,
		1,
		10,
		10,
		6,
		6,
		4,
		4,
		3,
		3,
		9,
		9,
		9,
		9,
		1,
		1,
		5,
		5,
		7,
		7,
		7,
		7,
		4,
		4,
		1,
		1,
		11,
		11,
		6,
		6,
		0,
		0,
		4,
		4,
		9,
		9,
		9,
		9,
		3,
		3,
		6,
		6,
		9,
		9,
		10,
		10,
		5,
		5,
		3,
		3,
		11,
		11,
		12,
		12,
		1,
		1,
		5,
		5,
		7,
		7,
		11,
		11,
		1,
		1,
		3
	],
	"computation_proportion": 5,
	"extra_dict": {}
}