{
	"model_name": "ShuffleNet",
	"batch_size": 256,
	"duration_sec": 45,
	"mode": "train",
	"is_DDP": true,
	"process_group_backend": "gloo",
	"world_size": 2,
	"rank": 1,
	"local_rank": 0,
	"device_type": "gpu",
	"master_addr": "133.133.135.74",
	"master_port": 39920,
	"iteration_count": 143,
	"iteration_intervals": [
		1736997120,
		429692928,
		357040896,
		359578624,
		314914560,
		302302720,
		323620096,
		293224960,
		311941632,
		304677120,
		313602560,
		294431488,
		311145984,
		303347968,
		313294592,
		292736512,
		321011200,
		292971264,
		314127616,
		294415104,
		321477376,
		292576256,
		312926720,
		293692928,
		323323392,
		293236224,
		323439616,
		281529600,
		327767296,
		284423680,
		323466496,
		296226816,
		315487744,
		292723456,
		316435456,
		293682176,
		318596352,
		293404416,
		323518208,
		288805888,
		325231104,
		278231040,
		329459968,
		286535424,
		331923712,
		280649728,
		325039360,
		289463808,
		326725120,
		281622528,
		326779904,
		282488832,
		332506112,
		273371904,
		334641920,
		281088256,
		332752896,
		282686720,
		331813376,
		282554624,
		332715008,
		273642752,
		331145216,
		284306432,
		335314176,
		273428224,
		333385472,
		272130560,
		338391296,
		275730688,
		346799616,
		261373952,
		340795392,
		272015104,
		342500608,
		271610880,
		342567424,
		273745152,
		350408704,
		260789504,
		340456448,
		262364160,
		342322688,
		271347200,
		348640256,
		266695936,
		346651648,
		266494976,
		340789248,
		270847232,
		342761216,
		272194048,
		338846720,
		268719616,
		348368640,
		268187904,
		342201344,
		265571072,
		345646848,
		261264128,
		334459136,
		272389376,
		268509952,
		345196032,
		254350592,
		342577920,
		268117504,
		267447296,
		336005632,
		264057600,
		341970176,
		268143360,
		351062528,
		257174016,
		353110016,
		258107136,
		356846336,
		261538560,
		348130304,
		258802944,
		339067648,
		269289984,
		341094912,
		268942592,
		351829760,
		263734784,
		341767936,
		272292096,
		343203584,
		266657280,
		341480704,
		271002624,
		336838912,
		270517504,
		344645376,
		271185152,
		353768704,
		261252096,
		334974464,
		272391168,
		261401600,
		344085760,
		263744512
	],
	"iteration_intervals_avg": 304605002.20289856,
	"iteration_intervals_avg_second": 0.30460500220289854,
	"total_time_ns": 45234783488,
	"total_time_second": 45,
	"mem_infos": [
		[
			11269046272,
			11811160064
		],
		[
			10568597504,
			11811160064
		],
		[
			10319036416,
			11811160064
		],
		[
			3981443072,
			11811160064
		],
		[
			3973054464,
			11811160064
		],
		[
			3973054464,
			11811160064
		],
		[
			3973054464,
			11811160064
		],
		[
			3973054464,
			11811160064
		],
		[
			3973054464,
			11811160064
		],
		[
			3973054464,
			11811160064
		],
		[
			3973054464,
			11811160064
		],
		[
			3973054464,
			11811160064
		],
		[
			3973054464,
			11811160064
		],
		[
			3973054464,
			11811160064
		],
		[
			3973054464,
			11811160064
		],
		[
			3973054464,
			11811160064
		],
		[
			3973054464,
			11811160064
		],
		[
			3973054464,
			11811160064
		],
		[
			3973054464,
			11811160064
		],
		[
			3973054464,
			11811160064
		],
		[
			3973054464,
			11811160064
		],
		[
			3973054464,
			11811160064
		],
		[
			3973054464,
			11811160064
		],
		[
			3973054464,
			11811160064
		],
		[
			3973054464,
			11811160064
		],
		[
			3973054464,
			11811160064
		],
		[
			3973054464,
			11811160064
		],
		[
			3973054464,
			11811160064
		],
		[
			3973054464,
			11811160064
		],
		[
			3973054464,
			11811160064
		],
		[
			3973054464,
			11811160064
		],
		[
			3973054464,
			11811160064
		],
		[
			3973054464,
			11811160064
		],
		[
			3973054464,
			11811160064
		],
		[
			3973054464,
			11811160064
		],
		[
			3973054464,
			11811160064
		],
		[
			3973054464,
			11811160064
		],
		[
			3973054464,
			11811160064
		],
		[
			3973054464,
			11811160064
		],
		[
			3973054464,
			11811160064
		],
		[
			3973054464,
			11811160064
		],
		[
			3973054464,
			11811160064
		],
		[
			3973054464,
			11811160064
		],
		[
			3973054464,
			11811160064
		],
		[
			3973054464,
			11811160064
		],
		[
			3973054464,
			11811160064
		],
		[
			3973054464,
			11811160064
		],
		[
			3973054464,
			11811160064
		],
		[
			3973054464,
			11811160064
		],
		[
			3973054464,
			11811160064
		],
		[
			3973054464,
			11811160064
		],
		[
			3973054464,
			11811160064
		],
		[
			3973054464,
			11811160064
		],
		[
			3973054464,
			11811160064
		],
		[
			3973054464,
			11811160064
		],
		[
			3973054464,
			11811160064
		],
		[
			3973054464,
			11811160064
		],
		[
			3973054464,
			11811160064
		],
		[
			3973054464,
			11811160064
		],
		[
			3973054464,
			11811160064
		],
		[
			3973054464,
			11811160064
		],
		[
			3973054464,
			11811160064
		],
		[
			3973054464,
			11811160064
		],
		[
			3973054464,
			11811160064
		],
		[
			3973054464,
			11811160064
		],
		[
			3973054464,
			11811160064
		],
		[
			3973054464,
			11811160064
		],
		[
			3973054464,
			11811160064
		],
		[
			3973054464,
			11811160064
		],
		[
			3973054464,
			11811160064
		],
		[
			3973054464,
			11811160064
		],
		[
			3973054464,
			11811160064
		],
		[
			3973054464,
			11811160064
		],
		[
			3973054464,
			11811160064
		],
		[
			3973054464,
			11811160064
		],
		[
			3973054464,
			11811160064
		],
		[
			3973054464,
			11811160064
		],
		[
			3973054464,
			11811160064
		],
		[
			3973054464,
			11811160064
		],
		[
			3973054464,
			11811160064
		],
		[
			3973054464,
			11811160064
		],
		[
			3973054464,
			11811160064
		],
		[
			3973054464,
			11811160064
		],
		[
			3973054464,
			11811160064
		],
		[
			3973054464,
			11811160064
		],
		[
			3973054464,
			11811160064
		],
		[
			3973054464,
			11811160064
		],
		[
			3973054464,
			11811160064
		],
		[
			3973054464,
			11811160064
		],
		[
			3973054464,
			11811160064
		]
	],
	"utilization": [
		5,
		5,
		4,
		4,
		29,
		29,
		29,
		29,
		43,
		43,
		39,
		39,
		42,
		42,
		42,
		42,
		40,
		40,
		41,
		41,
		43,
		43,
		39,
		39,
		39,
		40,
		40,
		45,
		45,
		40,
		40,
		40,
		40,
		41,
		41,
		43,
		43,
		41,
		41,
		39,
		39,
		42,
		42,
		44,
		44,
		38,
		38,
		42,
		42,
		44,
		44,
		39,
		39,
		42,
		42,
		42,
		42,
		41,
		41,
		42,
		42,
		42,
		42,
		40,
		40,
		43,
		43,
		44,
		44,
		40,
		40,
		42,
		42,
		44,
		44,
		39,
		39,
		44,
		44,
		42,
		42,
		40,
		40,
		44,
		44,
		41,
		41,
		40,
		40,
		42
	],
	"computation_proportion": 50,
	"extra_dict": {}
}