{
	"model_name": "GhostNet",
	"batch_size": 64,
	"duration_sec": 45,
	"mode": "train",
	"is_DDP": true,
	"process_group_backend": "gloo",
	"world_size": 4,
	"rank": 1,
	"local_rank": 0,
	"device_type": "gpu",
	"master_addr": "133.133.135.75",
	"master_port": 39920,
	"iteration_count": 126,
	"iteration_intervals": [
		1514789888,
		234341888,
		243998976,
		227534592,
		217154560,
		236695552,
		245703424,
		261903104,
		257914880,
		327632640,
		276305920,
		384737024,
		355641088,
		249227776,
		451580160,
		490990080,
		605778944,
		506772736,
		610281984,
		363437312,
		270503424,
		342793984,
		205095680,
		233925120,
		239432704,
		252563968,
		290024192,
		269965056,
		355309056,
		490743296,
		607337984,
		368071168,
		260771072,
		342531328,
		273255680,
		347611392,
		257908736,
		263332096,
		228205056,
		240475904,
		233827328,
		241813760,
		249577472,
		476758272,
		621208832,
		383387904,
		467323648,
		367201536,
		362918400,
		271134720,
		344030464,
		268808704,
		360596736,
		369365248,
		362311936,
		473660416,
		373866752,
		361782784,
		252968704,
		252537856,
		246659840,
		238049792,
		255272960,
		345917696,
		255624192,
		363912960,
		479535872,
		362105856,
		268144896,
		360413184,
		361763072,
		282474752,
		323861504,
		251625728,
		231191808,
		267614720,
		353585664,
		254806528,
		239285248,
		370079232,
		357401344,
		376491776,
		497676544,
		602967040,
		607410176,
		498905344,
		488917760,
		363465984,
		252797952,
		258206720,
		247644416,
		233190656,
		233391360,
		200704512,
		256635136,
		264866560,
		479025408,
		1334660608,
		1098324736,
		615559680,
		611534848,
		376816896,
		358451712,
		291971584,
		250082048,
		272388864,
		332316928,
		241843200,
		246629120,
		242862336,
		263399680,
		371012608,
		358248960,
		357735936,
		259389440,
		304057600,
		263237888,
		250940416,
		266386176,
		250267392,
		300068096,
		261167872,
		474687232,
		487846912,
		498861824,
		363982848
	],
	"iteration_intervals_avg": 353685112.59504133,
	"iteration_intervals_avg_second": 0.3536851125950413,
	"total_time_ns": 45234852608,
	"total_time_second": 45,
	"mem_infos": [
		[
			5363466240,
			5905580032
		],
		[
			4818206720,
			5905580032
		],
		[
			4598005760,
			5905580032
		],
		[
			1466957824,
			5905580032
		],
		[
			1466957824,
			5905580032
		],
		[
			1466957824,
			5905580032
		],
		[
			1466957824,
			5905580032
		],
		[
			1466957824,
			5905580032
		],
		[
			1466957824,
			5905580032
		],
		[
			1466957824,
			5905580032
		],
		[
			1466957824,
			5905580032
		],
		[
			1466957824,
			5905580032
		],
		[
			1466957824,
			5905580032
		],
		[
			1466957824,
			5905580032
		],
		[
			1466957824,
			5905580032
		],
		[
			1466957824,
			5905580032
		],
		[
			1466957824,
			5905580032
		],
		[
			1466957824,
			5905580032
		],
		[
			1466957824,
			5905580032
		],
		[
			1466957824,
			5905580032
		],
		[
			1466957824,
			5905580032
		],
		[
			1466957824,
			5905580032
		],
		[
			1466957824,
			5905580032
		],
		[
			1466957824,
			5905580032
		],
		[
			1466957824,
			5905580032
		],
		[
			1466957824,
			5905580032
		],
		[
			1466957824,
			5905580032
		],
		[
			1466957824,
			5905580032
		],
		[
			1466957824,
			5905580032
		],
		[
			1466957824,
			5905580032
		],
		[
			1466957824,
			5905580032
		],
		[
			1466957824,
			5905580032
		],
		[
			1466957824,
			5905580032
		],
		[
			1466957824,
			5905580032
		],
		[
			1466957824,
			5905580032
		],
		[
			1466957824,
			5905580032
		],
		[
			1466957824,
			5905580032
		],
		[
			1466957824,
			5905580032
		],
		[
			1466957824,
			5905580032
		],
		[
			1466957824,
			5905580032
		],
		[
			1466957824,
			5905580032
		],
		[
			1466957824,
			5905580032
		],
		[
			1466957824,
			5905580032
		],
		[
			1466957824,
			5905580032
		],
		[
			1466957824,
			5905580032
		],
		[
			1466957824,
			5905580032
		],
		[
			1466957824,
			5905580032
		],
		[
			1466957824,
			5905580032
		],
		[
			1466957824,
			5905580032
		],
		[
			1466957824,
			5905580032
		],
		[
			1466957824,
			5905580032
		],
		[
			1466957824,
			5905580032
		],
		[
			1466957824,
			5905580032
		],
		[
			1466957824,
			5905580032
		],
		[
			1466957824,
			5905580032
		],
		[
			1466957824,
			5905580032
		],
		[
			1466957824,
			5905580032
		],
		[
			1466957824,
			5905580032
		],
		[
			1466957824,
			5905580032
		],
		[
			1466957824,
			5905580032
		],
		[
			1466957824,
			5905580032
		],
		[
			1466957824,
			5905580032
		],
		[
			1466957824,
			5905580032
		],
		[
			1466957824,
			5905580032
		],
		[
			1466957824,
			5905580032
		],
		[
			1466957824,
			5905580032
		],
		[
			1466957824,
			5905580032
		],
		[
			1466957824,
			5905580032
		],
		[
			1466957824,
			5905580032
		],
		[
			1466957824,
			5905580032
		],
		[
			1466957824,
			5905580032
		],
		[
			1466957824,
			5905580032
		],
		[
			1466957824,
			5905580032
		],
		[
			1466957824,
			5905580032
		],
		[
			1466957824,
			5905580032
		],
		[
			1466957824,
			5905580032
		],
		[
			1466957824,
			5905580032
		],
		[
			1466957824,
			5905580032
		],
		[
			1466957824,
			5905580032
		],
		[
			1466957824,
			5905580032
		],
		[
			1466957824,
			5905580032
		],
		[
			1466957824,
			5905580032
		],
		[
			1466957824,
			5905580032
		],
		[
			1466957824,
			5905580032
		],
		[
			1466957824,
			5905580032
		],
		[
			1466957824,
			5905580032
		],
		[
			1466957824,
			5905580032
		],
		[
			1466957824,
			5905580032
		],
		[
			1466957824,
			5905580032
		],
		[
			1466957824,
			5905580032
		]
	],
	"utilization": [
		5,
		10,
		10,
		27,
		27,
		61,
		61,
		61,
		61,
		47,
		47,
		43,
		43,
		28,
		28,
		27,
		27,
		42,
		42,
		57,
		57,
		54,
		54,
		31,
		31,
		46,
		46,
		51,
		51,
		66,
		66,
		46,
		46,
		31,
		31,
		36,
		36,
		53,
		53,
		42,
		42,
		44,
		44,
		52,
		52,
		60,
		60,
		41,
		41,
		46,
		46,
		48,
		48,
		53,
		53,
		52,
		52,
		30,
		30,
		27,
		27,
		29,
		29,
		44,
		44,
		65,
		65,
		46,
		46,
		12,
		12,
		15,
		15,
		18,
		18,
		32,
		32,
		54,
		54,
		53,
		53,
		51,
		51,
		50,
		50,
		58,
		58,
		49,
		49,
		32
	],
	"computation_proportion": 30,
	"extra_dict": {}
}