{
	"model_name": "GhostNet",
	"batch_size": 64,
	"duration_sec": 45,
	"mode": "train",
	"is_DDP": true,
	"process_group_backend": "gloo",
	"world_size": 4,
	"rank": 3,
	"local_rank": 0,
	"device_type": "gpu",
	"master_addr": "133.133.135.75",
	"master_port": 39920,
	"iteration_count": 126,
	"iteration_intervals": [
		1472825344,
		266496768,
		223562240,
		231564288,
		216689920,
		233091328,
		256476928,
		255136768,
		259077376,
		337127936,
		277714176,
		384178176,
		356909056,
		246645760,
		441600768,
		490155776,
		606490624,
		506981888,
		610322176,
		363737856,
		269885696,
		338662400,
		210631936,
		241560320,
		240542720,
		252374528,
		294664704,
		260935936,
		361760512,
		490524160,
		607393024,
		368493568,
		260821504,
		342909184,
		272608000,
		346636288,
		264370944,
		258064384,
		227077632,
		236914944,
		236353280,
		242817792,
		249233920,
		477985536,
		620506368,
		382432768,
		468366848,
		366566656,
		363997952,
		271003904,
		344900864,
		267325952,
		360669440,
		369139712,
		363171840,
		472748544,
		373332992,
		361901056,
		253639936,
		252456448,
		246927616,
		237970176,
		255494144,
		345612032,
		256496384,
		363577600,
		479355136,
		362291200,
		268004352,
		348094976,
		362133504,
		281331712,
		325284096,
		250998784,
		233187584,
		266747136,
		351283712,
		256793600,
		239636480,
		368929024,
		358475520,
		375406848,
		498424320,
		595120384,
		612322816,
		497315072,
		493403392,
		363329024,
		260280832,
		249835776,
		247956736,
		235010560,
		231636992,
		204254720,
		254758144,
		265464832,
		477323008,
		1336783616,
		1094317824,
		618595584,
		610790912,
		378116096,
		358553856,
		290119936,
		249804288,
		265503232,
		338907648,
		242418432,
		256915712,
		242556416,
		263970816,
		364878848,
		363473152,
		358507776,
		259746816,
		294461440,
		262920704,
		251843840,
		274344704,
		251158016,
		302618112,
		258263296,
		475507200,
		487900928,
		498819840,
		364081152
	],
	"iteration_intervals_avg": 353779993.38842976,
	"iteration_intervals_avg_second": 0.35377999338842975,
	"total_time_ns": 45219785216,
	"total_time_second": 45,
	"mem_infos": [
		[
			5363466240,
			5905580032
		],
		[
			4816109568,
			5905580032
		],
		[
			4598005760,
			5905580032
		],
		[
			1466957824,
			5905580032
		],
		[
			1466957824,
			5905580032
		],
		[
			1466957824,
			5905580032
		],
		[
			1466957824,
			5905580032
		],
		[
			1466957824,
			5905580032
		],
		[
			1466957824,
			5905580032
		],
		[
			1466957824,
			5905580032
		],
		[
			1466957824,
			5905580032
		],
		[
			1466957824,
			5905580032
		],
		[
			1466957824,
			5905580032
		],
		[
			1466957824,
			5905580032
		],
		[
			1466957824,
			5905580032
		],
		[
			1466957824,
			5905580032
		],
		[
			1466957824,
			5905580032
		],
		[
			1466957824,
			5905580032
		],
		[
			1466957824,
			5905580032
		],
		[
			1466957824,
			5905580032
		],
		[
			1466957824,
			5905580032
		],
		[
			1466957824,
			5905580032
		],
		[
			1466957824,
			5905580032
		],
		[
			1466957824,
			5905580032
		],
		[
			1466957824,
			5905580032
		],
		[
			1466957824,
			5905580032
		],
		[
			1466957824,
			5905580032
		],
		[
			1466957824,
			5905580032
		],
		[
			1466957824,
			5905580032
		],
		[
			1466957824,
			5905580032
		],
		[
			1466957824,
			5905580032
		],
		[
			1466957824,
			5905580032
		],
		[
			1466957824,
			5905580032
		],
		[
			1466957824,
			5905580032
		],
		[
			1466957824,
			5905580032
		],
		[
			1466957824,
			5905580032
		],
		[
			1466957824,
			5905580032
		],
		[
			1466957824,
			5905580032
		],
		[
			1466957824,
			5905580032
		],
		[
			1466957824,
			5905580032
		],
		[
			1466957824,
			5905580032
		],
		[
			1466957824,
			5905580032
		],
		[
			1466957824,
			5905580032
		],
		[
			1466957824,
			5905580032
		],
		[
			1466957824,
			5905580032
		],
		[
			1466957824,
			5905580032
		],
		[
			1466957824,
			5905580032
		],
		[
			1466957824,
			5905580032
		],
		[
			1466957824,
			5905580032
		],
		[
			1466957824,
			5905580032
		],
		[
			1466957824,
			5905580032
		],
		[
			1466957824,
			5905580032
		],
		[
			1466957824,
			5905580032
		],
		[
			1466957824,
			5905580032
		],
		[
			1466957824,
			5905580032
		],
		[
			1466957824,
			5905580032
		],
		[
			1466957824,
			5905580032
		],
		[
			1466957824,
			5905580032
		],
		[
			1466957824,
			5905580032
		],
		[
			1466957824,
			5905580032
		],
		[
			1466957824,
			5905580032
		],
		[
			1466957824,
			5905580032
		],
		[
			1466957824,
			5905580032
		],
		[
			1466957824,
			5905580032
		],
		[
			1466957824,
			5905580032
		],
		[
			1466957824,
			5905580032
		],
		[
			1466957824,
			5905580032
		],
		[
			1466957824,
			5905580032
		],
		[
			1466957824,
			5905580032
		],
		[
			1466957824,
			5905580032
		],
		[
			1466957824,
			5905580032
		],
		[
			1466957824,
			5905580032
		],
		[
			1466957824,
			5905580032
		],
		[
			1466957824,
			5905580032
		],
		[
			1466957824,
			5905580032
		],
		[
			1466957824,
			5905580032
		],
		[
			1466957824,
			5905580032
		],
		[
			1466957824,
			5905580032
		],
		[
			1466957824,
			5905580032
		],
		[
			1466957824,
			5905580032
		],
		[
			1466957824,
			5905580032
		],
		[
			1466957824,
			5905580032
		],
		[
			1466957824,
			5905580032
		],
		[
			1466957824,
			5905580032
		],
		[
			1466957824,
			5905580032
		],
		[
			1466957824,
			5905580032
		],
		[
			1466957824,
			5905580032
		],
		[
			1466957824,
			5905580032
		],
		[
			1466957824,
			5905580032
		],
		[
			1466957824,
			5905580032
		]
	],
	"utilization": [
		11,
		11,
		11,
		11,
		11,
		57,
		57,
		67,
		67,
		51,
		51,
		45,
		45,
		36,
		36,
		22,
		22,
		34,
		34,
		58,
		58,
		59,
		59,
		38,
		38,
		33,
		33,
		45,
		45,
		59,
		59,
		60,
		60,
		28,
		28,
		31,
		31,
		45,
		45,
		44,
		44,
		40,
		40,
		47,
		47,
		58,
		58,
		43,
		43,
		44,
		44,
		50,
		50,
		55,
		55,
		53,
		53,
		46,
		46,
		23,
		23,
		25,
		25,
		43,
		43,
		65,
		65,
		59,
		59,
		17,
		17,
		12,
		12,
		16,
		16,
		25,
		25,
		47,
		47,
		56,
		56,
		60,
		60,
		40,
		40,
		59,
		59,
		53,
		53,
		33
	],
	"computation_proportion": 30,
	"extra_dict": {}
}