{
	"model_name": "MobileNetV3S",
	"batch_size": 8,
	"duration_sec": 45,
	"mode": "train",
	"is_DDP": true,
	"process_group_backend": "gloo",
	"world_size": 4,
	"rank": 2,
	"local_rank": 0,
	"device_type": "gpu",
	"master_addr": "133.133.135.75",
	"master_port": 39920,
	"iteration_count": 98,
	"iteration_intervals": [
		1314199296,
		84900352,
		51174144,
		70039808,
		528730112,
		493144320,
		264553472,
		242017536,
		209243904,
		1355501056,
		358682880,
		245550848,
		482907904,
		1851086848,
		359929344,
		229014272,
		136778496,
		231273728,
		111664384,
		142202112,
		130221568,
		123763200,
		1444878080,
		370081536,
		247225856,
		366596352,
		1949662720,
		379714560,
		242449920,
		256985600,
		356802560,
		1831299072,
		370958592,
		241863168,
		356988416,
		980170240,
		371839744,
		245275648,
		243066112,
		361400832,
		732674560,
		372364032,
		249831168,
		233220352,
		134318848,
		141365760,
		204431616,
		131913216,
		118714112,
		1338484480,
		497571584,
		253013248,
		244637184,
		227809536,
		131151360,
		129034240,
		134171648,
		129481984,
		118786560,
		111210240,
		113463296,
		112207104,
		116456704,
		69652992,
		92403968,
		584647936,
		368914176,
		246923008,
		1583713536,
		365089536,
		251322880,
		226480128,
		138099456,
		940934912,
		289739520,
		242171136,
		235918080,
		138102016,
		335949568,
		255172352,
		1458989824,
		372419072,
		352747776,
		259463424,
		1944941568,
		487064320,
		252913920,
		238924288,
		241602816,
		1835608064,
		490025728,
		244055040,
		253395200,
		2187452928,
		364229376,
		254675968,
		359086336,
		1967109120
	],
	"iteration_intervals_avg": 467645673.97849464,
	"iteration_intervals_avg_second": 0.46764567397849466,
	"total_time_ns": 45542384640,
	"total_time_second": 45,
	"mem_infos": [
		[
			5197791232,
			5905580032
		],
		[
			5009047552,
			5905580032
		],
		[
			4805623808,
			5905580032
		],
		[
			4539285504,
			5905580032
		],
		[
			4539285504,
			5905580032
		],
		[
			4539285504,
			5905580032
		],
		[
			4539285504,
			5905580032
		],
		[
			4539285504,
			5905580032
		],
		[
			4539285504,
			5905580032
		],
		[
			4539285504,
			5905580032
		],
		[
			4539285504,
			5905580032
		],
		[
			4539285504,
			5905580032
		],
		[
			4539285504,
			5905580032
		],
		[
			4539285504,
			5905580032
		],
		[
			4539285504,
			5905580032
		],
		[
			4539285504,
			5905580032
		],
		[
			4539285504,
			5905580032
		],
		[
			4539285504,
			5905580032
		],
		[
			4539285504,
			5905580032
		],
		[
			4539285504,
			5905580032
		],
		[
			4539285504,
			5905580032
		],
		[
			4539285504,
			5905580032
		],
		[
			4539285504,
			5905580032
		],
		[
			4539285504,
			5905580032
		],
		[
			4539285504,
			5905580032
		],
		[
			4539285504,
			5905580032
		],
		[
			4539285504,
			5905580032
		],
		[
			4539285504,
			5905580032
		],
		[
			4539285504,
			5905580032
		],
		[
			4539285504,
			5905580032
		],
		[
			4539285504,
			5905580032
		],
		[
			4539285504,
			5905580032
		],
		[
			4539285504,
			5905580032
		],
		[
			4539285504,
			5905580032
		],
		[
			4539285504,
			5905580032
		],
		[
			4539285504,
			5905580032
		],
		[
			4539285504,
			5905580032
		],
		[
			4539285504,
			5905580032
		],
		[
			4539285504,
			5905580032
		],
		[
			4539285504,
			5905580032
		],
		[
			4539285504,
			5905580032
		],
		[
			4539285504,
			5905580032
		],
		[
			4539285504,
			5905580032
		],
		[
			4539285504,
			5905580032
		],
		[
			4539285504,
			5905580032
		],
		[
			4539285504,
			5905580032
		],
		[
			4539285504,
			5905580032
		],
		[
			4539285504,
			5905580032
		],
		[
			4539285504,
			5905580032
		],
		[
			4539285504,
			5905580032
		],
		[
			4539285504,
			5905580032
		],
		[
			4539285504,
			5905580032
		],
		[
			4539285504,
			5905580032
		],
		[
			4539285504,
			5905580032
		],
		[
			4539285504,
			5905580032
		],
		[
			4539285504,
			5905580032
		],
		[
			4539285504,
			5905580032
		],
		[
			4539285504,
			5905580032
		],
		[
			4539285504,
			5905580032
		],
		[
			4539285504,
			5905580032
		],
		[
			4539285504,
			5905580032
		],
		[
			4539285504,
			5905580032
		],
		[
			4539285504,
			5905580032
		],
		[
			4539285504,
			5905580032
		],
		[
			4539285504,
			5905580032
		],
		[
			4539285504,
			5905580032
		],
		[
			4539285504,
			5905580032
		],
		[
			4539285504,
			5905580032
		],
		[
			4539285504,
			5905580032
		],
		[
			4539285504,
			5905580032
		],
		[
			4539285504,
			5905580032
		],
		[
			4539285504,
			5905580032
		],
		[
			4539285504,
			5905580032
		],
		[
			4539285504,
			5905580032
		],
		[
			4539285504,
			5905580032
		],
		[
			4539285504,
			5905580032
		],
		[
			4539285504,
			5905580032
		],
		[
			4539285504,
			5905580032
		],
		[
			4539285504,
			5905580032
		],
		[
			4539285504,
			5905580032
		],
		[
			4539285504,
			5905580032
		],
		[
			4539285504,
			5905580032
		],
		[
			4539285504,
			5905580032
		],
		[
			4539285504,
			5905580032
		],
		[
			4539285504,
			5905580032
		],
		[
			4539285504,
			5905580032
		],
		[
			4539285504,
			5905580032
		],
		[
			4539285504,
			5905580032
		],
		[
			4539285504,
			5905580032
		],
		[
			4539285504,
			5905580032
		]
	],
	"utilization": [
		42,
		42,
		37,
		37,
		40,
		40,
		11,
		11,
		8,
		8,
		5,
		5,
		17,
		17,
		0,
		0,
		7,
		7,
		33,
		33,
		10,
		10,
		9,
		9,
		11,
		11,
		0,
		0,
		10,
		10,
		17,
		17,
		0,
		0,
		11,
		11,
		9,
		9,
		10,
		10,
		14,
		14,
		8,
		8,
		32,
		32,
		6,
		6,
		8,
		8,
		31,
		31,
		46,
		46,
		9,
		9,
		4,
		4,
		7,
		7,
		16,
		16,
		9,
		9,
		21,
		21,
		4,
		4,
		8,
		8,
		9,
		9,
		0,
		0,
		9,
		9,
		14,
		14,
		0,
		0,
		9,
		9,
		9,
		9,
		0,
		0,
		8,
		8,
		13,
		13
	],
	"computation_proportion": 5,
	"extra_dict": {}
}