{
	"model_name": "SqueezeNet",
	"batch_size": 256,
	"duration_sec": 45,
	"mode": "train",
	"is_DDP": true,
	"process_group_backend": "gloo",
	"world_size": 2,
	"rank": 1,
	"local_rank": 0,
	"device_type": "gpu",
	"master_addr": "133.133.135.75",
	"master_port": 39920,
	"iteration_count": 52,
	"iteration_intervals": [
		2097373440,
		849655552,
		853031680,
		851878656,
		861857024,
		839767296,
		858920448,
		863410688,
		849464320,
		851715328,
		752584704,
		856643840,
		850157312,
		864249600,
		842952960,
		854464256,
		851225344,
		861885184,
		847453184,
		855177216,
		856036352,
		857113856,
		850977280,
		854288640,
		864658688,
		867098368,
		858930944,
		853475584,
		859009536,
		742160640,
		858649344,
		848336640,
		853882112,
		844386560,
		861308416,
		847439104,
		858733824,
		854217984,
		852823296,
		863184128,
		858248704,
		872852480,
		849122816,
		851560704,
		855042816,
		857650688,
		853583616,
		856959232,
		745314816,
		854353664,
		858286592,
		861055744
	],
	"iteration_intervals_avg": 848527975.4893616,
	"iteration_intervals_avg_second": 0.8485279754893617,
	"total_time_ns": 45395640064,
	"total_time_second": 45,
	"mem_infos": [
		[
			11269046272,
			11811160064
		],
		[
			9731833856,
			11811160064
		],
		[
			9515827200,
			11811160064
		],
		[
			1880096768,
			11811160064
		],
		[
			1204813824,
			11811160064
		],
		[
			441450496,
			11811160064
		],
		[
			441450496,
			11811160064
		],
		[
			441450496,
			11811160064
		],
		[
			441450496,
			11811160064
		],
		[
			441450496,
			11811160064
		],
		[
			441450496,
			11811160064
		],
		[
			441450496,
			11811160064
		],
		[
			441450496,
			11811160064
		],
		[
			441450496,
			11811160064
		],
		[
			441450496,
			11811160064
		],
		[
			441450496,
			11811160064
		],
		[
			441450496,
			11811160064
		],
		[
			441450496,
			11811160064
		],
		[
			441450496,
			11811160064
		],
		[
			441450496,
			11811160064
		],
		[
			441450496,
			11811160064
		],
		[
			441450496,
			11811160064
		],
		[
			441450496,
			11811160064
		],
		[
			441450496,
			11811160064
		],
		[
			441450496,
			11811160064
		],
		[
			441450496,
			11811160064
		],
		[
			441450496,
			11811160064
		],
		[
			441450496,
			11811160064
		],
		[
			441450496,
			11811160064
		],
		[
			441450496,
			11811160064
		],
		[
			441450496,
			11811160064
		],
		[
			441450496,
			11811160064
		],
		[
			441450496,
			11811160064
		],
		[
			441450496,
			11811160064
		],
		[
			441450496,
			11811160064
		],
		[
			441450496,
			11811160064
		],
		[
			441450496,
			11811160064
		],
		[
			441450496,
			11811160064
		],
		[
			441450496,
			11811160064
		],
		[
			441450496,
			11811160064
		],
		[
			441450496,
			11811160064
		],
		[
			441450496,
			11811160064
		],
		[
			441450496,
			11811160064
		],
		[
			441450496,
			11811160064
		],
		[
			441450496,
			11811160064
		],
		[
			441450496,
			11811160064
		],
		[
			441450496,
			11811160064
		],
		[
			441450496,
			11811160064
		],
		[
			441450496,
			11811160064
		],
		[
			441450496,
			11811160064
		],
		[
			441450496,
			11811160064
		],
		[
			441450496,
			11811160064
		],
		[
			441450496,
			11811160064
		],
		[
			441450496,
			11811160064
		],
		[
			441450496,
			11811160064
		],
		[
			441450496,
			11811160064
		],
		[
			441450496,
			11811160064
		],
		[
			441450496,
			11811160064
		],
		[
			441450496,
			11811160064
		],
		[
			441450496,
			11811160064
		],
		[
			441450496,
			11811160064
		],
		[
			441450496,
			11811160064
		],
		[
			441450496,
			11811160064
		],
		[
			441450496,
			11811160064
		],
		[
			441450496,
			11811160064
		],
		[
			441450496,
			11811160064
		],
		[
			441450496,
			11811160064
		],
		[
			441450496,
			11811160064
		],
		[
			441450496,
			11811160064
		],
		[
			441450496,
			11811160064
		],
		[
			441450496,
			11811160064
		],
		[
			441450496,
			11811160064
		],
		[
			441450496,
			11811160064
		],
		[
			441450496,
			11811160064
		],
		[
			441450496,
			11811160064
		],
		[
			441450496,
			11811160064
		],
		[
			441450496,
			11811160064
		],
		[
			441450496,
			11811160064
		],
		[
			441450496,
			11811160064
		],
		[
			441450496,
			11811160064
		],
		[
			441450496,
			11811160064
		],
		[
			441450496,
			11811160064
		],
		[
			441450496,
			11811160064
		],
		[
			441450496,
			11811160064
		],
		[
			441450496,
			11811160064
		],
		[
			441450496,
			11811160064
		],
		[
			441450496,
			11811160064
		],
		[
			441450496,
			11811160064
		],
		[
			441450496,
			11811160064
		],
		[
			441450496,
			11811160064
		]
	],
	"utilization": [
		4,
		4,
		7,
		7,
		15,
		15,
		45,
		45,
		34,
		34,
		31,
		31,
		32,
		32,
		31,
		31,
		33,
		33,
		35,
		35,
		32,
		32,
		30,
		30,
		33,
		33,
		33,
		33,
		33,
		33,
		33,
		33,
		32,
		32,
		31,
		31,
		31,
		31,
		36,
		36,
		34,
		34,
		31,
		31,
		29,
		29,
		32,
		32,
		34,
		34,
		35,
		35,
		30,
		30,
		33,
		33,
		32,
		32,
		33,
		33,
		33,
		33,
		35,
		35,
		31,
		31,
		30,
		30,
		31,
		31,
		37,
		37,
		32,
		32,
		32,
		32,
		30,
		30,
		33,
		33,
		35,
		35,
		33,
		33,
		30,
		30,
		34,
		34,
		31,
		31
	],
	"computation_proportion": 45,
	"extra_dict": {}
}