{
	"model_name": "EfficientNet",
	"batch_size": 8,
	"duration_sec": 45,
	"mode": "train",
	"is_DDP": true,
	"process_group_backend": "gloo",
	"world_size": 4,
	"rank": 2,
	"local_rank": 0,
	"device_type": "gpu",
	"master_addr": "133.133.135.75",
	"master_port": 39920,
	"iteration_count": 94,
	"iteration_intervals": [
		1708066304,
		233827072,
		206748416,
		236207616,
		217062400,
		1560458240,
		487888640,
		359142656,
		240076032,
		375160064,
		231616000,
		231844352,
		206574336,
		229720832,
		203999488,
		160396288,
		194832384,
		197910784,
		216490752,
		215910912,
		149038592,
		939637504,
		615284992,
		374538496,
		374542848,
		333453824,
		2113352448,
		476466176,
		382562560,
		359884032,
		606332160,
		1702239744,
		975021312,
		600330240,
		380653568,
		237391616,
		230523904,
		234265088,
		195017472,
		235625472,
		185616640,
		209644032,
		209498112,
		1433961216,
		477949952,
		362617344,
		237906944,
		380008960,
		230025216,
		228761088,
		203150336,
		198015744,
		168310528,
		193988352,
		209801728,
		181643264,
		169442048,
		221384704,
		189552384,
		1977022208,
		597275904,
		362815488,
		370050048,
		348915200,
		1476429824,
		488950528,
		378570496,
		350928896,
		369893120,
		221552128,
		237787392,
		187785984,
		233041152,
		220778496,
		2201938176,
		612880128,
		357814016,
		355819264,
		375210240,
		1838307584,
		866636032,
		599931136,
		858143232,
		610155776,
		487160064,
		234511104,
		375094784,
		216070400,
		227104768,
		181928704,
		201573120,
		235621376,
		197637632,
		1305860864
	],
	"iteration_intervals_avg": 477310760.2696629,
	"iteration_intervals_avg_second": 0.4773107602696629,
	"total_time_ns": 45083438848,
	"total_time_second": 45,
	"mem_infos": [
		[
			5329911808,
			5905580032
		],
		[
			5176819712,
			5905580032
		],
		[
			4990173184,
			5905580032
		],
		[
			4052746240,
			5905580032
		],
		[
			3941597184,
			5905580032
		],
		[
			3941597184,
			5905580032
		],
		[
			3941597184,
			5905580032
		],
		[
			3941597184,
			5905580032
		],
		[
			3941597184,
			5905580032
		],
		[
			3941597184,
			5905580032
		],
		[
			3941597184,
			5905580032
		],
		[
			3941597184,
			5905580032
		],
		[
			3941597184,
			5905580032
		],
		[
			3941597184,
			5905580032
		],
		[
			3941597184,
			5905580032
		],
		[
			3941597184,
			5905580032
		],
		[
			3941597184,
			5905580032
		],
		[
			3941597184,
			5905580032
		],
		[
			3941597184,
			5905580032
		],
		[
			3941597184,
			5905580032
		],
		[
			3941597184,
			5905580032
		],
		[
			3941597184,
			5905580032
		],
		[
			3941597184,
			5905580032
		],
		[
			3941597184,
			5905580032
		],
		[
			3941597184,
			5905580032
		],
		[
			3941597184,
			5905580032
		],
		[
			3941597184,
			5905580032
		],
		[
			3941597184,
			5905580032
		],
		[
			3941597184,
			5905580032
		],
		[
			3941597184,
			5905580032
		],
		[
			3941597184,
			5905580032
		],
		[
			3941597184,
			5905580032
		],
		[
			3941597184,
			5905580032
		],
		[
			3941597184,
			5905580032
		],
		[
			3941597184,
			5905580032
		],
		[
			3941597184,
			5905580032
		],
		[
			3941597184,
			5905580032
		],
		[
			3941597184,
			5905580032
		],
		[
			3941597184,
			5905580032
		],
		[
			3941597184,
			5905580032
		],
		[
			3941597184,
			5905580032
		],
		[
			3941597184,
			5905580032
		],
		[
			3941597184,
			5905580032
		],
		[
			3941597184,
			5905580032
		],
		[
			3941597184,
			5905580032
		],
		[
			3941597184,
			5905580032
		],
		[
			3941597184,
			5905580032
		],
		[
			3941597184,
			5905580032
		],
		[
			3941597184,
			5905580032
		],
		[
			3941597184,
			5905580032
		],
		[
			3941597184,
			5905580032
		],
		[
			3941597184,
			5905580032
		],
		[
			3941597184,
			5905580032
		],
		[
			3941597184,
			5905580032
		],
		[
			3941597184,
			5905580032
		],
		[
			3941597184,
			5905580032
		],
		[
			3941597184,
			5905580032
		],
		[
			3941597184,
			5905580032
		],
		[
			3941597184,
			5905580032
		],
		[
			3941597184,
			5905580032
		],
		[
			3941597184,
			5905580032
		],
		[
			3941597184,
			5905580032
		],
		[
			3941597184,
			5905580032
		],
		[
			3941597184,
			5905580032
		],
		[
			3941597184,
			5905580032
		],
		[
			3941597184,
			5905580032
		],
		[
			3941597184,
			5905580032
		],
		[
			3941597184,
			5905580032
		],
		[
			3941597184,
			5905580032
		],
		[
			3941597184,
			5905580032
		],
		[
			3941597184,
			5905580032
		],
		[
			3941597184,
			5905580032
		],
		[
			3941597184,
			5905580032
		],
		[
			3941597184,
			5905580032
		],
		[
			3941597184,
			5905580032
		],
		[
			3941597184,
			5905580032
		],
		[
			3941597184,
			5905580032
		],
		[
			3941597184,
			5905580032
		],
		[
			3941597184,
			5905580032
		],
		[
			3941597184,
			5905580032
		],
		[
			3941597184,
			5905580032
		],
		[
			3941597184,
			5905580032
		],
		[
			3941597184,
			5905580032
		],
		[
			3941597184,
			5905580032
		],
		[
			3941597184,
			5905580032
		],
		[
			3941597184,
			5905580032
		],
		[
			3941597184,
			5905580032
		],
		[
			3941597184,
			5905580032
		],
		[
			3941597184,
			5905580032
		],
		[
			3941597184,
			5905580032
		]
	],
	"utilization": [
		6,
		14,
		14,
		18,
		18,
		35,
		35,
		12,
		12,
		10,
		10,
		23,
		23,
		30,
		30,
		38,
		38,
		25,
		25,
		10,
		10,
		27,
		27,
		8,
		8,
		1,
		1,
		19,
		19,
		18,
		18,
		9,
		9,
		7,
		7,
		9,
		9,
		23,
		23,
		34,
		34,
		20,
		20,
		10,
		10,
		24,
		24,
		29,
		29,
		41,
		41,
		21,
		21,
		0,
		0,
		10,
		10,
		26,
		26,
		8,
		8,
		10,
		10,
		26,
		26,
		30,
		30,
		15,
		15,
		0,
		0,
		9,
		9,
		26,
		26,
		9,
		9,
		4,
		4,
		13,
		13,
		10,
		10,
		16,
		16,
		21,
		21,
		39,
		39,
		14
	],
	"computation_proportion": 10,
	"extra_dict": {}
}