{
	"model_name": "ResNet50",
	"batch_size": 8,
	"duration_sec": 45,
	"mode": "train",
	"is_DDP": true,
	"process_group_backend": "gloo",
	"world_size": 4,
	"rank": 2,
	"local_rank": 0,
	"device_type": "gpu",
	"master_addr": "133.133.135.75",
	"master_port": 39920,
	"iteration_count": 121,
	"iteration_intervals": [
		1676947200,
		162050560,
		151678720,
		145844992,
		149699840,
		148105984,
		145323776,
		133326080,
		153986560,
		141408768,
		135088128,
		1616167680,
		295360256,
		232077312,
		383703040,
		255666944,
		221741824,
		260524288,
		208163328,
		176564992,
		197817856,
		140096512,
		156105984,
		143062784,
		149221120,
		145431808,
		1114925568,
		744455424,
		319966464,
		254044416,
		202783744,
		192581120,
		148608000,
		162752512,
		328679936,
		275148544,
		241625344,
		220773888,
		178976512,
		160002560,
		2098497280,
		373814016,
		266713856,
		225430784,
		244197888,
		237188096,
		239636736,
		286848000,
		571327744,
		1734835200,
		472539136,
		259986688,
		229038848,
		208157184,
		151735552,
		150006528,
		189930240,
		142748416,
		213283840,
		184495360,
		154724608,
		155584512,
		1627111936,
		278445312,
		294076928,
		199441664,
		171086592,
		149377024,
		158614784,
		150198016,
		158028544,
		159912192,
		1336163840,
		417564672,
		320773120,
		247509760,
		239763712,
		246459392,
		233511168,
		202974976,
		166686976,
		156590336,
		161751552,
		153884160,
		148918528,
		1195423488,
		501657600,
		265724928,
		254415360,
		219864320,
		172408832,
		182342144,
		147599360,
		262694400,
		1100712960,
		292040448,
		931572736,
		1357546752,
		498469376,
		487368704,
		365058560,
		473910016,
		367812864,
		611560704,
		627664640,
		723113216,
		388325888,
		271586816,
		239416064,
		192322304,
		171738624,
		273074432,
		1790874880,
		498849024,
		307796480,
		244611072,
		299246080,
		223657728,
		285495296,
		240476928,
		202423296
	],
	"iteration_intervals_avg": 369161129.9310345,
	"iteration_intervals_avg_second": 0.3691611299310345,
	"total_time_ns": 45125355008,
	"total_time_second": 45,
	"mem_infos": [
		[
			5059379200,
			5905580032
		],
		[
			4851761152,
			5905580032
		],
		[
			4648337408,
			5905580032
		],
		[
			3515875328,
			5905580032
		],
		[
			3262119936,
			5905580032
		],
		[
			3262119936,
			5905580032
		],
		[
			3262119936,
			5905580032
		],
		[
			3262119936,
			5905580032
		],
		[
			3262119936,
			5905580032
		],
		[
			3262119936,
			5905580032
		],
		[
			3262119936,
			5905580032
		],
		[
			3262119936,
			5905580032
		],
		[
			3262119936,
			5905580032
		],
		[
			3262119936,
			5905580032
		],
		[
			3262119936,
			5905580032
		],
		[
			3262119936,
			5905580032
		],
		[
			3262119936,
			5905580032
		],
		[
			3262119936,
			5905580032
		],
		[
			3262119936,
			5905580032
		],
		[
			3262119936,
			5905580032
		],
		[
			3262119936,
			5905580032
		],
		[
			3262119936,
			5905580032
		],
		[
			3262119936,
			5905580032
		],
		[
			3262119936,
			5905580032
		],
		[
			3262119936,
			5905580032
		],
		[
			3262119936,
			5905580032
		],
		[
			3262119936,
			5905580032
		],
		[
			3262119936,
			5905580032
		],
		[
			3262119936,
			5905580032
		],
		[
			3262119936,
			5905580032
		],
		[
			3262119936,
			5905580032
		],
		[
			3262119936,
			5905580032
		],
		[
			3262119936,
			5905580032
		],
		[
			3262119936,
			5905580032
		],
		[
			3262119936,
			5905580032
		],
		[
			3262119936,
			5905580032
		],
		[
			3262119936,
			5905580032
		],
		[
			3262119936,
			5905580032
		],
		[
			3262119936,
			5905580032
		],
		[
			3262119936,
			5905580032
		],
		[
			3262119936,
			5905580032
		],
		[
			3262119936,
			5905580032
		],
		[
			3262119936,
			5905580032
		],
		[
			3262119936,
			5905580032
		],
		[
			3262119936,
			5905580032
		],
		[
			3262119936,
			5905580032
		],
		[
			3262119936,
			5905580032
		],
		[
			3262119936,
			5905580032
		],
		[
			3262119936,
			5905580032
		],
		[
			3262119936,
			5905580032
		],
		[
			3262119936,
			5905580032
		],
		[
			3262119936,
			5905580032
		],
		[
			3262119936,
			5905580032
		],
		[
			3262119936,
			5905580032
		],
		[
			3262119936,
			5905580032
		],
		[
			3262119936,
			5905580032
		],
		[
			3262119936,
			5905580032
		],
		[
			3262119936,
			5905580032
		],
		[
			3262119936,
			5905580032
		],
		[
			3262119936,
			5905580032
		],
		[
			3262119936,
			5905580032
		],
		[
			3262119936,
			5905580032
		],
		[
			3262119936,
			5905580032
		],
		[
			3262119936,
			5905580032
		],
		[
			3262119936,
			5905580032
		],
		[
			3262119936,
			5905580032
		],
		[
			3262119936,
			5905580032
		],
		[
			3262119936,
			5905580032
		],
		[
			3262119936,
			5905580032
		],
		[
			3262119936,
			5905580032
		],
		[
			3262119936,
			5905580032
		],
		[
			3262119936,
			5905580032
		],
		[
			3262119936,
			5905580032
		],
		[
			3262119936,
			5905580032
		],
		[
			3262119936,
			5905580032
		],
		[
			3262119936,
			5905580032
		],
		[
			3262119936,
			5905580032
		],
		[
			3262119936,
			5905580032
		],
		[
			3262119936,
			5905580032
		],
		[
			3262119936,
			5905580032
		],
		[
			3262119936,
			5905580032
		],
		[
			3262119936,
			5905580032
		],
		[
			3262119936,
			5905580032
		],
		[
			3262119936,
			5905580032
		],
		[
			3262119936,
			5905580032
		],
		[
			3262119936,
			5905580032
		],
		[
			3262119936,
			5905580032
		],
		[
			3262119936,
			5905580032
		],
		[
			3262119936,
			5905580032
		],
		[
			3262119936,
			5905580032
		]
	],
	"utilization": [
		5,
		21,
		21,
		19,
		19,
		65,
		65,
		91,
		91,
		5,
		5,
		29,
		29,
		50,
		50,
		71,
		71,
		50,
		50,
		19,
		19,
		41,
		41,
		64,
		64,
		63,
		63,
		10,
		10,
		3,
		3,
		52,
		52,
		56,
		56,
		14,
		14,
		5,
		5,
		40,
		40,
		76,
		76,
		61,
		61,
		5,
		5,
		41,
		41,
		82,
		82,
		14,
		14,
		26,
		26,
		60,
		60,
		82,
		82,
		20,
		20,
		25,
		25,
		73,
		73,
		18,
		18,
		29,
		29,
		9,
		9,
		16,
		16,
		31,
		31,
		35,
		35,
		24,
		24,
		22,
		22,
		53,
		53,
		43,
		43,
		0,
		0,
		28,
		28,
		53
	],
	"computation_proportion": 25,
	"extra_dict": {}
}