{
	"model_name": "ResNet50",
	"batch_size": 8,
	"duration_sec": 45,
	"mode": "train",
	"is_DDP": true,
	"process_group_backend": "gloo",
	"world_size": 4,
	"rank": 1,
	"local_rank": 0,
	"device_type": "gpu",
	"master_addr": "133.133.135.75",
	"master_port": 39920,
	"iteration_count": 121,
	"iteration_intervals": [
		1666787328,
		189080064,
		135107840,
		140435456,
		134973952,
		154563072,
		141972736,
		154681600,
		144056576,
		146309888,
		137080832,
		1411128064,
		489195008,
		234103296,
		383278336,
		274931968,
		211311104,
		252587776,
		209015296,
		174447872,
		199806976,
		137573888,
		151066880,
		153632000,
		149508096,
		139799552,
		1122126336,
		739650560,
		307161600,
		262112000,
		204344064,
		197888000,
		133166080,
		187265792,
		318151680,
		283669760,
		249943552,
		198816768,
		183684864,
		378863104,
		1963521280,
		366573824,
		190125312,
		225949440,
		248459008,
		230788864,
		333664768,
		251114240,
		1451368448,
		990298368,
		280562944,
		321664000,
		173233152,
		210137088,
		147154688,
		156012032,
		178433024,
		149305600,
		205782272,
		173500416,
		159888384,
		160064000,
		1624085760,
		302538752,
		275489536,
		201411840,
		183008256,
		143965440,
		161428736,
		138961408,
		158529792,
		163414528,
		1335088896,
		409499904,
		326096896,
		249457152,
		236384512,
		250529536,
		231463168,
		204344064,
		173153280,
		139668992,
		174395904,
		141443072,
		146868992,
		160793856,
		1478267392,
		341052672,
		261177088,
		194033408,
		183621888,
		179016960,
		162528768,
		256166912,
		1106650880,
		292118016,
		922772224,
		1355873024,
		500641792,
		476832768,
		375351808,
		472466944,
		376455168,
		604645888,
		628025600,
		732785920,
		378005760,
		282294528,
		220529664,
		199023872,
		185933824,
		256335872,
		1788366592,
		505884416,
		306115072,
		257425920,
		290334976,
		228043264,
		280706048,
		238778112,
		200234752
	],
	"iteration_intervals_avg": 369267380.9655172,
	"iteration_intervals_avg_second": 0.3692673809655172,
	"total_time_ns": 45102208256,
	"total_time_second": 45,
	"mem_infos": [
		[
			5059379200,
			5905580032
		],
		[
			4845469696,
			5905580032
		],
		[
			4631560192,
			5905580032
		],
		[
			3515875328,
			5905580032
		],
		[
			3262119936,
			5905580032
		],
		[
			3262119936,
			5905580032
		],
		[
			3262119936,
			5905580032
		],
		[
			3262119936,
			5905580032
		],
		[
			3262119936,
			5905580032
		],
		[
			3262119936,
			5905580032
		],
		[
			3262119936,
			5905580032
		],
		[
			3262119936,
			5905580032
		],
		[
			3262119936,
			5905580032
		],
		[
			3262119936,
			5905580032
		],
		[
			3262119936,
			5905580032
		],
		[
			3262119936,
			5905580032
		],
		[
			3262119936,
			5905580032
		],
		[
			3262119936,
			5905580032
		],
		[
			3262119936,
			5905580032
		],
		[
			3262119936,
			5905580032
		],
		[
			3262119936,
			5905580032
		],
		[
			3262119936,
			5905580032
		],
		[
			3262119936,
			5905580032
		],
		[
			3262119936,
			5905580032
		],
		[
			3262119936,
			5905580032
		],
		[
			3262119936,
			5905580032
		],
		[
			3262119936,
			5905580032
		],
		[
			3262119936,
			5905580032
		],
		[
			3262119936,
			5905580032
		],
		[
			3262119936,
			5905580032
		],
		[
			3262119936,
			5905580032
		],
		[
			3262119936,
			5905580032
		],
		[
			3262119936,
			5905580032
		],
		[
			3262119936,
			5905580032
		],
		[
			3262119936,
			5905580032
		],
		[
			3262119936,
			5905580032
		],
		[
			3262119936,
			5905580032
		],
		[
			3262119936,
			5905580032
		],
		[
			3262119936,
			5905580032
		],
		[
			3262119936,
			5905580032
		],
		[
			3262119936,
			5905580032
		],
		[
			3262119936,
			5905580032
		],
		[
			3262119936,
			5905580032
		],
		[
			3262119936,
			5905580032
		],
		[
			3262119936,
			5905580032
		],
		[
			3262119936,
			5905580032
		],
		[
			3262119936,
			5905580032
		],
		[
			3262119936,
			5905580032
		],
		[
			3262119936,
			5905580032
		],
		[
			3262119936,
			5905580032
		],
		[
			3262119936,
			5905580032
		],
		[
			3262119936,
			5905580032
		],
		[
			3262119936,
			5905580032
		],
		[
			3262119936,
			5905580032
		],
		[
			3262119936,
			5905580032
		],
		[
			3262119936,
			5905580032
		],
		[
			3262119936,
			5905580032
		],
		[
			3262119936,
			5905580032
		],
		[
			3262119936,
			5905580032
		],
		[
			3262119936,
			5905580032
		],
		[
			3262119936,
			5905580032
		],
		[
			3262119936,
			5905580032
		],
		[
			3262119936,
			5905580032
		],
		[
			3262119936,
			5905580032
		],
		[
			3262119936,
			5905580032
		],
		[
			3262119936,
			5905580032
		],
		[
			3262119936,
			5905580032
		],
		[
			3262119936,
			5905580032
		],
		[
			3262119936,
			5905580032
		],
		[
			3262119936,
			5905580032
		],
		[
			3262119936,
			5905580032
		],
		[
			3262119936,
			5905580032
		],
		[
			3262119936,
			5905580032
		],
		[
			3262119936,
			5905580032
		],
		[
			3262119936,
			5905580032
		],
		[
			3262119936,
			5905580032
		],
		[
			3262119936,
			5905580032
		],
		[
			3262119936,
			5905580032
		],
		[
			3262119936,
			5905580032
		],
		[
			3262119936,
			5905580032
		],
		[
			3262119936,
			5905580032
		],
		[
			3262119936,
			5905580032
		],
		[
			3262119936,
			5905580032
		],
		[
			3262119936,
			5905580032
		],
		[
			3262119936,
			5905580032
		],
		[
			3262119936,
			5905580032
		],
		[
			3262119936,
			5905580032
		],
		[
			3262119936,
			5905580032
		],
		[
			3262119936,
			5905580032
		],
		[
			3262119936,
			5905580032
		]
	],
	"utilization": [
		13,
		13,
		13,
		13,
		41,
		41,
		82,
		82,
		25,
		25,
		12,
		12,
		40,
		40,
		59,
		59,
		69,
		69,
		8,
		8,
		26,
		26,
		63,
		63,
		50,
		50,
		20,
		20,
		2,
		2,
		35,
		35,
		50,
		50,
		25,
		25,
		5,
		5,
		23,
		23,
		66,
		66,
		69,
		69,
		4,
		4,
		25,
		25,
		67,
		67,
		34,
		34,
		13,
		13,
		50,
		50,
		66,
		66,
		38,
		38,
		14,
		14,
		56,
		56,
		32,
		32,
		26,
		26,
		11,
		11,
		6,
		6,
		28,
		28,
		32,
		32,
		25,
		25,
		16,
		16,
		40,
		40,
		49,
		49,
		2,
		2,
		13,
		13,
		50,
		50
	],
	"computation_proportion": 25,
	"extra_dict": {}
}