{
	"model_name": "ConvNeXtT",
	"batch_size": 8,
	"duration_sec": 45,
	"mode": "train",
	"is_DDP": true,
	"process_group_backend": "gloo",
	"world_size": 2,
	"rank": 0,
	"local_rank": 0,
	"device_type": "gpu",
	"master_addr": "133.133.135.74",
	"master_port": 39920,
	"iteration_count": 33,
	"iteration_intervals": [
		2342443520,
		1333329664,
		1328468224,
		1338107648,
		1326901248,
		1331395584,
		1332568576,
		1328772864,
		1334706688,
		1332137984,
		1333569536,
		1337251072,
		1327746048,
		1330989824,
		1340072448,
		1335778048,
		1330345472,
		1337270016,
		1335837184,
		1332170752,
		1339572736,
		1323569664,
		1328934400,
		1333294080,
		1347874816,
		1339939328,
		1332614656,
		1342209280,
		1341632512,
		1358755328,
		1358092800,
		1359933696,
		1343398912
	],
	"iteration_intervals_avg": 1337515510.857143,
	"iteration_intervals_avg_second": 1.3375155108571428,
	"total_time_ns": 45121768960,
	"total_time_second": 45,
	"mem_infos": [
		[
			10786701312,
			11811160064
		],
		[
			10581180416,
			11811160064
		],
		[
			9501147136,
			11811160064
		],
		[
			9362735104,
			11811160064
		],
		[
			9362735104,
			11811160064
		],
		[
			9117368320,
			11811160064
		],
		[
			9117368320,
			11811160064
		],
		[
			9117368320,
			11811160064
		],
		[
			9117368320,
			11811160064
		],
		[
			9117368320,
			11811160064
		],
		[
			9117368320,
			11811160064
		],
		[
			9117368320,
			11811160064
		],
		[
			9117368320,
			11811160064
		],
		[
			9117368320,
			11811160064
		],
		[
			9117368320,
			11811160064
		],
		[
			9117368320,
			11811160064
		],
		[
			9117368320,
			11811160064
		],
		[
			9117368320,
			11811160064
		],
		[
			9117368320,
			11811160064
		],
		[
			9117368320,
			11811160064
		],
		[
			9117368320,
			11811160064
		],
		[
			9117368320,
			11811160064
		],
		[
			9117368320,
			11811160064
		],
		[
			9117368320,
			11811160064
		],
		[
			9117368320,
			11811160064
		],
		[
			9117368320,
			11811160064
		],
		[
			9117368320,
			11811160064
		],
		[
			9117368320,
			11811160064
		],
		[
			9117368320,
			11811160064
		],
		[
			9117368320,
			11811160064
		],
		[
			9117368320,
			11811160064
		],
		[
			9117368320,
			11811160064
		],
		[
			9117368320,
			11811160064
		],
		[
			9117368320,
			11811160064
		],
		[
			9117368320,
			11811160064
		],
		[
			9117368320,
			11811160064
		],
		[
			9117368320,
			11811160064
		],
		[
			9117368320,
			11811160064
		],
		[
			9117368320,
			11811160064
		],
		[
			9117368320,
			11811160064
		],
		[
			9117368320,
			11811160064
		],
		[
			9117368320,
			11811160064
		],
		[
			9117368320,
			11811160064
		],
		[
			9117368320,
			11811160064
		],
		[
			9117368320,
			11811160064
		],
		[
			9117368320,
			11811160064
		],
		[
			9117368320,
			11811160064
		],
		[
			9117368320,
			11811160064
		],
		[
			9117368320,
			11811160064
		],
		[
			9117368320,
			11811160064
		],
		[
			9117368320,
			11811160064
		],
		[
			9117368320,
			11811160064
		],
		[
			9117368320,
			11811160064
		],
		[
			9117368320,
			11811160064
		],
		[
			9117368320,
			11811160064
		],
		[
			9117368320,
			11811160064
		],
		[
			9117368320,
			11811160064
		],
		[
			9117368320,
			11811160064
		],
		[
			9117368320,
			11811160064
		],
		[
			9117368320,
			11811160064
		],
		[
			9117368320,
			11811160064
		],
		[
			9117368320,
			11811160064
		],
		[
			9117368320,
			11811160064
		],
		[
			9117368320,
			11811160064
		],
		[
			9117368320,
			11811160064
		],
		[
			9117368320,
			11811160064
		],
		[
			9117368320,
			11811160064
		],
		[
			9117368320,
			11811160064
		],
		[
			9117368320,
			11811160064
		],
		[
			9117368320,
			11811160064
		],
		[
			9117368320,
			11811160064
		],
		[
			9117368320,
			11811160064
		],
		[
			9117368320,
			11811160064
		],
		[
			9117368320,
			11811160064
		],
		[
			9117368320,
			11811160064
		],
		[
			9117368320,
			11811160064
		],
		[
			9117368320,
			11811160064
		],
		[
			9117368320,
			11811160064
		],
		[
			9117368320,
			11811160064
		],
		[
			9117368320,
			11811160064
		],
		[
			9117368320,
			11811160064
		],
		[
			9117368320,
			11811160064
		],
		[
			9117368320,
			11811160064
		],
		[
			9117368320,
			11811160064
		],
		[
			9117368320,
			11811160064
		],
		[
			9117368320,
			11811160064
		],
		[
			9117368320,
			11811160064
		],
		[
			9117368320,
			11811160064
		],
		[
			9117368320,
			11811160064
		],
		[
			9117368320,
			11811160064
		]
	],
	"utilization": [
		2,
		2,
		8,
		8,
		11,
		11,
		9,
		9,
		1,
		1,
		9,
		9,
		8,
		8,
		9,
		9,
		2,
		2,
		7,
		7,
		8,
		8,
		9,
		9,
		4,
		4,
		5,
		5,
		9,
		9,
		9,
		9,
		6,
		6,
		3,
		3,
		9,
		9,
		9,
		9,
		8,
		8,
		2,
		2,
		9,
		9,
		9,
		9,
		9,
		9,
		1,
		1,
		9,
		9,
		9,
		9,
		9,
		9,
		0,
		0,
		9,
		9,
		9,
		9,
		9,
		9,
		0,
		0,
		9,
		9,
		8,
		8,
		9,
		9,
		0,
		0,
		9,
		9,
		9,
		9,
		9,
		9,
		0,
		0,
		9,
		9,
		9,
		9,
		6,
		6
	],
	"computation_proportion": 40,
	"extra_dict": {}
}