{
	"model_name": "InceptionV3",
	"batch_size": 16,
	"duration_sec": 45,
	"mode": "train",
	"is_DDP": true,
	"process_group_backend": "gloo",
	"world_size": 4,
	"rank": 0,
	"local_rank": 0,
	"device_type": "gpu",
	"master_addr": "133.133.135.75",
	"master_port": 39920,
	"iteration_count": 124,
	"iteration_intervals": [
		1915272960,
		249668352,
		275130880,
		254836992,
		270237696,
		255084800,
		252997376,
		253617152,
		267767040,
		249547776,
		246550272,
		281184768,
		264262656,
		263248384,
		261508352,
		261322240,
		483213824,
		1600657664,
		623049728,
		372809472,
		361301760,
		363193344,
		264948992,
		334573312,
		285260800,
		267481856,
		264333824,
		251085568,
		263408384,
		270954240,
		253361920,
		274317824,
		259920640,
		262568960,
		267759104,
		260628992,
		262110208,
		261721088,
		270883072,
		277783040,
		279360512,
		251443968,
		273350912,
		575132160,
		869644032,
		623429376,
		355831040,
		272754176,
		251620608,
		276339968,
		268453120,
		264177664,
		251122944,
		274466560,
		249624064,
		258889472,
		269114368,
		412729856,
		1722785792,
		501583872,
		280810240,
		266692352,
		273712640,
		267139584,
		252813312,
		260713984,
		266447360,
		266851840,
		557422592,
		248484096,
		263887872,
		256510208,
		262665472,
		261502976,
		271088128,
		265928704,
		255578880,
		275558400,
		266299648,
		254654464,
		273487616,
		265582848,
		480622592,
		1575079680,
		629401856,
		479861248,
		364436224,
		266121984,
		251419648,
		257886976,
		269220096,
		262414336,
		282005760,
		263614976,
		261857280,
		264093184,
		268537344,
		268858880,
		258041856,
		326743296,
		430028800,
		269723648,
		250391296,
		268518912,
		255273472,
		265305344,
		270035968,
		257911552,
		270405632,
		257754112,
		279224832,
		265612800,
		261575424,
		280544000,
		268576768,
		434248704,
		1725947136,
		607021568,
		373518592,
		362844160,
		284080128,
		336620800,
		363938816,
		249402624
	],
	"iteration_intervals_avg": 353351499.2941176,
	"iteration_intervals_avg_second": 0.35335149929411763,
	"total_time_ns": 45015562752,
	"total_time_second": 45,
	"mem_infos": [
		[
			5046796288,
			5905580032
		],
		[
			4849664000,
			5905580032
		],
		[
			4667211776,
			5905580032
		],
		[
			2819620864,
			5905580032
		],
		[
			2232418304,
			5905580032
		],
		[
			2232418304,
			5905580032
		],
		[
			2232418304,
			5905580032
		],
		[
			2232418304,
			5905580032
		],
		[
			2232418304,
			5905580032
		],
		[
			2232418304,
			5905580032
		],
		[
			2232418304,
			5905580032
		],
		[
			2232418304,
			5905580032
		],
		[
			2232418304,
			5905580032
		],
		[
			2232418304,
			5905580032
		],
		[
			2232418304,
			5905580032
		],
		[
			2232418304,
			5905580032
		],
		[
			2232418304,
			5905580032
		],
		[
			2232418304,
			5905580032
		],
		[
			2232418304,
			5905580032
		],
		[
			2232418304,
			5905580032
		],
		[
			2232418304,
			5905580032
		],
		[
			2232418304,
			5905580032
		],
		[
			2232418304,
			5905580032
		],
		[
			2232418304,
			5905580032
		],
		[
			2232418304,
			5905580032
		],
		[
			2232418304,
			5905580032
		],
		[
			2232418304,
			5905580032
		],
		[
			2232418304,
			5905580032
		],
		[
			2232418304,
			5905580032
		],
		[
			2232418304,
			5905580032
		],
		[
			2232418304,
			5905580032
		],
		[
			2232418304,
			5905580032
		],
		[
			2232418304,
			5905580032
		],
		[
			2232418304,
			5905580032
		],
		[
			2232418304,
			5905580032
		],
		[
			2232418304,
			5905580032
		],
		[
			2232418304,
			5905580032
		],
		[
			2232418304,
			5905580032
		],
		[
			2232418304,
			5905580032
		],
		[
			2232418304,
			5905580032
		],
		[
			2232418304,
			5905580032
		],
		[
			2232418304,
			5905580032
		],
		[
			2232418304,
			5905580032
		],
		[
			2232418304,
			5905580032
		],
		[
			2232418304,
			5905580032
		],
		[
			2232418304,
			5905580032
		],
		[
			2232418304,
			5905580032
		],
		[
			2232418304,
			5905580032
		],
		[
			2232418304,
			5905580032
		],
		[
			2232418304,
			5905580032
		],
		[
			2232418304,
			5905580032
		],
		[
			2232418304,
			5905580032
		],
		[
			2232418304,
			5905580032
		],
		[
			2232418304,
			5905580032
		],
		[
			2232418304,
			5905580032
		],
		[
			2232418304,
			5905580032
		],
		[
			2232418304,
			5905580032
		],
		[
			2232418304,
			5905580032
		],
		[
			2232418304,
			5905580032
		],
		[
			2232418304,
			5905580032
		],
		[
			2232418304,
			5905580032
		],
		[
			2232418304,
			5905580032
		],
		[
			2232418304,
			5905580032
		],
		[
			2232418304,
			5905580032
		],
		[
			2232418304,
			5905580032
		],
		[
			2232418304,
			5905580032
		],
		[
			2232418304,
			5905580032
		],
		[
			2232418304,
			5905580032
		],
		[
			2232418304,
			5905580032
		],
		[
			2232418304,
			5905580032
		],
		[
			2232418304,
			5905580032
		],
		[
			2232418304,
			5905580032
		],
		[
			2232418304,
			5905580032
		],
		[
			2232418304,
			5905580032
		],
		[
			2232418304,
			5905580032
		],
		[
			2232418304,
			5905580032
		],
		[
			2232418304,
			5905580032
		],
		[
			2232418304,
			5905580032
		],
		[
			2232418304,
			5905580032
		],
		[
			2232418304,
			5905580032
		],
		[
			2232418304,
			5905580032
		],
		[
			2232418304,
			5905580032
		],
		[
			2232418304,
			5905580032
		],
		[
			2232418304,
			5905580032
		],
		[
			2232418304,
			5905580032
		],
		[
			2232418304,
			5905580032
		],
		[
			2232418304,
			5905580032
		],
		[
			2232418304,
			5905580032
		],
		[
			2232418304,
			5905580032
		],
		[
			2232418304,
			5905580032
		]
	],
	"utilization": [
		14,
		14,
		13,
		13,
		37,
		37,
		84,
		84,
		85,
		85,
		85,
		85,
		86,
		86,
		24,
		24,
		14,
		14,
		48,
		48,
		70,
		70,
		75,
		75,
		75,
		83,
		83,
		85,
		85,
		85,
		85,
		79,
		79,
		48,
		48,
		26,
		26,
		69,
		69,
		83,
		83,
		84,
		84,
		54,
		54,
		2,
		2,
		44,
		44,
		84,
		84,
		85,
		85,
		62,
		62,
		84,
		84,
		85,
		85,
		82,
		82,
		27,
		27,
		16,
		16,
		36,
		36,
		78,
		78,
		84,
		84,
		80,
		80,
		76,
		76,
		74,
		74,
		85,
		85,
		84,
		84,
		82,
		82,
		32,
		32,
		1,
		1,
		50,
		50,
		71
	],
	"computation_proportion": 50,
	"extra_dict": {}
}