{
	"model_name": "ResNet50",
	"batch_size": 4,
	"duration_sec": 45,
	"mode": "train",
	"is_DDP": true,
	"process_group_backend": "gloo",
	"world_size": 4,
	"rank": 1,
	"local_rank": 0,
	"device_type": "gpu",
	"master_addr": "133.133.135.75",
	"master_port": 39920,
	"iteration_count": 32,
	"iteration_intervals": [
		2753828352,
		1384415232,
		1389433344,
		1372752896,
		1377165568,
		1391559168,
		1381450240,
		1384190464,
		1375186432,
		1378889728,
		1371774976,
		1382690816,
		1390048768,
		1362815488,
		1380587008,
		1401399552,
		1366301696,
		1384189440,
		1367227648,
		1447250432,
		1389170688,
		1370423552,
		1367860480,
		1385279488,
		1377461248,
		1374701312,
		1359410688,
		1386059264,
		1390410752,
		1368306432,
		1378076928,
		1376154624
	],
	"iteration_intervals_avg": 1381069530.074074,
	"iteration_intervals_avg_second": 1.381069530074074,
	"total_time_ns": 45567509248,
	"total_time_second": 45,
	"mem_infos": [
		[
			5059379200,
			5905580032
		],
		[
			4847566848,
			5905580032
		],
		[
			4644143104,
			5905580032
		],
		[
			4050649088,
			5905580032
		],
		[
			4050649088,
			5905580032
		],
		[
			4050649088,
			5905580032
		],
		[
			3778019328,
			5905580032
		],
		[
			3778019328,
			5905580032
		],
		[
			3778019328,
			5905580032
		],
		[
			3778019328,
			5905580032
		],
		[
			3778019328,
			5905580032
		],
		[
			3778019328,
			5905580032
		],
		[
			3778019328,
			5905580032
		],
		[
			3778019328,
			5905580032
		],
		[
			3778019328,
			5905580032
		],
		[
			3778019328,
			5905580032
		],
		[
			3778019328,
			5905580032
		],
		[
			3778019328,
			5905580032
		],
		[
			3778019328,
			5905580032
		],
		[
			3778019328,
			5905580032
		],
		[
			3778019328,
			5905580032
		],
		[
			3778019328,
			5905580032
		],
		[
			3778019328,
			5905580032
		],
		[
			3778019328,
			5905580032
		],
		[
			3778019328,
			5905580032
		],
		[
			3778019328,
			5905580032
		],
		[
			3778019328,
			5905580032
		],
		[
			3778019328,
			5905580032
		],
		[
			3778019328,
			5905580032
		],
		[
			3778019328,
			5905580032
		],
		[
			3778019328,
			5905580032
		],
		[
			3778019328,
			5905580032
		],
		[
			3778019328,
			5905580032
		],
		[
			3778019328,
			5905580032
		],
		[
			3778019328,
			5905580032
		],
		[
			3778019328,
			5905580032
		],
		[
			3778019328,
			5905580032
		],
		[
			3778019328,
			5905580032
		],
		[
			3778019328,
			5905580032
		],
		[
			3778019328,
			5905580032
		],
		[
			3778019328,
			5905580032
		],
		[
			3778019328,
			5905580032
		],
		[
			3778019328,
			5905580032
		],
		[
			3778019328,
			5905580032
		],
		[
			3778019328,
			5905580032
		],
		[
			3778019328,
			5905580032
		],
		[
			3778019328,
			5905580032
		],
		[
			3778019328,
			5905580032
		],
		[
			3778019328,
			5905580032
		],
		[
			3778019328,
			5905580032
		],
		[
			3778019328,
			5905580032
		],
		[
			3778019328,
			5905580032
		],
		[
			3778019328,
			5905580032
		],
		[
			3778019328,
			5905580032
		],
		[
			3778019328,
			5905580032
		],
		[
			3778019328,
			5905580032
		],
		[
			3778019328,
			5905580032
		],
		[
			3778019328,
			5905580032
		],
		[
			3778019328,
			5905580032
		],
		[
			3778019328,
			5905580032
		],
		[
			3778019328,
			5905580032
		],
		[
			3778019328,
			5905580032
		],
		[
			3778019328,
			5905580032
		],
		[
			3778019328,
			5905580032
		],
		[
			3778019328,
			5905580032
		],
		[
			3778019328,
			5905580032
		],
		[
			3778019328,
			5905580032
		],
		[
			3778019328,
			5905580032
		],
		[
			3778019328,
			5905580032
		],
		[
			3778019328,
			5905580032
		],
		[
			3778019328,
			5905580032
		],
		[
			3778019328,
			5905580032
		],
		[
			3778019328,
			5905580032
		],
		[
			3778019328,
			5905580032
		],
		[
			3778019328,
			5905580032
		],
		[
			3778019328,
			5905580032
		],
		[
			3778019328,
			5905580032
		],
		[
			3778019328,
			5905580032
		],
		[
			3778019328,
			5905580032
		],
		[
			3778019328,
			5905580032
		],
		[
			3778019328,
			5905580032
		],
		[
			3778019328,
			5905580032
		],
		[
			3778019328,
			5905580032
		],
		[
			3778019328,
			5905580032
		],
		[
			3778019328,
			5905580032
		],
		[
			3778019328,
			5905580032
		],
		[
			3778019328,
			5905580032
		],
		[
			3778019328,
			5905580032
		],
		[
			3778019328,
			5905580032
		],
		[
			3778019328,
			5905580032
		]
	],
	"utilization": [
		0,
		7,
		7,
		19,
		19,
		0,
		0,
		11,
		11,
		9,
		9,
		1,
		1,
		10,
		10,
		10,
		10,
		10,
		10,
		1,
		1,
		9,
		9,
		11,
		11,
		5,
		5,
		6,
		6,
		9,
		9,
		9,
		9,
		1,
		1,
		10,
		10,
		9,
		9,
		10,
		10,
		1,
		1,
		9,
		9,
		10,
		10,
		5,
		5,
		6,
		6,
		10,
		10,
		9,
		9,
		1,
		1,
		10,
		10,
		9,
		9,
		10,
		10,
		1,
		1,
		8,
		8,
		10,
		10,
		3,
		3,
		9,
		9,
		9,
		9,
		9,
		9,
		1,
		1,
		8,
		8,
		10,
		10,
		9,
		9,
		1,
		1,
		10,
		10,
		10
	],
	"computation_proportion": 30,
	"extra_dict": {}
}