{
	"model_name": "ResNet18",
	"batch_size": 16,
	"duration_sec": 45,
	"mode": "train",
	"is_DDP": true,
	"process_group_backend": "gloo",
	"world_size": 4,
	"rank": 3,
	"local_rank": 0,
	"device_type": "gpu",
	"master_addr": "133.133.135.75",
	"master_port": 39920,
	"iteration_count": 68,
	"iteration_intervals": [
		2009191168,
		644755712,
		665452032,
		640306688,
		641332480,
		638672128,
		643317248,
		638937856,
		657939968,
		640534272,
		641152256,
		641575936,
		641197056,
		643517952,
		635501312,
		637204992,
		643004416,
		642601728,
		645330944,
		659589888,
		636930048,
		638794496,
		645500928,
		643482368,
		641709568,
		639219712,
		645375232,
		637866240,
		643323136,
		638585856,
		637348096,
		642002176,
		637660928,
		639580928,
		640477696,
		650093056,
		640698112,
		639552768,
		643495424,
		645721600,
		793450240,
		646895616,
		644442880,
		640183040,
		639923712,
		644939264,
		653628160,
		643344896,
		641416960,
		652901888,
		651359488,
		664144640,
		636738816,
		649118464,
		642286336,
		637492992,
		650051584,
		638621952,
		646073088,
		643519488,
		639410944,
		637506304,
		651821312,
		635390720,
		637062912,
		655001088,
		664822784,
		643684352
	],
	"iteration_intervals_avg": 646075083.1746032,
	"iteration_intervals_avg_second": 0.6460750831746033,
	"total_time_ns": 45304759296,
	"total_time_second": 45,
	"mem_infos": [
		[
			5225054208,
			5905580032
		],
		[
			4941938688,
			5905580032
		],
		[
			4719640576,
			5905580032
		],
		[
			3973054464,
			5905580032
		],
		[
			3964665856,
			5905580032
		],
		[
			3964665856,
			5905580032
		],
		[
			3964665856,
			5905580032
		],
		[
			3964665856,
			5905580032
		],
		[
			3964665856,
			5905580032
		],
		[
			3964665856,
			5905580032
		],
		[
			3964665856,
			5905580032
		],
		[
			3964665856,
			5905580032
		],
		[
			3964665856,
			5905580032
		],
		[
			3964665856,
			5905580032
		],
		[
			3964665856,
			5905580032
		],
		[
			3964665856,
			5905580032
		],
		[
			3964665856,
			5905580032
		],
		[
			3964665856,
			5905580032
		],
		[
			3964665856,
			5905580032
		],
		[
			3964665856,
			5905580032
		],
		[
			3964665856,
			5905580032
		],
		[
			3964665856,
			5905580032
		],
		[
			3964665856,
			5905580032
		],
		[
			3964665856,
			5905580032
		],
		[
			3964665856,
			5905580032
		],
		[
			3964665856,
			5905580032
		],
		[
			3964665856,
			5905580032
		],
		[
			3964665856,
			5905580032
		],
		[
			3964665856,
			5905580032
		],
		[
			3964665856,
			5905580032
		],
		[
			3964665856,
			5905580032
		],
		[
			3964665856,
			5905580032
		],
		[
			3964665856,
			5905580032
		],
		[
			3964665856,
			5905580032
		],
		[
			3964665856,
			5905580032
		],
		[
			3964665856,
			5905580032
		],
		[
			3964665856,
			5905580032
		],
		[
			3964665856,
			5905580032
		],
		[
			3964665856,
			5905580032
		],
		[
			3964665856,
			5905580032
		],
		[
			3964665856,
			5905580032
		],
		[
			3964665856,
			5905580032
		],
		[
			3964665856,
			5905580032
		],
		[
			3964665856,
			5905580032
		],
		[
			3964665856,
			5905580032
		],
		[
			3964665856,
			5905580032
		],
		[
			3964665856,
			5905580032
		],
		[
			3964665856,
			5905580032
		],
		[
			3964665856,
			5905580032
		],
		[
			3964665856,
			5905580032
		],
		[
			3964665856,
			5905580032
		],
		[
			3964665856,
			5905580032
		],
		[
			3964665856,
			5905580032
		],
		[
			3964665856,
			5905580032
		],
		[
			3964665856,
			5905580032
		],
		[
			3964665856,
			5905580032
		],
		[
			3964665856,
			5905580032
		],
		[
			3964665856,
			5905580032
		],
		[
			3964665856,
			5905580032
		],
		[
			3964665856,
			5905580032
		],
		[
			3964665856,
			5905580032
		],
		[
			3964665856,
			5905580032
		],
		[
			3964665856,
			5905580032
		],
		[
			3964665856,
			5905580032
		],
		[
			3964665856,
			5905580032
		],
		[
			3964665856,
			5905580032
		],
		[
			3964665856,
			5905580032
		],
		[
			3964665856,
			5905580032
		],
		[
			3964665856,
			5905580032
		],
		[
			3964665856,
			5905580032
		],
		[
			3964665856,
			5905580032
		],
		[
			3964665856,
			5905580032
		],
		[
			3964665856,
			5905580032
		],
		[
			3964665856,
			5905580032
		],
		[
			3964665856,
			5905580032
		],
		[
			3964665856,
			5905580032
		],
		[
			3964665856,
			5905580032
		],
		[
			3964665856,
			5905580032
		],
		[
			3964665856,
			5905580032
		],
		[
			3964665856,
			5905580032
		],
		[
			3964665856,
			5905580032
		],
		[
			3964665856,
			5905580032
		],
		[
			3964665856,
			5905580032
		],
		[
			3964665856,
			5905580032
		],
		[
			3964665856,
			5905580032
		],
		[
			3964665856,
			5905580032
		],
		[
			3964665856,
			5905580032
		],
		[
			3964665856,
			5905580032
		],
		[
			3964665856,
			5905580032
		],
		[
			3964665856,
			5905580032
		]
	],
	"utilization": [
		6,
		6,
		9,
		9,
		14,
		14,
		8,
		8,
		15,
		15,
		12,
		12,
		10,
		10,
		15,
		15,
		7,
		7,
		15,
		15,
		8,
		8,
		14,
		14,
		9,
		9,
		13,
		13,
		15,
		15,
		7,
		7,
		15,
		15,
		7,
		7,
		15,
		15,
		8,
		8,
		15,
		15,
		12,
		12,
		10,
		10,
		15,
		15,
		7,
		7,
		15,
		15,
		8,
		8,
		15,
		15,
		7,
		7,
		15,
		15,
		8,
		8,
		15,
		15,
		9,
		9,
		13,
		13,
		15,
		15,
		7,
		7,
		15,
		15,
		7,
		7,
		15,
		15,
		8,
		8,
		14,
		14,
		10,
		10,
		13,
		13,
		15,
		15,
		7,
		7
	],
	"computation_proportion": 25,
	"extra_dict": {}
}