{
	"model_name": "GhostNet",
	"batch_size": 64,
	"duration_sec": 45,
	"mode": "train",
	"is_DDP": true,
	"process_group_backend": "gloo",
	"world_size": 4,
	"rank": 1,
	"local_rank": 0,
	"device_type": "gpu",
	"master_addr": "133.133.135.75",
	"master_port": 39920,
	"iteration_count": 145,
	"iteration_intervals": [
		1469482240,
		203452416,
		240912640,
		258749696,
		246665728,
		218660352,
		254753792,
		245383168,
		286751744,
		337373440,
		473137152,
		491891456,
		605103616,
		493085184,
		490766592,
		492120576,
		370428160,
		473067520,
		258327552,
		253523200,
		240616448,
		236469248,
		249238016,
		249488128,
		233730304,
		305624064,
		248683520,
		274685952,
		246563328,
		253586176,
		237577216,
		244063744,
		253312000,
		256504064,
		354739968,
		368807936,
		479738112,
		379564032,
		480917248,
		272458752,
		341688064,
		194683904,
		240467200,
		244733440,
		243720704,
		247467520,
		253615872,
		274946816,
		350649600,
		475444224,
		371881728,
		488664576,
		479024384,
		268391680,
		249378816,
		241852416,
		244915456,
		253796096,
		257006336,
		241506304,
		257262592,
		251225600,
		364496128,
		362465024,
		389711104,
		372055040,
		344420608,
		241273088,
		247839232,
		244623104,
		315768576,
		271118848,
		349105408,
		286556672,
		264101632,
		350164224,
		366418944,
		380042752,
		365982464,
		249266432,
		246854144,
		242990080,
		246100480,
		251102208,
		240602880,
		255151616,
		247803136,
		231411968,
		240843520,
		307191808,
		263098624,
		371332864,
		483652096,
		273508864,
		342610176,
		243858688,
		224286208,
		256622336,
		243327488,
		231885056,
		219300608,
		292210688,
		264073984,
		363980032,
		259081984,
		239860736,
		238789632,
		240953088,
		247591936,
		348569088,
		359739904,
		370857984,
		367992064,
		377776896,
		354251520,
		336072448,
		391459328,
		357150720,
		260625152,
		240146944,
		246778368,
		227384576,
		235028480,
		249514752,
		240713984,
		271718912,
		258319104,
		373717760,
		260956160,
		297894656,
		370840064,
		283865088,
		326294016,
		280778752,
		259784448,
		249177344,
		231878912,
		230262784,
		239147520,
		344792064,
		268510720,
		475283456,
		489407488,
		388316416,
		471569664
	],
	"iteration_intervals_avg": 307108063.0857143,
	"iteration_intervals_avg_second": 0.30710806308571426,
	"total_time_ns": 45415548928,
	"total_time_second": 45,
	"mem_infos": [
		[
			5363466240,
			5905580032
		],
		[
			4814012416,
			5905580032
		],
		[
			4593811456,
			5905580032
		],
		[
			1466957824,
			5905580032
		],
		[
			1466957824,
			5905580032
		],
		[
			1466957824,
			5905580032
		],
		[
			1466957824,
			5905580032
		],
		[
			1466957824,
			5905580032
		],
		[
			1466957824,
			5905580032
		],
		[
			1466957824,
			5905580032
		],
		[
			1466957824,
			5905580032
		],
		[
			1466957824,
			5905580032
		],
		[
			1466957824,
			5905580032
		],
		[
			1466957824,
			5905580032
		],
		[
			1466957824,
			5905580032
		],
		[
			1466957824,
			5905580032
		],
		[
			1466957824,
			5905580032
		],
		[
			1466957824,
			5905580032
		],
		[
			1466957824,
			5905580032
		],
		[
			1466957824,
			5905580032
		],
		[
			1466957824,
			5905580032
		],
		[
			1466957824,
			5905580032
		],
		[
			1466957824,
			5905580032
		],
		[
			1466957824,
			5905580032
		],
		[
			1466957824,
			5905580032
		],
		[
			1466957824,
			5905580032
		],
		[
			1466957824,
			5905580032
		],
		[
			1466957824,
			5905580032
		],
		[
			1466957824,
			5905580032
		],
		[
			1466957824,
			5905580032
		],
		[
			1466957824,
			5905580032
		],
		[
			1466957824,
			5905580032
		],
		[
			1466957824,
			5905580032
		],
		[
			1466957824,
			5905580032
		],
		[
			1466957824,
			5905580032
		],
		[
			1466957824,
			5905580032
		],
		[
			1466957824,
			5905580032
		],
		[
			1466957824,
			5905580032
		],
		[
			1466957824,
			5905580032
		],
		[
			1466957824,
			5905580032
		],
		[
			1466957824,
			5905580032
		],
		[
			1466957824,
			5905580032
		],
		[
			1466957824,
			5905580032
		],
		[
			1466957824,
			5905580032
		],
		[
			1466957824,
			5905580032
		],
		[
			1466957824,
			5905580032
		],
		[
			1466957824,
			5905580032
		],
		[
			1466957824,
			5905580032
		],
		[
			1466957824,
			5905580032
		],
		[
			1466957824,
			5905580032
		],
		[
			1466957824,
			5905580032
		],
		[
			1466957824,
			5905580032
		],
		[
			1466957824,
			5905580032
		],
		[
			1466957824,
			5905580032
		],
		[
			1466957824,
			5905580032
		],
		[
			1466957824,
			5905580032
		],
		[
			1466957824,
			5905580032
		],
		[
			1466957824,
			5905580032
		],
		[
			1466957824,
			5905580032
		],
		[
			1466957824,
			5905580032
		],
		[
			1466957824,
			5905580032
		],
		[
			1466957824,
			5905580032
		],
		[
			1466957824,
			5905580032
		],
		[
			1466957824,
			5905580032
		],
		[
			1466957824,
			5905580032
		],
		[
			1466957824,
			5905580032
		],
		[
			1466957824,
			5905580032
		],
		[
			1466957824,
			5905580032
		],
		[
			1466957824,
			5905580032
		],
		[
			1466957824,
			5905580032
		],
		[
			1466957824,
			5905580032
		],
		[
			1466957824,
			5905580032
		],
		[
			1466957824,
			5905580032
		],
		[
			1466957824,
			5905580032
		],
		[
			1466957824,
			5905580032
		],
		[
			1466957824,
			5905580032
		],
		[
			1466957824,
			5905580032
		],
		[
			1466957824,
			5905580032
		],
		[
			1466957824,
			5905580032
		],
		[
			1466957824,
			5905580032
		],
		[
			1466957824,
			5905580032
		],
		[
			1466957824,
			5905580032
		],
		[
			1466957824,
			5905580032
		],
		[
			1466957824,
			5905580032
		],
		[
			1466957824,
			5905580032
		],
		[
			1466957824,
			5905580032
		],
		[
			1466957824,
			5905580032
		],
		[
			1466957824,
			5905580032
		],
		[
			1466957824,
			5905580032
		],
		[
			1466957824,
			5905580032
		]
	],
	"utilization": [
		7,
		7,
		12,
		12,
		40,
		40,
		61,
		61,
		61,
		61,
		30,
		30,
		30,
		30,
		30,
		30,
		34,
		34,
		62,
		62,
		59,
		59,
		59,
		59,
		64,
		64,
		43,
		43,
		30,
		30,
		60,
		60,
		60,
		60,
		45,
		45,
		30,
		30,
		44,
		44,
		61,
		61,
		58,
		58,
		41,
		41,
		51,
		51,
		55,
		55,
		50,
		50,
		42,
		42,
		55,
		55,
		64,
		64,
		60,
		60,
		41,
		41,
		56,
		56,
		66,
		66,
		49,
		49,
		63,
		63,
		52,
		52,
		38,
		38,
		44,
		44,
		51,
		51,
		65,
		65,
		52,
		52,
		52,
		52,
		55,
		55,
		61,
		61,
		44,
		44
	],
	"computation_proportion": 35,
	"extra_dict": {}
}