{
	"model_name": "HarDNet",
	"batch_size": 64,
	"duration_sec": 45,
	"mode": "train",
	"is_DDP": true,
	"process_group_backend": "gloo",
	"world_size": 2,
	"rank": 1,
	"local_rank": 0,
	"device_type": "gpu",
	"master_addr": "133.133.135.75",
	"master_port": 39920,
	"iteration_count": 116,
	"iteration_intervals": [
		1337971968,
		481060352,
		487184384,
		489677568,
		473668864,
		376409344,
		479878144,
		374024960,
		378195456,
		370808064,
		371805184,
		368565760,
		461792512,
		373622528,
		365884928,
		375326464,
		376517888,
		360836352,
		367389952,
		364924160,
		370798080,
		363543296,
		383146240,
		463537152,
		364719872,
		382265600,
		374092032,
		361434112,
		462161408,
		387128064,
		366080768,
		376636928,
		365706496,
		367700224,
		361914624,
		369353984,
		364017408,
		365201408,
		370328064,
		385138176,
		467458304,
		371233536,
		366629120,
		373057792,
		374874112,
		467487488,
		368454144,
		371402240,
		368009472,
		370625536,
		374592512,
		478454784,
		368330752,
		384185344,
		468212224,
		371791360,
		372862464,
		374785536,
		359406848,
		359091968,
		368348160,
		362534656,
		386531072,
		369267712,
		371391744,
		476926464,
		370638592,
		388468224,
		466867712,
		373884672,
		361054208,
		375664128,
		360502528,
		372928768,
		256957952,
		365272576,
		380579072,
		357510912,
		473091840,
		367618304,
		365172992,
		374385920,
		366119680,
		370565120,
		363616768,
		260341760,
		361486336,
		369708288,
		366677760,
		370988800,
		469861376,
		364325632,
		373438720,
		362473984,
		368461568,
		267898368,
		362619904,
		358456064,
		359531776,
		362544896,
		384281344,
		369328896,
		369385472,
		364827392,
		373374720,
		357943296,
		357343488,
		366025216,
		363971840,
		366461440,
		368335104,
		364714752,
		377000960,
		358368256,
		381316864,
		368018432
	],
	"iteration_intervals_avg": 377452645.4774775,
	"iteration_intervals_avg_second": 0.3774526454774775,
	"total_time_ns": 45167708928,
	"total_time_second": 45,
	"mem_infos": [
		[
			11269046272,
			11811160064
		],
		[
			10715398144,
			11811160064
		],
		[
			10501488640,
			11811160064
		],
		[
			7359954944,
			11811160064
		],
		[
			7359954944,
			11811160064
		],
		[
			7359954944,
			11811160064
		],
		[
			7359954944,
			11811160064
		],
		[
			7359954944,
			11811160064
		],
		[
			7359954944,
			11811160064
		],
		[
			7359954944,
			11811160064
		],
		[
			7359954944,
			11811160064
		],
		[
			7359954944,
			11811160064
		],
		[
			7359954944,
			11811160064
		],
		[
			7359954944,
			11811160064
		],
		[
			7359954944,
			11811160064
		],
		[
			7359954944,
			11811160064
		],
		[
			7359954944,
			11811160064
		],
		[
			7359954944,
			11811160064
		],
		[
			7359954944,
			11811160064
		],
		[
			7359954944,
			11811160064
		],
		[
			7359954944,
			11811160064
		],
		[
			7359954944,
			11811160064
		],
		[
			7359954944,
			11811160064
		],
		[
			7359954944,
			11811160064
		],
		[
			7359954944,
			11811160064
		],
		[
			7359954944,
			11811160064
		],
		[
			7359954944,
			11811160064
		],
		[
			7359954944,
			11811160064
		],
		[
			7359954944,
			11811160064
		],
		[
			7359954944,
			11811160064
		],
		[
			7359954944,
			11811160064
		],
		[
			7359954944,
			11811160064
		],
		[
			7359954944,
			11811160064
		],
		[
			7359954944,
			11811160064
		],
		[
			7359954944,
			11811160064
		],
		[
			7359954944,
			11811160064
		],
		[
			7359954944,
			11811160064
		],
		[
			7359954944,
			11811160064
		],
		[
			7359954944,
			11811160064
		],
		[
			7359954944,
			11811160064
		],
		[
			7359954944,
			11811160064
		],
		[
			7359954944,
			11811160064
		],
		[
			7359954944,
			11811160064
		],
		[
			7359954944,
			11811160064
		],
		[
			7359954944,
			11811160064
		],
		[
			7359954944,
			11811160064
		],
		[
			7359954944,
			11811160064
		],
		[
			7359954944,
			11811160064
		],
		[
			7359954944,
			11811160064
		],
		[
			7359954944,
			11811160064
		],
		[
			7359954944,
			11811160064
		],
		[
			7359954944,
			11811160064
		],
		[
			7359954944,
			11811160064
		],
		[
			7359954944,
			11811160064
		],
		[
			7359954944,
			11811160064
		],
		[
			7359954944,
			11811160064
		],
		[
			7359954944,
			11811160064
		],
		[
			7359954944,
			11811160064
		],
		[
			7359954944,
			11811160064
		],
		[
			7359954944,
			11811160064
		],
		[
			7359954944,
			11811160064
		],
		[
			7359954944,
			11811160064
		],
		[
			7359954944,
			11811160064
		],
		[
			7359954944,
			11811160064
		],
		[
			7359954944,
			11811160064
		],
		[
			7359954944,
			11811160064
		],
		[
			7359954944,
			11811160064
		],
		[
			7359954944,
			11811160064
		],
		[
			7359954944,
			11811160064
		],
		[
			7359954944,
			11811160064
		],
		[
			7359954944,
			11811160064
		],
		[
			7359954944,
			11811160064
		],
		[
			7359954944,
			11811160064
		],
		[
			7359954944,
			11811160064
		],
		[
			7359954944,
			11811160064
		],
		[
			7359954944,
			11811160064
		],
		[
			7359954944,
			11811160064
		],
		[
			7359954944,
			11811160064
		],
		[
			7359954944,
			11811160064
		],
		[
			7359954944,
			11811160064
		],
		[
			7359954944,
			11811160064
		],
		[
			7359954944,
			11811160064
		],
		[
			7359954944,
			11811160064
		],
		[
			7359954944,
			11811160064
		],
		[
			7359954944,
			11811160064
		],
		[
			7359954944,
			11811160064
		],
		[
			7359954944,
			11811160064
		],
		[
			7359954944,
			11811160064
		],
		[
			7359954944,
			11811160064
		],
		[
			7359954944,
			11811160064
		]
	],
	"utilization": [
		5,
		5,
		7,
		7,
		16,
		16,
		20,
		20,
		18,
		18,
		18,
		18,
		21,
		21,
		21,
		21,
		21,
		21,
		22,
		22,
		21,
		21,
		20,
		20,
		22,
		22,
		20,
		20,
		21,
		21,
		21,
		21,
		23,
		23,
		21,
		21,
		21,
		21,
		19,
		19,
		22,
		22,
		22,
		22,
		19,
		19,
		18,
		18,
		21,
		21,
		23,
		23,
		23,
		23,
		18,
		18,
		20,
		20,
		20,
		20,
		23,
		23,
		24,
		24,
		20,
		20,
		21,
		21,
		23,
		23,
		24,
		24,
		20,
		20,
		20,
		20,
		24,
		24,
		23,
		23,
		20,
		20,
		21,
		21,
		23,
		23,
		24,
		24,
		22,
		22
	],
	"computation_proportion": 20,
	"extra_dict": {}
}