{
	"model_name": "ResNet18",
	"batch_size": 4,
	"duration_sec": 45,
	"mode": "train",
	"is_DDP": true,
	"process_group_backend": "gloo",
	"world_size": 2,
	"rank": 0,
	"local_rank": 0,
	"device_type": "gpu",
	"master_addr": "133.133.135.74",
	"master_port": 39920,
	"iteration_count": 101,
	"iteration_intervals": [
		1675901440,
		436665344,
		433259264,
		426732544,
		441379328,
		432811008,
		443216384,
		436879872,
		438232832,
		435580672,
		434194176,
		437541120,
		430502912,
		441173248,
		433484032,
		426720256,
		433219072,
		449282816,
		427859456,
		433804032,
		433157376,
		431043840,
		434628352,
		432489984,
		433619968,
		439921408,
		428909568,
		432814336,
		433365760,
		427408128,
		432572160,
		430856192,
		436986368,
		430847488,
		429726976,
		435058432,
		430812416,
		430699776,
		433084160,
		431689216,
		430871040,
		437951232,
		431540992,
		431298048,
		430827776,
		431479040,
		428669952,
		432125952,
		440449024,
		432296192,
		431962368,
		428541696,
		434381824,
		427681024,
		428553728,
		432099072,
		432624384,
		431626240,
		431137280,
		434869504,
		436761856,
		438438144,
		428636928,
		436929792,
		430472704,
		429910272,
		431751168,
		456025088,
		445495296,
		432637696,
		439979264,
		434018560,
		428647424,
		432589056,
		431726592,
		435703552,
		426882816,
		431807744,
		432818432,
		440880896,
		429190144,
		432204800,
		432438016,
		433996288,
		432176896,
		431802624,
		433356800,
		437200640,
		426833408,
		433194496,
		431646464,
		433450496,
		433984768,
		432626688,
		441123840,
		441156864,
		435118080,
		430063104,
		427947264,
		436022784,
		433639424
	],
	"iteration_intervals_avg": 433609034.6666667,
	"iteration_intervals_avg_second": 0.43360903466666667,
	"total_time_ns": 45041280256,
	"total_time_second": 45,
	"mem_infos": [
		[
			11130634240,
			11811160064
		],
		[
			10904141824,
			11811160064
		],
		[
			10656677888,
			11811160064
		],
		[
			10400825344,
			11811160064
		],
		[
			10300162048,
			11811160064
		],
		[
			10300162048,
			11811160064
		],
		[
			10300162048,
			11811160064
		],
		[
			10300162048,
			11811160064
		],
		[
			10300162048,
			11811160064
		],
		[
			10300162048,
			11811160064
		],
		[
			10300162048,
			11811160064
		],
		[
			10300162048,
			11811160064
		],
		[
			10300162048,
			11811160064
		],
		[
			10300162048,
			11811160064
		],
		[
			10300162048,
			11811160064
		],
		[
			10300162048,
			11811160064
		],
		[
			10300162048,
			11811160064
		],
		[
			10300162048,
			11811160064
		],
		[
			10300162048,
			11811160064
		],
		[
			10300162048,
			11811160064
		],
		[
			10300162048,
			11811160064
		],
		[
			10300162048,
			11811160064
		],
		[
			10300162048,
			11811160064
		],
		[
			10300162048,
			11811160064
		],
		[
			10300162048,
			11811160064
		],
		[
			10300162048,
			11811160064
		],
		[
			10300162048,
			11811160064
		],
		[
			10300162048,
			11811160064
		],
		[
			10300162048,
			11811160064
		],
		[
			10300162048,
			11811160064
		],
		[
			10300162048,
			11811160064
		],
		[
			10300162048,
			11811160064
		],
		[
			10300162048,
			11811160064
		],
		[
			10300162048,
			11811160064
		],
		[
			10300162048,
			11811160064
		],
		[
			10300162048,
			11811160064
		],
		[
			10300162048,
			11811160064
		],
		[
			10300162048,
			11811160064
		],
		[
			10300162048,
			11811160064
		],
		[
			10300162048,
			11811160064
		],
		[
			10300162048,
			11811160064
		],
		[
			10300162048,
			11811160064
		],
		[
			10300162048,
			11811160064
		],
		[
			10300162048,
			11811160064
		],
		[
			10300162048,
			11811160064
		],
		[
			10300162048,
			11811160064
		],
		[
			10300162048,
			11811160064
		],
		[
			10300162048,
			11811160064
		],
		[
			10300162048,
			11811160064
		],
		[
			10300162048,
			11811160064
		],
		[
			10300162048,
			11811160064
		],
		[
			10300162048,
			11811160064
		],
		[
			10300162048,
			11811160064
		],
		[
			10300162048,
			11811160064
		],
		[
			10300162048,
			11811160064
		],
		[
			10300162048,
			11811160064
		],
		[
			10300162048,
			11811160064
		],
		[
			10300162048,
			11811160064
		],
		[
			10300162048,
			11811160064
		],
		[
			10300162048,
			11811160064
		],
		[
			10300162048,
			11811160064
		],
		[
			10300162048,
			11811160064
		],
		[
			10300162048,
			11811160064
		],
		[
			10300162048,
			11811160064
		],
		[
			10300162048,
			11811160064
		],
		[
			10300162048,
			11811160064
		],
		[
			10300162048,
			11811160064
		],
		[
			10300162048,
			11811160064
		],
		[
			10300162048,
			11811160064
		],
		[
			10300162048,
			11811160064
		],
		[
			10300162048,
			11811160064
		],
		[
			10300162048,
			11811160064
		],
		[
			10300162048,
			11811160064
		],
		[
			10300162048,
			11811160064
		],
		[
			10300162048,
			11811160064
		],
		[
			10300162048,
			11811160064
		],
		[
			10300162048,
			11811160064
		],
		[
			10300162048,
			11811160064
		],
		[
			10300162048,
			11811160064
		],
		[
			10300162048,
			11811160064
		],
		[
			10300162048,
			11811160064
		],
		[
			10300162048,
			11811160064
		],
		[
			10300162048,
			11811160064
		],
		[
			10300162048,
			11811160064
		],
		[
			10300162048,
			11811160064
		],
		[
			10300162048,
			11811160064
		],
		[
			10300162048,
			11811160064
		],
		[
			10300162048,
			11811160064
		],
		[
			10300162048,
			11811160064
		],
		[
			10300162048,
			11811160064
		]
	],
	"utilization": [
		3,
		4,
		4,
		5,
		5,
		4,
		4,
		4,
		4,
		6,
		6,
		4,
		4,
		4,
		4,
		6,
		6,
		4,
		4,
		4,
		4,
		5,
		5,
		5,
		5,
		4,
		4,
		4,
		4,
		5,
		5,
		4,
		4,
		4,
		4,
		6,
		6,
		4,
		4,
		4,
		4,
		6,
		6,
		4,
		4,
		4,
		4,
		6,
		6,
		4,
		4,
		4,
		4,
		6,
		6,
		4,
		4,
		4,
		4,
		6,
		6,
		4,
		4,
		4,
		4,
		5,
		5,
		4,
		4,
		4,
		4,
		5,
		5,
		5,
		5,
		4,
		4,
		4,
		4,
		5,
		5,
		4,
		4,
		4,
		4,
		6,
		6,
		4,
		4,
		4
	],
	"computation_proportion": 45,
	"extra_dict": {}
}