{
	"model_name": "MobileNetV3S",
	"batch_size": 16,
	"duration_sec": 45,
	"mode": "train",
	"is_DDP": true,
	"process_group_backend": "gloo",
	"world_size": 4,
	"rank": 3,
	"local_rank": 0,
	"device_type": "gpu",
	"master_addr": "133.133.135.75",
	"master_port": 39920,
	"iteration_count": 97,
	"iteration_intervals": [
		1360198912,
		712548352,
		644396544,
		366846464,
		241419776,
		244423936,
		141528064,
		231394048,
		134814720,
		1072466176,
		619193600,
		357114112,
		737908224,
		735811072,
		731191808,
		500575232,
		1214492672,
		744256256,
		359511040,
		259510528,
		237479168,
		133343232,
		232331776,
		1339212032,
		490119168,
		370705408,
		254406144,
		233644032,
		133641984,
		230423040,
		120845568,
		159429632,
		121609472,
		201464576,
		122879744,
		867209984,
		369178624,
		260569344,
		589020416,
		1219835136,
		747110144,
		358099968,
		249953280,
		232282624,
		139791104,
		328802048,
		630086400,
		1963853056,
		474593280,
		985978624,
		606752000,
		366886656,
		474169344,
		870059008,
		480694016,
		731093760,
		372059904,
		719137792,
		983895296,
		369868544,
		360660992,
		2067919616,
		383358464,
		353078272,
		245844992,
		149090560,
		220908544,
		135115264,
		141577216,
		206415872,
		135135744,
		127521792,
		122056192,
		446139648,
		639223552,
		614919936,
		498279936,
		243165952,
		247202048,
		236715776,
		230607360,
		144000768,
		1567589120,
		374782720,
		363478784,
		242546944,
		133217280,
		237328896,
		138888192,
		139236608,
		215010560,
		122821376,
		121270784,
		130145536,
		725810688,
		965948416,
		496043264
	],
	"iteration_intervals_avg": 454127874.7826087,
	"iteration_intervals_avg_second": 0.4541278747826087,
	"total_time_ns": 45107890176,
	"total_time_second": 45,
	"mem_infos": [
		[
			5197791232,
			5905580032
		],
		[
			5004853248,
			5905580032
		],
		[
			4807720960,
			5905580032
		],
		[
			4405067776,
			5905580032
		],
		[
			4405067776,
			5905580032
		],
		[
			4405067776,
			5905580032
		],
		[
			4405067776,
			5905580032
		],
		[
			4405067776,
			5905580032
		],
		[
			4405067776,
			5905580032
		],
		[
			4405067776,
			5905580032
		],
		[
			4405067776,
			5905580032
		],
		[
			4405067776,
			5905580032
		],
		[
			4405067776,
			5905580032
		],
		[
			4405067776,
			5905580032
		],
		[
			4405067776,
			5905580032
		],
		[
			4405067776,
			5905580032
		],
		[
			4405067776,
			5905580032
		],
		[
			4405067776,
			5905580032
		],
		[
			4405067776,
			5905580032
		],
		[
			4405067776,
			5905580032
		],
		[
			4405067776,
			5905580032
		],
		[
			4405067776,
			5905580032
		],
		[
			4405067776,
			5905580032
		],
		[
			4405067776,
			5905580032
		],
		[
			4405067776,
			5905580032
		],
		[
			4405067776,
			5905580032
		],
		[
			4405067776,
			5905580032
		],
		[
			4405067776,
			5905580032
		],
		[
			4405067776,
			5905580032
		],
		[
			4405067776,
			5905580032
		],
		[
			4405067776,
			5905580032
		],
		[
			4405067776,
			5905580032
		],
		[
			4405067776,
			5905580032
		],
		[
			4405067776,
			5905580032
		],
		[
			4405067776,
			5905580032
		],
		[
			4405067776,
			5905580032
		],
		[
			4405067776,
			5905580032
		],
		[
			4405067776,
			5905580032
		],
		[
			4405067776,
			5905580032
		],
		[
			4405067776,
			5905580032
		],
		[
			4405067776,
			5905580032
		],
		[
			4405067776,
			5905580032
		],
		[
			4405067776,
			5905580032
		],
		[
			4405067776,
			5905580032
		],
		[
			4405067776,
			5905580032
		],
		[
			4405067776,
			5905580032
		],
		[
			4405067776,
			5905580032
		],
		[
			4405067776,
			5905580032
		],
		[
			4405067776,
			5905580032
		],
		[
			4405067776,
			5905580032
		],
		[
			4405067776,
			5905580032
		],
		[
			4405067776,
			5905580032
		],
		[
			4405067776,
			5905580032
		],
		[
			4405067776,
			5905580032
		],
		[
			4405067776,
			5905580032
		],
		[
			4405067776,
			5905580032
		],
		[
			4405067776,
			5905580032
		],
		[
			4405067776,
			5905580032
		],
		[
			4405067776,
			5905580032
		],
		[
			4405067776,
			5905580032
		],
		[
			4405067776,
			5905580032
		],
		[
			4405067776,
			5905580032
		],
		[
			4405067776,
			5905580032
		],
		[
			4405067776,
			5905580032
		],
		[
			4405067776,
			5905580032
		],
		[
			4405067776,
			5905580032
		],
		[
			4405067776,
			5905580032
		],
		[
			4405067776,
			5905580032
		],
		[
			4405067776,
			5905580032
		],
		[
			4405067776,
			5905580032
		],
		[
			4405067776,
			5905580032
		],
		[
			4405067776,
			5905580032
		],
		[
			4405067776,
			5905580032
		],
		[
			4405067776,
			5905580032
		],
		[
			4405067776,
			5905580032
		],
		[
			4405067776,
			5905580032
		],
		[
			4405067776,
			5905580032
		],
		[
			4405067776,
			5905580032
		],
		[
			4405067776,
			5905580032
		],
		[
			4405067776,
			5905580032
		],
		[
			4405067776,
			5905580032
		],
		[
			4405067776,
			5905580032
		],
		[
			4405067776,
			5905580032
		],
		[
			4405067776,
			5905580032
		],
		[
			4405067776,
			5905580032
		],
		[
			4405067776,
			5905580032
		],
		[
			4405067776,
			5905580032
		],
		[
			4405067776,
			5905580032
		],
		[
			4405067776,
			5905580032
		],
		[
			4405067776,
			5905580032
		]
	],
	"utilization": [
		42,
		42,
		38,
		38,
		24,
		24,
		9,
		9,
		23,
		23,
		12,
		12,
		12,
		12,
		9,
		9,
		6,
		6,
		8,
		8,
		1,
		1,
		13,
		13,
		26,
		26,
		7,
		7,
		12,
		12,
		27,
		27,
		35,
		35,
		5,
		5,
		15,
		15,
		0,
		0,
		14,
		14,
		21,
		21,
		7,
		7,
		0,
		0,
		12,
		12,
		6,
		6,
		14,
		14,
		10,
		10,
		10,
		10,
		7,
		7,
		8,
		8,
		6,
		6,
		10,
		10,
		0,
		0,
		8,
		8,
		22,
		22,
		39,
		39,
		5,
		5,
		11,
		11,
		25,
		25,
		6,
		6,
		7,
		7,
		29,
		29,
		37,
		37,
		5,
		5
	],
	"computation_proportion": 5,
	"extra_dict": {}
}