{
	"model_name": "ShuffleNet",
	"batch_size": 256,
	"duration_sec": 45,
	"mode": "train",
	"is_DDP": true,
	"process_group_backend": "gloo",
	"world_size": 2,
	"rank": 1,
	"local_rank": 0,
	"device_type": "gpu",
	"master_addr": "133.133.135.75",
	"master_port": 39920,
	"iteration_count": 149,
	"iteration_intervals": [
		1589586432,
		316786688,
		344559104,
		362190080,
		265126656,
		262834688,
		339947520,
		268734208,
		297282816,
		283884288,
		274326016,
		336680448,
		259438848,
		268544256,
		335831808,
		269651968,
		329362176,
		266041344,
		260172544,
		331490048,
		274225152,
		334846208,
		261592064,
		265336064,
		331711232,
		271872256,
		334605824,
		276409856,
		268122624,
		330565120,
		268919552,
		251156736,
		354106112,
		247249920,
		342122240,
		270515456,
		253347840,
		339245312,
		274973184,
		329472000,
		262813952,
		269864704,
		330038784,
		259100672,
		341031680,
		267289600,
		269302016,
		318786048,
		270005504,
		346591232,
		258198528,
		261668864,
		331344128,
		268868608,
		264414720,
		332687616,
		264947200,
		333662208,
		258657792,
		257752576,
		345321216,
		254028288,
		352005120,
		273423872,
		256810752,
		328774400,
		263110656,
		346295040,
		263230976,
		262766848,
		330106112,
		272657152,
		293300224,
		296416256,
		269096448,
		330301440,
		268437504,
		270826496,
		337075456,
		260477440,
		327871744,
		263465728,
		280743680,
		322973440,
		265692160,
		332256000,
		255014400,
		279723008,
		329983744,
		273238784,
		338751744,
		255692288,
		268612096,
		327207168,
		268510208,
		266080768,
		330306048,
		252054016,
		349318144,
		267800064,
		259134720,
		331914752,
		273234944,
		335736576,
		252522496,
		277812992,
		438973952,
		260075008,
		337722368,
		261673216,
		260843520,
		340955136,
		264846336,
		341287936,
		255705088,
		271337216,
		326690816,
		255587328,
		283420160,
		326981888,
		255767552,
		345800448,
		262018304,
		260200192,
		326464768,
		289457152,
		341430784,
		252898560,
		269375488,
		338714112,
		253879040,
		343305728,
		266184704,
		251204352,
		337674752,
		263942912,
		309376512,
		293862144,
		264438784,
		342457088,
		248067328,
		282226944,
		333821696,
		265394432,
		334150656,
		265662464,
		261584384,
		331850240,
		265702400
	],
	"iteration_intervals_avg": 292880357.3333333,
	"iteration_intervals_avg_second": 0.29288035733333334,
	"total_time_ns": 45054253568,
	"total_time_second": 45,
	"mem_infos": [
		[
			11269046272,
			11811160064
		],
		[
			10593763328,
			11811160064
		],
		[
			10371465216,
			11811160064
		],
		[
			3981443072,
			11811160064
		],
		[
			3973054464,
			11811160064
		],
		[
			3973054464,
			11811160064
		],
		[
			3973054464,
			11811160064
		],
		[
			3973054464,
			11811160064
		],
		[
			3973054464,
			11811160064
		],
		[
			3973054464,
			11811160064
		],
		[
			3973054464,
			11811160064
		],
		[
			3973054464,
			11811160064
		],
		[
			3973054464,
			11811160064
		],
		[
			3973054464,
			11811160064
		],
		[
			3973054464,
			11811160064
		],
		[
			3973054464,
			11811160064
		],
		[
			3973054464,
			11811160064
		],
		[
			3973054464,
			11811160064
		],
		[
			3973054464,
			11811160064
		],
		[
			3973054464,
			11811160064
		],
		[
			3973054464,
			11811160064
		],
		[
			3973054464,
			11811160064
		],
		[
			3973054464,
			11811160064
		],
		[
			3973054464,
			11811160064
		],
		[
			3973054464,
			11811160064
		],
		[
			3973054464,
			11811160064
		],
		[
			3973054464,
			11811160064
		],
		[
			3973054464,
			11811160064
		],
		[
			3973054464,
			11811160064
		],
		[
			3973054464,
			11811160064
		],
		[
			3973054464,
			11811160064
		],
		[
			3973054464,
			11811160064
		],
		[
			3973054464,
			11811160064
		],
		[
			3973054464,
			11811160064
		],
		[
			3973054464,
			11811160064
		],
		[
			3973054464,
			11811160064
		],
		[
			3973054464,
			11811160064
		],
		[
			3973054464,
			11811160064
		],
		[
			3973054464,
			11811160064
		],
		[
			3973054464,
			11811160064
		],
		[
			3973054464,
			11811160064
		],
		[
			3973054464,
			11811160064
		],
		[
			3973054464,
			11811160064
		],
		[
			3973054464,
			11811160064
		],
		[
			3973054464,
			11811160064
		],
		[
			3973054464,
			11811160064
		],
		[
			3973054464,
			11811160064
		],
		[
			3973054464,
			11811160064
		],
		[
			3973054464,
			11811160064
		],
		[
			3973054464,
			11811160064
		],
		[
			3973054464,
			11811160064
		],
		[
			3973054464,
			11811160064
		],
		[
			3973054464,
			11811160064
		],
		[
			3973054464,
			11811160064
		],
		[
			3973054464,
			11811160064
		],
		[
			3973054464,
			11811160064
		],
		[
			3973054464,
			11811160064
		],
		[
			3973054464,
			11811160064
		],
		[
			3973054464,
			11811160064
		],
		[
			3973054464,
			11811160064
		],
		[
			3973054464,
			11811160064
		],
		[
			3973054464,
			11811160064
		],
		[
			3973054464,
			11811160064
		],
		[
			3973054464,
			11811160064
		],
		[
			3973054464,
			11811160064
		],
		[
			3973054464,
			11811160064
		],
		[
			3973054464,
			11811160064
		],
		[
			3973054464,
			11811160064
		],
		[
			3973054464,
			11811160064
		],
		[
			3973054464,
			11811160064
		],
		[
			3973054464,
			11811160064
		],
		[
			3973054464,
			11811160064
		],
		[
			3973054464,
			11811160064
		],
		[
			3973054464,
			11811160064
		],
		[
			3973054464,
			11811160064
		],
		[
			3973054464,
			11811160064
		],
		[
			3973054464,
			11811160064
		],
		[
			3973054464,
			11811160064
		],
		[
			3973054464,
			11811160064
		],
		[
			3973054464,
			11811160064
		],
		[
			3973054464,
			11811160064
		],
		[
			3973054464,
			11811160064
		],
		[
			3973054464,
			11811160064
		],
		[
			3973054464,
			11811160064
		],
		[
			3973054464,
			11811160064
		],
		[
			3973054464,
			11811160064
		],
		[
			3973054464,
			11811160064
		],
		[
			3973054464,
			11811160064
		],
		[
			3973054464,
			11811160064
		],
		[
			3973054464,
			11811160064
		]
	],
	"utilization": [
		1,
		7,
		7,
		7,
		7,
		35,
		35,
		43,
		43,
		43,
		43,
		43,
		43,
		44,
		44,
		45,
		45,
		43,
		43,
		43,
		43,
		43,
		43,
		45,
		45,
		44,
		44,
		41,
		41,
		47,
		47,
		44,
		44,
		42,
		42,
		45,
		45,
		45,
		45,
		42,
		42,
		43,
		43,
		43,
		43,
		47,
		47,
		43,
		43,
		42,
		42,
		45,
		45,
		44,
		44,
		43,
		43,
		45,
		45,
		45,
		45,
		42,
		42,
		44,
		44,
		46,
		46,
		37,
		37,
		45,
		45,
		46,
		46,
		43,
		43,
		42,
		42,
		46,
		46,
		42,
		42,
		44,
		44,
		44,
		44,
		46,
		46,
		43,
		43,
		42
	],
	"computation_proportion": 80,
	"extra_dict": {}
}