{
	"model_name": "HarDNet",
	"batch_size": 128,
	"duration_sec": 45,
	"mode": "train",
	"is_DDP": true,
	"process_group_backend": "gloo",
	"world_size": 2,
	"rank": 0,
	"local_rank": 0,
	"device_type": "gpu",
	"master_addr": "133.133.135.74",
	"master_port": 39920,
	"iteration_count": 103,
	"iteration_intervals": [
		1525454592,
		374881024,
		436589824,
		414732288,
		440027392,
		411076608,
		445772288,
		410346752,
		443258112,
		412012800,
		444213760,
		420472832,
		432720384,
		421702400,
		442353152,
		411136768,
		443871744,
		410979328,
		442766080,
		410348032,
		454074624,
		420709632,
		397457920,
		454945280,
		397593856,
		455277824,
		398002176,
		465354496,
		397863936,
		452279808,
		394129152,
		460239616,
		388249344,
		471080704,
		391243008,
		459288320,
		398182400,
		459677440,
		394617088,
		458663168,
		396209920,
		459869696,
		391236352,
		471294208,
		383277824,
		469695232,
		379433472,
		478975744,
		380507392,
		468489728,
		392372224,
		470213120,
		376342528,
		483282944,
		378081280,
		467940608,
		384335872,
		479278336,
		374095104,
		478483712,
		383079424,
		476669184,
		379168000,
		477197568,
		382297856,
		476018688,
		380230656,
		475815936,
		379641088,
		479511808,
		372930560,
		475214336,
		381097216,
		480297472,
		384545792,
		396761088,
		461770496,
		393496064,
		459430144,
		399392256,
		459618304,
		399097856,
		457347840,
		392756992,
		454204416,
		399887360,
		466864896,
		388024064,
		466902784,
		394533888,
		459958528,
		395275264,
		465848064,
		394644992,
		466183168,
		390877696,
		468726016,
		382561024,
		475427584,
		379895040,
		476200960,
		392272640,
		469667584
	],
	"iteration_intervals_avg": 427823660.40816325,
	"iteration_intervals_avg_second": 0.4278236604081633,
	"total_time_ns": 45119281920,
	"total_time_second": 45,
	"mem_infos": [
		[
			11269046272,
			11811160064
		],
		[
			10365173760,
			11811160064
		],
		[
			10121904128,
			11811160064
		],
		[
			4029677568,
			11811160064
		],
		[
			4027580416,
			11811160064
		],
		[
			4027580416,
			11811160064
		],
		[
			4027580416,
			11811160064
		],
		[
			4027580416,
			11811160064
		],
		[
			4027580416,
			11811160064
		],
		[
			4027580416,
			11811160064
		],
		[
			4027580416,
			11811160064
		],
		[
			4027580416,
			11811160064
		],
		[
			4027580416,
			11811160064
		],
		[
			4027580416,
			11811160064
		],
		[
			4027580416,
			11811160064
		],
		[
			4027580416,
			11811160064
		],
		[
			4027580416,
			11811160064
		],
		[
			4027580416,
			11811160064
		],
		[
			4027580416,
			11811160064
		],
		[
			4027580416,
			11811160064
		],
		[
			4027580416,
			11811160064
		],
		[
			4027580416,
			11811160064
		],
		[
			4027580416,
			11811160064
		],
		[
			4027580416,
			11811160064
		],
		[
			4027580416,
			11811160064
		],
		[
			4027580416,
			11811160064
		],
		[
			4027580416,
			11811160064
		],
		[
			4027580416,
			11811160064
		],
		[
			4027580416,
			11811160064
		],
		[
			4027580416,
			11811160064
		],
		[
			4027580416,
			11811160064
		],
		[
			4027580416,
			11811160064
		],
		[
			4027580416,
			11811160064
		],
		[
			4027580416,
			11811160064
		],
		[
			4027580416,
			11811160064
		],
		[
			4027580416,
			11811160064
		],
		[
			4027580416,
			11811160064
		],
		[
			4027580416,
			11811160064
		],
		[
			4027580416,
			11811160064
		],
		[
			4027580416,
			11811160064
		],
		[
			4027580416,
			11811160064
		],
		[
			4027580416,
			11811160064
		],
		[
			4027580416,
			11811160064
		],
		[
			4027580416,
			11811160064
		],
		[
			4027580416,
			11811160064
		],
		[
			4027580416,
			11811160064
		],
		[
			4027580416,
			11811160064
		],
		[
			4027580416,
			11811160064
		],
		[
			4027580416,
			11811160064
		],
		[
			4027580416,
			11811160064
		],
		[
			4027580416,
			11811160064
		],
		[
			4027580416,
			11811160064
		],
		[
			4027580416,
			11811160064
		],
		[
			4027580416,
			11811160064
		],
		[
			4027580416,
			11811160064
		],
		[
			4027580416,
			11811160064
		],
		[
			4027580416,
			11811160064
		],
		[
			4027580416,
			11811160064
		],
		[
			4027580416,
			11811160064
		],
		[
			4027580416,
			11811160064
		],
		[
			4027580416,
			11811160064
		],
		[
			4027580416,
			11811160064
		],
		[
			4027580416,
			11811160064
		],
		[
			4027580416,
			11811160064
		],
		[
			4027580416,
			11811160064
		],
		[
			4027580416,
			11811160064
		],
		[
			4027580416,
			11811160064
		],
		[
			4027580416,
			11811160064
		],
		[
			4027580416,
			11811160064
		],
		[
			4027580416,
			11811160064
		],
		[
			4027580416,
			11811160064
		],
		[
			4027580416,
			11811160064
		],
		[
			4027580416,
			11811160064
		],
		[
			4027580416,
			11811160064
		],
		[
			4027580416,
			11811160064
		],
		[
			4027580416,
			11811160064
		],
		[
			4027580416,
			11811160064
		],
		[
			4027580416,
			11811160064
		],
		[
			4027580416,
			11811160064
		],
		[
			4027580416,
			11811160064
		],
		[
			4027580416,
			11811160064
		],
		[
			4027580416,
			11811160064
		],
		[
			4027580416,
			11811160064
		],
		[
			4027580416,
			11811160064
		],
		[
			4027580416,
			11811160064
		],
		[
			4027580416,
			11811160064
		],
		[
			4027580416,
			11811160064
		],
		[
			4027580416,
			11811160064
		],
		[
			4027580416,
			11811160064
		],
		[
			4027580416,
			11811160064
		]
	],
	"utilization": [
		0,
		5,
		5,
		5,
		5,
		36,
		36,
		33,
		33,
		34,
		34,
		31,
		31,
		33,
		33,
		30,
		30,
		34,
		34,
		32,
		32,
		30,
		30,
		31,
		31,
		34,
		34,
		32,
		32,
		32,
		32,
		32,
		32,
		33,
		33,
		33,
		33,
		30,
		30,
		30,
		30,
		36,
		36,
		31,
		31,
		32,
		32,
		31,
		31,
		33,
		33,
		33,
		33,
		31,
		31,
		30,
		30,
		36,
		36,
		29,
		29,
		32,
		32,
		33,
		33,
		34,
		34,
		32,
		32,
		32,
		32,
		31,
		31,
		35,
		35,
		31,
		31,
		32,
		32,
		33,
		33,
		34,
		34,
		32,
		32,
		32,
		32,
		30,
		30,
		34
	],
	"computation_proportion": 60,
	"extra_dict": {}
}