{
	"model_name": "ConvNeXtT",
	"batch_size": 16,
	"duration_sec": 45,
	"mode": "train",
	"is_DDP": true,
	"process_group_backend": "gloo",
	"world_size": 2,
	"rank": 1,
	"local_rank": 0,
	"device_type": "gpu",
	"master_addr": "133.133.135.74",
	"master_port": 39920,
	"iteration_count": 32,
	"iteration_intervals": [
		2350388224,
		1419625728,
		1419998208,
		1372858368,
		1443633920,
		1364709632,
		1442988032,
		1359376896,
		1421488384,
		1377934592,
		1435653120,
		1388103168,
		1431737088,
		1362651648,
		1455111168,
		1350430720,
		1440964352,
		1346333952,
		1360727552,
		1426039552,
		1388088320,
		1416339712,
		1382766336,
		1425415424,
		1374240768,
		1439293952,
		1356017664,
		1444945920,
		1374953472,
		1427390464,
		1407099392,
		1437810944
	],
	"iteration_intervals_avg": 1401430082.3703704,
	"iteration_intervals_avg_second": 1.4014300823703705,
	"total_time_ns": 45847231744,
	"total_time_second": 45,
	"mem_infos": [
		[
			10786701312,
			11811160064
		],
		[
			10579083264,
			11811160064
		],
		[
			8580497408,
			11811160064
		],
		[
			8402239488,
			11811160064
		],
		[
			8402239488,
			11811160064
		],
		[
			8161067008,
			11811160064
		],
		[
			8161067008,
			11811160064
		],
		[
			8161067008,
			11811160064
		],
		[
			8161067008,
			11811160064
		],
		[
			8161067008,
			11811160064
		],
		[
			8161067008,
			11811160064
		],
		[
			8161067008,
			11811160064
		],
		[
			8161067008,
			11811160064
		],
		[
			8161067008,
			11811160064
		],
		[
			8161067008,
			11811160064
		],
		[
			8161067008,
			11811160064
		],
		[
			8161067008,
			11811160064
		],
		[
			8161067008,
			11811160064
		],
		[
			8161067008,
			11811160064
		],
		[
			8161067008,
			11811160064
		],
		[
			8161067008,
			11811160064
		],
		[
			8161067008,
			11811160064
		],
		[
			8161067008,
			11811160064
		],
		[
			8161067008,
			11811160064
		],
		[
			8161067008,
			11811160064
		],
		[
			8161067008,
			11811160064
		],
		[
			8161067008,
			11811160064
		],
		[
			8161067008,
			11811160064
		],
		[
			8161067008,
			11811160064
		],
		[
			8161067008,
			11811160064
		],
		[
			8161067008,
			11811160064
		],
		[
			8161067008,
			11811160064
		],
		[
			8161067008,
			11811160064
		],
		[
			8161067008,
			11811160064
		],
		[
			8161067008,
			11811160064
		],
		[
			8161067008,
			11811160064
		],
		[
			8161067008,
			11811160064
		],
		[
			8161067008,
			11811160064
		],
		[
			8161067008,
			11811160064
		],
		[
			8161067008,
			11811160064
		],
		[
			8161067008,
			11811160064
		],
		[
			8161067008,
			11811160064
		],
		[
			8161067008,
			11811160064
		],
		[
			8161067008,
			11811160064
		],
		[
			8161067008,
			11811160064
		],
		[
			8161067008,
			11811160064
		],
		[
			8161067008,
			11811160064
		],
		[
			8161067008,
			11811160064
		],
		[
			8161067008,
			11811160064
		],
		[
			8161067008,
			11811160064
		],
		[
			8161067008,
			11811160064
		],
		[
			8161067008,
			11811160064
		],
		[
			8161067008,
			11811160064
		],
		[
			8161067008,
			11811160064
		],
		[
			8161067008,
			11811160064
		],
		[
			8161067008,
			11811160064
		],
		[
			8161067008,
			11811160064
		],
		[
			8161067008,
			11811160064
		],
		[
			8161067008,
			11811160064
		],
		[
			8161067008,
			11811160064
		],
		[
			8161067008,
			11811160064
		],
		[
			8161067008,
			11811160064
		],
		[
			8161067008,
			11811160064
		],
		[
			8161067008,
			11811160064
		],
		[
			8161067008,
			11811160064
		],
		[
			8161067008,
			11811160064
		],
		[
			8161067008,
			11811160064
		],
		[
			8161067008,
			11811160064
		],
		[
			8161067008,
			11811160064
		],
		[
			8161067008,
			11811160064
		],
		[
			8161067008,
			11811160064
		],
		[
			8161067008,
			11811160064
		],
		[
			8161067008,
			11811160064
		],
		[
			8161067008,
			11811160064
		],
		[
			8161067008,
			11811160064
		],
		[
			8161067008,
			11811160064
		],
		[
			8161067008,
			11811160064
		],
		[
			8161067008,
			11811160064
		],
		[
			8161067008,
			11811160064
		],
		[
			8161067008,
			11811160064
		],
		[
			8161067008,
			11811160064
		],
		[
			8161067008,
			11811160064
		],
		[
			8161067008,
			11811160064
		],
		[
			8161067008,
			11811160064
		],
		[
			8161067008,
			11811160064
		],
		[
			8161067008,
			11811160064
		],
		[
			8161067008,
			11811160064
		],
		[
			8161067008,
			11811160064
		],
		[
			8161067008,
			11811160064
		],
		[
			8161067008,
			11811160064
		]
	],
	"utilization": [
		2,
		2,
		7,
		7,
		19,
		19,
		13,
		13,
		0,
		0,
		12,
		12,
		16,
		16,
		3,
		3,
		11,
		11,
		12,
		12,
		15,
		15,
		0,
		0,
		13,
		13,
		15,
		15,
		4,
		4,
		10,
		10,
		12,
		12,
		13,
		13,
		0,
		0,
		16,
		16,
		14,
		14,
		7,
		7,
		7,
		7,
		12,
		12,
		13,
		13,
		0,
		0,
		13,
		13,
		12,
		12,
		13,
		13,
		1,
		1,
		13,
		13,
		13,
		13,
		0,
		0,
		13,
		13,
		13,
		13,
		12,
		12,
		2,
		2,
		13,
		13,
		16,
		16,
		1,
		1,
		12,
		12,
		12,
		12,
		13,
		13,
		0,
		0,
		16,
		16
	],
	"computation_proportion": 25,
	"extra_dict": {}
}