{
	"model_name": "GhostNet",
	"batch_size": 64,
	"duration_sec": 45,
	"mode": "train",
	"is_DDP": true,
	"process_group_backend": "gloo",
	"world_size": 4,
	"rank": 3,
	"local_rank": 0,
	"device_type": "gpu",
	"master_addr": "133.133.135.75",
	"master_port": 39920,
	"iteration_count": 57,
	"iteration_intervals": [
		1620981760,
		247153408,
		350085376,
		262238464,
		465780992,
		1611937024,
		739213568,
		729056256,
		859941120,
		1100216320,
		1224176128,
		746190336,
		608270848,
		482857728,
		611930112,
		855119872,
		1122860544,
		987248896,
		975717632,
		735271680,
		725841664,
		978479872,
		980450560,
		860028416,
		862779904,
		737709568,
		736613120,
		615136768,
		605394944,
		370877696,
		602315264,
		502223360,
		731593216,
		495375872,
		484181504,
		372800768,
		370597632,
		362242560,
		364607744,
		1352485376,
		2317550848,
		983455488,
		859904512,
		980810496,
		989121792,
		1231381504,
		1353650944,
		1223039232,
		733387520,
		622615552,
		608909568,
		513364992,
		488272896,
		368342272,
		492499456,
		489051904,
		2325706496
	],
	"iteration_intervals_avg": 828515564.3076923,
	"iteration_intervals_avg_second": 0.8285155643076922,
	"total_time_ns": 46030122752,
	"total_time_second": 46,
	"mem_infos": [
		[
			5363466240,
			5905580032
		],
		[
			4841275392,
			5905580032
		],
		[
			4665114624,
			5905580032
		],
		[
			2391801856,
			5905580032
		],
		[
			1454374912,
			5905580032
		],
		[
			1454374912,
			5905580032
		],
		[
			1454374912,
			5905580032
		],
		[
			1454374912,
			5905580032
		],
		[
			1454374912,
			5905580032
		],
		[
			1454374912,
			5905580032
		],
		[
			1454374912,
			5905580032
		],
		[
			1454374912,
			5905580032
		],
		[
			1454374912,
			5905580032
		],
		[
			1454374912,
			5905580032
		],
		[
			1454374912,
			5905580032
		],
		[
			1454374912,
			5905580032
		],
		[
			1454374912,
			5905580032
		],
		[
			1454374912,
			5905580032
		],
		[
			1454374912,
			5905580032
		],
		[
			1454374912,
			5905580032
		],
		[
			1454374912,
			5905580032
		],
		[
			1454374912,
			5905580032
		],
		[
			1454374912,
			5905580032
		],
		[
			1454374912,
			5905580032
		],
		[
			1454374912,
			5905580032
		],
		[
			1454374912,
			5905580032
		],
		[
			1454374912,
			5905580032
		],
		[
			1454374912,
			5905580032
		],
		[
			1454374912,
			5905580032
		],
		[
			1454374912,
			5905580032
		],
		[
			1454374912,
			5905580032
		],
		[
			1454374912,
			5905580032
		],
		[
			1454374912,
			5905580032
		],
		[
			1454374912,
			5905580032
		],
		[
			1454374912,
			5905580032
		],
		[
			1454374912,
			5905580032
		],
		[
			1454374912,
			5905580032
		],
		[
			1454374912,
			5905580032
		],
		[
			1454374912,
			5905580032
		],
		[
			1454374912,
			5905580032
		],
		[
			1454374912,
			5905580032
		],
		[
			1454374912,
			5905580032
		],
		[
			1454374912,
			5905580032
		],
		[
			1454374912,
			5905580032
		],
		[
			1454374912,
			5905580032
		],
		[
			1454374912,
			5905580032
		],
		[
			1454374912,
			5905580032
		],
		[
			1454374912,
			5905580032
		],
		[
			1454374912,
			5905580032
		],
		[
			1454374912,
			5905580032
		],
		[
			1454374912,
			5905580032
		],
		[
			1454374912,
			5905580032
		],
		[
			1454374912,
			5905580032
		],
		[
			1454374912,
			5905580032
		],
		[
			1454374912,
			5905580032
		],
		[
			1454374912,
			5905580032
		],
		[
			1454374912,
			5905580032
		],
		[
			1454374912,
			5905580032
		],
		[
			1454374912,
			5905580032
		],
		[
			1454374912,
			5905580032
		],
		[
			1454374912,
			5905580032
		],
		[
			1454374912,
			5905580032
		],
		[
			1454374912,
			5905580032
		],
		[
			1454374912,
			5905580032
		],
		[
			1454374912,
			5905580032
		],
		[
			1454374912,
			5905580032
		],
		[
			1454374912,
			5905580032
		],
		[
			1454374912,
			5905580032
		],
		[
			1454374912,
			5905580032
		],
		[
			1454374912,
			5905580032
		],
		[
			1454374912,
			5905580032
		],
		[
			1454374912,
			5905580032
		],
		[
			1454374912,
			5905580032
		],
		[
			1454374912,
			5905580032
		],
		[
			1454374912,
			5905580032
		],
		[
			1454374912,
			5905580032
		],
		[
			1454374912,
			5905580032
		],
		[
			1454374912,
			5905580032
		],
		[
			1454374912,
			5905580032
		],
		[
			1454374912,
			5905580032
		],
		[
			1454374912,
			5905580032
		],
		[
			1454374912,
			5905580032
		],
		[
			1454374912,
			5905580032
		],
		[
			1454374912,
			5905580032
		],
		[
			1454374912,
			5905580032
		],
		[
			1454374912,
			5905580032
		],
		[
			1454374912,
			5905580032
		],
		[
			1454374912,
			5905580032
		],
		[
			1454374912,
			5905580032
		],
		[
			1454374912,
			5905580032
		]
	],
	"utilization": [
		15,
		15,
		16,
		16,
		45,
		45,
		44,
		44,
		11,
		11,
		18,
		18,
		16,
		16,
		27,
		27,
		8,
		8,
		12,
		12,
		26,
		26,
		24,
		24,
		31,
		31,
		16,
		16,
		16,
		16,
		16,
		16,
		16,
		16,
		17,
		17,
		19,
		19,
		18,
		18,
		26,
		26,
		16,
		16,
		16,
		16,
		32,
		32,
		32,
		32,
		31,
		31,
		17,
		17,
		41,
		41,
		39,
		39,
		11,
		11,
		10,
		10,
		2,
		2,
		14,
		14,
		17,
		17,
		18,
		18,
		22,
		22,
		18,
		18,
		16,
		16,
		5,
		5,
		11,
		11,
		24,
		24,
		23,
		23,
		31,
		31,
		36,
		36,
		27,
		27
	],
	"computation_proportion": 15,
	"extra_dict": {}
}