{
	"model_name": "InceptionV3",
	"batch_size": 4,
	"duration_sec": 45,
	"mode": "train",
	"is_DDP": true,
	"process_group_backend": "gloo",
	"world_size": 2,
	"rank": 0,
	"local_rank": 0,
	"device_type": "gpu",
	"master_addr": "133.133.135.74",
	"master_port": 39920,
	"iteration_count": 44,
	"iteration_intervals": [
		2325937664,
		1015894272,
		1008779776,
		1008781568,
		1000831744,
		1007789568,
		1011978496,
		1010453760,
		1012348160,
		1015410432,
		1012951296,
		1008080640,
		1004121344,
		1009326592,
		1006311936,
		1009106176,
		1007492096,
		1021208320,
		994047232,
		1035005184,
		1036230400,
		1012536320,
		1015770368,
		1014282240,
		1023104000,
		1016315904,
		1006400768,
		1004882176,
		1009541376,
		1008372992,
		1009894656,
		1027554560,
		1009533696,
		1008364288,
		1007554816,
		1017201920,
		1006544640,
		1008711680,
		1021540352,
		1044483072,
		1017709568,
		1027182592,
		1011365120,
		999591168
	],
	"iteration_intervals_avg": 1013597433.4358975,
	"iteration_intervals_avg_second": 1.0135974334358975,
	"total_time_ns": 45891725568,
	"total_time_second": 45,
	"mem_infos": [
		[
			11061428224,
			11811160064
		],
		[
			10822352896,
			11811160064
		],
		[
			10576986112,
			11811160064
		],
		[
			9822011392,
			11811160064
		],
		[
			9822011392,
			11811160064
		],
		[
			9708765184,
			11811160064
		],
		[
			9708765184,
			11811160064
		],
		[
			9708765184,
			11811160064
		],
		[
			9708765184,
			11811160064
		],
		[
			9708765184,
			11811160064
		],
		[
			9708765184,
			11811160064
		],
		[
			9708765184,
			11811160064
		],
		[
			9708765184,
			11811160064
		],
		[
			9708765184,
			11811160064
		],
		[
			9708765184,
			11811160064
		],
		[
			9708765184,
			11811160064
		],
		[
			9708765184,
			11811160064
		],
		[
			9708765184,
			11811160064
		],
		[
			9708765184,
			11811160064
		],
		[
			9708765184,
			11811160064
		],
		[
			9708765184,
			11811160064
		],
		[
			9708765184,
			11811160064
		],
		[
			9708765184,
			11811160064
		],
		[
			9708765184,
			11811160064
		],
		[
			9708765184,
			11811160064
		],
		[
			9708765184,
			11811160064
		],
		[
			9708765184,
			11811160064
		],
		[
			9708765184,
			11811160064
		],
		[
			9708765184,
			11811160064
		],
		[
			9708765184,
			11811160064
		],
		[
			9708765184,
			11811160064
		],
		[
			9708765184,
			11811160064
		],
		[
			9708765184,
			11811160064
		],
		[
			9708765184,
			11811160064
		],
		[
			9708765184,
			11811160064
		],
		[
			9708765184,
			11811160064
		],
		[
			9708765184,
			11811160064
		],
		[
			9708765184,
			11811160064
		],
		[
			9708765184,
			11811160064
		],
		[
			9708765184,
			11811160064
		],
		[
			9708765184,
			11811160064
		],
		[
			9708765184,
			11811160064
		],
		[
			9708765184,
			11811160064
		],
		[
			9708765184,
			11811160064
		],
		[
			9708765184,
			11811160064
		],
		[
			9708765184,
			11811160064
		],
		[
			9708765184,
			11811160064
		],
		[
			9708765184,
			11811160064
		],
		[
			9708765184,
			11811160064
		],
		[
			9708765184,
			11811160064
		],
		[
			9708765184,
			11811160064
		],
		[
			9708765184,
			11811160064
		],
		[
			9708765184,
			11811160064
		],
		[
			9708765184,
			11811160064
		],
		[
			9708765184,
			11811160064
		],
		[
			9708765184,
			11811160064
		],
		[
			9708765184,
			11811160064
		],
		[
			9708765184,
			11811160064
		],
		[
			9708765184,
			11811160064
		],
		[
			9708765184,
			11811160064
		],
		[
			9708765184,
			11811160064
		],
		[
			9708765184,
			11811160064
		],
		[
			9708765184,
			11811160064
		],
		[
			9708765184,
			11811160064
		],
		[
			9708765184,
			11811160064
		],
		[
			9708765184,
			11811160064
		],
		[
			9708765184,
			11811160064
		],
		[
			9708765184,
			11811160064
		],
		[
			9708765184,
			11811160064
		],
		[
			9708765184,
			11811160064
		],
		[
			9708765184,
			11811160064
		],
		[
			9708765184,
			11811160064
		],
		[
			9708765184,
			11811160064
		],
		[
			9708765184,
			11811160064
		],
		[
			9708765184,
			11811160064
		],
		[
			9708765184,
			11811160064
		],
		[
			9708765184,
			11811160064
		],
		[
			9708765184,
			11811160064
		],
		[
			9708765184,
			11811160064
		],
		[
			9708765184,
			11811160064
		],
		[
			9708765184,
			11811160064
		],
		[
			9708765184,
			11811160064
		],
		[
			9708765184,
			11811160064
		],
		[
			9708765184,
			11811160064
		],
		[
			9708765184,
			11811160064
		],
		[
			9708765184,
			11811160064
		],
		[
			9708765184,
			11811160064
		],
		[
			9708765184,
			11811160064
		],
		[
			9708765184,
			11811160064
		],
		[
			9708765184,
			11811160064
		]
	],
	"utilization": [
		4,
		3,
		3,
		9,
		9,
		3,
		3,
		6,
		6,
		6,
		6,
		6,
		6,
		6,
		6,
		6,
		6,
		6,
		6,
		6,
		6,
		6,
		6,
		6,
		6,
		6,
		6,
		6,
		6,
		6,
		6,
		6,
		6,
		6,
		6,
		6,
		6,
		6,
		6,
		6,
		6,
		6,
		6,
		6,
		6,
		6,
		6,
		6,
		6,
		6,
		6,
		6,
		6,
		6,
		6,
		6,
		6,
		6,
		6,
		6,
		6,
		6,
		6,
		6,
		6,
		6,
		6,
		6,
		6,
		6,
		6,
		6,
		6,
		6,
		6,
		6,
		6,
		6,
		6,
		6,
		6,
		6,
		6,
		6,
		6,
		6,
		6,
		6,
		6,
		6
	],
	"computation_proportion": 100,
	"extra_dict": {}
}