{
	"model_name": "ResNet18",
	"batch_size": 64,
	"duration_sec": 45,
	"mode": "train",
	"is_DDP": true,
	"process_group_backend": "gloo",
	"world_size": 2,
	"rank": 1,
	"local_rank": 0,
	"device_type": "gpu",
	"master_addr": "133.133.135.74",
	"master_port": 39920,
	"iteration_count": 97,
	"iteration_intervals": [
		1761097984,
		450590976,
		455268864,
		448724736,
		449576960,
		450646272,
		462084864,
		449685760,
		446980608,
		447512320,
		453050624,
		461777408,
		448937472,
		453754368,
		455409920,
		446391808,
		447874816,
		445747456,
		458578432,
		449704448,
		460042240,
		457601536,
		446633984,
		450930688,
		449798656,
		454995712,
		446791936,
		452297984,
		450925056,
		448463872,
		455780608,
		451806464,
		454737920,
		454028800,
		464150528,
		450563072,
		450369536,
		449553408,
		448638464,
		450734592,
		453244672,
		449452288,
		446692608,
		451610880,
		450489344,
		457278976,
		450668288,
		450764800,
		453764096,
		449086208,
		450067968,
		449291264,
		450001408,
		452603904,
		458273792,
		450511360,
		450823424,
		449863424,
		449148672,
		453812224,
		448472320,
		449839104,
		449386496,
		454898944,
		453029888,
		455027712,
		450485248,
		450048512,
		445683712,
		453861632,
		447578112,
		448135936,
		455879936,
		450087936,
		449751296,
		450954240,
		446119936,
		449781504,
		452297472,
		440698624,
		470538240,
		450220032,
		450095616,
		450540288,
		451302912,
		449055232,
		448749824,
		453872640,
		451036416,
		451513344,
		450591488,
		449624576,
		447434752,
		459727360,
		449769472,
		449392896,
		447631872
	],
	"iteration_intervals_avg": 451495073.3913044,
	"iteration_intervals_avg_second": 0.45149507339130435,
	"total_time_ns": 45103753984,
	"total_time_second": 45,
	"mem_infos": [
		[
			11130634240,
			11811160064
		],
		[
			10579083264,
			11811160064
		],
		[
			10344202240,
			11811160064
		],
		[
			7791968256,
			11811160064
		],
		[
			7783579648,
			11811160064
		],
		[
			7783579648,
			11811160064
		],
		[
			7783579648,
			11811160064
		],
		[
			7783579648,
			11811160064
		],
		[
			7783579648,
			11811160064
		],
		[
			7783579648,
			11811160064
		],
		[
			7783579648,
			11811160064
		],
		[
			7783579648,
			11811160064
		],
		[
			7783579648,
			11811160064
		],
		[
			7783579648,
			11811160064
		],
		[
			7783579648,
			11811160064
		],
		[
			7783579648,
			11811160064
		],
		[
			7783579648,
			11811160064
		],
		[
			7783579648,
			11811160064
		],
		[
			7783579648,
			11811160064
		],
		[
			7783579648,
			11811160064
		],
		[
			7783579648,
			11811160064
		],
		[
			7783579648,
			11811160064
		],
		[
			7783579648,
			11811160064
		],
		[
			7783579648,
			11811160064
		],
		[
			7783579648,
			11811160064
		],
		[
			7783579648,
			11811160064
		],
		[
			7783579648,
			11811160064
		],
		[
			7783579648,
			11811160064
		],
		[
			7783579648,
			11811160064
		],
		[
			7783579648,
			11811160064
		],
		[
			7783579648,
			11811160064
		],
		[
			7783579648,
			11811160064
		],
		[
			7783579648,
			11811160064
		],
		[
			7783579648,
			11811160064
		],
		[
			7783579648,
			11811160064
		],
		[
			7783579648,
			11811160064
		],
		[
			7783579648,
			11811160064
		],
		[
			7783579648,
			11811160064
		],
		[
			7783579648,
			11811160064
		],
		[
			7783579648,
			11811160064
		],
		[
			7783579648,
			11811160064
		],
		[
			7783579648,
			11811160064
		],
		[
			7783579648,
			11811160064
		],
		[
			7783579648,
			11811160064
		],
		[
			7783579648,
			11811160064
		],
		[
			7783579648,
			11811160064
		],
		[
			7783579648,
			11811160064
		],
		[
			7783579648,
			11811160064
		],
		[
			7783579648,
			11811160064
		],
		[
			7783579648,
			11811160064
		],
		[
			7783579648,
			11811160064
		],
		[
			7783579648,
			11811160064
		],
		[
			7783579648,
			11811160064
		],
		[
			7783579648,
			11811160064
		],
		[
			7783579648,
			11811160064
		],
		[
			7783579648,
			11811160064
		],
		[
			7783579648,
			11811160064
		],
		[
			7783579648,
			11811160064
		],
		[
			7783579648,
			11811160064
		],
		[
			7783579648,
			11811160064
		],
		[
			7783579648,
			11811160064
		],
		[
			7783579648,
			11811160064
		],
		[
			7783579648,
			11811160064
		],
		[
			7783579648,
			11811160064
		],
		[
			7783579648,
			11811160064
		],
		[
			7783579648,
			11811160064
		],
		[
			7783579648,
			11811160064
		],
		[
			7783579648,
			11811160064
		],
		[
			7783579648,
			11811160064
		],
		[
			7783579648,
			11811160064
		],
		[
			7783579648,
			11811160064
		],
		[
			7783579648,
			11811160064
		],
		[
			7783579648,
			11811160064
		],
		[
			7783579648,
			11811160064
		],
		[
			7783579648,
			11811160064
		],
		[
			7783579648,
			11811160064
		],
		[
			7783579648,
			11811160064
		],
		[
			7783579648,
			11811160064
		],
		[
			7783579648,
			11811160064
		],
		[
			7783579648,
			11811160064
		],
		[
			7783579648,
			11811160064
		],
		[
			7783579648,
			11811160064
		],
		[
			7783579648,
			11811160064
		],
		[
			7783579648,
			11811160064
		],
		[
			7783579648,
			11811160064
		],
		[
			7783579648,
			11811160064
		],
		[
			7783579648,
			11811160064
		],
		[
			7783579648,
			11811160064
		],
		[
			7783579648,
			11811160064
		],
		[
			7783579648,
			11811160064
		]
	],
	"utilization": [
		3,
		3,
		3,
		14,
		14,
		18,
		18,
		18,
		18,
		18,
		18,
		18,
		18,
		26,
		26,
		18,
		18,
		18,
		18,
		18,
		18,
		22,
		22,
		22,
		22,
		18,
		18,
		18,
		18,
		19,
		19,
		26,
		26,
		18,
		18,
		18,
		18,
		18,
		18,
		23,
		23,
		21,
		21,
		18,
		18,
		18,
		18,
		21,
		21,
		24,
		24,
		18,
		18,
		18,
		18,
		18,
		18,
		26,
		26,
		18,
		18,
		18,
		18,
		18,
		18,
		24,
		24,
		21,
		21,
		18,
		18,
		18,
		18,
		22,
		22,
		22,
		22,
		18,
		18,
		18,
		18,
		19,
		19,
		26,
		26,
		19,
		19,
		18,
		18,
		18
	],
	"computation_proportion": 95,
	"extra_dict": {}
}