{
	"model_name": "YoloV5S",
	"batch_size": 16,
	"duration_sec": 45,
	"mode": "train",
	"is_DDP": true,
	"process_group_backend": "gloo",
	"world_size": 1,
	"rank": 0,
	"local_rank": 0,
	"device_type": "gpu",
	"master_addr": "133.133.135.75",
	"master_port": 39920,
	"iteration_count": 128,
	"iteration_intervals": [
		1364524032,
		76329984,
		71854080,
		73910784,
		121394432,
		114983168,
		147027968,
		120464640,
		125579520,
		228558336,
		1685194240,
		639520768,
		460507648,
		277824512,
		359209984,
		332962048,
		262544128,
		361380352,
		371504896,
		369331200,
		482911488,
		486143488,
		383822080,
		372062976,
		346008064,
		267732480,
		342230528,
		267901696,
		346895872,
		355016960,
		378091008,
		376672768,
		487724800,
		463296512,
		274761728,
		365893888,
		344473600,
		270059008,
		246127872,
		339974400,
		269972992,
		360430848,
		467204608,
		389714176,
		474565376,
		368670720,
		344732928,
		272242944,
		254649344,
		337024768,
		262605568,
		257585152,
		351375104,
		365003776,
		367820288,
		483138304,
		372331264,
		371515648,
		340093440,
		261483520,
		269823744,
		325261056,
		262584832,
		341053440,
		282896640,
		354579200,
		476537856,
		385208320,
		465012480,
		367537152,
		269150208,
		348792832,
		255030784,
		255542528,
		357635072,
		342148864,
		373422080,
		375930880,
		482138368,
		388110592,
		373264640,
		364530432,
		359715072,
		260708864,
		340525568,
		263514880,
		362686720,
		359985152,
		378361600,
		479479040,
		479501312,
		368053504,
		365300992,
		265743616,
		339055360,
		266193920,
		260874752,
		353432576,
		354112768,
		368315136,
		377775104,
		471762432,
		371193088,
		369524224,
		356984832,
		265238784,
		257683200,
		326491904,
		268195072,
		338202880,
		274384640,
		361821440,
		474361088,
		379848704,
		373485568,
		358866944,
		349795328,
		263568896,
		255777024,
		331144704,
		260391424,
		251268608,
		356636672,
		358389248,
		384502016,
		364475648,
		372914688,
		364877568
	],
	"iteration_intervals_avg": 353722519.93495935,
	"iteration_intervals_avg_second": 0.35372251993495935,
	"total_time_ns": 45216907776,
	"total_time_second": 45,
	"mem_infos": [
		[
			11199840256,
			11811160064
		],
		[
			10939793408,
			11811160064
		],
		[
			10717495296,
			11811160064
		],
		[
			9719250944,
			11811160064
		],
		[
			9719250944,
			11811160064
		],
		[
			9719250944,
			11811160064
		],
		[
			9719250944,
			11811160064
		],
		[
			9719250944,
			11811160064
		],
		[
			9719250944,
			11811160064
		],
		[
			9719250944,
			11811160064
		],
		[
			9719250944,
			11811160064
		],
		[
			9719250944,
			11811160064
		],
		[
			9719250944,
			11811160064
		],
		[
			9719250944,
			11811160064
		],
		[
			9719250944,
			11811160064
		],
		[
			9719250944,
			11811160064
		],
		[
			9719250944,
			11811160064
		],
		[
			9719250944,
			11811160064
		],
		[
			9719250944,
			11811160064
		],
		[
			9719250944,
			11811160064
		],
		[
			9719250944,
			11811160064
		],
		[
			9719250944,
			11811160064
		],
		[
			9719250944,
			11811160064
		],
		[
			9719250944,
			11811160064
		],
		[
			9719250944,
			11811160064
		],
		[
			9719250944,
			11811160064
		],
		[
			9719250944,
			11811160064
		],
		[
			9719250944,
			11811160064
		],
		[
			9719250944,
			11811160064
		],
		[
			9719250944,
			11811160064
		],
		[
			9719250944,
			11811160064
		],
		[
			9719250944,
			11811160064
		],
		[
			9719250944,
			11811160064
		],
		[
			9719250944,
			11811160064
		],
		[
			9719250944,
			11811160064
		],
		[
			9719250944,
			11811160064
		],
		[
			9719250944,
			11811160064
		],
		[
			9719250944,
			11811160064
		],
		[
			9719250944,
			11811160064
		],
		[
			9719250944,
			11811160064
		],
		[
			9719250944,
			11811160064
		],
		[
			9719250944,
			11811160064
		],
		[
			9719250944,
			11811160064
		],
		[
			9719250944,
			11811160064
		],
		[
			9719250944,
			11811160064
		],
		[
			9719250944,
			11811160064
		],
		[
			9719250944,
			11811160064
		],
		[
			9719250944,
			11811160064
		],
		[
			9719250944,
			11811160064
		],
		[
			9719250944,
			11811160064
		],
		[
			9719250944,
			11811160064
		],
		[
			9719250944,
			11811160064
		],
		[
			9719250944,
			11811160064
		],
		[
			9719250944,
			11811160064
		],
		[
			9719250944,
			11811160064
		],
		[
			9719250944,
			11811160064
		],
		[
			9719250944,
			11811160064
		],
		[
			9719250944,
			11811160064
		],
		[
			9719250944,
			11811160064
		],
		[
			9719250944,
			11811160064
		],
		[
			9719250944,
			11811160064
		],
		[
			9719250944,
			11811160064
		],
		[
			9719250944,
			11811160064
		],
		[
			9719250944,
			11811160064
		],
		[
			9719250944,
			11811160064
		],
		[
			9719250944,
			11811160064
		],
		[
			9719250944,
			11811160064
		],
		[
			9719250944,
			11811160064
		],
		[
			9719250944,
			11811160064
		],
		[
			9719250944,
			11811160064
		],
		[
			9719250944,
			11811160064
		],
		[
			9719250944,
			11811160064
		],
		[
			9719250944,
			11811160064
		],
		[
			9719250944,
			11811160064
		],
		[
			9719250944,
			11811160064
		],
		[
			9719250944,
			11811160064
		],
		[
			9719250944,
			11811160064
		],
		[
			9719250944,
			11811160064
		],
		[
			9719250944,
			11811160064
		],
		[
			9719250944,
			11811160064
		],
		[
			9719250944,
			11811160064
		],
		[
			9719250944,
			11811160064
		],
		[
			9719250944,
			11811160064
		],
		[
			9719250944,
			11811160064
		],
		[
			9719250944,
			11811160064
		],
		[
			9719250944,
			11811160064
		],
		[
			9719250944,
			11811160064
		],
		[
			9719250944,
			11811160064
		],
		[
			9719250944,
			11811160064
		],
		[
			9719250944,
			11811160064
		]
	],
	"utilization": [
		0,
		6,
		6,
		4,
		4,
		30,
		30,
		8,
		8,
		2,
		2,
		7,
		7,
		13,
		13,
		12,
		12,
		9,
		9,
		9,
		9,
		13,
		13,
		13,
		13,
		9,
		9,
		10,
		10,
		13,
		13,
		14,
		14,
		10,
		10,
		10,
		10,
		13,
		13,
		14,
		14,
		10,
		10,
		11,
		11,
		13,
		13,
		13,
		13,
		11,
		11,
		11,
		11,
		13,
		13,
		13,
		13,
		11,
		11,
		10,
		10,
		13,
		13,
		12,
		12,
		10,
		10,
		10,
		10,
		14,
		14,
		13,
		13,
		9,
		9,
		10,
		10,
		13,
		13,
		14,
		14,
		10,
		10,
		10,
		10,
		13,
		13,
		15,
		15,
		10
	],
	"computation_proportion": 10,
	"extra_dict": {}
}