{
	"model_name": "GhostNet",
	"batch_size": 64,
	"duration_sec": 45,
	"mode": "train",
	"is_DDP": true,
	"process_group_backend": "gloo",
	"world_size": 2,
	"rank": 0,
	"local_rank": 0,
	"device_type": "gpu",
	"master_addr": "133.133.135.74",
	"master_port": 39920,
	"iteration_count": 117,
	"iteration_intervals": [
		1332009472,
		438212864,
		388722944,
		466502912,
		391143936,
		462710784,
		374483968,
		382350848,
		368206592,
		472652032,
		363752704,
		371224064,
		365671168,
		382865408,
		368605696,
		367435264,
		367785472,
		368694016,
		367556096,
		359401984,
		354650880,
		360610816,
		274143488,
		362657792,
		358896384,
		367071488,
		367267840,
		370155008,
		363164672,
		439383808,
		403228672,
		368485888,
		366691584,
		370327808,
		365308928,
		379690240,
		375096832,
		369039872,
		362561280,
		359660544,
		363718912,
		361989120,
		368628736,
		364091136,
		379049984,
		373489664,
		464024832,
		374502656,
		389458688,
		464719360,
		373745920,
		370668544,
		372803584,
		366801408,
		363059712,
		371359232,
		356937728,
		363682816,
		364330496,
		375755520,
		368163840,
		373732864,
		371038464,
		368450048,
		367330304,
		367134720,
		366980096,
		361749504,
		357015040,
		367090688,
		372865792,
		368063232,
		377175552,
		368198656,
		367791360,
		364737024,
		366547456,
		365455104,
		355897600,
		363600128,
		370587392,
		357327104,
		373359616,
		368120576,
		378658304,
		473949184,
		362473984,
		380051712,
		375874304,
		366087424,
		427883008,
		315175680,
		359674112,
		466740992,
		373060608,
		371744256,
		363217408,
		362316544,
		370690048,
		377456896,
		365438208,
		369484800,
		365709312,
		368700672,
		371796480,
		367330560,
		473759744,
		376880640,
		373388544,
		378660096,
		464559872,
		362022400,
		369802496,
		370576128,
		361641728,
		370724864,
		374598656
	],
	"iteration_intervals_avg": 375739730.28571427,
	"iteration_intervals_avg_second": 0.3757397302857143,
	"total_time_ns": 45100535808,
	"total_time_second": 45,
	"mem_infos": [
		[
			11269046272,
			11811160064
		],
		[
			10696523776,
			11811160064
		],
		[
			10465837056,
			11811160064
		],
		[
			7372537856,
			11811160064
		],
		[
			7372537856,
			11811160064
		],
		[
			7372537856,
			11811160064
		],
		[
			7372537856,
			11811160064
		],
		[
			7372537856,
			11811160064
		],
		[
			7372537856,
			11811160064
		],
		[
			7372537856,
			11811160064
		],
		[
			7372537856,
			11811160064
		],
		[
			7372537856,
			11811160064
		],
		[
			7372537856,
			11811160064
		],
		[
			7372537856,
			11811160064
		],
		[
			7372537856,
			11811160064
		],
		[
			7372537856,
			11811160064
		],
		[
			7372537856,
			11811160064
		],
		[
			7372537856,
			11811160064
		],
		[
			7372537856,
			11811160064
		],
		[
			7372537856,
			11811160064
		],
		[
			7372537856,
			11811160064
		],
		[
			7372537856,
			11811160064
		],
		[
			7372537856,
			11811160064
		],
		[
			7372537856,
			11811160064
		],
		[
			7372537856,
			11811160064
		],
		[
			7372537856,
			11811160064
		],
		[
			7372537856,
			11811160064
		],
		[
			7372537856,
			11811160064
		],
		[
			7372537856,
			11811160064
		],
		[
			7372537856,
			11811160064
		],
		[
			7372537856,
			11811160064
		],
		[
			7372537856,
			11811160064
		],
		[
			7372537856,
			11811160064
		],
		[
			7372537856,
			11811160064
		],
		[
			7372537856,
			11811160064
		],
		[
			7372537856,
			11811160064
		],
		[
			7372537856,
			11811160064
		],
		[
			7372537856,
			11811160064
		],
		[
			7372537856,
			11811160064
		],
		[
			7372537856,
			11811160064
		],
		[
			7372537856,
			11811160064
		],
		[
			7372537856,
			11811160064
		],
		[
			7372537856,
			11811160064
		],
		[
			7372537856,
			11811160064
		],
		[
			7372537856,
			11811160064
		],
		[
			7372537856,
			11811160064
		],
		[
			7372537856,
			11811160064
		],
		[
			7372537856,
			11811160064
		],
		[
			7372537856,
			11811160064
		],
		[
			7372537856,
			11811160064
		],
		[
			7372537856,
			11811160064
		],
		[
			7372537856,
			11811160064
		],
		[
			7372537856,
			11811160064
		],
		[
			7372537856,
			11811160064
		],
		[
			7372537856,
			11811160064
		],
		[
			7372537856,
			11811160064
		],
		[
			7372537856,
			11811160064
		],
		[
			7372537856,
			11811160064
		],
		[
			7372537856,
			11811160064
		],
		[
			7372537856,
			11811160064
		],
		[
			7372537856,
			11811160064
		],
		[
			7372537856,
			11811160064
		],
		[
			7372537856,
			11811160064
		],
		[
			7372537856,
			11811160064
		],
		[
			7372537856,
			11811160064
		],
		[
			7372537856,
			11811160064
		],
		[
			7372537856,
			11811160064
		],
		[
			7372537856,
			11811160064
		],
		[
			7372537856,
			11811160064
		],
		[
			7372537856,
			11811160064
		],
		[
			7372537856,
			11811160064
		],
		[
			7372537856,
			11811160064
		],
		[
			7372537856,
			11811160064
		],
		[
			7372537856,
			11811160064
		],
		[
			7372537856,
			11811160064
		],
		[
			7372537856,
			11811160064
		],
		[
			7372537856,
			11811160064
		],
		[
			7372537856,
			11811160064
		],
		[
			7372537856,
			11811160064
		],
		[
			7372537856,
			11811160064
		],
		[
			7372537856,
			11811160064
		],
		[
			7372537856,
			11811160064
		],
		[
			7372537856,
			11811160064
		],
		[
			7372537856,
			11811160064
		],
		[
			7372537856,
			11811160064
		],
		[
			7372537856,
			11811160064
		],
		[
			7372537856,
			11811160064
		],
		[
			7372537856,
			11811160064
		],
		[
			7372537856,
			11811160064
		],
		[
			7372537856,
			11811160064
		]
	],
	"utilization": [
		0,
		5,
		5,
		7,
		7,
		21,
		21,
		18,
		18,
		19,
		19,
		22,
		22,
		21,
		21,
		20,
		20,
		21,
		21,
		25,
		25,
		23,
		23,
		22,
		22,
		20,
		20,
		22,
		22,
		21,
		21,
		21,
		21,
		21,
		21,
		22,
		22,
		23,
		23,
		18,
		18,
		20,
		20,
		19,
		19,
		24,
		24,
		22,
		22,
		21,
		21,
		20,
		20,
		24,
		24,
		22,
		22,
		21,
		21,
		20,
		20,
		24,
		24,
		22,
		22,
		22,
		22,
		19,
		19,
		20,
		20,
		23,
		23,
		20,
		20,
		21,
		21,
		20,
		20,
		23,
		23,
		21,
		21,
		19,
		19,
		21,
		21,
		22,
		22,
		22
	],
	"computation_proportion": 20,
	"extra_dict": {}
}