{
	"model_name": "GhostNet",
	"batch_size": 128,
	"duration_sec": 45,
	"mode": "train",
	"is_DDP": true,
	"process_group_backend": "gloo",
	"world_size": 2,
	"rank": 1,
	"local_rank": 0,
	"device_type": "gpu",
	"master_addr": "133.133.135.74",
	"master_port": 39920,
	"iteration_count": 103,
	"iteration_intervals": [
		1441312000,
		402497280,
		415923456,
		433780224,
		432816896,
		424334080,
		426065408,
		432485888,
		429195264,
		423468032,
		434898688,
		421024768,
		432815872,
		426915840,
		428621568,
		430510336,
		432022784,
		418841856,
		436098304,
		423560960,
		436657664,
		422439680,
		432994816,
		426110464,
		432003328,
		422653952,
		435537152,
		422295296,
		435242496,
		417357568,
		441839360,
		410556928,
		455534336,
		402491136,
		445043712,
		417763840,
		450563072,
		399500800,
		454795008,
		400446464,
		450639104,
		413253888,
		444642560,
		410009344,
		451936768,
		401185792,
		452836608,
		400508928,
		458677504,
		401032448,
		462459392,
		403237376,
		403745792,
		438721792,
		407906816,
		450112000,
		406955520,
		453711872,
		399155200,
		452613632,
		405801216,
		453361664,
		390434304,
		461756672,
		407113728,
		466855424,
		391209472,
		465483520,
		391153408,
		467165440,
		391540992,
		459878656,
		388609280,
		464879616,
		391076608,
		466654720,
		392032256,
		469219328,
		379219712,
		470769920,
		389678592,
		471902976,
		379820032,
		468548096,
		388862976,
		468775168,
		386199040,
		469414912,
		385502720,
		476117504,
		372407296,
		481743104,
		376662784,
		481815296,
		375635968,
		478024192,
		378028544,
		483101696,
		368727552,
		405791232,
		460838400,
		396742656,
		458518784
	],
	"iteration_intervals_avg": 427786780.7346939,
	"iteration_intervals_avg_second": 0.4277867807346939,
	"total_time_ns": 45050401024,
	"total_time_second": 45,
	"mem_infos": [
		[
			11269046272,
			11811160064
		],
		[
			10373562368,
			11811160064
		],
		[
			10136584192,
			11811160064
		],
		[
			4027580416,
			11811160064
		],
		[
			4027580416,
			11811160064
		],
		[
			4027580416,
			11811160064
		],
		[
			4027580416,
			11811160064
		],
		[
			4027580416,
			11811160064
		],
		[
			4027580416,
			11811160064
		],
		[
			4027580416,
			11811160064
		],
		[
			4027580416,
			11811160064
		],
		[
			4027580416,
			11811160064
		],
		[
			4027580416,
			11811160064
		],
		[
			4027580416,
			11811160064
		],
		[
			4027580416,
			11811160064
		],
		[
			4027580416,
			11811160064
		],
		[
			4027580416,
			11811160064
		],
		[
			4027580416,
			11811160064
		],
		[
			4027580416,
			11811160064
		],
		[
			4027580416,
			11811160064
		],
		[
			4027580416,
			11811160064
		],
		[
			4027580416,
			11811160064
		],
		[
			4027580416,
			11811160064
		],
		[
			4027580416,
			11811160064
		],
		[
			4027580416,
			11811160064
		],
		[
			4027580416,
			11811160064
		],
		[
			4027580416,
			11811160064
		],
		[
			4027580416,
			11811160064
		],
		[
			4027580416,
			11811160064
		],
		[
			4027580416,
			11811160064
		],
		[
			4027580416,
			11811160064
		],
		[
			4027580416,
			11811160064
		],
		[
			4027580416,
			11811160064
		],
		[
			4027580416,
			11811160064
		],
		[
			4027580416,
			11811160064
		],
		[
			4027580416,
			11811160064
		],
		[
			4027580416,
			11811160064
		],
		[
			4027580416,
			11811160064
		],
		[
			4027580416,
			11811160064
		],
		[
			4027580416,
			11811160064
		],
		[
			4027580416,
			11811160064
		],
		[
			4027580416,
			11811160064
		],
		[
			4027580416,
			11811160064
		],
		[
			4027580416,
			11811160064
		],
		[
			4027580416,
			11811160064
		],
		[
			4027580416,
			11811160064
		],
		[
			4027580416,
			11811160064
		],
		[
			4027580416,
			11811160064
		],
		[
			4027580416,
			11811160064
		],
		[
			4027580416,
			11811160064
		],
		[
			4027580416,
			11811160064
		],
		[
			4027580416,
			11811160064
		],
		[
			4027580416,
			11811160064
		],
		[
			4027580416,
			11811160064
		],
		[
			4027580416,
			11811160064
		],
		[
			4027580416,
			11811160064
		],
		[
			4027580416,
			11811160064
		],
		[
			4027580416,
			11811160064
		],
		[
			4027580416,
			11811160064
		],
		[
			4027580416,
			11811160064
		],
		[
			4027580416,
			11811160064
		],
		[
			4027580416,
			11811160064
		],
		[
			4027580416,
			11811160064
		],
		[
			4027580416,
			11811160064
		],
		[
			4027580416,
			11811160064
		],
		[
			4027580416,
			11811160064
		],
		[
			4027580416,
			11811160064
		],
		[
			4027580416,
			11811160064
		],
		[
			4027580416,
			11811160064
		],
		[
			4027580416,
			11811160064
		],
		[
			4027580416,
			11811160064
		],
		[
			4027580416,
			11811160064
		],
		[
			4027580416,
			11811160064
		],
		[
			4027580416,
			11811160064
		],
		[
			4027580416,
			11811160064
		],
		[
			4027580416,
			11811160064
		],
		[
			4027580416,
			11811160064
		],
		[
			4027580416,
			11811160064
		],
		[
			4027580416,
			11811160064
		],
		[
			4027580416,
			11811160064
		],
		[
			4027580416,
			11811160064
		],
		[
			4027580416,
			11811160064
		],
		[
			4027580416,
			11811160064
		],
		[
			4027580416,
			11811160064
		],
		[
			4027580416,
			11811160064
		],
		[
			4027580416,
			11811160064
		],
		[
			4027580416,
			11811160064
		],
		[
			4027580416,
			11811160064
		],
		[
			4027580416,
			11811160064
		],
		[
			4027580416,
			11811160064
		]
	],
	"utilization": [
		4,
		4,
		4,
		4,
		32,
		32,
		32,
		32,
		33,
		33,
		30,
		30,
		31,
		31,
		34,
		34,
		32,
		32,
		31,
		31,
		32,
		32,
		31,
		31,
		33,
		33,
		32,
		32,
		31,
		31,
		32,
		32,
		32,
		32,
		33,
		33,
		32,
		32,
		30,
		30,
		31,
		31,
		34,
		34,
		30,
		30,
		33,
		33,
		34,
		34,
		32,
		32,
		33,
		33,
		33,
		33,
		31,
		31,
		31,
		31,
		33,
		33,
		32,
		32,
		32,
		32,
		31,
		31,
		31,
		31,
		34,
		34,
		31,
		31,
		33,
		33,
		32,
		32,
		31,
		31,
		32,
		32,
		34,
		34,
		31,
		31,
		31,
		31,
		33,
		33
	],
	"computation_proportion": 85,
	"extra_dict": {}
}