{
	"model_name": "ResNet18",
	"batch_size": 16,
	"duration_sec": 45,
	"mode": "train",
	"is_DDP": true,
	"process_group_backend": "gloo",
	"world_size": 4,
	"rank": 2,
	"local_rank": 0,
	"device_type": "gpu",
	"master_addr": "133.133.135.75",
	"master_port": 39920,
	"iteration_count": 89,
	"iteration_intervals": [
		1544856320,
		101859328,
		89036288,
		110746368,
		2472306432,
		380204544,
		355946240,
		378692608,
		237538816,
		2086341632,
		611535616,
		612273920,
		603114240,
		1228604928,
		993287680,
		607696128,
		484663040,
		737838592,
		1457517056,
		854910976,
		369739008,
		247806208,
		251301120,
		221864960,
		157593088,
		214509312,
		130472704,
		129407488,
		143162624,
		115217664,
		134932224,
		128221696,
		122586112,
		899122432,
		396428800,
		332735488,
		404015616,
		1839750144,
		487474944,
		250554880,
		484491776,
		368191744,
		2073537280,
		607352832,
		495966464,
		503196160,
		735836160,
		1353296128,
		731126528,
		487334144,
		370640384,
		249296640,
		251403776,
		232438272,
		140546304,
		214729472,
		139568384,
		142635520,
		126203136,
		142133760,
		111254784,
		119682304,
		127438592,
		1037715200,
		485085440,
		788297728,
		360588800,
		372556288,
		361077760,
		257548032,
		355858688,
		1955734528,
		623452160,
		359586304,
		246965248,
		251164672,
		234854400,
		238714880,
		214841088,
		167092736,
		197139456,
		160343552,
		133064448,
		1586694656,
		377811200,
		364955904,
		354696448,
		243228928,
		249386240
	],
	"iteration_intervals_avg": 485640688.7619048,
	"iteration_intervals_avg_second": 0.48564068876190475,
	"total_time_ns": 45113516032,
	"total_time_second": 45,
	"mem_infos": [
		[
			5225054208,
			5905580032
		],
		[
			4946132992,
			5905580032
		],
		[
			4742709248,
			5905580032
		],
		[
			4008706048,
			5905580032
		],
		[
			4000317440,
			5905580032
		],
		[
			4000317440,
			5905580032
		],
		[
			4000317440,
			5905580032
		],
		[
			4000317440,
			5905580032
		],
		[
			4000317440,
			5905580032
		],
		[
			4000317440,
			5905580032
		],
		[
			4000317440,
			5905580032
		],
		[
			4000317440,
			5905580032
		],
		[
			4000317440,
			5905580032
		],
		[
			4000317440,
			5905580032
		],
		[
			4000317440,
			5905580032
		],
		[
			4000317440,
			5905580032
		],
		[
			4000317440,
			5905580032
		],
		[
			4000317440,
			5905580032
		],
		[
			4000317440,
			5905580032
		],
		[
			4000317440,
			5905580032
		],
		[
			4000317440,
			5905580032
		],
		[
			4000317440,
			5905580032
		],
		[
			4000317440,
			5905580032
		],
		[
			4000317440,
			5905580032
		],
		[
			4000317440,
			5905580032
		],
		[
			4000317440,
			5905580032
		],
		[
			4000317440,
			5905580032
		],
		[
			4000317440,
			5905580032
		],
		[
			4000317440,
			5905580032
		],
		[
			4000317440,
			5905580032
		],
		[
			4000317440,
			5905580032
		],
		[
			4000317440,
			5905580032
		],
		[
			4000317440,
			5905580032
		],
		[
			4000317440,
			5905580032
		],
		[
			4000317440,
			5905580032
		],
		[
			4000317440,
			5905580032
		],
		[
			4000317440,
			5905580032
		],
		[
			4000317440,
			5905580032
		],
		[
			4000317440,
			5905580032
		],
		[
			4000317440,
			5905580032
		],
		[
			4000317440,
			5905580032
		],
		[
			4000317440,
			5905580032
		],
		[
			4000317440,
			5905580032
		],
		[
			4000317440,
			5905580032
		],
		[
			4000317440,
			5905580032
		],
		[
			4000317440,
			5905580032
		],
		[
			4000317440,
			5905580032
		],
		[
			4000317440,
			5905580032
		],
		[
			4000317440,
			5905580032
		],
		[
			4000317440,
			5905580032
		],
		[
			4000317440,
			5905580032
		],
		[
			4000317440,
			5905580032
		],
		[
			4000317440,
			5905580032
		],
		[
			4000317440,
			5905580032
		],
		[
			4000317440,
			5905580032
		],
		[
			4000317440,
			5905580032
		],
		[
			4000317440,
			5905580032
		],
		[
			4000317440,
			5905580032
		],
		[
			4000317440,
			5905580032
		],
		[
			4000317440,
			5905580032
		],
		[
			4000317440,
			5905580032
		],
		[
			4000317440,
			5905580032
		],
		[
			4000317440,
			5905580032
		],
		[
			4000317440,
			5905580032
		],
		[
			4000317440,
			5905580032
		],
		[
			4000317440,
			5905580032
		],
		[
			4000317440,
			5905580032
		],
		[
			4000317440,
			5905580032
		],
		[
			4000317440,
			5905580032
		],
		[
			4000317440,
			5905580032
		],
		[
			4000317440,
			5905580032
		],
		[
			4000317440,
			5905580032
		],
		[
			4000317440,
			5905580032
		],
		[
			4000317440,
			5905580032
		],
		[
			4000317440,
			5905580032
		],
		[
			4000317440,
			5905580032
		],
		[
			4000317440,
			5905580032
		],
		[
			4000317440,
			5905580032
		],
		[
			4000317440,
			5905580032
		],
		[
			4000317440,
			5905580032
		],
		[
			4000317440,
			5905580032
		],
		[
			4000317440,
			5905580032
		],
		[
			4000317440,
			5905580032
		],
		[
			4000317440,
			5905580032
		],
		[
			4000317440,
			5905580032
		],
		[
			4000317440,
			5905580032
		],
		[
			4000317440,
			5905580032
		],
		[
			4000317440,
			5905580032
		],
		[
			4000317440,
			5905580032
		],
		[
			4000317440,
			5905580032
		]
	],
	"utilization": [
		9,
		19,
		19,
		23,
		23,
		23,
		29,
		0,
		0,
		9,
		9,
		27,
		27,
		6,
		6,
		3,
		3,
		14,
		14,
		13,
		13,
		8,
		8,
		8,
		8,
		14,
		14,
		12,
		12,
		8,
		8,
		7,
		7,
		23,
		23,
		41,
		41,
		45,
		45,
		10,
		10,
		10,
		17,
		17,
		1,
		1,
		11,
		11,
		25,
		25,
		5,
		5,
		3,
		3,
		14,
		16,
		16,
		8,
		8,
		8,
		8,
		12,
		12,
		29,
		29,
		46,
		46,
		32,
		32,
		12,
		12,
		12,
		12,
		26,
		26,
		26,
		17,
		17,
		0,
		0,
		10,
		10,
		32,
		32,
		38,
		38,
		12,
		10,
		10,
		10
	],
	"computation_proportion": 10,
	"extra_dict": {}
}