{
	"model_name": "ResNet50",
	"batch_size": 64,
	"duration_sec": 45,
	"mode": "train",
	"is_DDP": true,
	"process_group_backend": "gloo",
	"world_size": 1,
	"rank": 0,
	"local_rank": 0,
	"device_type": "gpu",
	"master_addr": "133.133.135.75",
	"master_port": 39920,
	"iteration_count": 78,
	"iteration_intervals": [
		1557581568,
		385271808,
		378215168,
		366668032,
		397079296,
		439699200,
		500615936,
		495029504,
		606191104,
		613204736,
		606060288,
		594519808,
		518645248,
		595367168,
		607323648,
		583203584,
		624209920,
		601070336,
		548040704,
		576193280,
		586972160,
		533975040,
		612473344,
		607806208,
		596923136,
		607158528,
		509653248,
		582721792,
		585799936,
		543275008,
		603321344,
		596881920,
		577913600,
		539580928,
		607939072,
		606920192,
		603195904,
		609075200,
		575855872,
		526006528,
		596421120,
		583755008,
		611723520,
		613170176,
		537884416,
		585069312,
		530940160,
		581898752,
		609692928,
		601070848,
		617832960,
		656069632,
		528854784,
		585665024,
		592608000,
		543937024,
		605996288,
		602613760,
		598910208,
		512878848,
		585691136,
		592368896,
		601513984,
		552328960,
		579009792,
		605916160,
		577870080,
		612498688,
		614026752,
		546013184,
		599495936,
		592092416,
		521321472,
		584516352,
		597707008,
		618778624,
		608272896,
		609221888
	],
	"iteration_intervals_avg": 581074800.2191781,
	"iteration_intervals_avg_second": 0.5810748002191781,
	"total_time_ns": 45504373760,
	"total_time_second": 45,
	"mem_infos": [
		[
			10964959232,
			11811160064
		],
		[
			10405019648,
			11811160064
		],
		[
			10165944320,
			11811160064
		],
		[
			1336934400,
			11811160064
		],
		[
			1309671424,
			11811160064
		],
		[
			1309671424,
			11811160064
		],
		[
			1309671424,
			11811160064
		],
		[
			1309671424,
			11811160064
		],
		[
			1309671424,
			11811160064
		],
		[
			1309671424,
			11811160064
		],
		[
			1309671424,
			11811160064
		],
		[
			1309671424,
			11811160064
		],
		[
			1309671424,
			11811160064
		],
		[
			1309671424,
			11811160064
		],
		[
			1309671424,
			11811160064
		],
		[
			1309671424,
			11811160064
		],
		[
			1309671424,
			11811160064
		],
		[
			1309671424,
			11811160064
		],
		[
			1309671424,
			11811160064
		],
		[
			1309671424,
			11811160064
		],
		[
			1309671424,
			11811160064
		],
		[
			1309671424,
			11811160064
		],
		[
			1309671424,
			11811160064
		],
		[
			1309671424,
			11811160064
		],
		[
			1309671424,
			11811160064
		],
		[
			1309671424,
			11811160064
		],
		[
			1309671424,
			11811160064
		],
		[
			1309671424,
			11811160064
		],
		[
			1309671424,
			11811160064
		],
		[
			1309671424,
			11811160064
		],
		[
			1309671424,
			11811160064
		],
		[
			1309671424,
			11811160064
		],
		[
			1309671424,
			11811160064
		],
		[
			1309671424,
			11811160064
		],
		[
			1309671424,
			11811160064
		],
		[
			1309671424,
			11811160064
		],
		[
			1309671424,
			11811160064
		],
		[
			1309671424,
			11811160064
		],
		[
			1309671424,
			11811160064
		],
		[
			1309671424,
			11811160064
		],
		[
			1309671424,
			11811160064
		],
		[
			1309671424,
			11811160064
		],
		[
			1309671424,
			11811160064
		],
		[
			1309671424,
			11811160064
		],
		[
			1309671424,
			11811160064
		],
		[
			1309671424,
			11811160064
		],
		[
			1309671424,
			11811160064
		],
		[
			1309671424,
			11811160064
		],
		[
			1309671424,
			11811160064
		],
		[
			1309671424,
			11811160064
		],
		[
			1309671424,
			11811160064
		],
		[
			1309671424,
			11811160064
		],
		[
			1309671424,
			11811160064
		],
		[
			1309671424,
			11811160064
		],
		[
			1309671424,
			11811160064
		],
		[
			1309671424,
			11811160064
		],
		[
			1309671424,
			11811160064
		],
		[
			1309671424,
			11811160064
		],
		[
			1309671424,
			11811160064
		],
		[
			1309671424,
			11811160064
		],
		[
			1309671424,
			11811160064
		],
		[
			1309671424,
			11811160064
		],
		[
			1309671424,
			11811160064
		],
		[
			1309671424,
			11811160064
		],
		[
			1309671424,
			11811160064
		],
		[
			1309671424,
			11811160064
		],
		[
			1309671424,
			11811160064
		],
		[
			1309671424,
			11811160064
		],
		[
			1309671424,
			11811160064
		],
		[
			1309671424,
			11811160064
		],
		[
			1309671424,
			11811160064
		],
		[
			1309671424,
			11811160064
		],
		[
			1309671424,
			11811160064
		],
		[
			1309671424,
			11811160064
		],
		[
			1309671424,
			11811160064
		],
		[
			1309671424,
			11811160064
		],
		[
			1309671424,
			11811160064
		],
		[
			1309671424,
			11811160064
		],
		[
			1309671424,
			11811160064
		],
		[
			1309671424,
			11811160064
		],
		[
			1309671424,
			11811160064
		],
		[
			1309671424,
			11811160064
		],
		[
			1309671424,
			11811160064
		],
		[
			1309671424,
			11811160064
		],
		[
			1309671424,
			11811160064
		],
		[
			1309671424,
			11811160064
		],
		[
			1309671424,
			11811160064
		],
		[
			1309671424,
			11811160064
		],
		[
			1309671424,
			11811160064
		],
		[
			1309671424,
			11811160064
		]
	],
	"utilization": [
		2,
		7,
		7,
		27,
		27,
		75,
		75,
		76,
		76,
		57,
		57,
		48,
		48,
		47,
		47,
		52,
		52,
		53,
		53,
		46,
		46,
		48,
		48,
		48,
		54,
		54,
		52,
		52,
		45,
		45,
		50,
		50,
		55,
		55,
		52,
		52,
		44,
		44,
		52,
		52,
		54,
		54,
		48,
		48,
		45,
		45,
		55,
		55,
		54,
		54,
		47,
		47,
		48,
		48,
		54,
		54,
		53,
		53,
		45,
		45,
		47,
		47,
		53,
		53,
		53,
		53,
		46,
		46,
		50,
		50,
		55,
		55,
		52,
		52,
		44,
		44,
		53,
		53,
		54,
		54,
		47,
		47,
		46,
		46,
		53,
		53,
		53,
		53,
		44,
		44
	],
	"computation_proportion": 50,
	"extra_dict": {}
}