{
	"model_name": "GhostNet",
	"batch_size": 32,
	"duration_sec": 45,
	"mode": "train",
	"is_DDP": true,
	"process_group_backend": "gloo",
	"world_size": 2,
	"rank": 0,
	"local_rank": 0,
	"device_type": "gpu",
	"master_addr": "133.133.135.74",
	"master_port": 39920,
	"iteration_count": 60,
	"iteration_intervals": [
		1269191424,
		450780672,
		744548096,
		1088725504,
		868028672,
		729449472,
		609871104,
		613601280,
		974453504,
		978843392,
		742652416,
		486233856,
		610680576,
		859574016,
		970928640,
		741746176,
		609547008,
		606898944,
		735447552,
		1096321536,
		859064064,
		617923584,
		608065536,
		733827840,
		1065575168,
		892522752,
		733802496,
		496599552,
		485610496,
		485165568,
		487409152,
		620228352,
		850006784,
		1225575424,
		857899264,
		724015104,
		619265024,
		855654656,
		611889152,
		850082560,
		735143680,
		608838656,
		495377152,
		481111808,
		495930112,
		610643968,
		861665280,
		1217065216,
		856133888,
		727928320,
		616028672,
		735851264,
		1226844416,
		849013248,
		608334592,
		578093824,
		775929600,
		1101290240,
		726638848,
		623408384
	],
	"iteration_intervals_avg": 745049148.5090909,
	"iteration_intervals_avg_second": 0.7450491485090909,
	"total_time_ns": 45399808512,
	"total_time_second": 45,
	"mem_infos": [
		[
			11269046272,
			11811160064
		],
		[
			10866393088,
			11811160064
		],
		[
			10629414912,
			11811160064
		],
		[
			9027190784,
			11811160064
		],
		[
			9027190784,
			11811160064
		],
		[
			9027190784,
			11811160064
		],
		[
			9027190784,
			11811160064
		],
		[
			9027190784,
			11811160064
		],
		[
			9027190784,
			11811160064
		],
		[
			9027190784,
			11811160064
		],
		[
			9027190784,
			11811160064
		],
		[
			9027190784,
			11811160064
		],
		[
			9027190784,
			11811160064
		],
		[
			9027190784,
			11811160064
		],
		[
			9027190784,
			11811160064
		],
		[
			9027190784,
			11811160064
		],
		[
			9027190784,
			11811160064
		],
		[
			9027190784,
			11811160064
		],
		[
			9027190784,
			11811160064
		],
		[
			9027190784,
			11811160064
		],
		[
			9027190784,
			11811160064
		],
		[
			9027190784,
			11811160064
		],
		[
			9027190784,
			11811160064
		],
		[
			9027190784,
			11811160064
		],
		[
			9027190784,
			11811160064
		],
		[
			9027190784,
			11811160064
		],
		[
			9027190784,
			11811160064
		],
		[
			9027190784,
			11811160064
		],
		[
			9027190784,
			11811160064
		],
		[
			9027190784,
			11811160064
		],
		[
			9027190784,
			11811160064
		],
		[
			9027190784,
			11811160064
		],
		[
			9027190784,
			11811160064
		],
		[
			9027190784,
			11811160064
		],
		[
			9027190784,
			11811160064
		],
		[
			9027190784,
			11811160064
		],
		[
			9027190784,
			11811160064
		],
		[
			9027190784,
			11811160064
		],
		[
			9027190784,
			11811160064
		],
		[
			9027190784,
			11811160064
		],
		[
			9027190784,
			11811160064
		],
		[
			9027190784,
			11811160064
		],
		[
			9027190784,
			11811160064
		],
		[
			9027190784,
			11811160064
		],
		[
			9027190784,
			11811160064
		],
		[
			9027190784,
			11811160064
		],
		[
			9027190784,
			11811160064
		],
		[
			9027190784,
			11811160064
		],
		[
			9027190784,
			11811160064
		],
		[
			9027190784,
			11811160064
		],
		[
			9027190784,
			11811160064
		],
		[
			9027190784,
			11811160064
		],
		[
			9027190784,
			11811160064
		],
		[
			9027190784,
			11811160064
		],
		[
			9027190784,
			11811160064
		],
		[
			9027190784,
			11811160064
		],
		[
			9027190784,
			11811160064
		],
		[
			9027190784,
			11811160064
		],
		[
			9027190784,
			11811160064
		],
		[
			9027190784,
			11811160064
		],
		[
			9027190784,
			11811160064
		],
		[
			9027190784,
			11811160064
		],
		[
			9027190784,
			11811160064
		],
		[
			9027190784,
			11811160064
		],
		[
			9027190784,
			11811160064
		],
		[
			9027190784,
			11811160064
		],
		[
			9027190784,
			11811160064
		],
		[
			9027190784,
			11811160064
		],
		[
			9027190784,
			11811160064
		],
		[
			9027190784,
			11811160064
		],
		[
			9027190784,
			11811160064
		],
		[
			9027190784,
			11811160064
		],
		[
			9027190784,
			11811160064
		],
		[
			9027190784,
			11811160064
		],
		[
			9027190784,
			11811160064
		],
		[
			9027190784,
			11811160064
		],
		[
			9027190784,
			11811160064
		],
		[
			9027190784,
			11811160064
		],
		[
			9027190784,
			11811160064
		],
		[
			9027190784,
			11811160064
		],
		[
			9027190784,
			11811160064
		],
		[
			9027190784,
			11811160064
		],
		[
			9027190784,
			11811160064
		],
		[
			9027190784,
			11811160064
		],
		[
			9027190784,
			11811160064
		],
		[
			9027190784,
			11811160064
		],
		[
			9027190784,
			11811160064
		],
		[
			9027190784,
			11811160064
		],
		[
			9027190784,
			11811160064
		],
		[
			9027190784,
			11811160064
		]
	],
	"utilization": [
		1,
		5,
		5,
		10,
		10,
		6,
		6,
		4,
		4,
		4,
		4,
		7,
		7,
		7,
		7,
		4,
		4,
		4,
		4,
		7,
		7,
		7,
		7,
		4,
		4,
		5,
		5,
		7,
		7,
		7,
		7,
		4,
		4,
		4,
		4,
		6,
		6,
		7,
		7,
		4,
		4,
		4,
		4,
		6,
		6,
		8,
		8,
		9,
		9,
		6,
		6,
		3,
		3,
		4,
		4,
		6,
		6,
		6,
		6,
		6,
		6,
		5,
		5,
		5,
		5,
		8,
		8,
		9,
		9,
		6,
		6,
		4,
		4,
		4,
		4,
		6,
		6,
		6,
		6,
		4,
		4,
		4,
		4,
		7,
		7,
		7,
		7,
		4,
		4,
		4
	],
	"computation_proportion": 5,
	"extra_dict": {}
}