{
	"model_name": "MEALV2",
	"batch_size": 256,
	"duration_sec": 45,
	"mode": "train",
	"is_DDP": true,
	"process_group_backend": "gloo",
	"world_size": 2,
	"rank": 1,
	"local_rank": 0,
	"device_type": "gpu",
	"master_addr": "133.133.135.74",
	"master_port": 39920,
	"iteration_count": 43,
	"iteration_intervals": [
		1628455936,
		821089792,
		1098739968,
		975711488,
		1090397440,
		1231848704,
		1221794816,
		984955904,
		1096999168,
		1097541888,
		1085987584,
		980999424,
		866178304,
		969091328,
		1104222976,
		979399424,
		973685248,
		975486464,
		1102560768,
		1226662400,
		1219922176,
		983997440,
		1218046976,
		1216715264,
		1103734272,
		855256320,
		973561856,
		987852032,
		1093980928,
		859757824,
		975146496,
		980317184,
		1209627392,
		1111973120,
		989191424,
		1100149248,
		973067264,
		982216704,
		1091545856,
		984163840,
		1089558016,
		983481088,
		977678592
	],
	"iteration_intervals_avg": 1048904097.6842105,
	"iteration_intervals_avg_second": 1.0489040976842106,
	"total_time_ns": 45473938176,
	"total_time_second": 45,
	"mem_infos": [
		[
			11266949120,
			11811160064
		],
		[
			10518265856,
			11811160064
		],
		[
			10274996224,
			11811160064
		],
		[
			5915017216,
			11811160064
		],
		[
			5667553280,
			11811160064
		],
		[
			5667553280,
			11811160064
		],
		[
			5667553280,
			11811160064
		],
		[
			5667553280,
			11811160064
		],
		[
			5667553280,
			11811160064
		],
		[
			5667553280,
			11811160064
		],
		[
			5667553280,
			11811160064
		],
		[
			5667553280,
			11811160064
		],
		[
			5667553280,
			11811160064
		],
		[
			5667553280,
			11811160064
		],
		[
			5667553280,
			11811160064
		],
		[
			5667553280,
			11811160064
		],
		[
			5667553280,
			11811160064
		],
		[
			5667553280,
			11811160064
		],
		[
			5667553280,
			11811160064
		],
		[
			5667553280,
			11811160064
		],
		[
			5667553280,
			11811160064
		],
		[
			5667553280,
			11811160064
		],
		[
			5667553280,
			11811160064
		],
		[
			5667553280,
			11811160064
		],
		[
			5667553280,
			11811160064
		],
		[
			5667553280,
			11811160064
		],
		[
			5667553280,
			11811160064
		],
		[
			5667553280,
			11811160064
		],
		[
			5667553280,
			11811160064
		],
		[
			5667553280,
			11811160064
		],
		[
			5667553280,
			11811160064
		],
		[
			5667553280,
			11811160064
		],
		[
			5667553280,
			11811160064
		],
		[
			5667553280,
			11811160064
		],
		[
			5667553280,
			11811160064
		],
		[
			5667553280,
			11811160064
		],
		[
			5667553280,
			11811160064
		],
		[
			5667553280,
			11811160064
		],
		[
			5667553280,
			11811160064
		],
		[
			5667553280,
			11811160064
		],
		[
			5667553280,
			11811160064
		],
		[
			5667553280,
			11811160064
		],
		[
			5667553280,
			11811160064
		],
		[
			5667553280,
			11811160064
		],
		[
			5667553280,
			11811160064
		],
		[
			5667553280,
			11811160064
		],
		[
			5667553280,
			11811160064
		],
		[
			5667553280,
			11811160064
		],
		[
			5667553280,
			11811160064
		],
		[
			5667553280,
			11811160064
		],
		[
			5667553280,
			11811160064
		],
		[
			5667553280,
			11811160064
		],
		[
			5667553280,
			11811160064
		],
		[
			5667553280,
			11811160064
		],
		[
			5667553280,
			11811160064
		],
		[
			5667553280,
			11811160064
		],
		[
			5667553280,
			11811160064
		],
		[
			5667553280,
			11811160064
		],
		[
			5667553280,
			11811160064
		],
		[
			5667553280,
			11811160064
		],
		[
			5667553280,
			11811160064
		],
		[
			5667553280,
			11811160064
		],
		[
			5667553280,
			11811160064
		],
		[
			5667553280,
			11811160064
		],
		[
			5667553280,
			11811160064
		],
		[
			5667553280,
			11811160064
		],
		[
			5667553280,
			11811160064
		],
		[
			5667553280,
			11811160064
		],
		[
			5667553280,
			11811160064
		],
		[
			5667553280,
			11811160064
		],
		[
			5667553280,
			11811160064
		],
		[
			5667553280,
			11811160064
		],
		[
			5667553280,
			11811160064
		],
		[
			5667553280,
			11811160064
		],
		[
			5667553280,
			11811160064
		],
		[
			5667553280,
			11811160064
		],
		[
			5667553280,
			11811160064
		],
		[
			5667553280,
			11811160064
		],
		[
			5667553280,
			11811160064
		],
		[
			5667553280,
			11811160064
		],
		[
			5667553280,
			11811160064
		],
		[
			5667553280,
			11811160064
		],
		[
			5667553280,
			11811160064
		],
		[
			5667553280,
			11811160064
		],
		[
			5667553280,
			11811160064
		],
		[
			5667553280,
			11811160064
		],
		[
			5667553280,
			11811160064
		],
		[
			5667553280,
			11811160064
		],
		[
			5667553280,
			11811160064
		],
		[
			5667553280,
			11811160064
		]
	],
	"utilization": [
		1,
		5,
		5,
		13,
		13,
		14,
		14,
		11,
		11,
		11,
		11,
		10,
		10,
		10,
		10,
		12,
		12,
		12,
		12,
		11,
		11,
		12,
		12,
		9,
		9,
		3,
		3,
		14,
		14,
		16,
		16,
		10,
		10,
		9,
		9,
		12,
		12,
		10,
		10,
		11,
		11,
		8,
		8,
		2,
		2,
		11,
		11,
		10,
		10,
		12,
		12,
		12,
		12,
		12,
		12,
		10,
		10,
		11,
		11,
		10,
		10,
		10,
		10,
		10,
		10,
		12,
		12,
		10,
		10,
		10,
		10,
		12,
		12,
		10,
		10,
		11,
		11,
		4,
		4,
		13,
		13,
		11,
		11,
		10,
		10,
		11,
		11,
		7,
		7,
		12
	],
	"computation_proportion": 10,
	"extra_dict": {}
}