{
	"model_name": "ResNet50",
	"batch_size": 16,
	"duration_sec": 45,
	"mode": "train",
	"is_DDP": true,
	"process_group_backend": "gloo",
	"world_size": 2,
	"rank": 0,
	"local_rank": 0,
	"device_type": "gpu",
	"master_addr": "133.133.135.74",
	"master_port": 39920,
	"iteration_count": 46,
	"iteration_intervals": [
		2356997632,
		957080832,
		947527168,
		959449856,
		947251968,
		945342976,
		956733952,
		953363200,
		951893760,
		948706048,
		961496320,
		944839936,
		949913856,
		950118656,
		953531904,
		950787840,
		946881280,
		954517248,
		946480640,
		943915520,
		954582784,
		948489984,
		947922176,
		939021824,
		959555840,
		961566208,
		946831104,
		948557056,
		949564416,
		948584960,
		949696768,
		952660480,
		955336704,
		950957056,
		944153600,
		963001344,
		953444608,
		952352000,
		948000512,
		951222272,
		948916736,
		964273408,
		956076800,
		948563712,
		947246080,
		948549376
	],
	"iteration_intervals_avg": 951162218.1463414,
	"iteration_intervals_avg_second": 0.9511622181463415,
	"total_time_ns": 45166778112,
	"total_time_second": 45,
	"mem_infos": [
		[
			10964959232,
			11811160064
		],
		[
			10746855424,
			11811160064
		],
		[
			10511974400,
			11811160064
		],
		[
			8240758784,
			11811160064
		],
		[
			8240758784,
			11811160064
		],
		[
			8203010048,
			11811160064
		],
		[
			8203010048,
			11811160064
		],
		[
			8203010048,
			11811160064
		],
		[
			8203010048,
			11811160064
		],
		[
			8203010048,
			11811160064
		],
		[
			8203010048,
			11811160064
		],
		[
			8203010048,
			11811160064
		],
		[
			8203010048,
			11811160064
		],
		[
			8203010048,
			11811160064
		],
		[
			8203010048,
			11811160064
		],
		[
			8203010048,
			11811160064
		],
		[
			8203010048,
			11811160064
		],
		[
			8203010048,
			11811160064
		],
		[
			8203010048,
			11811160064
		],
		[
			8203010048,
			11811160064
		],
		[
			8203010048,
			11811160064
		],
		[
			8203010048,
			11811160064
		],
		[
			8203010048,
			11811160064
		],
		[
			8203010048,
			11811160064
		],
		[
			8203010048,
			11811160064
		],
		[
			8203010048,
			11811160064
		],
		[
			8203010048,
			11811160064
		],
		[
			8203010048,
			11811160064
		],
		[
			8203010048,
			11811160064
		],
		[
			8203010048,
			11811160064
		],
		[
			8203010048,
			11811160064
		],
		[
			8203010048,
			11811160064
		],
		[
			8203010048,
			11811160064
		],
		[
			8203010048,
			11811160064
		],
		[
			8203010048,
			11811160064
		],
		[
			8203010048,
			11811160064
		],
		[
			8203010048,
			11811160064
		],
		[
			8203010048,
			11811160064
		],
		[
			8203010048,
			11811160064
		],
		[
			8203010048,
			11811160064
		],
		[
			8203010048,
			11811160064
		],
		[
			8203010048,
			11811160064
		],
		[
			8203010048,
			11811160064
		],
		[
			8203010048,
			11811160064
		],
		[
			8203010048,
			11811160064
		],
		[
			8203010048,
			11811160064
		],
		[
			8203010048,
			11811160064
		],
		[
			8203010048,
			11811160064
		],
		[
			8203010048,
			11811160064
		],
		[
			8203010048,
			11811160064
		],
		[
			8203010048,
			11811160064
		],
		[
			8203010048,
			11811160064
		],
		[
			8203010048,
			11811160064
		],
		[
			8203010048,
			11811160064
		],
		[
			8203010048,
			11811160064
		],
		[
			8203010048,
			11811160064
		],
		[
			8203010048,
			11811160064
		],
		[
			8203010048,
			11811160064
		],
		[
			8203010048,
			11811160064
		],
		[
			8203010048,
			11811160064
		],
		[
			8203010048,
			11811160064
		],
		[
			8203010048,
			11811160064
		],
		[
			8203010048,
			11811160064
		],
		[
			8203010048,
			11811160064
		],
		[
			8203010048,
			11811160064
		],
		[
			8203010048,
			11811160064
		],
		[
			8203010048,
			11811160064
		],
		[
			8203010048,
			11811160064
		],
		[
			8203010048,
			11811160064
		],
		[
			8203010048,
			11811160064
		],
		[
			8203010048,
			11811160064
		],
		[
			8203010048,
			11811160064
		],
		[
			8203010048,
			11811160064
		],
		[
			8203010048,
			11811160064
		],
		[
			8203010048,
			11811160064
		],
		[
			8203010048,
			11811160064
		],
		[
			8203010048,
			11811160064
		],
		[
			8203010048,
			11811160064
		],
		[
			8203010048,
			11811160064
		],
		[
			8203010048,
			11811160064
		],
		[
			8203010048,
			11811160064
		],
		[
			8203010048,
			11811160064
		],
		[
			8203010048,
			11811160064
		],
		[
			8203010048,
			11811160064
		],
		[
			8203010048,
			11811160064
		],
		[
			8203010048,
			11811160064
		],
		[
			8203010048,
			11811160064
		],
		[
			8203010048,
			11811160064
		],
		[
			8203010048,
			11811160064
		],
		[
			8203010048,
			11811160064
		]
	],
	"utilization": [
		3,
		3,
		4,
		4,
		12,
		12,
		10,
		10,
		10,
		10,
		10,
		10,
		9,
		9,
		9,
		9,
		9,
		9,
		9,
		9,
		9,
		9,
		9,
		9,
		9,
		9,
		9,
		9,
		12,
		12,
		15,
		15,
		10,
		10,
		9,
		9,
		9,
		9,
		10,
		10,
		9,
		9,
		9,
		9,
		9,
		9,
		10,
		10,
		10,
		10,
		9,
		9,
		9,
		9,
		9,
		9,
		9,
		9,
		9,
		9,
		10,
		10,
		11,
		11,
		14,
		14,
		12,
		12,
		9,
		9,
		9,
		9,
		9,
		9,
		9,
		9,
		9,
		9,
		9,
		9,
		10,
		10,
		9,
		9,
		9,
		9,
		10,
		10,
		10,
		10
	],
	"computation_proportion": 90,
	"extra_dict": {}
}