{
	"model_name": "YoloV5S",
	"batch_size": 64,
	"duration_sec": 45,
	"mode": "train",
	"is_DDP": true,
	"process_group_backend": "gloo",
	"world_size": 1,
	"rank": 0,
	"local_rank": 0,
	"device_type": "gpu",
	"master_addr": "133.133.135.75",
	"master_port": 39920,
	"iteration_count": 103,
	"iteration_intervals": [
		1418040320,
		145380864,
		132525056,
		161864192,
		142498816,
		130991616,
		134638592,
		137128448,
		155498752,
		160817920,
		144875008,
		240865792,
		3004848384,
		752410880,
		496677632,
		390618880,
		444662528,
		388704512,
		361332224,
		375479552,
		381924608,
		454390784,
		388308224,
		485435136,
		481821696,
		489308672,
		485292800,
		394453248,
		463081984,
		373954048,
		460523520,
		393850368,
		481896192,
		480994560,
		489874944,
		392242688,
		472042496,
		467192320,
		394079232,
		379167744,
		450248192,
		396630784,
		480235264,
		479552512,
		498455296,
		388788736,
		464019456,
		385580288,
		374757120,
		458562048,
		390412032,
		474120704,
		492808960,
		469476864,
		395329024,
		470500352,
		377587968,
		374135552,
		436206592,
		404752128,
		457361408,
		408926976,
		484707328,
		478284032,
		377689600,
		447792128,
		404040448,
		373014272,
		372952064,
		476268800,
		384689664,
		477926656,
		477418752,
		374842624,
		483206912,
		374557440,
		353643264,
		386238208,
		455871488,
		389439488,
		466186240,
		396204800,
		483475968,
		390272768,
		462146816,
		486759680,
		470905600,
		508110592,
		490107648,
		491878656,
		480104704,
		388331264,
		461558528,
		381186048,
		384720384,
		367585280,
		432729344,
		407491840,
		461016576,
		400673536,
		481410816,
		469161216,
		384172032
	],
	"iteration_intervals_avg": 442618446.36734694,
	"iteration_intervals_avg_second": 0.44261844636734693,
	"total_time_ns": 45377633536,
	"total_time_second": 45,
	"mem_infos": [
		[
			11199840256,
			11811160064
		],
		[
			10780409856,
			11811160064
		],
		[
			10560208896,
			11811160064
		],
		[
			7062159360,
			11811160064
		],
		[
			7062159360,
			11811160064
		],
		[
			7062159360,
			11811160064
		],
		[
			7062159360,
			11811160064
		],
		[
			7062159360,
			11811160064
		],
		[
			7062159360,
			11811160064
		],
		[
			7062159360,
			11811160064
		],
		[
			7062159360,
			11811160064
		],
		[
			7062159360,
			11811160064
		],
		[
			7062159360,
			11811160064
		],
		[
			7062159360,
			11811160064
		],
		[
			7062159360,
			11811160064
		],
		[
			7062159360,
			11811160064
		],
		[
			7062159360,
			11811160064
		],
		[
			7062159360,
			11811160064
		],
		[
			7062159360,
			11811160064
		],
		[
			7062159360,
			11811160064
		],
		[
			7062159360,
			11811160064
		],
		[
			7062159360,
			11811160064
		],
		[
			7062159360,
			11811160064
		],
		[
			7062159360,
			11811160064
		],
		[
			7062159360,
			11811160064
		],
		[
			7062159360,
			11811160064
		],
		[
			7062159360,
			11811160064
		],
		[
			7062159360,
			11811160064
		],
		[
			7062159360,
			11811160064
		],
		[
			7062159360,
			11811160064
		],
		[
			7062159360,
			11811160064
		],
		[
			7062159360,
			11811160064
		],
		[
			7062159360,
			11811160064
		],
		[
			7062159360,
			11811160064
		],
		[
			7062159360,
			11811160064
		],
		[
			7062159360,
			11811160064
		],
		[
			7062159360,
			11811160064
		],
		[
			7062159360,
			11811160064
		],
		[
			7062159360,
			11811160064
		],
		[
			7062159360,
			11811160064
		],
		[
			7062159360,
			11811160064
		],
		[
			7062159360,
			11811160064
		],
		[
			7062159360,
			11811160064
		],
		[
			7062159360,
			11811160064
		],
		[
			7062159360,
			11811160064
		],
		[
			7062159360,
			11811160064
		],
		[
			7062159360,
			11811160064
		],
		[
			7062159360,
			11811160064
		],
		[
			7062159360,
			11811160064
		],
		[
			7062159360,
			11811160064
		],
		[
			7062159360,
			11811160064
		],
		[
			7062159360,
			11811160064
		],
		[
			7062159360,
			11811160064
		],
		[
			7062159360,
			11811160064
		],
		[
			7062159360,
			11811160064
		],
		[
			7062159360,
			11811160064
		],
		[
			7062159360,
			11811160064
		],
		[
			7062159360,
			11811160064
		],
		[
			7062159360,
			11811160064
		],
		[
			7062159360,
			11811160064
		],
		[
			7062159360,
			11811160064
		],
		[
			7062159360,
			11811160064
		],
		[
			7062159360,
			11811160064
		],
		[
			7062159360,
			11811160064
		],
		[
			7062159360,
			11811160064
		],
		[
			7062159360,
			11811160064
		],
		[
			7062159360,
			11811160064
		],
		[
			7062159360,
			11811160064
		],
		[
			7062159360,
			11811160064
		],
		[
			7062159360,
			11811160064
		],
		[
			7062159360,
			11811160064
		],
		[
			7062159360,
			11811160064
		],
		[
			7062159360,
			11811160064
		],
		[
			7062159360,
			11811160064
		],
		[
			7062159360,
			11811160064
		],
		[
			7062159360,
			11811160064
		],
		[
			7062159360,
			11811160064
		],
		[
			7062159360,
			11811160064
		],
		[
			7062159360,
			11811160064
		],
		[
			7062159360,
			11811160064
		],
		[
			7062159360,
			11811160064
		],
		[
			7062159360,
			11811160064
		],
		[
			7062159360,
			11811160064
		],
		[
			7062159360,
			11811160064
		],
		[
			7062159360,
			11811160064
		],
		[
			7062159360,
			11811160064
		],
		[
			7062159360,
			11811160064
		],
		[
			7062159360,
			11811160064
		],
		[
			7062159360,
			11811160064
		],
		[
			7062159360,
			11811160064
		]
	],
	"utilization": [
		3,
		3,
		5,
		5,
		31,
		31,
		70,
		70,
		26,
		26,
		0,
		0,
		4,
		4,
		10,
		10,
		24,
		24,
		30,
		30,
		30,
		30,
		26,
		26,
		24,
		24,
		24,
		24,
		30,
		30,
		27,
		27,
		24,
		24,
		25,
		25,
		29,
		29,
		29,
		29,
		24,
		24,
		25,
		25,
		30,
		30,
		28,
		28,
		25,
		25,
		25,
		25,
		29,
		29,
		29,
		29,
		26,
		26,
		25,
		25,
		29,
		29,
		31,
		31,
		25,
		25,
		26,
		26,
		30,
		30,
		30,
		30,
		25,
		25,
		27,
		27,
		26,
		26,
		24,
		24,
		24,
		24,
		25,
		25,
		29,
		29,
		31,
		31,
		26,
		26
	],
	"computation_proportion": 25,
	"extra_dict": {}
}