{
	"model_name": "GhostNet",
	"batch_size": 256,
	"duration_sec": 45,
	"mode": "train",
	"is_DDP": true,
	"process_group_backend": "gloo",
	"world_size": 2,
	"rank": 0,
	"local_rank": 0,
	"device_type": "gpu",
	"master_addr": "133.133.135.75",
	"master_port": 39920,
	"iteration_count": 22,
	"iteration_intervals": [
		4112180480,
		2676716544,
		2201151744,
		2071213568,
		1970023168,
		2067534848,
		1955011584,
		1957752576,
		2045542656,
		1979426304,
		1953977856,
		2081029120,
		1964021248,
		1953605120,
		1830573824,
		1957403904,
		2189265408,
		2075457792,
		1706770688,
		1965760512,
		2075816192,
		2075740160
	],
	"iteration_intervals_avg": 1990275870.1176472,
	"iteration_intervals_avg_second": 1.990275870117647,
	"total_time_ns": 46866910464,
	"total_time_second": 46,
	"mem_infos": [
		[
			11269046272,
			11811160064
		],
		[
			9727639552,
			11811160064
		],
		[
			9501147136,
			11811160064
		],
		[
			1104150528,
			11811160064
		],
		[
			1204813824,
			11811160064
		],
		[
			1204813824,
			11811160064
		],
		[
			1204813824,
			11811160064
		],
		[
			1204813824,
			11811160064
		],
		[
			1204813824,
			11811160064
		],
		[
			441450496,
			11811160064
		],
		[
			441450496,
			11811160064
		],
		[
			441450496,
			11811160064
		],
		[
			441450496,
			11811160064
		],
		[
			441450496,
			11811160064
		],
		[
			441450496,
			11811160064
		],
		[
			441450496,
			11811160064
		],
		[
			441450496,
			11811160064
		],
		[
			441450496,
			11811160064
		],
		[
			441450496,
			11811160064
		],
		[
			441450496,
			11811160064
		],
		[
			441450496,
			11811160064
		],
		[
			441450496,
			11811160064
		],
		[
			441450496,
			11811160064
		],
		[
			441450496,
			11811160064
		],
		[
			441450496,
			11811160064
		],
		[
			441450496,
			11811160064
		],
		[
			441450496,
			11811160064
		],
		[
			441450496,
			11811160064
		],
		[
			441450496,
			11811160064
		],
		[
			441450496,
			11811160064
		],
		[
			441450496,
			11811160064
		],
		[
			441450496,
			11811160064
		],
		[
			441450496,
			11811160064
		],
		[
			441450496,
			11811160064
		],
		[
			441450496,
			11811160064
		],
		[
			441450496,
			11811160064
		],
		[
			441450496,
			11811160064
		],
		[
			441450496,
			11811160064
		],
		[
			441450496,
			11811160064
		],
		[
			441450496,
			11811160064
		],
		[
			441450496,
			11811160064
		],
		[
			441450496,
			11811160064
		],
		[
			441450496,
			11811160064
		],
		[
			441450496,
			11811160064
		],
		[
			441450496,
			11811160064
		],
		[
			441450496,
			11811160064
		],
		[
			441450496,
			11811160064
		],
		[
			441450496,
			11811160064
		],
		[
			441450496,
			11811160064
		],
		[
			441450496,
			11811160064
		],
		[
			441450496,
			11811160064
		],
		[
			441450496,
			11811160064
		],
		[
			441450496,
			11811160064
		],
		[
			441450496,
			11811160064
		],
		[
			441450496,
			11811160064
		],
		[
			441450496,
			11811160064
		],
		[
			441450496,
			11811160064
		],
		[
			441450496,
			11811160064
		],
		[
			441450496,
			11811160064
		],
		[
			441450496,
			11811160064
		],
		[
			441450496,
			11811160064
		],
		[
			441450496,
			11811160064
		],
		[
			441450496,
			11811160064
		],
		[
			441450496,
			11811160064
		],
		[
			441450496,
			11811160064
		],
		[
			441450496,
			11811160064
		],
		[
			441450496,
			11811160064
		],
		[
			441450496,
			11811160064
		],
		[
			441450496,
			11811160064
		],
		[
			441450496,
			11811160064
		],
		[
			441450496,
			11811160064
		],
		[
			441450496,
			11811160064
		],
		[
			441450496,
			11811160064
		],
		[
			441450496,
			11811160064
		],
		[
			441450496,
			11811160064
		],
		[
			441450496,
			11811160064
		],
		[
			441450496,
			11811160064
		],
		[
			441450496,
			11811160064
		],
		[
			441450496,
			11811160064
		],
		[
			441450496,
			11811160064
		],
		[
			441450496,
			11811160064
		],
		[
			441450496,
			11811160064
		],
		[
			441450496,
			11811160064
		],
		[
			441450496,
			11811160064
		],
		[
			441450496,
			11811160064
		],
		[
			441450496,
			11811160064
		],
		[
			441450496,
			11811160064
		],
		[
			441450496,
			11811160064
		],
		[
			441450496,
			11811160064
		],
		[
			441450496,
			11811160064
		]
	],
	"utilization": [
		3,
		3,
		4,
		4,
		15,
		15,
		24,
		24,
		0,
		0,
		20,
		20,
		11,
		11,
		0,
		0,
		30,
		30,
		0,
		0,
		19,
		19,
		11,
		11,
		16,
		16,
		14,
		14,
		19,
		19,
		12,
		12,
		15,
		15,
		15,
		15,
		19,
		19,
		11,
		11,
		20,
		20,
		10,
		10,
		21,
		21,
		9,
		9,
		22,
		22,
		8,
		8,
		26,
		26,
		4,
		4,
		21,
		21,
		8,
		8,
		24,
		24,
		6,
		6,
		28,
		28,
		3,
		3,
		28,
		28,
		0,
		0,
		28,
		28,
		0,
		0,
		20,
		20,
		10,
		10,
		19,
		19,
		14,
		14,
		25,
		25,
		7,
		7,
		23,
		23
	],
	"computation_proportion": 15,
	"extra_dict": {}
}