{
	"model_name": "ResNet50",
	"batch_size": 16,
	"duration_sec": 45,
	"mode": "train",
	"is_DDP": true,
	"process_group_backend": "gloo",
	"world_size": 4,
	"rank": 1,
	"local_rank": 0,
	"device_type": "gpu",
	"master_addr": "133.133.135.75",
	"master_port": 39920,
	"iteration_count": 52,
	"iteration_intervals": [
		1919774720,
		193533952,
		210299648,
		2732399872,
		503126272,
		381051392,
		356906752,
		2790288384,
		500231936,
		397362176,
		361979648,
		2781622528,
		508596480,
		399420672,
		346887168,
		274949120,
		270082304,
		1593117440,
		607301376,
		1885899264,
		727866112,
		739261696,
		498587136,
		372658432,
		359538176,
		688248320,
		404932864,
		1594663936,
		603795968,
		508586752,
		506544128,
		262908160,
		1823746560,
		616604160,
		731608832,
		2569377280,
		630106368,
		710434048,
		486788864,
		489820416,
		2425554944,
		653892352,
		435176192,
		301558784,
		322722304,
		270192640,
		987194112,
		2211241728,
		1125915392,
		1089238528,
		506175744,
		493023232
	],
	"iteration_intervals_avg": 842631080.8510638,
	"iteration_intervals_avg_second": 0.8426310808510639,
	"total_time_ns": 45163562752,
	"total_time_second": 45,
	"mem_infos": [
		[
			5059379200,
			5905580032
		],
		[
			4862246912,
			5905580032
		],
		[
			4675600384,
			5905580032
		],
		[
			2731540480,
			5905580032
		],
		[
			2301624320,
			5905580032
		],
		[
			2301624320,
			5905580032
		],
		[
			2301624320,
			5905580032
		],
		[
			2301624320,
			5905580032
		],
		[
			2301624320,
			5905580032
		],
		[
			2301624320,
			5905580032
		],
		[
			2301624320,
			5905580032
		],
		[
			2301624320,
			5905580032
		],
		[
			2301624320,
			5905580032
		],
		[
			2301624320,
			5905580032
		],
		[
			2301624320,
			5905580032
		],
		[
			2301624320,
			5905580032
		],
		[
			2301624320,
			5905580032
		],
		[
			2301624320,
			5905580032
		],
		[
			2301624320,
			5905580032
		],
		[
			2301624320,
			5905580032
		],
		[
			2301624320,
			5905580032
		],
		[
			2301624320,
			5905580032
		],
		[
			2301624320,
			5905580032
		],
		[
			2301624320,
			5905580032
		],
		[
			2301624320,
			5905580032
		],
		[
			2301624320,
			5905580032
		],
		[
			2301624320,
			5905580032
		],
		[
			2301624320,
			5905580032
		],
		[
			2301624320,
			5905580032
		],
		[
			2301624320,
			5905580032
		],
		[
			2301624320,
			5905580032
		],
		[
			2301624320,
			5905580032
		],
		[
			2301624320,
			5905580032
		],
		[
			2301624320,
			5905580032
		],
		[
			2301624320,
			5905580032
		],
		[
			2301624320,
			5905580032
		],
		[
			2301624320,
			5905580032
		],
		[
			2301624320,
			5905580032
		],
		[
			2301624320,
			5905580032
		],
		[
			2301624320,
			5905580032
		],
		[
			2301624320,
			5905580032
		],
		[
			2301624320,
			5905580032
		],
		[
			2301624320,
			5905580032
		],
		[
			2301624320,
			5905580032
		],
		[
			2301624320,
			5905580032
		],
		[
			2301624320,
			5905580032
		],
		[
			2301624320,
			5905580032
		],
		[
			2301624320,
			5905580032
		],
		[
			2301624320,
			5905580032
		],
		[
			2301624320,
			5905580032
		],
		[
			2301624320,
			5905580032
		],
		[
			2301624320,
			5905580032
		],
		[
			2301624320,
			5905580032
		],
		[
			2301624320,
			5905580032
		],
		[
			2301624320,
			5905580032
		],
		[
			2301624320,
			5905580032
		],
		[
			2301624320,
			5905580032
		],
		[
			2301624320,
			5905580032
		],
		[
			2301624320,
			5905580032
		],
		[
			2301624320,
			5905580032
		],
		[
			2301624320,
			5905580032
		],
		[
			2301624320,
			5905580032
		],
		[
			2301624320,
			5905580032
		],
		[
			2301624320,
			5905580032
		],
		[
			2301624320,
			5905580032
		],
		[
			2301624320,
			5905580032
		],
		[
			2301624320,
			5905580032
		],
		[
			2301624320,
			5905580032
		],
		[
			2301624320,
			5905580032
		],
		[
			2301624320,
			5905580032
		],
		[
			2301624320,
			5905580032
		],
		[
			2301624320,
			5905580032
		],
		[
			2301624320,
			5905580032
		],
		[
			2301624320,
			5905580032
		],
		[
			2301624320,
			5905580032
		],
		[
			2301624320,
			5905580032
		],
		[
			2301624320,
			5905580032
		],
		[
			2301624320,
			5905580032
		],
		[
			2301624320,
			5905580032
		],
		[
			2301624320,
			5905580032
		],
		[
			2301624320,
			5905580032
		],
		[
			2301624320,
			5905580032
		],
		[
			2301624320,
			5905580032
		],
		[
			2301624320,
			5905580032
		],
		[
			2301624320,
			5905580032
		],
		[
			2301624320,
			5905580032
		],
		[
			2301624320,
			5905580032
		],
		[
			2301624320,
			5905580032
		],
		[
			2301624320,
			5905580032
		],
		[
			2301624320,
			5905580032
		]
	],
	"utilization": [
		7,
		7,
		14,
		14,
		16,
		16,
		70,
		70,
		0,
		0,
		0,
		0,
		25,
		25,
		53,
		53,
		0,
		0,
		0,
		24,
		24,
		54,
		54,
		0,
		0,
		0,
		0,
		24,
		24,
		56,
		56,
		56,
		31,
		31,
		19,
		19,
		25,
		25,
		1,
		1,
		22,
		36,
		36,
		36,
		40,
		40,
		37,
		37,
		15,
		15,
		17,
		41,
		41,
		40,
		40,
		1,
		1,
		24,
		24,
		34,
		34,
		1,
		1,
		1,
		1,
		35,
		35,
		25,
		25,
		25,
		31,
		31,
		3,
		3,
		9,
		9,
		39,
		39,
		64,
		64,
		14,
		14,
		9,
		9,
		8,
		8,
		20,
		20,
		20,
		32
	],
	"computation_proportion": 15,
	"extra_dict": {}
}