{
	"model_name": "ResNet50",
	"batch_size": 8,
	"duration_sec": 45,
	"mode": "train",
	"is_DDP": true,
	"process_group_backend": "gloo",
	"world_size": 2,
	"rank": 1,
	"local_rank": 0,
	"device_type": "gpu",
	"master_addr": "133.133.135.74",
	"master_port": 39920,
	"iteration_count": 47,
	"iteration_intervals": [
		2230984704,
		942099968,
		940184576,
		944355072,
		938329600,
		940264704,
		936205568,
		939266816,
		942401280,
		938990336,
		938858752,
		944953600,
		939384576,
		938473728,
		941967872,
		937807616,
		942835456,
		936889344,
		953167616,
		955356416,
		937484544,
		935598592,
		934192128,
		944539392,
		934621952,
		945631744,
		940734464,
		938936832,
		943461888,
		942791168,
		961373440,
		943334656,
		935325440,
		938585600,
		956161280,
		936773120,
		936982528,
		949636096,
		943024128,
		937679616,
		940981760,
		936869376,
		936466688,
		938117888,
		940119040,
		947807744,
		929367552
	],
	"iteration_intervals_avg": 941271960.3809524,
	"iteration_intervals_avg_second": 0.9412719603809524,
	"total_time_ns": 45530265088,
	"total_time_second": 45,
	"mem_infos": [
		[
			10964959232,
			11811160064
		],
		[
			10732175360,
			11811160064
		],
		[
			10488905728,
			11811160064
		],
		[
			9421455360,
			11811160064
		],
		[
			9421455360,
			11811160064
		],
		[
			9215934464,
			11811160064
		],
		[
			9215934464,
			11811160064
		],
		[
			9167699968,
			11811160064
		],
		[
			9167699968,
			11811160064
		],
		[
			9167699968,
			11811160064
		],
		[
			9167699968,
			11811160064
		],
		[
			9167699968,
			11811160064
		],
		[
			9167699968,
			11811160064
		],
		[
			9167699968,
			11811160064
		],
		[
			9167699968,
			11811160064
		],
		[
			9167699968,
			11811160064
		],
		[
			9167699968,
			11811160064
		],
		[
			9167699968,
			11811160064
		],
		[
			9167699968,
			11811160064
		],
		[
			9167699968,
			11811160064
		],
		[
			9167699968,
			11811160064
		],
		[
			9167699968,
			11811160064
		],
		[
			9167699968,
			11811160064
		],
		[
			9167699968,
			11811160064
		],
		[
			9167699968,
			11811160064
		],
		[
			9167699968,
			11811160064
		],
		[
			9167699968,
			11811160064
		],
		[
			9167699968,
			11811160064
		],
		[
			9167699968,
			11811160064
		],
		[
			9167699968,
			11811160064
		],
		[
			9167699968,
			11811160064
		],
		[
			9167699968,
			11811160064
		],
		[
			9167699968,
			11811160064
		],
		[
			9167699968,
			11811160064
		],
		[
			9167699968,
			11811160064
		],
		[
			9167699968,
			11811160064
		],
		[
			9167699968,
			11811160064
		],
		[
			9167699968,
			11811160064
		],
		[
			9167699968,
			11811160064
		],
		[
			9167699968,
			11811160064
		],
		[
			9167699968,
			11811160064
		],
		[
			9167699968,
			11811160064
		],
		[
			9167699968,
			11811160064
		],
		[
			9167699968,
			11811160064
		],
		[
			9167699968,
			11811160064
		],
		[
			9167699968,
			11811160064
		],
		[
			9167699968,
			11811160064
		],
		[
			9167699968,
			11811160064
		],
		[
			9167699968,
			11811160064
		],
		[
			9167699968,
			11811160064
		],
		[
			9167699968,
			11811160064
		],
		[
			9167699968,
			11811160064
		],
		[
			9167699968,
			11811160064
		],
		[
			9167699968,
			11811160064
		],
		[
			9167699968,
			11811160064
		],
		[
			9167699968,
			11811160064
		],
		[
			9167699968,
			11811160064
		],
		[
			9167699968,
			11811160064
		],
		[
			9167699968,
			11811160064
		],
		[
			9167699968,
			11811160064
		],
		[
			9167699968,
			11811160064
		],
		[
			9167699968,
			11811160064
		],
		[
			9167699968,
			11811160064
		],
		[
			9167699968,
			11811160064
		],
		[
			9167699968,
			11811160064
		],
		[
			9167699968,
			11811160064
		],
		[
			9167699968,
			11811160064
		],
		[
			9167699968,
			11811160064
		],
		[
			9167699968,
			11811160064
		],
		[
			9167699968,
			11811160064
		],
		[
			9167699968,
			11811160064
		],
		[
			9167699968,
			11811160064
		],
		[
			9167699968,
			11811160064
		],
		[
			9167699968,
			11811160064
		],
		[
			9167699968,
			11811160064
		],
		[
			9167699968,
			11811160064
		],
		[
			9167699968,
			11811160064
		],
		[
			9167699968,
			11811160064
		],
		[
			9167699968,
			11811160064
		],
		[
			9167699968,
			11811160064
		],
		[
			9167699968,
			11811160064
		],
		[
			9167699968,
			11811160064
		],
		[
			9167699968,
			11811160064
		],
		[
			9167699968,
			11811160064
		],
		[
			9167699968,
			11811160064
		],
		[
			9167699968,
			11811160064
		],
		[
			9167699968,
			11811160064
		],
		[
			9167699968,
			11811160064
		],
		[
			9167699968,
			11811160064
		],
		[
			9167699968,
			11811160064
		]
	],
	"utilization": [
		4,
		3,
		3,
		9,
		9,
		7,
		7,
		6,
		6,
		6,
		6,
		6,
		6,
		6,
		6,
		7,
		7,
		7,
		7,
		6,
		6,
		6,
		6,
		7,
		7,
		6,
		6,
		9,
		9,
		10,
		10,
		7,
		7,
		6,
		6,
		6,
		6,
		6,
		6,
		6,
		6,
		6,
		6,
		6,
		6,
		7,
		7,
		7,
		7,
		6,
		6,
		6,
		6,
		7,
		7,
		6,
		6,
		9,
		9,
		10,
		10,
		6,
		6,
		7,
		7,
		6,
		6,
		6,
		6,
		6,
		6,
		6,
		6,
		6,
		6,
		6,
		6,
		7,
		7,
		6,
		6,
		6,
		6,
		7,
		7,
		6,
		6,
		9,
		9,
		10
	],
	"computation_proportion": 35,
	"extra_dict": {}
}