{
	"model_name": "YoloV5S",
	"batch_size": 8,
	"duration_sec": 45,
	"mode": "train",
	"is_DDP": true,
	"process_group_backend": "gloo",
	"world_size": 2,
	"rank": 1,
	"local_rank": 0,
	"device_type": "gpu",
	"master_addr": "133.133.135.74",
	"master_port": 39920,
	"iteration_count": 140,
	"iteration_intervals": [
		1589785344,
		326909440,
		319860224,
		311223040,
		309733888,
		316223744,
		318562304,
		317555712,
		311317504,
		312858112,
		317971456,
		312238080,
		311809024,
		309171456,
		310935552,
		313298688,
		315409152,
		313845504,
		312033536,
		314994432,
		316941312,
		320444160,
		310803968,
		314522112,
		310036992,
		310727424,
		315924736,
		312133120,
		308570624,
		317551104,
		310584320,
		329441536,
		309020160,
		309609216,
		311635456,
		307680256,
		308459008,
		312715520,
		311818240,
		309770240,
		309549056,
		315463936,
		320761088,
		312569600,
		312831744,
		319576320,
		313509120,
		310796544,
		309271296,
		314595840,
		312496896,
		312457728,
		313145856,
		311264768,
		314740480,
		310997760,
		310656768,
		314999808,
		309212160,
		314264576,
		312244224,
		316933632,
		312791296,
		309754624,
		311131392,
		319972096,
		312858368,
		311321856,
		308158976,
		308161280,
		309646592,
		315650048,
		311251200,
		318962688,
		313133312,
		320029440,
		312793600,
		310402560,
		310804224,
		311703296,
		314128384,
		311304192,
		306981376,
		317365760,
		322413312,
		322400768,
		316722688,
		316449024,
		311282944,
		320571904,
		319445760,
		311891968,
		311034368,
		320499200,
		313629696,
		303379968,
		321255168,
		311634944,
		314286592,
		325854976,
		321459712,
		314051072,
		325666304,
		315246336,
		308981760,
		311394304,
		313755136,
		328757504,
		315225088,
		312978688,
		314011136,
		300227328,
		326400256,
		311601408,
		311585792,
		314349056,
		312617472,
		311648256,
		314541312,
		313338112,
		311817472,
		324508160,
		317269760,
		309212416,
		313292544,
		321168640,
		311443200,
		313907712,
		316623104,
		316154368,
		310811904,
		309351168,
		308210688,
		320341248,
		311382528,
		319725056,
		310957056,
		323901952,
		312148224,
		311159296
	],
	"iteration_intervals_avg": 314009150.5777778,
	"iteration_intervals_avg_second": 0.3140091505777778,
	"total_time_ns": 45249787648,
	"total_time_second": 45,
	"mem_infos": [
		[
			11229200384,
			11811160064
		],
		[
			10962862080,
			11811160064
		],
		[
			10725883904,
			11811160064
		],
		[
			10235150336,
			11811160064
		],
		[
			10149167104,
			11811160064
		],
		[
			10149167104,
			11811160064
		],
		[
			10149167104,
			11811160064
		],
		[
			10149167104,
			11811160064
		],
		[
			10149167104,
			11811160064
		],
		[
			10149167104,
			11811160064
		],
		[
			10149167104,
			11811160064
		],
		[
			10149167104,
			11811160064
		],
		[
			10149167104,
			11811160064
		],
		[
			10149167104,
			11811160064
		],
		[
			10149167104,
			11811160064
		],
		[
			10149167104,
			11811160064
		],
		[
			10149167104,
			11811160064
		],
		[
			10149167104,
			11811160064
		],
		[
			10149167104,
			11811160064
		],
		[
			10149167104,
			11811160064
		],
		[
			10149167104,
			11811160064
		],
		[
			10149167104,
			11811160064
		],
		[
			10149167104,
			11811160064
		],
		[
			10149167104,
			11811160064
		],
		[
			10149167104,
			11811160064
		],
		[
			10149167104,
			11811160064
		],
		[
			10149167104,
			11811160064
		],
		[
			10149167104,
			11811160064
		],
		[
			10149167104,
			11811160064
		],
		[
			10149167104,
			11811160064
		],
		[
			10149167104,
			11811160064
		],
		[
			10149167104,
			11811160064
		],
		[
			10149167104,
			11811160064
		],
		[
			10149167104,
			11811160064
		],
		[
			10149167104,
			11811160064
		],
		[
			10149167104,
			11811160064
		],
		[
			10149167104,
			11811160064
		],
		[
			10149167104,
			11811160064
		],
		[
			10149167104,
			11811160064
		],
		[
			10149167104,
			11811160064
		],
		[
			10149167104,
			11811160064
		],
		[
			10149167104,
			11811160064
		],
		[
			10149167104,
			11811160064
		],
		[
			10149167104,
			11811160064
		],
		[
			10149167104,
			11811160064
		],
		[
			10149167104,
			11811160064
		],
		[
			10149167104,
			11811160064
		],
		[
			10149167104,
			11811160064
		],
		[
			10149167104,
			11811160064
		],
		[
			10149167104,
			11811160064
		],
		[
			10149167104,
			11811160064
		],
		[
			10149167104,
			11811160064
		],
		[
			10149167104,
			11811160064
		],
		[
			10149167104,
			11811160064
		],
		[
			10149167104,
			11811160064
		],
		[
			10149167104,
			11811160064
		],
		[
			10149167104,
			11811160064
		],
		[
			10149167104,
			11811160064
		],
		[
			10149167104,
			11811160064
		],
		[
			10149167104,
			11811160064
		],
		[
			10149167104,
			11811160064
		],
		[
			10149167104,
			11811160064
		],
		[
			10149167104,
			11811160064
		],
		[
			10149167104,
			11811160064
		],
		[
			10149167104,
			11811160064
		],
		[
			10149167104,
			11811160064
		],
		[
			10149167104,
			11811160064
		],
		[
			10149167104,
			11811160064
		],
		[
			10149167104,
			11811160064
		],
		[
			10149167104,
			11811160064
		],
		[
			10149167104,
			11811160064
		],
		[
			10149167104,
			11811160064
		],
		[
			10149167104,
			11811160064
		],
		[
			10149167104,
			11811160064
		],
		[
			10149167104,
			11811160064
		],
		[
			10149167104,
			11811160064
		],
		[
			10149167104,
			11811160064
		],
		[
			10149167104,
			11811160064
		],
		[
			10149167104,
			11811160064
		],
		[
			10149167104,
			11811160064
		],
		[
			10149167104,
			11811160064
		],
		[
			10149167104,
			11811160064
		],
		[
			10149167104,
			11811160064
		],
		[
			10149167104,
			11811160064
		],
		[
			10149167104,
			11811160064
		],
		[
			10149167104,
			11811160064
		],
		[
			10149167104,
			11811160064
		],
		[
			10149167104,
			11811160064
		],
		[
			10149167104,
			11811160064
		],
		[
			10149167104,
			11811160064
		]
	],
	"utilization": [
		5,
		5,
		3,
		3,
		8,
		8,
		9,
		9,
		8,
		8,
		8,
		8,
		10,
		10,
		10,
		10,
		9,
		9,
		9,
		9,
		9,
		9,
		10,
		10,
		10,
		10,
		8,
		8,
		9,
		9,
		9,
		9,
		10,
		10,
		9,
		9,
		9,
		9,
		9,
		9,
		9,
		9,
		11,
		11,
		9,
		9,
		8,
		8,
		8,
		8,
		9,
		9,
		11,
		11,
		9,
		9,
		9,
		9,
		8,
		8,
		9,
		9,
		10,
		10,
		10,
		10,
		8,
		8,
		8,
		8,
		8,
		8,
		9,
		9,
		11,
		11,
		9,
		9,
		8,
		8,
		9,
		9,
		9,
		9,
		10,
		10,
		10,
		10,
		8,
		8
	],
	"computation_proportion": 40,
	"extra_dict": {}
}