{
	"model_name": "ConvNeXtT",
	"batch_size": 32,
	"duration_sec": 45,
	"mode": "train",
	"is_DDP": true,
	"process_group_backend": "gloo",
	"world_size": 2,
	"rank": 0,
	"local_rank": 0,
	"device_type": "gpu",
	"master_addr": "133.133.135.75",
	"master_port": 39920,
	"iteration_count": 91,
	"iteration_intervals": [
		1521899008,
		431401984,
		480767488,
		490120192,
		485984512,
		496387840,
		481200128,
		491333888,
		465069568,
		506148608,
		472485120,
		485320960,
		499262208,
		492032000,
		466309120,
		485835008,
		501745408,
		486916352,
		473913344,
		500137216,
		481772800,
		486581760,
		479539712,
		493015296,
		493363200,
		486107136,
		458439936,
		498533888,
		505355776,
		484025088,
		477272576,
		483766528,
		478628096,
		483284480,
		487635968,
		492563712,
		490866176,
		493847552,
		462758400,
		489372160,
		500648960,
		487170816,
		486568448,
		492826880,
		494634240,
		477926912,
		493804288,
		482739200,
		469443328,
		481727744,
		505456640,
		476177920,
		492287744,
		485816320,
		470024448,
		502057216,
		483798016,
		476995840,
		494640896,
		477246720,
		487255040,
		503103744,
		487193856,
		473233152,
		482775552,
		488106240,
		483447552,
		501958400,
		485199104,
		496091136,
		459527168,
		509359104,
		466461696,
		481478656,
		505539840,
		476912896,
		496211968,
		490799360,
		469137664,
		483293952,
		503678720,
		477728256,
		488925440,
		488755200,
		484400128,
		479942912,
		477545472,
		489787136,
		506653440,
		472902144,
		492204288
	],
	"iteration_intervals_avg": 486423590.6976744,
	"iteration_intervals_avg_second": 0.4864235906976744,
	"total_time_ns": 45244896512,
	"total_time_second": 45,
	"mem_infos": [
		[
			10786701312,
			11811160064
		],
		[
			10579083264,
			11811160064
		],
		[
			8389656576,
			11811160064
		],
		[
			6453985280,
			11811160064
		],
		[
			6388973568,
			11811160064
		],
		[
			6388973568,
			11811160064
		],
		[
			6388973568,
			11811160064
		],
		[
			6388973568,
			11811160064
		],
		[
			6388973568,
			11811160064
		],
		[
			6388973568,
			11811160064
		],
		[
			6388973568,
			11811160064
		],
		[
			6388973568,
			11811160064
		],
		[
			6388973568,
			11811160064
		],
		[
			6388973568,
			11811160064
		],
		[
			6388973568,
			11811160064
		],
		[
			6388973568,
			11811160064
		],
		[
			6388973568,
			11811160064
		],
		[
			6388973568,
			11811160064
		],
		[
			6388973568,
			11811160064
		],
		[
			6388973568,
			11811160064
		],
		[
			6388973568,
			11811160064
		],
		[
			6388973568,
			11811160064
		],
		[
			6388973568,
			11811160064
		],
		[
			6388973568,
			11811160064
		],
		[
			6388973568,
			11811160064
		],
		[
			6388973568,
			11811160064
		],
		[
			6388973568,
			11811160064
		],
		[
			6388973568,
			11811160064
		],
		[
			6388973568,
			11811160064
		],
		[
			6388973568,
			11811160064
		],
		[
			6388973568,
			11811160064
		],
		[
			6388973568,
			11811160064
		],
		[
			6388973568,
			11811160064
		],
		[
			6388973568,
			11811160064
		],
		[
			6388973568,
			11811160064
		],
		[
			6388973568,
			11811160064
		],
		[
			6388973568,
			11811160064
		],
		[
			6388973568,
			11811160064
		],
		[
			6388973568,
			11811160064
		],
		[
			6388973568,
			11811160064
		],
		[
			6388973568,
			11811160064
		],
		[
			6388973568,
			11811160064
		],
		[
			6388973568,
			11811160064
		],
		[
			6388973568,
			11811160064
		],
		[
			6388973568,
			11811160064
		],
		[
			6388973568,
			11811160064
		],
		[
			6388973568,
			11811160064
		],
		[
			6388973568,
			11811160064
		],
		[
			6388973568,
			11811160064
		],
		[
			6388973568,
			11811160064
		],
		[
			6388973568,
			11811160064
		],
		[
			6388973568,
			11811160064
		],
		[
			6388973568,
			11811160064
		],
		[
			6388973568,
			11811160064
		],
		[
			6388973568,
			11811160064
		],
		[
			6388973568,
			11811160064
		],
		[
			6388973568,
			11811160064
		],
		[
			6388973568,
			11811160064
		],
		[
			6388973568,
			11811160064
		],
		[
			6388973568,
			11811160064
		],
		[
			6388973568,
			11811160064
		],
		[
			6388973568,
			11811160064
		],
		[
			6388973568,
			11811160064
		],
		[
			6388973568,
			11811160064
		],
		[
			6388973568,
			11811160064
		],
		[
			6388973568,
			11811160064
		],
		[
			6388973568,
			11811160064
		],
		[
			6388973568,
			11811160064
		],
		[
			6388973568,
			11811160064
		],
		[
			6388973568,
			11811160064
		],
		[
			6388973568,
			11811160064
		],
		[
			6388973568,
			11811160064
		],
		[
			6388973568,
			11811160064
		],
		[
			6388973568,
			11811160064
		],
		[
			6388973568,
			11811160064
		],
		[
			6388973568,
			11811160064
		],
		[
			6388973568,
			11811160064
		],
		[
			6388973568,
			11811160064
		],
		[
			6388973568,
			11811160064
		],
		[
			6388973568,
			11811160064
		],
		[
			6388973568,
			11811160064
		],
		[
			6388973568,
			11811160064
		],
		[
			6388973568,
			11811160064
		],
		[
			6388973568,
			11811160064
		],
		[
			6388973568,
			11811160064
		],
		[
			6388973568,
			11811160064
		],
		[
			6388973568,
			11811160064
		],
		[
			6388973568,
			11811160064
		],
		[
			6388973568,
			11811160064
		],
		[
			6388973568,
			11811160064
		]
	],
	"utilization": [
		19,
		19,
		13,
		13,
		42,
		42,
		66,
		66,
		65,
		65,
		65,
		65,
		68,
		68,
		70,
		70,
		68,
		68,
		68,
		68,
		68,
		68,
		67,
		67,
		66,
		66,
		65,
		65,
		63,
		63,
		69,
		69,
		65,
		65,
		64,
		64,
		69,
		69,
		70,
		70,
		67,
		67,
		68,
		68,
		68,
		68,
		69,
		69,
		65,
		65,
		67,
		67,
		63,
		63,
		67,
		67,
		68,
		68,
		65,
		65,
		68,
		68,
		69,
		69,
		70,
		70,
		69,
		69,
		68,
		68,
		69,
		69,
		68,
		68,
		64,
		64,
		64,
		64,
		66,
		66,
		68,
		68,
		65,
		65,
		66,
		66,
		70,
		70,
		68,
		68
	],
	"computation_proportion": 90,
	"extra_dict": {}
}