{
	"model_name": "ConvNeXtS",
	"batch_size": 4,
	"duration_sec": 45,
	"mode": "train",
	"is_DDP": true,
	"process_group_backend": "gloo",
	"world_size": 2,
	"rank": 0,
	"local_rank": 0,
	"device_type": "gpu",
	"master_addr": "133.133.135.75",
	"master_port": 39920,
	"iteration_count": 96,
	"iteration_intervals": [
		1166437888,
		133135360,
		362338048,
		828643840,
		1081486336,
		629268224,
		501242368,
		479742720,
		391870976,
		439305216,
		366761984,
		309702400,
		342485248,
		374930688,
		431485184,
		387165696,
		477228032,
		493439744,
		614111232,
		580922368,
		481498112,
		408121600,
		448906240,
		389635328,
		463530496,
		484076032,
		392799232,
		383749888,
		453904384,
		477381888,
		500761600,
		590960128,
		516461056,
		504044800,
		468413184,
		469782272,
		368226304,
		483997184,
		484569344,
		477127936,
		395285760,
		371795712,
		358896128,
		367053824,
		376467200,
		451220992,
		386374656,
		381490944,
		348572160,
		380383488,
		454396416,
		476982016,
		498743296,
		603012352,
		609937920,
		602466816,
		486868480,
		399358464,
		459791104,
		381364736,
		365086208,
		357837056,
		372435456,
		377931008,
		459356928,
		492865792,
		490728192,
		605760768,
		600962048,
		504880896,
		477231872,
		390683392,
		476895232,
		475101184,
		516252928,
		681375488,
		542721792,
		578235392,
		412970240,
		458965504,
		350036992,
		378520832,
		376145664,
		480307712,
		497928704,
		482522368,
		456662272,
		393901312,
		370225408,
		372184576,
		377731072,
		450369792,
		470543360,
		505874432,
		486791936,
		487233536
	],
	"iteration_intervals_avg": 455311306.5494506,
	"iteration_intervals_avg_second": 0.45531130654945057,
	"total_time_ns": 45007445760,
	"total_time_second": 45,
	"mem_infos": [
		[
			10786701312,
			11811160064
		],
		[
			10587471872,
			11811160064
		],
		[
			9973006336,
			11811160064
		],
		[
			9582936064,
			11811160064
		],
		[
			9582936064,
			11811160064
		],
		[
			9582936064,
			11811160064
		],
		[
			9582936064,
			11811160064
		],
		[
			9582936064,
			11811160064
		],
		[
			9582936064,
			11811160064
		],
		[
			9582936064,
			11811160064
		],
		[
			9582936064,
			11811160064
		],
		[
			9582936064,
			11811160064
		],
		[
			9582936064,
			11811160064
		],
		[
			9582936064,
			11811160064
		],
		[
			9582936064,
			11811160064
		],
		[
			9582936064,
			11811160064
		],
		[
			9582936064,
			11811160064
		],
		[
			9582936064,
			11811160064
		],
		[
			9582936064,
			11811160064
		],
		[
			9582936064,
			11811160064
		],
		[
			9582936064,
			11811160064
		],
		[
			9582936064,
			11811160064
		],
		[
			9582936064,
			11811160064
		],
		[
			9582936064,
			11811160064
		],
		[
			9582936064,
			11811160064
		],
		[
			9582936064,
			11811160064
		],
		[
			9582936064,
			11811160064
		],
		[
			9582936064,
			11811160064
		],
		[
			9582936064,
			11811160064
		],
		[
			9582936064,
			11811160064
		],
		[
			9582936064,
			11811160064
		],
		[
			9582936064,
			11811160064
		],
		[
			9582936064,
			11811160064
		],
		[
			9582936064,
			11811160064
		],
		[
			9582936064,
			11811160064
		],
		[
			9582936064,
			11811160064
		],
		[
			9582936064,
			11811160064
		],
		[
			9582936064,
			11811160064
		],
		[
			9582936064,
			11811160064
		],
		[
			9582936064,
			11811160064
		],
		[
			9582936064,
			11811160064
		],
		[
			9582936064,
			11811160064
		],
		[
			9582936064,
			11811160064
		],
		[
			9582936064,
			11811160064
		],
		[
			9582936064,
			11811160064
		],
		[
			9582936064,
			11811160064
		],
		[
			9582936064,
			11811160064
		],
		[
			9582936064,
			11811160064
		],
		[
			9582936064,
			11811160064
		],
		[
			9582936064,
			11811160064
		],
		[
			9582936064,
			11811160064
		],
		[
			9582936064,
			11811160064
		],
		[
			9582936064,
			11811160064
		],
		[
			9582936064,
			11811160064
		],
		[
			9582936064,
			11811160064
		],
		[
			9582936064,
			11811160064
		],
		[
			9582936064,
			11811160064
		],
		[
			9582936064,
			11811160064
		],
		[
			9582936064,
			11811160064
		],
		[
			9582936064,
			11811160064
		],
		[
			9582936064,
			11811160064
		],
		[
			9582936064,
			11811160064
		],
		[
			9582936064,
			11811160064
		],
		[
			9582936064,
			11811160064
		],
		[
			9582936064,
			11811160064
		],
		[
			9582936064,
			11811160064
		],
		[
			9582936064,
			11811160064
		],
		[
			9582936064,
			11811160064
		],
		[
			9582936064,
			11811160064
		],
		[
			9582936064,
			11811160064
		],
		[
			9582936064,
			11811160064
		],
		[
			9582936064,
			11811160064
		],
		[
			9582936064,
			11811160064
		],
		[
			9582936064,
			11811160064
		],
		[
			9582936064,
			11811160064
		],
		[
			9582936064,
			11811160064
		],
		[
			9582936064,
			11811160064
		],
		[
			9582936064,
			11811160064
		],
		[
			9582936064,
			11811160064
		],
		[
			9582936064,
			11811160064
		],
		[
			9582936064,
			11811160064
		],
		[
			9582936064,
			11811160064
		],
		[
			9582936064,
			11811160064
		],
		[
			9582936064,
			11811160064
		],
		[
			9582936064,
			11811160064
		],
		[
			9582936064,
			11811160064
		],
		[
			9582936064,
			11811160064
		],
		[
			9582936064,
			11811160064
		],
		[
			9582936064,
			11811160064
		],
		[
			9582936064,
			11811160064
		]
	],
	"utilization": [
		11,
		11,
		12,
		12,
		24,
		24,
		5,
		5,
		6,
		6,
		12,
		12,
		12,
		12,
		18,
		18,
		18,
		18,
		13,
		13,
		12,
		12,
		9,
		9,
		15,
		15,
		13,
		13,
		18,
		18,
		12,
		12,
		12,
		12,
		11,
		11,
		14,
		14,
		12,
		12,
		13,
		13,
		18,
		18,
		13,
		13,
		17,
		17,
		17,
		17,
		14,
		14,
		6,
		6,
		12,
		12,
		13,
		13,
		18,
		18,
		19,
		19,
		12,
		12,
		10,
		10,
		9,
		9,
		17,
		17,
		12,
		12,
		7,
		7,
		12,
		12,
		13,
		13,
		18,
		18,
		13,
		13,
		13,
		13,
		17,
		17,
		13,
		13,
		13,
		13
	],
	"computation_proportion": 15,
	"extra_dict": {}
}