{
	"model_name": "ConvNeXtS",
	"batch_size": 16,
	"duration_sec": 45,
	"mode": "train",
	"is_DDP": true,
	"process_group_backend": "gloo",
	"world_size": 4,
	"rank": 3,
	"local_rank": 0,
	"device_type": "gpu",
	"master_addr": "133.133.135.75",
	"master_port": 39920,
	"iteration_count": 22,
	"iteration_intervals": [
		3198120960,
		2065702144,
		2075716096,
		2101172736,
		2052186880,
		2081065472,
		2081273088,
		2064579072,
		2081316608,
		2090444288,
		2089945088,
		2083494912,
		2070149376,
		2093606400,
		2058258944,
		2069442304,
		2079648512,
		2079275008,
		2081056768,
		2085460480,
		2083670784,
		2080082176
	],
	"iteration_intervals_avg": 2079574663.5294118,
	"iteration_intervals_avg_second": 2.079574663529412,
	"total_time_ns": 46847844352,
	"total_time_second": 46,
	"mem_infos": [
		[
			4860149760,
			5905580032
		],
		[
			4646240256,
			5905580032
		],
		[
			4436525056,
			5905580032
		],
		[
			2496659456,
			5905580032
		],
		[
			2496659456,
			5905580032
		],
		[
			2496659456,
			5905580032
		],
		[
			2496659456,
			5905580032
		],
		[
			2255486976,
			5905580032
		],
		[
			2255486976,
			5905580032
		],
		[
			2255486976,
			5905580032
		],
		[
			2255486976,
			5905580032
		],
		[
			2255486976,
			5905580032
		],
		[
			2255486976,
			5905580032
		],
		[
			2255486976,
			5905580032
		],
		[
			2255486976,
			5905580032
		],
		[
			2255486976,
			5905580032
		],
		[
			2255486976,
			5905580032
		],
		[
			2255486976,
			5905580032
		],
		[
			2255486976,
			5905580032
		],
		[
			2255486976,
			5905580032
		],
		[
			2255486976,
			5905580032
		],
		[
			2255486976,
			5905580032
		],
		[
			2255486976,
			5905580032
		],
		[
			2255486976,
			5905580032
		],
		[
			2255486976,
			5905580032
		],
		[
			2255486976,
			5905580032
		],
		[
			2255486976,
			5905580032
		],
		[
			2255486976,
			5905580032
		],
		[
			2255486976,
			5905580032
		],
		[
			2255486976,
			5905580032
		],
		[
			2255486976,
			5905580032
		],
		[
			2255486976,
			5905580032
		],
		[
			2255486976,
			5905580032
		],
		[
			2255486976,
			5905580032
		],
		[
			2255486976,
			5905580032
		],
		[
			2255486976,
			5905580032
		],
		[
			2255486976,
			5905580032
		],
		[
			2255486976,
			5905580032
		],
		[
			2255486976,
			5905580032
		],
		[
			2255486976,
			5905580032
		],
		[
			2255486976,
			5905580032
		],
		[
			2255486976,
			5905580032
		],
		[
			2255486976,
			5905580032
		],
		[
			2255486976,
			5905580032
		],
		[
			2255486976,
			5905580032
		],
		[
			2255486976,
			5905580032
		],
		[
			2255486976,
			5905580032
		],
		[
			2255486976,
			5905580032
		],
		[
			2255486976,
			5905580032
		],
		[
			2255486976,
			5905580032
		],
		[
			2255486976,
			5905580032
		],
		[
			2255486976,
			5905580032
		],
		[
			2255486976,
			5905580032
		],
		[
			2255486976,
			5905580032
		],
		[
			2255486976,
			5905580032
		],
		[
			2255486976,
			5905580032
		],
		[
			2255486976,
			5905580032
		],
		[
			2255486976,
			5905580032
		],
		[
			2255486976,
			5905580032
		],
		[
			2255486976,
			5905580032
		],
		[
			2255486976,
			5905580032
		],
		[
			2255486976,
			5905580032
		],
		[
			2255486976,
			5905580032
		],
		[
			2255486976,
			5905580032
		],
		[
			2255486976,
			5905580032
		],
		[
			2255486976,
			5905580032
		],
		[
			2255486976,
			5905580032
		],
		[
			2255486976,
			5905580032
		],
		[
			2255486976,
			5905580032
		],
		[
			2255486976,
			5905580032
		],
		[
			2255486976,
			5905580032
		],
		[
			2255486976,
			5905580032
		],
		[
			2255486976,
			5905580032
		],
		[
			2255486976,
			5905580032
		],
		[
			2255486976,
			5905580032
		],
		[
			2255486976,
			5905580032
		],
		[
			2255486976,
			5905580032
		],
		[
			2255486976,
			5905580032
		],
		[
			2255486976,
			5905580032
		],
		[
			2255486976,
			5905580032
		],
		[
			2255486976,
			5905580032
		],
		[
			2255486976,
			5905580032
		],
		[
			2255486976,
			5905580032
		],
		[
			2255486976,
			5905580032
		],
		[
			2255486976,
			5905580032
		],
		[
			2255486976,
			5905580032
		],
		[
			2255486976,
			5905580032
		],
		[
			2255486976,
			5905580032
		],
		[
			2255486976,
			5905580032
		],
		[
			2255486976,
			5905580032
		]
	],
	"utilization": [
		0,
		12,
		12,
		55,
		55,
		9,
		9,
		9,
		9,
		20,
		20,
		7,
		7,
		27,
		27,
		1,
		1,
		28,
		28,
		1,
		1,
		32,
		32,
		1,
		1,
		32,
		32,
		1,
		1,
		29,
		29,
		1,
		1,
		29,
		29,
		1,
		1,
		32,
		32,
		1,
		1,
		28,
		28,
		1,
		1,
		30,
		30,
		1,
		1,
		32,
		32,
		1,
		1,
		28,
		28,
		1,
		1,
		28,
		28,
		6,
		6,
		21,
		21,
		9,
		9,
		13,
		13,
		15,
		15,
		9,
		9,
		23,
		23,
		4,
		4,
		29,
		29,
		1,
		1,
		28,
		28,
		1,
		1,
		31,
		31,
		1,
		1,
		28,
		28,
		1
	],
	"computation_proportion": 20,
	"extra_dict": {}
}