{
	"model_name": "ResNet18",
	"batch_size": 4,
	"duration_sec": 45,
	"mode": "train",
	"is_DDP": true,
	"process_group_backend": "gloo",
	"world_size": 2,
	"rank": 1,
	"local_rank": 0,
	"device_type": "gpu",
	"master_addr": "133.133.135.74",
	"master_port": 39920,
	"iteration_count": 101,
	"iteration_intervals": [
		1746113024,
		436274432,
		432268288,
		427071488,
		435058432,
		431241472,
		436236032,
		432480768,
		444024064,
		432557056,
		429547264,
		429118208,
		423013632,
		436333824,
		435820544,
		435898880,
		430147072,
		432079104,
		431972352,
		437520640,
		429504000,
		432271872,
		435593472,
		437265152,
		437690112,
		430116096,
		436456960,
		432091904,
		429876992,
		429224960,
		433155328,
		429593600,
		428506368,
		432741120,
		431128832,
		427985664,
		429134592,
		437650944,
		428513280,
		428048640,
		432424960,
		428989184,
		432286976,
		432509440,
		432069632,
		443653888,
		444206848,
		429843968,
		433198080,
		435719936,
		436740096,
		429739264,
		434393856,
		430079232,
		426368512,
		440301824,
		438595328,
		433039616,
		432387840,
		432549632,
		438936832,
		432787968,
		435841024,
		432243968,
		429360640,
		434964992,
		432342272,
		432390400,
		432882944,
		438089984,
		432295424,
		431453952,
		431504128,
		435146496,
		432166656,
		429303552,
		433151744,
		442967808,
		444922112,
		440830464,
		440873728,
		446223872,
		443170304,
		432254464,
		429169920,
		435011072,
		430755328,
		432924672,
		432611584,
		432960256,
		433201664,
		427704832,
		432699136,
		433722624,
		429074432,
		434182656,
		436829696,
		435204864,
		431859968,
		430075904,
		431138048
	],
	"iteration_intervals_avg": 433529909.3333333,
	"iteration_intervals_avg_second": 0.4335299093333333,
	"total_time_ns": 45096603904,
	"total_time_second": 45,
	"mem_infos": [
		[
			11130634240,
			11811160064
		],
		[
			10908336128,
			11811160064
		],
		[
			10677649408,
			11811160064
		],
		[
			10400825344,
			11811160064
		],
		[
			10300162048,
			11811160064
		],
		[
			10300162048,
			11811160064
		],
		[
			10300162048,
			11811160064
		],
		[
			10300162048,
			11811160064
		],
		[
			10300162048,
			11811160064
		],
		[
			10300162048,
			11811160064
		],
		[
			10300162048,
			11811160064
		],
		[
			10300162048,
			11811160064
		],
		[
			10300162048,
			11811160064
		],
		[
			10300162048,
			11811160064
		],
		[
			10300162048,
			11811160064
		],
		[
			10300162048,
			11811160064
		],
		[
			10300162048,
			11811160064
		],
		[
			10300162048,
			11811160064
		],
		[
			10300162048,
			11811160064
		],
		[
			10300162048,
			11811160064
		],
		[
			10300162048,
			11811160064
		],
		[
			10300162048,
			11811160064
		],
		[
			10300162048,
			11811160064
		],
		[
			10300162048,
			11811160064
		],
		[
			10300162048,
			11811160064
		],
		[
			10300162048,
			11811160064
		],
		[
			10300162048,
			11811160064
		],
		[
			10300162048,
			11811160064
		],
		[
			10300162048,
			11811160064
		],
		[
			10300162048,
			11811160064
		],
		[
			10300162048,
			11811160064
		],
		[
			10300162048,
			11811160064
		],
		[
			10300162048,
			11811160064
		],
		[
			10300162048,
			11811160064
		],
		[
			10300162048,
			11811160064
		],
		[
			10300162048,
			11811160064
		],
		[
			10300162048,
			11811160064
		],
		[
			10300162048,
			11811160064
		],
		[
			10300162048,
			11811160064
		],
		[
			10300162048,
			11811160064
		],
		[
			10300162048,
			11811160064
		],
		[
			10300162048,
			11811160064
		],
		[
			10300162048,
			11811160064
		],
		[
			10300162048,
			11811160064
		],
		[
			10300162048,
			11811160064
		],
		[
			10300162048,
			11811160064
		],
		[
			10300162048,
			11811160064
		],
		[
			10300162048,
			11811160064
		],
		[
			10300162048,
			11811160064
		],
		[
			10300162048,
			11811160064
		],
		[
			10300162048,
			11811160064
		],
		[
			10300162048,
			11811160064
		],
		[
			10300162048,
			11811160064
		],
		[
			10300162048,
			11811160064
		],
		[
			10300162048,
			11811160064
		],
		[
			10300162048,
			11811160064
		],
		[
			10300162048,
			11811160064
		],
		[
			10300162048,
			11811160064
		],
		[
			10300162048,
			11811160064
		],
		[
			10300162048,
			11811160064
		],
		[
			10300162048,
			11811160064
		],
		[
			10300162048,
			11811160064
		],
		[
			10300162048,
			11811160064
		],
		[
			10300162048,
			11811160064
		],
		[
			10300162048,
			11811160064
		],
		[
			10300162048,
			11811160064
		],
		[
			10300162048,
			11811160064
		],
		[
			10300162048,
			11811160064
		],
		[
			10300162048,
			11811160064
		],
		[
			10300162048,
			11811160064
		],
		[
			10300162048,
			11811160064
		],
		[
			10300162048,
			11811160064
		],
		[
			10300162048,
			11811160064
		],
		[
			10300162048,
			11811160064
		],
		[
			10300162048,
			11811160064
		],
		[
			10300162048,
			11811160064
		],
		[
			10300162048,
			11811160064
		],
		[
			10300162048,
			11811160064
		],
		[
			10300162048,
			11811160064
		],
		[
			10300162048,
			11811160064
		],
		[
			10300162048,
			11811160064
		],
		[
			10300162048,
			11811160064
		],
		[
			10300162048,
			11811160064
		],
		[
			10300162048,
			11811160064
		],
		[
			10300162048,
			11811160064
		],
		[
			10300162048,
			11811160064
		],
		[
			10300162048,
			11811160064
		],
		[
			10300162048,
			11811160064
		],
		[
			10300162048,
			11811160064
		],
		[
			10300162048,
			11811160064
		]
	],
	"utilization": [
		5,
		5,
		3,
		3,
		4,
		4,
		5,
		5,
		5,
		5,
		4,
		4,
		4,
		4,
		6,
		6,
		4,
		4,
		4,
		4,
		6,
		6,
		4,
		4,
		4,
		4,
		6,
		6,
		4,
		4,
		4,
		4,
		6,
		6,
		4,
		4,
		4,
		4,
		6,
		6,
		4,
		4,
		4,
		4,
		6,
		6,
		4,
		4,
		4,
		4,
		5,
		5,
		4,
		4,
		4,
		4,
		4,
		4,
		6,
		6,
		4,
		4,
		4,
		4,
		6,
		6,
		4,
		4,
		4,
		4,
		6,
		6,
		4,
		4,
		4,
		4,
		5,
		5,
		5,
		5,
		4,
		4,
		4,
		4,
		5,
		5,
		4,
		4,
		4,
		4
	],
	"computation_proportion": 20,
	"extra_dict": {}
}