{
	"model_name": "EfficientNet",
	"batch_size": 4,
	"duration_sec": 45,
	"mode": "train",
	"is_DDP": true,
	"process_group_backend": "gloo",
	"world_size": 4,
	"rank": 3,
	"local_rank": 0,
	"device_type": "gpu",
	"master_addr": "133.133.135.75",
	"master_port": 39920,
	"iteration_count": 52,
	"iteration_intervals": [
		1701157376,
		370456064,
		337606400,
		341153536,
		1330181888,
		1097888256,
		485188096,
		364880128,
		373906944,
		2436559360,
		1330792192,
		976223744,
		488291072,
		375690496,
		357719296,
		491947264,
		1096121600,
		778743808,
		1588621568,
		728200704,
		1358464256,
		718049536,
		1903849984,
		604545024,
		370303744,
		362525440,
		486011392,
		2078947840,
		607413760,
		378323200,
		1770259968,
		605523712,
		377883904,
		1261715200,
		1222036224,
		1100063744,
		487285504,
		363592448,
		2138683648,
		850839808,
		384015872,
		356307200,
		601732864,
		2453788416,
		482489088,
		376561664,
		362970368,
		477081856,
		2329661696,
		491532288,
		361808384,
		356789248
	],
	"iteration_intervals_avg": 873443229.9574468,
	"iteration_intervals_avg_second": 0.8734432299574468,
	"total_time_ns": 45133288192,
	"total_time_second": 45,
	"mem_infos": [
		[
			5329911808,
			5905580032
		],
		[
			5124390912,
			5905580032
		],
		[
			4904189952,
			5905580032
		],
		[
			4361027584,
			5905580032
		],
		[
			4302307328,
			5905580032
		],
		[
			4302307328,
			5905580032
		],
		[
			4302307328,
			5905580032
		],
		[
			4302307328,
			5905580032
		],
		[
			4302307328,
			5905580032
		],
		[
			4302307328,
			5905580032
		],
		[
			4302307328,
			5905580032
		],
		[
			4302307328,
			5905580032
		],
		[
			4302307328,
			5905580032
		],
		[
			4302307328,
			5905580032
		],
		[
			4302307328,
			5905580032
		],
		[
			4302307328,
			5905580032
		],
		[
			4302307328,
			5905580032
		],
		[
			4302307328,
			5905580032
		],
		[
			4302307328,
			5905580032
		],
		[
			4302307328,
			5905580032
		],
		[
			4302307328,
			5905580032
		],
		[
			4302307328,
			5905580032
		],
		[
			4302307328,
			5905580032
		],
		[
			4302307328,
			5905580032
		],
		[
			4302307328,
			5905580032
		],
		[
			4302307328,
			5905580032
		],
		[
			4302307328,
			5905580032
		],
		[
			4302307328,
			5905580032
		],
		[
			4302307328,
			5905580032
		],
		[
			4302307328,
			5905580032
		],
		[
			4302307328,
			5905580032
		],
		[
			4302307328,
			5905580032
		],
		[
			4302307328,
			5905580032
		],
		[
			4302307328,
			5905580032
		],
		[
			4302307328,
			5905580032
		],
		[
			4302307328,
			5905580032
		],
		[
			4302307328,
			5905580032
		],
		[
			4302307328,
			5905580032
		],
		[
			4302307328,
			5905580032
		],
		[
			4302307328,
			5905580032
		],
		[
			4302307328,
			5905580032
		],
		[
			4302307328,
			5905580032
		],
		[
			4302307328,
			5905580032
		],
		[
			4302307328,
			5905580032
		],
		[
			4302307328,
			5905580032
		],
		[
			4302307328,
			5905580032
		],
		[
			4302307328,
			5905580032
		],
		[
			4302307328,
			5905580032
		],
		[
			4302307328,
			5905580032
		],
		[
			4302307328,
			5905580032
		],
		[
			4302307328,
			5905580032
		],
		[
			4302307328,
			5905580032
		],
		[
			4302307328,
			5905580032
		],
		[
			4302307328,
			5905580032
		],
		[
			4302307328,
			5905580032
		],
		[
			4302307328,
			5905580032
		],
		[
			4302307328,
			5905580032
		],
		[
			4302307328,
			5905580032
		],
		[
			4302307328,
			5905580032
		],
		[
			4302307328,
			5905580032
		],
		[
			4302307328,
			5905580032
		],
		[
			4302307328,
			5905580032
		],
		[
			4302307328,
			5905580032
		],
		[
			4302307328,
			5905580032
		],
		[
			4302307328,
			5905580032
		],
		[
			4302307328,
			5905580032
		],
		[
			4302307328,
			5905580032
		],
		[
			4302307328,
			5905580032
		],
		[
			4302307328,
			5905580032
		],
		[
			4302307328,
			5905580032
		],
		[
			4302307328,
			5905580032
		],
		[
			4302307328,
			5905580032
		],
		[
			4302307328,
			5905580032
		],
		[
			4302307328,
			5905580032
		],
		[
			4302307328,
			5905580032
		],
		[
			4302307328,
			5905580032
		],
		[
			4302307328,
			5905580032
		],
		[
			4302307328,
			5905580032
		],
		[
			4302307328,
			5905580032
		],
		[
			4302307328,
			5905580032
		],
		[
			4302307328,
			5905580032
		],
		[
			4302307328,
			5905580032
		],
		[
			4302307328,
			5905580032
		],
		[
			4302307328,
			5905580032
		],
		[
			4302307328,
			5905580032
		],
		[
			4302307328,
			5905580032
		],
		[
			4302307328,
			5905580032
		],
		[
			4302307328,
			5905580032
		],
		[
			4302307328,
			5905580032
		],
		[
			4302307328,
			5905580032
		]
	],
	"utilization": [
		9,
		9,
		10,
		10,
		16,
		16,
		19,
		19,
		5,
		5,
		2,
		2,
		13,
		13,
		12,
		12,
		0,
		0,
		6,
		6,
		5,
		5,
		2,
		2,
		13,
		13,
		17,
		17,
		2,
		2,
		13,
		13,
		0,
		0,
		7,
		7,
		7,
		7,
		7,
		7,
		6,
		6,
		1,
		1,
		12,
		12,
		18,
		18,
		0,
		0,
		5,
		5,
		14,
		14,
		1,
		1,
		7,
		7,
		12,
		12,
		6,
		6,
		6,
		6,
		2,
		2,
		13,
		13,
		6,
		6,
		0,
		0,
		7,
		7,
		21,
		21,
		5,
		5,
		2,
		2,
		7,
		7,
		14,
		14,
		11,
		11,
		2,
		2,
		7,
		7
	],
	"computation_proportion": 5,
	"extra_dict": {}
}