{
	"model_name": "ResNet50",
	"batch_size": 16,
	"duration_sec": 45,
	"mode": "train",
	"is_DDP": true,
	"process_group_backend": "gloo",
	"world_size": 4,
	"rank": 2,
	"local_rank": 0,
	"device_type": "gpu",
	"master_addr": "133.133.135.75",
	"master_port": 39920,
	"iteration_count": 31,
	"iteration_intervals": [
		2844859904,
		1422028544,
		1405719552,
		1414838016,
		1405764096,
		1409442816,
		1411793152,
		1411169024,
		1409511424,
		1402436096,
		1402799104,
		1405234944,
		1406443008,
		1414194176,
		1405293568,
		1406169088,
		1400215808,
		1421347584,
		1412716288,
		1417588736,
		1410410752,
		1407717376,
		1423189760,
		1413881600,
		1416236032,
		1413833728,
		1417150976,
		1402859520,
		1404751360,
		1424810752,
		1406427904
	],
	"iteration_intervals_avg": 1410677868.3076923,
	"iteration_intervals_avg_second": 1.4106778683076924,
	"total_time_ns": 45172086528,
	"total_time_second": 45,
	"mem_infos": [
		[
			5059379200,
			5905580032
		],
		[
			4761583616,
			5905580032
		],
		[
			4545576960,
			5905580032
		],
		[
			2339373056,
			5905580032
		],
		[
			2339373056,
			5905580032
		],
		[
			2339373056,
			5905580032
		],
		[
			2301624320,
			5905580032
		],
		[
			2301624320,
			5905580032
		],
		[
			2301624320,
			5905580032
		],
		[
			2301624320,
			5905580032
		],
		[
			2301624320,
			5905580032
		],
		[
			2301624320,
			5905580032
		],
		[
			2301624320,
			5905580032
		],
		[
			2301624320,
			5905580032
		],
		[
			2301624320,
			5905580032
		],
		[
			2301624320,
			5905580032
		],
		[
			2301624320,
			5905580032
		],
		[
			2301624320,
			5905580032
		],
		[
			2301624320,
			5905580032
		],
		[
			2301624320,
			5905580032
		],
		[
			2301624320,
			5905580032
		],
		[
			2301624320,
			5905580032
		],
		[
			2301624320,
			5905580032
		],
		[
			2301624320,
			5905580032
		],
		[
			2301624320,
			5905580032
		],
		[
			2301624320,
			5905580032
		],
		[
			2301624320,
			5905580032
		],
		[
			2301624320,
			5905580032
		],
		[
			2301624320,
			5905580032
		],
		[
			2301624320,
			5905580032
		],
		[
			2301624320,
			5905580032
		],
		[
			2301624320,
			5905580032
		],
		[
			2301624320,
			5905580032
		],
		[
			2301624320,
			5905580032
		],
		[
			2301624320,
			5905580032
		],
		[
			2301624320,
			5905580032
		],
		[
			2301624320,
			5905580032
		],
		[
			2301624320,
			5905580032
		],
		[
			2301624320,
			5905580032
		],
		[
			2301624320,
			5905580032
		],
		[
			2301624320,
			5905580032
		],
		[
			2301624320,
			5905580032
		],
		[
			2301624320,
			5905580032
		],
		[
			2301624320,
			5905580032
		],
		[
			2301624320,
			5905580032
		],
		[
			2301624320,
			5905580032
		],
		[
			2301624320,
			5905580032
		],
		[
			2301624320,
			5905580032
		],
		[
			2301624320,
			5905580032
		],
		[
			2301624320,
			5905580032
		],
		[
			2301624320,
			5905580032
		],
		[
			2301624320,
			5905580032
		],
		[
			2301624320,
			5905580032
		],
		[
			2301624320,
			5905580032
		],
		[
			2301624320,
			5905580032
		],
		[
			2301624320,
			5905580032
		],
		[
			2301624320,
			5905580032
		],
		[
			2301624320,
			5905580032
		],
		[
			2301624320,
			5905580032
		],
		[
			2301624320,
			5905580032
		],
		[
			2301624320,
			5905580032
		],
		[
			2301624320,
			5905580032
		],
		[
			2301624320,
			5905580032
		],
		[
			2301624320,
			5905580032
		],
		[
			2301624320,
			5905580032
		],
		[
			2301624320,
			5905580032
		],
		[
			2301624320,
			5905580032
		],
		[
			2301624320,
			5905580032
		],
		[
			2301624320,
			5905580032
		],
		[
			2301624320,
			5905580032
		],
		[
			2301624320,
			5905580032
		],
		[
			2301624320,
			5905580032
		],
		[
			2301624320,
			5905580032
		],
		[
			2301624320,
			5905580032
		],
		[
			2301624320,
			5905580032
		],
		[
			2301624320,
			5905580032
		],
		[
			2301624320,
			5905580032
		],
		[
			2301624320,
			5905580032
		],
		[
			2301624320,
			5905580032
		],
		[
			2301624320,
			5905580032
		],
		[
			2301624320,
			5905580032
		],
		[
			2301624320,
			5905580032
		],
		[
			2301624320,
			5905580032
		],
		[
			2301624320,
			5905580032
		],
		[
			2301624320,
			5905580032
		],
		[
			2301624320,
			5905580032
		],
		[
			2301624320,
			5905580032
		],
		[
			2301624320,
			5905580032
		],
		[
			2301624320,
			5905580032
		],
		[
			2301624320,
			5905580032
		]
	],
	"utilization": [
		0,
		0,
		10,
		10,
		28,
		28,
		0,
		0,
		20,
		20,
		20,
		20,
		2,
		2,
		19,
		19,
		18,
		18,
		19,
		19,
		1,
		1,
		19,
		19,
		20,
		20,
		2,
		2,
		19,
		19,
		19,
		19,
		20,
		20,
		1,
		1,
		19,
		19,
		20,
		20,
		3,
		3,
		18,
		18,
		19,
		19,
		20,
		20,
		1,
		1,
		18,
		18,
		19,
		19,
		2,
		2,
		19,
		19,
		19,
		19,
		19,
		19,
		1,
		1,
		19,
		19,
		19,
		19,
		1,
		1,
		20,
		20,
		19,
		19,
		16,
		16,
		4,
		4,
		18,
		18,
		20,
		20,
		1,
		1,
		19,
		19,
		19,
		19,
		15,
		15
	],
	"computation_proportion": 40,
	"extra_dict": {}
}