{
	"model_name": "MobileNetV3S",
	"batch_size": 64,
	"duration_sec": 45,
	"mode": "train",
	"is_DDP": true,
	"process_group_backend": "gloo",
	"world_size": 2,
	"rank": 0,
	"local_rank": 0,
	"device_type": "gpu",
	"master_addr": "133.133.135.75",
	"master_port": 39920,
	"iteration_count": 121,
	"iteration_intervals": [
		2881198336,
		1329233664,
		493149696,
		373690368,
		352414976,
		259288320,
		339475968,
		261883904,
		242124288,
		247305728,
		251253760,
		353616384,
		254082304,
		358784768,
		361094656,
		369631232,
		481259520,
		485873408,
		492216320,
		371237888,
		359427584,
		367048960,
		254107904,
		350152704,
		246122240,
		256189696,
		236762112,
		251248128,
		347533824,
		245726208,
		361041152,
		255767808,
		362487040,
		484249344,
		371201280,
		488054528,
		484096000,
		363210240,
		366538240,
		258424320,
		352966912,
		248216832,
		360877312,
		370269696,
		362459392,
		482668544,
		380306432,
		477313792,
		367253760,
		247867648,
		359637504,
		254183680,
		360210944,
		354442240,
		261651200,
		365210112,
		472207872,
		486814720,
		376096768,
		361790720,
		356419328,
		260970240,
		251488000,
		350854656,
		254605824,
		356992512,
		360900864,
		361102592,
		381294336,
		473853440,
		367132416,
		367944448,
		255151104,
		353209088,
		253843200,
		244649728,
		359955456,
		357171712,
		262350592,
		361007104,
		479655680,
		371163136,
		366362368,
		358034944,
		256323584,
		356489216,
		252565248,
		244140544,
		349443840,
		253153536,
		358627840,
		368557568,
		370926592,
		371495680,
		364365824,
		359157760,
		257620224,
		349751040,
		246507776,
		240578560,
		372094720,
		230923776,
		369698560,
		256120832,
		364427776,
		475084544,
		365917952,
		254084864,
		363584256,
		356677632,
		371615744,
		368907008,
		369408000,
		482697472,
		483709184,
		380469248,
		364306432,
		366089472,
		356482560,
		256292096,
		352972288
	],
	"iteration_intervals_avg": 343692636.6896552,
	"iteration_intervals_avg_second": 0.34369263668965516,
	"total_time_ns": 45300233728,
	"total_time_second": 45,
	"mem_infos": [
		[
			11084496896,
			11811160064
		],
		[
			10830741504,
			11811160064
		],
		[
			10545528832,
			11811160064
		],
		[
			9362735104,
			11811160064
		],
		[
			9362735104,
			11811160064
		],
		[
			9362735104,
			11811160064
		],
		[
			9350152192,
			11811160064
		],
		[
			9350152192,
			11811160064
		],
		[
			9350152192,
			11811160064
		],
		[
			9350152192,
			11811160064
		],
		[
			9350152192,
			11811160064
		],
		[
			9350152192,
			11811160064
		],
		[
			9350152192,
			11811160064
		],
		[
			9350152192,
			11811160064
		],
		[
			9350152192,
			11811160064
		],
		[
			9350152192,
			11811160064
		],
		[
			9350152192,
			11811160064
		],
		[
			9350152192,
			11811160064
		],
		[
			9350152192,
			11811160064
		],
		[
			9350152192,
			11811160064
		],
		[
			9350152192,
			11811160064
		],
		[
			9350152192,
			11811160064
		],
		[
			9350152192,
			11811160064
		],
		[
			9350152192,
			11811160064
		],
		[
			9350152192,
			11811160064
		],
		[
			9350152192,
			11811160064
		],
		[
			9350152192,
			11811160064
		],
		[
			9350152192,
			11811160064
		],
		[
			9350152192,
			11811160064
		],
		[
			9350152192,
			11811160064
		],
		[
			9350152192,
			11811160064
		],
		[
			9350152192,
			11811160064
		],
		[
			9350152192,
			11811160064
		],
		[
			9350152192,
			11811160064
		],
		[
			9350152192,
			11811160064
		],
		[
			9350152192,
			11811160064
		],
		[
			9350152192,
			11811160064
		],
		[
			9350152192,
			11811160064
		],
		[
			9350152192,
			11811160064
		],
		[
			9350152192,
			11811160064
		],
		[
			9350152192,
			11811160064
		],
		[
			9350152192,
			11811160064
		],
		[
			9350152192,
			11811160064
		],
		[
			9350152192,
			11811160064
		],
		[
			9350152192,
			11811160064
		],
		[
			9350152192,
			11811160064
		],
		[
			9350152192,
			11811160064
		],
		[
			9350152192,
			11811160064
		],
		[
			9350152192,
			11811160064
		],
		[
			9350152192,
			11811160064
		],
		[
			9350152192,
			11811160064
		],
		[
			9350152192,
			11811160064
		],
		[
			9350152192,
			11811160064
		],
		[
			9350152192,
			11811160064
		],
		[
			9350152192,
			11811160064
		],
		[
			9350152192,
			11811160064
		],
		[
			9350152192,
			11811160064
		],
		[
			9350152192,
			11811160064
		],
		[
			9350152192,
			11811160064
		],
		[
			9350152192,
			11811160064
		],
		[
			9350152192,
			11811160064
		],
		[
			9350152192,
			11811160064
		],
		[
			9350152192,
			11811160064
		],
		[
			9350152192,
			11811160064
		],
		[
			9350152192,
			11811160064
		],
		[
			9350152192,
			11811160064
		],
		[
			9350152192,
			11811160064
		],
		[
			9350152192,
			11811160064
		],
		[
			9350152192,
			11811160064
		],
		[
			9350152192,
			11811160064
		],
		[
			9350152192,
			11811160064
		],
		[
			9350152192,
			11811160064
		],
		[
			9350152192,
			11811160064
		],
		[
			9350152192,
			11811160064
		],
		[
			9350152192,
			11811160064
		],
		[
			9350152192,
			11811160064
		],
		[
			9350152192,
			11811160064
		],
		[
			9350152192,
			11811160064
		],
		[
			9350152192,
			11811160064
		],
		[
			9350152192,
			11811160064
		],
		[
			9350152192,
			11811160064
		],
		[
			9350152192,
			11811160064
		],
		[
			9350152192,
			11811160064
		],
		[
			9350152192,
			11811160064
		],
		[
			9350152192,
			11811160064
		],
		[
			9350152192,
			11811160064
		],
		[
			9350152192,
			11811160064
		],
		[
			9350152192,
			11811160064
		],
		[
			9350152192,
			11811160064
		],
		[
			9350152192,
			11811160064
		]
	],
	"utilization": [
		3,
		11,
		11,
		11,
		11,
		3,
		3,
		4,
		4,
		0,
		0,
		11,
		11,
		11,
		11,
		12,
		12,
		13,
		13,
		7,
		7,
		7,
		7,
		11,
		11,
		12,
		12,
		13,
		13,
		11,
		11,
		11,
		11,
		7,
		7,
		11,
		11,
		11,
		11,
		11,
		11,
		7,
		7,
		11,
		11,
		11,
		11,
		11,
		11,
		8,
		8,
		13,
		13,
		12,
		12,
		11,
		11,
		7,
		7,
		11,
		11,
		15,
		15,
		8,
		8,
		11,
		11,
		11,
		11,
		15,
		15,
		11,
		11,
		7,
		7,
		13,
		13,
		13,
		13,
		11,
		11,
		11,
		11,
		11,
		11,
		8,
		8,
		11,
		11,
		7
	],
	"computation_proportion": 10,
	"extra_dict": {}
}