{
	"model_name": "YoloV5S",
	"batch_size": 8,
	"duration_sec": 45,
	"mode": "train",
	"is_DDP": true,
	"process_group_backend": "gloo",
	"world_size": 4,
	"rank": 1,
	"local_rank": 0,
	"device_type": "gpu",
	"master_addr": "133.133.135.75",
	"master_port": 39920,
	"iteration_count": 101,
	"iteration_intervals": [
		1884811776,
		457058048,
		439305472,
		433226752,
		442199808,
		428500736,
		430158336,
		429108224,
		431229440,
		448988672,
		431054592,
		428391680,
		429547776,
		431423488,
		427174912,
		427472384,
		438195200,
		426094592,
		429145856,
		428892160,
		430432256,
		424927488,
		446014976,
		432488448,
		428637952,
		445713408,
		435688704,
		428677376,
		429869312,
		426672640,
		451709440,
		429856512,
		434959104,
		433399296,
		429267712,
		431066112,
		430647040,
		434548480,
		432694784,
		433970432,
		430244608,
		429502464,
		431513856,
		429428224,
		432445952,
		436690176,
		426397440,
		431461376,
		434399744,
		440137728,
		429274880,
		434873600,
		423676416,
		441367552,
		426130944,
		433458688,
		435599104,
		426323456,
		445643776,
		423430912,
		437949696,
		432073728,
		433793536,
		438922752,
		429559808,
		428404480,
		430223872,
		433586688,
		420268288,
		439979264,
		437985536,
		432600320,
		425346816,
		445543680,
		430257408,
		419517440,
		432678912,
		435751936,
		430608640,
		416809728,
		445920768,
		430588160,
		430736128,
		446365440,
		450678528,
		429050880,
		449143296,
		433335808,
		427761920,
		440520960,
		428282112,
		434356736,
		441291776,
		430966784,
		431616512,
		432082944,
		425278720,
		426093824,
		435682048,
		432777472,
		438018560
	],
	"iteration_intervals_avg": 432823253.3333333,
	"iteration_intervals_avg_second": 0.4328232533333333,
	"total_time_ns": 45208809984,
	"total_time_second": 45,
	"mem_infos": [
		[
			5323620352,
			5905580032
		],
		[
			5095030784,
			5905580032
		],
		[
			4893704192,
			5905580032
		],
		[
			4329570304,
			5905580032
		],
		[
			4245684224,
			5905580032
		],
		[
			4243587072,
			5905580032
		],
		[
			4243587072,
			5905580032
		],
		[
			4243587072,
			5905580032
		],
		[
			4243587072,
			5905580032
		],
		[
			4243587072,
			5905580032
		],
		[
			4243587072,
			5905580032
		],
		[
			4243587072,
			5905580032
		],
		[
			4243587072,
			5905580032
		],
		[
			4243587072,
			5905580032
		],
		[
			4243587072,
			5905580032
		],
		[
			4243587072,
			5905580032
		],
		[
			4243587072,
			5905580032
		],
		[
			4243587072,
			5905580032
		],
		[
			4243587072,
			5905580032
		],
		[
			4243587072,
			5905580032
		],
		[
			4243587072,
			5905580032
		],
		[
			4243587072,
			5905580032
		],
		[
			4243587072,
			5905580032
		],
		[
			4243587072,
			5905580032
		],
		[
			4243587072,
			5905580032
		],
		[
			4243587072,
			5905580032
		],
		[
			4243587072,
			5905580032
		],
		[
			4243587072,
			5905580032
		],
		[
			4243587072,
			5905580032
		],
		[
			4243587072,
			5905580032
		],
		[
			4243587072,
			5905580032
		],
		[
			4243587072,
			5905580032
		],
		[
			4243587072,
			5905580032
		],
		[
			4243587072,
			5905580032
		],
		[
			4243587072,
			5905580032
		],
		[
			4243587072,
			5905580032
		],
		[
			4243587072,
			5905580032
		],
		[
			4243587072,
			5905580032
		],
		[
			4243587072,
			5905580032
		],
		[
			4243587072,
			5905580032
		],
		[
			4243587072,
			5905580032
		],
		[
			4243587072,
			5905580032
		],
		[
			4243587072,
			5905580032
		],
		[
			4243587072,
			5905580032
		],
		[
			4243587072,
			5905580032
		],
		[
			4243587072,
			5905580032
		],
		[
			4243587072,
			5905580032
		],
		[
			4243587072,
			5905580032
		],
		[
			4243587072,
			5905580032
		],
		[
			4243587072,
			5905580032
		],
		[
			4243587072,
			5905580032
		],
		[
			4243587072,
			5905580032
		],
		[
			4243587072,
			5905580032
		],
		[
			4243587072,
			5905580032
		],
		[
			4243587072,
			5905580032
		],
		[
			4243587072,
			5905580032
		],
		[
			4243587072,
			5905580032
		],
		[
			4243587072,
			5905580032
		],
		[
			4243587072,
			5905580032
		],
		[
			4243587072,
			5905580032
		],
		[
			4243587072,
			5905580032
		],
		[
			4243587072,
			5905580032
		],
		[
			4243587072,
			5905580032
		],
		[
			4243587072,
			5905580032
		],
		[
			4243587072,
			5905580032
		],
		[
			4243587072,
			5905580032
		],
		[
			4243587072,
			5905580032
		],
		[
			4243587072,
			5905580032
		],
		[
			4243587072,
			5905580032
		],
		[
			4243587072,
			5905580032
		],
		[
			4243587072,
			5905580032
		],
		[
			4243587072,
			5905580032
		],
		[
			4243587072,
			5905580032
		],
		[
			4243587072,
			5905580032
		],
		[
			4243587072,
			5905580032
		],
		[
			4243587072,
			5905580032
		],
		[
			4243587072,
			5905580032
		],
		[
			4243587072,
			5905580032
		],
		[
			4243587072,
			5905580032
		],
		[
			4243587072,
			5905580032
		],
		[
			4243587072,
			5905580032
		],
		[
			4243587072,
			5905580032
		],
		[
			4243587072,
			5905580032
		],
		[
			4243587072,
			5905580032
		],
		[
			4243587072,
			5905580032
		],
		[
			4243587072,
			5905580032
		],
		[
			4243587072,
			5905580032
		],
		[
			4243587072,
			5905580032
		],
		[
			4243587072,
			5905580032
		],
		[
			4243587072,
			5905580032
		]
	],
	"utilization": [
		8,
		6,
		6,
		12,
		12,
		15,
		15,
		19,
		19,
		15,
		15,
		15,
		15,
		18,
		18,
		19,
		19,
		14,
		14,
		17,
		17,
		20,
		20,
		15,
		15,
		18,
		18,
		19,
		19,
		15,
		15,
		16,
		16,
		22,
		22,
		15,
		15,
		15,
		15,
		24,
		24,
		16,
		16,
		16,
		16,
		21,
		21,
		14,
		14,
		15,
		15,
		22,
		22,
		15,
		15,
		14,
		14,
		22,
		22,
		15,
		15,
		15,
		15,
		22,
		22,
		16,
		16,
		14,
		14,
		20,
		20,
		17,
		17,
		14,
		14,
		21,
		21,
		18,
		18,
		14,
		14,
		16,
		16,
		22,
		22,
		15,
		15,
		14,
		14,
		23
	],
	"computation_proportion": 15,
	"extra_dict": {}
}