{
	"model_name": "EfficientNet",
	"batch_size": 16,
	"duration_sec": 45,
	"mode": "train",
	"is_DDP": true,
	"process_group_backend": "gloo",
	"world_size": 4,
	"rank": 0,
	"local_rank": 0,
	"device_type": "gpu",
	"master_addr": "133.133.135.75",
	"master_port": 39920,
	"iteration_count": 121,
	"iteration_intervals": [
		1806593792,
		372457728,
		374112000,
		346244096,
		358930176,
		363548672,
		356469504,
		359337728,
		361731072,
		366137344,
		362161152,
		347267072,
		359595776,
		357416192,
		353951488,
		371322624,
		343616256,
		386292480,
		365222400,
		358916096,
		357454336,
		363576832,
		350065920,
		376486400,
		348524032,
		356696320,
		363911680,
		372158976,
		355188736,
		362028800,
		361170176,
		355810560,
		348819456,
		357193728,
		378663168,
		358878720,
		366311680,
		370456064,
		361950720,
		347194624,
		357375232,
		342681600,
		370154240,
		351112960,
		365685760,
		347749120,
		359975936,
		364360448,
		351971584,
		358236416,
		361820928,
		357033216,
		338675200,
		381649152,
		356564736,
		357506816,
		363950848,
		369104896,
		353616384,
		348616192,
		363801344,
		361032704,
		362650112,
		345438464,
		354460416,
		396227072,
		353035008,
		356071168,
		368276480,
		373917952,
		354498304,
		363858944,
		363275776,
		352998400,
		361086208,
		350720000,
		360840448,
		365292544,
		351899648,
		350250496,
		367608576,
		360935936,
		356102912,
		351061248,
		366295552,
		355884800,
		368567808,
		361558784,
		385451264,
		353498368,
		370675968,
		367063040,
		351355136,
		356408832,
		373624320,
		357848064,
		352744704,
		374513664,
		362549248,
		374181632,
		362891776,
		376658944,
		350400512,
		351693824,
		345728000,
		359718400,
		374285312,
		351383040,
		363473664,
		357199616,
		373464320,
		363170304,
		377390336,
		342045184,
		363830016,
		376359936,
		349024256,
		369862656,
		353517312,
		358137600,
		352934912
	],
	"iteration_intervals_avg": 360638790.62068963,
	"iteration_intervals_avg_second": 0.36063879062068965,
	"total_time_ns": 45093484800,
	"total_time_second": 45,
	"mem_infos": [
		[
			5329911808,
			5905580032
		],
		[
			5116002304,
			5905580032
		],
		[
			4895801344,
			5905580032
		],
		[
			3157262336,
			5905580032
		],
		[
			3121610752,
			5905580032
		],
		[
			3121610752,
			5905580032
		],
		[
			3121610752,
			5905580032
		],
		[
			3121610752,
			5905580032
		],
		[
			3121610752,
			5905580032
		],
		[
			3121610752,
			5905580032
		],
		[
			3121610752,
			5905580032
		],
		[
			3121610752,
			5905580032
		],
		[
			3121610752,
			5905580032
		],
		[
			3121610752,
			5905580032
		],
		[
			3121610752,
			5905580032
		],
		[
			3121610752,
			5905580032
		],
		[
			3121610752,
			5905580032
		],
		[
			3121610752,
			5905580032
		],
		[
			3121610752,
			5905580032
		],
		[
			3121610752,
			5905580032
		],
		[
			3121610752,
			5905580032
		],
		[
			3121610752,
			5905580032
		],
		[
			3121610752,
			5905580032
		],
		[
			3121610752,
			5905580032
		],
		[
			3121610752,
			5905580032
		],
		[
			3121610752,
			5905580032
		],
		[
			3121610752,
			5905580032
		],
		[
			3121610752,
			5905580032
		],
		[
			3121610752,
			5905580032
		],
		[
			3121610752,
			5905580032
		],
		[
			3121610752,
			5905580032
		],
		[
			3121610752,
			5905580032
		],
		[
			3121610752,
			5905580032
		],
		[
			3121610752,
			5905580032
		],
		[
			3121610752,
			5905580032
		],
		[
			3121610752,
			5905580032
		],
		[
			3121610752,
			5905580032
		],
		[
			3121610752,
			5905580032
		],
		[
			3121610752,
			5905580032
		],
		[
			3121610752,
			5905580032
		],
		[
			3121610752,
			5905580032
		],
		[
			3121610752,
			5905580032
		],
		[
			3121610752,
			5905580032
		],
		[
			3121610752,
			5905580032
		],
		[
			3121610752,
			5905580032
		],
		[
			3121610752,
			5905580032
		],
		[
			3121610752,
			5905580032
		],
		[
			3121610752,
			5905580032
		],
		[
			3121610752,
			5905580032
		],
		[
			3121610752,
			5905580032
		],
		[
			3121610752,
			5905580032
		],
		[
			3121610752,
			5905580032
		],
		[
			3121610752,
			5905580032
		],
		[
			3121610752,
			5905580032
		],
		[
			3121610752,
			5905580032
		],
		[
			3121610752,
			5905580032
		],
		[
			3121610752,
			5905580032
		],
		[
			3121610752,
			5905580032
		],
		[
			3121610752,
			5905580032
		],
		[
			3121610752,
			5905580032
		],
		[
			3121610752,
			5905580032
		],
		[
			3121610752,
			5905580032
		],
		[
			3121610752,
			5905580032
		],
		[
			3121610752,
			5905580032
		],
		[
			3121610752,
			5905580032
		],
		[
			3121610752,
			5905580032
		],
		[
			3121610752,
			5905580032
		],
		[
			3121610752,
			5905580032
		],
		[
			3121610752,
			5905580032
		],
		[
			3121610752,
			5905580032
		],
		[
			3121610752,
			5905580032
		],
		[
			3121610752,
			5905580032
		],
		[
			3121610752,
			5905580032
		],
		[
			3121610752,
			5905580032
		],
		[
			3121610752,
			5905580032
		],
		[
			3121610752,
			5905580032
		],
		[
			3121610752,
			5905580032
		],
		[
			3121610752,
			5905580032
		],
		[
			3121610752,
			5905580032
		],
		[
			3121610752,
			5905580032
		],
		[
			3121610752,
			5905580032
		],
		[
			3121610752,
			5905580032
		],
		[
			3121610752,
			5905580032
		],
		[
			3121610752,
			5905580032
		],
		[
			3121610752,
			5905580032
		],
		[
			3121610752,
			5905580032
		],
		[
			3121610752,
			5905580032
		],
		[
			3121610752,
			5905580032
		],
		[
			3121610752,
			5905580032
		],
		[
			3121610752,
			5905580032
		]
	],
	"utilization": [
		10,
		8,
		8,
		16,
		16,
		26,
		26,
		29,
		29,
		31,
		31,
		22,
		22,
		27,
		27,
		29,
		29,
		29,
		29,
		28,
		28,
		24,
		24,
		26,
		26,
		30,
		30,
		29,
		29,
		27,
		27,
		23,
		23,
		30,
		30,
		29,
		29,
		29,
		29,
		26,
		26,
		24,
		24,
		27,
		27,
		28,
		28,
		30,
		30,
		28,
		28,
		21,
		21,
		29,
		29,
		29,
		29,
		29,
		29,
		23,
		23,
		27,
		27,
		29,
		29,
		30,
		30,
		27,
		27,
		22,
		22,
		28,
		28,
		29,
		29,
		28,
		28,
		22,
		22,
		27,
		27,
		30,
		30,
		29,
		29,
		28,
		28,
		24,
		24,
		27
	],
	"computation_proportion": 25,
	"extra_dict": {}
}