{
	"model_name": "ResNet50",
	"batch_size": 16,
	"duration_sec": 45,
	"mode": "train",
	"is_DDP": true,
	"process_group_backend": "gloo",
	"world_size": 4,
	"rank": 2,
	"local_rank": 0,
	"device_type": "gpu",
	"master_addr": "133.133.135.75",
	"master_port": 39920,
	"iteration_count": 31,
	"iteration_intervals": [
		2894670592,
		1427575296,
		1414242560,
		1410301440,
		1407088384,
		1411628032,
		1420346624,
		1404191488,
		1427184896,
		1411236352,
		1403283456,
		1399872512,
		1412485888,
		1422561792,
		1406134272,
		1402236416,
		1405409280,
		1407919360,
		1415362304,
		1416693760,
		1419576832,
		1411071744,
		1411147008,
		1413299712,
		1401678592,
		1415527936,
		1398630656,
		1575532032,
		1406576128,
		1406596096,
		1416099328
	],
	"iteration_intervals_avg": 1417010865.2307692,
	"iteration_intervals_avg_second": 1.4170108652307691,
	"total_time_ns": 45397251072,
	"total_time_second": 45,
	"mem_infos": [
		[
			5059379200,
			5905580032
		],
		[
			4820303872,
			5905580032
		],
		[
			4600102912,
			5905580032
		],
		[
			2339373056,
			5905580032
		],
		[
			2339373056,
			5905580032
		],
		[
			2339373056,
			5905580032
		],
		[
			2301624320,
			5905580032
		],
		[
			2301624320,
			5905580032
		],
		[
			2301624320,
			5905580032
		],
		[
			2301624320,
			5905580032
		],
		[
			2301624320,
			5905580032
		],
		[
			2301624320,
			5905580032
		],
		[
			2301624320,
			5905580032
		],
		[
			2301624320,
			5905580032
		],
		[
			2301624320,
			5905580032
		],
		[
			2301624320,
			5905580032
		],
		[
			2301624320,
			5905580032
		],
		[
			2301624320,
			5905580032
		],
		[
			2301624320,
			5905580032
		],
		[
			2301624320,
			5905580032
		],
		[
			2301624320,
			5905580032
		],
		[
			2301624320,
			5905580032
		],
		[
			2301624320,
			5905580032
		],
		[
			2301624320,
			5905580032
		],
		[
			2301624320,
			5905580032
		],
		[
			2301624320,
			5905580032
		],
		[
			2301624320,
			5905580032
		],
		[
			2301624320,
			5905580032
		],
		[
			2301624320,
			5905580032
		],
		[
			2301624320,
			5905580032
		],
		[
			2301624320,
			5905580032
		],
		[
			2301624320,
			5905580032
		],
		[
			2301624320,
			5905580032
		],
		[
			2301624320,
			5905580032
		],
		[
			2301624320,
			5905580032
		],
		[
			2301624320,
			5905580032
		],
		[
			2301624320,
			5905580032
		],
		[
			2301624320,
			5905580032
		],
		[
			2301624320,
			5905580032
		],
		[
			2301624320,
			5905580032
		],
		[
			2301624320,
			5905580032
		],
		[
			2301624320,
			5905580032
		],
		[
			2301624320,
			5905580032
		],
		[
			2301624320,
			5905580032
		],
		[
			2301624320,
			5905580032
		],
		[
			2301624320,
			5905580032
		],
		[
			2301624320,
			5905580032
		],
		[
			2301624320,
			5905580032
		],
		[
			2301624320,
			5905580032
		],
		[
			2301624320,
			5905580032
		],
		[
			2301624320,
			5905580032
		],
		[
			2301624320,
			5905580032
		],
		[
			2301624320,
			5905580032
		],
		[
			2301624320,
			5905580032
		],
		[
			2301624320,
			5905580032
		],
		[
			2301624320,
			5905580032
		],
		[
			2301624320,
			5905580032
		],
		[
			2301624320,
			5905580032
		],
		[
			2301624320,
			5905580032
		],
		[
			2301624320,
			5905580032
		],
		[
			2301624320,
			5905580032
		],
		[
			2301624320,
			5905580032
		],
		[
			2301624320,
			5905580032
		],
		[
			2301624320,
			5905580032
		],
		[
			2301624320,
			5905580032
		],
		[
			2301624320,
			5905580032
		],
		[
			2301624320,
			5905580032
		],
		[
			2301624320,
			5905580032
		],
		[
			2301624320,
			5905580032
		],
		[
			2301624320,
			5905580032
		],
		[
			2301624320,
			5905580032
		],
		[
			2301624320,
			5905580032
		],
		[
			2301624320,
			5905580032
		],
		[
			2301624320,
			5905580032
		],
		[
			2301624320,
			5905580032
		],
		[
			2301624320,
			5905580032
		],
		[
			2301624320,
			5905580032
		],
		[
			2301624320,
			5905580032
		],
		[
			2301624320,
			5905580032
		],
		[
			2301624320,
			5905580032
		],
		[
			2301624320,
			5905580032
		],
		[
			2301624320,
			5905580032
		],
		[
			2301624320,
			5905580032
		],
		[
			2301624320,
			5905580032
		],
		[
			2301624320,
			5905580032
		],
		[
			2301624320,
			5905580032
		],
		[
			2301624320,
			5905580032
		],
		[
			2301624320,
			5905580032
		],
		[
			2301624320,
			5905580032
		],
		[
			2301624320,
			5905580032
		]
	],
	"utilization": [
		0,
		0,
		12,
		12,
		25,
		25,
		0,
		0,
		20,
		20,
		19,
		19,
		12,
		12,
		8,
		8,
		19,
		19,
		19,
		19,
		1,
		1,
		19,
		19,
		20,
		20,
		11,
		11,
		10,
		10,
		19,
		19,
		20,
		20,
		1,
		1,
		19,
		19,
		19,
		19,
		9,
		9,
		12,
		12,
		19,
		19,
		20,
		20,
		1,
		1,
		19,
		19,
		19,
		19,
		8,
		8,
		13,
		13,
		19,
		19,
		19,
		19,
		1,
		1,
		19,
		19,
		19,
		19,
		4,
		4,
		17,
		17,
		19,
		19,
		19,
		19,
		1,
		1,
		19,
		19,
		19,
		19,
		1,
		1,
		19,
		19,
		19,
		19,
		7,
		7
	],
	"computation_proportion": 35,
	"extra_dict": {}
}