{
	"model_name": "HarDNet",
	"batch_size": 64,
	"duration_sec": 45,
	"mode": "train",
	"is_DDP": true,
	"process_group_backend": "gloo",
	"world_size": 4,
	"rank": 1,
	"local_rank": 0,
	"device_type": "gpu",
	"master_addr": "133.133.135.75",
	"master_port": 39920,
	"iteration_count": 59,
	"iteration_intervals": [
		1451740160,
		415183872,
		604929280,
		732651520,
		2559549184,
		1104229632,
		857412096,
		977991424,
		863610368,
		850378240,
		859546624,
		857770752,
		609601024,
		487998464,
		502303232,
		606892032,
		738315776,
		742615040,
		599792640,
		496365824,
		366014720,
		366154752,
		608320512,
		1103001088,
		1595056384,
		1229578496,
		733348352,
		506047488,
		669242880,
		499110912,
		600567296,
		490591488,
		486860544,
		372955392,
		360492800,
		492869120,
		1598009600,
		1646632960,
		727121664,
		617226496,
		737651968,
		868988160,
		608536576,
		497847040,
		373445888,
		365542144,
		474705408,
		743476224,
		1593379584,
		856367616,
		629996032,
		486591744,
		374495488,
		366115328,
		260791552,
		349408768,
		359908608,
		2207676928,
		867025152
	],
	"iteration_intervals_avg": 726777339.2592592,
	"iteration_intervals_avg_second": 0.7267773392592592,
	"total_time_ns": 45011704576,
	"total_time_second": 45,
	"mem_infos": [
		[
			5363466240,
			5905580032
		],
		[
			4811915264,
			5905580032
		],
		[
			4585422848,
			5905580032
		],
		[
			1466957824,
			5905580032
		],
		[
			1466957824,
			5905580032
		],
		[
			1466957824,
			5905580032
		],
		[
			1466957824,
			5905580032
		],
		[
			1466957824,
			5905580032
		],
		[
			1466957824,
			5905580032
		],
		[
			1466957824,
			5905580032
		],
		[
			1466957824,
			5905580032
		],
		[
			1466957824,
			5905580032
		],
		[
			1466957824,
			5905580032
		],
		[
			1466957824,
			5905580032
		],
		[
			1466957824,
			5905580032
		],
		[
			1466957824,
			5905580032
		],
		[
			1466957824,
			5905580032
		],
		[
			1466957824,
			5905580032
		],
		[
			1466957824,
			5905580032
		],
		[
			1466957824,
			5905580032
		],
		[
			1466957824,
			5905580032
		],
		[
			1466957824,
			5905580032
		],
		[
			1466957824,
			5905580032
		],
		[
			1466957824,
			5905580032
		],
		[
			1466957824,
			5905580032
		],
		[
			1466957824,
			5905580032
		],
		[
			1466957824,
			5905580032
		],
		[
			1466957824,
			5905580032
		],
		[
			1466957824,
			5905580032
		],
		[
			1466957824,
			5905580032
		],
		[
			1466957824,
			5905580032
		],
		[
			1466957824,
			5905580032
		],
		[
			1466957824,
			5905580032
		],
		[
			1466957824,
			5905580032
		],
		[
			1466957824,
			5905580032
		],
		[
			1466957824,
			5905580032
		],
		[
			1466957824,
			5905580032
		],
		[
			1466957824,
			5905580032
		],
		[
			1466957824,
			5905580032
		],
		[
			1466957824,
			5905580032
		],
		[
			1466957824,
			5905580032
		],
		[
			1466957824,
			5905580032
		],
		[
			1466957824,
			5905580032
		],
		[
			1466957824,
			5905580032
		],
		[
			1466957824,
			5905580032
		],
		[
			1466957824,
			5905580032
		],
		[
			1466957824,
			5905580032
		],
		[
			1466957824,
			5905580032
		],
		[
			1466957824,
			5905580032
		],
		[
			1466957824,
			5905580032
		],
		[
			1466957824,
			5905580032
		],
		[
			1466957824,
			5905580032
		],
		[
			1466957824,
			5905580032
		],
		[
			1466957824,
			5905580032
		],
		[
			1466957824,
			5905580032
		],
		[
			1466957824,
			5905580032
		],
		[
			1466957824,
			5905580032
		],
		[
			1466957824,
			5905580032
		],
		[
			1466957824,
			5905580032
		],
		[
			1466957824,
			5905580032
		],
		[
			1466957824,
			5905580032
		],
		[
			1466957824,
			5905580032
		],
		[
			1466957824,
			5905580032
		],
		[
			1466957824,
			5905580032
		],
		[
			1466957824,
			5905580032
		],
		[
			1466957824,
			5905580032
		],
		[
			1466957824,
			5905580032
		],
		[
			1466957824,
			5905580032
		],
		[
			1466957824,
			5905580032
		],
		[
			1466957824,
			5905580032
		],
		[
			1466957824,
			5905580032
		],
		[
			1466957824,
			5905580032
		],
		[
			1466957824,
			5905580032
		],
		[
			1466957824,
			5905580032
		],
		[
			1466957824,
			5905580032
		],
		[
			1466957824,
			5905580032
		],
		[
			1466957824,
			5905580032
		],
		[
			1466957824,
			5905580032
		],
		[
			1466957824,
			5905580032
		],
		[
			1466957824,
			5905580032
		],
		[
			1466957824,
			5905580032
		],
		[
			1466957824,
			5905580032
		],
		[
			1466957824,
			5905580032
		],
		[
			1466957824,
			5905580032
		],
		[
			1466957824,
			5905580032
		],
		[
			1466957824,
			5905580032
		],
		[
			1466957824,
			5905580032
		],
		[
			1466957824,
			5905580032
		],
		[
			1466957824,
			5905580032
		],
		[
			1466957824,
			5905580032
		]
	],
	"utilization": [
		1,
		11,
		11,
		13,
		13,
		49,
		49,
		16,
		16,
		10,
		10,
		3,
		3,
		14,
		14,
		17,
		17,
		15,
		15,
		16,
		16,
		16,
		16,
		16,
		16,
		19,
		19,
		26,
		26,
		29,
		29,
		23,
		23,
		20,
		20,
		33,
		33,
		30,
		30,
		15,
		15,
		13,
		13,
		14,
		14,
		8,
		8,
		23,
		23,
		26,
		26,
		27,
		27,
		34,
		34,
		40,
		40,
		15,
		15,
		8,
		8,
		5,
		5,
		18,
		18,
		24,
		24,
		15,
		15,
		22,
		22,
		37,
		37,
		29,
		29,
		12,
		12,
		9,
		9,
		19,
		19,
		26,
		26,
		46,
		46,
		35,
		35,
		0,
		0,
		12
	],
	"computation_proportion": 15,
	"extra_dict": {}
}