{
	"model_name": "InceptionV3",
	"batch_size": 8,
	"duration_sec": 45,
	"mode": "train",
	"is_DDP": true,
	"process_group_backend": "gloo",
	"world_size": 2,
	"rank": 1,
	"local_rank": 0,
	"device_type": "gpu",
	"master_addr": "133.133.135.74",
	"master_port": 39920,
	"iteration_count": 44,
	"iteration_intervals": [
		2352080128,
		1014563840,
		1005220096,
		1008231680,
		1009945600,
		1000667904,
		1019015680,
		1010708736,
		1013338624,
		1025498112,
		1017402624,
		1010212864,
		1013167360,
		1008093184,
		1010863872,
		997301504,
		1029752832,
		1008055808,
		1007867136,
		1018998528,
		1012959232,
		1007427840,
		1018105600,
		1012613632,
		1011687168,
		1012602368,
		1021795072,
		1010002432,
		1013935104,
		1019143936,
		1010092032,
		1032627456,
		1011551744,
		1011802112,
		1010525440,
		1013640704,
		1008591104,
		1010377728,
		1008972544,
		1019223552,
		1012050432,
		1036699136,
		1008518400,
		1009912832
	],
	"iteration_intervals_avg": 1013738522.2564102,
	"iteration_intervals_avg_second": 1.0137385222564101,
	"total_time_ns": 45926850560,
	"total_time_second": 45,
	"mem_infos": [
		[
			11061428224,
			11811160064
		],
		[
			10801381376,
			11811160064
		],
		[
			10568597504,
			11811160064
		],
		[
			9446621184,
			11811160064
		],
		[
			9446621184,
			11811160064
		],
		[
			9094299648,
			11811160064
		],
		[
			9094299648,
			11811160064
		],
		[
			9094299648,
			11811160064
		],
		[
			9094299648,
			11811160064
		],
		[
			9094299648,
			11811160064
		],
		[
			9094299648,
			11811160064
		],
		[
			9094299648,
			11811160064
		],
		[
			9094299648,
			11811160064
		],
		[
			9094299648,
			11811160064
		],
		[
			9094299648,
			11811160064
		],
		[
			9094299648,
			11811160064
		],
		[
			9094299648,
			11811160064
		],
		[
			9094299648,
			11811160064
		],
		[
			9094299648,
			11811160064
		],
		[
			9094299648,
			11811160064
		],
		[
			9094299648,
			11811160064
		],
		[
			9094299648,
			11811160064
		],
		[
			9094299648,
			11811160064
		],
		[
			9094299648,
			11811160064
		],
		[
			9094299648,
			11811160064
		],
		[
			9094299648,
			11811160064
		],
		[
			9094299648,
			11811160064
		],
		[
			9094299648,
			11811160064
		],
		[
			9094299648,
			11811160064
		],
		[
			9094299648,
			11811160064
		],
		[
			9094299648,
			11811160064
		],
		[
			9094299648,
			11811160064
		],
		[
			9094299648,
			11811160064
		],
		[
			9094299648,
			11811160064
		],
		[
			9094299648,
			11811160064
		],
		[
			9094299648,
			11811160064
		],
		[
			9094299648,
			11811160064
		],
		[
			9094299648,
			11811160064
		],
		[
			9094299648,
			11811160064
		],
		[
			9094299648,
			11811160064
		],
		[
			9094299648,
			11811160064
		],
		[
			9094299648,
			11811160064
		],
		[
			9094299648,
			11811160064
		],
		[
			9094299648,
			11811160064
		],
		[
			9094299648,
			11811160064
		],
		[
			9094299648,
			11811160064
		],
		[
			9094299648,
			11811160064
		],
		[
			9094299648,
			11811160064
		],
		[
			9094299648,
			11811160064
		],
		[
			9094299648,
			11811160064
		],
		[
			9094299648,
			11811160064
		],
		[
			9094299648,
			11811160064
		],
		[
			9094299648,
			11811160064
		],
		[
			9094299648,
			11811160064
		],
		[
			9094299648,
			11811160064
		],
		[
			9094299648,
			11811160064
		],
		[
			9094299648,
			11811160064
		],
		[
			9094299648,
			11811160064
		],
		[
			9094299648,
			11811160064
		],
		[
			9094299648,
			11811160064
		],
		[
			9094299648,
			11811160064
		],
		[
			9094299648,
			11811160064
		],
		[
			9094299648,
			11811160064
		],
		[
			9094299648,
			11811160064
		],
		[
			9094299648,
			11811160064
		],
		[
			9094299648,
			11811160064
		],
		[
			9094299648,
			11811160064
		],
		[
			9094299648,
			11811160064
		],
		[
			9094299648,
			11811160064
		],
		[
			9094299648,
			11811160064
		],
		[
			9094299648,
			11811160064
		],
		[
			9094299648,
			11811160064
		],
		[
			9094299648,
			11811160064
		],
		[
			9094299648,
			11811160064
		],
		[
			9094299648,
			11811160064
		],
		[
			9094299648,
			11811160064
		],
		[
			9094299648,
			11811160064
		],
		[
			9094299648,
			11811160064
		],
		[
			9094299648,
			11811160064
		],
		[
			9094299648,
			11811160064
		],
		[
			9094299648,
			11811160064
		],
		[
			9094299648,
			11811160064
		],
		[
			9094299648,
			11811160064
		],
		[
			9094299648,
			11811160064
		],
		[
			9094299648,
			11811160064
		],
		[
			9094299648,
			11811160064
		],
		[
			9094299648,
			11811160064
		],
		[
			9094299648,
			11811160064
		],
		[
			9094299648,
			11811160064
		],
		[
			9094299648,
			11811160064
		]
	],
	"utilization": [
		5,
		1,
		1,
		4,
		4,
		8,
		8,
		9,
		9,
		8,
		8,
		9,
		9,
		8,
		8,
		9,
		9,
		8,
		8,
		9,
		9,
		8,
		8,
		8,
		8,
		9,
		9,
		8,
		8,
		8,
		8,
		8,
		8,
		8,
		8,
		8,
		8,
		8,
		8,
		8,
		8,
		9,
		9,
		9,
		9,
		8,
		8,
		8,
		8,
		8,
		8,
		8,
		8,
		8,
		8,
		8,
		8,
		8,
		8,
		8,
		8,
		9,
		9,
		8,
		8,
		9,
		9,
		9,
		9,
		8,
		8,
		8,
		8,
		8,
		8,
		8,
		8,
		8,
		8,
		8,
		8,
		8,
		8,
		8,
		8,
		8,
		8,
		8,
		8,
		8
	],
	"computation_proportion": 15,
	"extra_dict": {}
}