{
	"model_name": "SqueezeNet",
	"batch_size": 64,
	"duration_sec": 45,
	"mode": "train",
	"is_DDP": true,
	"process_group_backend": "gloo",
	"world_size": 4,
	"rank": 3,
	"local_rank": 0,
	"device_type": "gpu",
	"master_addr": "133.133.135.75",
	"master_port": 39920,
	"iteration_count": 60,
	"iteration_intervals": [
		1428407296,
		300508160,
		441407488,
		538040832,
		1234022656,
		854713344,
		619512832,
		487891968,
		379121664,
		482827008,
		486094848,
		376243968,
		679566336,
		1709845504,
		987977216,
		854280448,
		613050112,
		490958592,
		368174592,
		365893888,
		365764608,
		2077852928,
		1466595584,
		988362752,
		852067072,
		610334208,
		499395584,
		483907072,
		360046080,
		265803776,
		361888000,
		263333120,
		2623372032,
		857034240,
		618941952,
		600134656,
		662144512,
		1350557696,
		1098451968,
		735063552,
		609330944,
		614323968,
		975219712,
		983475712,
		979095296,
		614604544,
		498774784,
		372281088,
		370847744,
		476312576,
		2084283136,
		1212269312,
		861863680,
		611425280,
		490547456,
		602753024,
		489353216,
		474610688,
		744606976,
		1361963776
	],
	"iteration_intervals_avg": 769548120.4363636,
	"iteration_intervals_avg_second": 0.7695481204363636,
	"total_time_ns": 46268544512,
	"total_time_second": 46,
	"mem_infos": [
		[
			5363466240,
			5905580032
		],
		[
			4814012416,
			5905580032
		],
		[
			4587520000,
			5905580032
		],
		[
			1466957824,
			5905580032
		],
		[
			1466957824,
			5905580032
		],
		[
			1466957824,
			5905580032
		],
		[
			1466957824,
			5905580032
		],
		[
			1466957824,
			5905580032
		],
		[
			1466957824,
			5905580032
		],
		[
			1466957824,
			5905580032
		],
		[
			1466957824,
			5905580032
		],
		[
			1466957824,
			5905580032
		],
		[
			1466957824,
			5905580032
		],
		[
			1466957824,
			5905580032
		],
		[
			1466957824,
			5905580032
		],
		[
			1466957824,
			5905580032
		],
		[
			1466957824,
			5905580032
		],
		[
			1466957824,
			5905580032
		],
		[
			1466957824,
			5905580032
		],
		[
			1466957824,
			5905580032
		],
		[
			1466957824,
			5905580032
		],
		[
			1466957824,
			5905580032
		],
		[
			1466957824,
			5905580032
		],
		[
			1466957824,
			5905580032
		],
		[
			1466957824,
			5905580032
		],
		[
			1466957824,
			5905580032
		],
		[
			1466957824,
			5905580032
		],
		[
			1466957824,
			5905580032
		],
		[
			1466957824,
			5905580032
		],
		[
			1466957824,
			5905580032
		],
		[
			1466957824,
			5905580032
		],
		[
			1466957824,
			5905580032
		],
		[
			1466957824,
			5905580032
		],
		[
			1466957824,
			5905580032
		],
		[
			1466957824,
			5905580032
		],
		[
			1466957824,
			5905580032
		],
		[
			1466957824,
			5905580032
		],
		[
			1466957824,
			5905580032
		],
		[
			1466957824,
			5905580032
		],
		[
			1466957824,
			5905580032
		],
		[
			1466957824,
			5905580032
		],
		[
			1466957824,
			5905580032
		],
		[
			1466957824,
			5905580032
		],
		[
			1466957824,
			5905580032
		],
		[
			1466957824,
			5905580032
		],
		[
			1466957824,
			5905580032
		],
		[
			1466957824,
			5905580032
		],
		[
			1466957824,
			5905580032
		],
		[
			1466957824,
			5905580032
		],
		[
			1466957824,
			5905580032
		],
		[
			1466957824,
			5905580032
		],
		[
			1466957824,
			5905580032
		],
		[
			1466957824,
			5905580032
		],
		[
			1466957824,
			5905580032
		],
		[
			1466957824,
			5905580032
		],
		[
			1466957824,
			5905580032
		],
		[
			1466957824,
			5905580032
		],
		[
			1466957824,
			5905580032
		],
		[
			1466957824,
			5905580032
		],
		[
			1466957824,
			5905580032
		],
		[
			1466957824,
			5905580032
		],
		[
			1466957824,
			5905580032
		],
		[
			1466957824,
			5905580032
		],
		[
			1466957824,
			5905580032
		],
		[
			1466957824,
			5905580032
		],
		[
			1466957824,
			5905580032
		],
		[
			1466957824,
			5905580032
		],
		[
			1466957824,
			5905580032
		],
		[
			1466957824,
			5905580032
		],
		[
			1466957824,
			5905580032
		],
		[
			1466957824,
			5905580032
		],
		[
			1466957824,
			5905580032
		],
		[
			1466957824,
			5905580032
		],
		[
			1466957824,
			5905580032
		],
		[
			1466957824,
			5905580032
		],
		[
			1466957824,
			5905580032
		],
		[
			1466957824,
			5905580032
		],
		[
			1466957824,
			5905580032
		],
		[
			1466957824,
			5905580032
		],
		[
			1466957824,
			5905580032
		],
		[
			1466957824,
			5905580032
		],
		[
			1466957824,
			5905580032
		],
		[
			1466957824,
			5905580032
		],
		[
			1466957824,
			5905580032
		],
		[
			1466957824,
			5905580032
		],
		[
			1466957824,
			5905580032
		],
		[
			1466957824,
			5905580032
		],
		[
			1466957824,
			5905580032
		],
		[
			1466957824,
			5905580032
		],
		[
			1466957824,
			5905580032
		]
	],
	"utilization": [
		6,
		10,
		10,
		31,
		31,
		37,
		37,
		17,
		17,
		15,
		15,
		24,
		24,
		38,
		38,
		30,
		30,
		23,
		23,
		4,
		4,
		14,
		14,
		17,
		17,
		24,
		24,
		40,
		40,
		27,
		27,
		2,
		2,
		11,
		11,
		7,
		7,
		16,
		16,
		24,
		24,
		24,
		24,
		39,
		39,
		49,
		49,
		0,
		0,
		0,
		0,
		17,
		17,
		30,
		30,
		16,
		16,
		13,
		13,
		12,
		12,
		19,
		19,
		26,
		26,
		16,
		16,
		14,
		14,
		14,
		14,
		25,
		25,
		40,
		40,
		27,
		27,
		3,
		3,
		12,
		12,
		12,
		12,
		23,
		23,
		27,
		27,
		24,
		24,
		26
	],
	"computation_proportion": 15,
	"extra_dict": {}
}