{
	"model_name": "ConvNeXtT",
	"batch_size": 4,
	"duration_sec": 45,
	"mode": "train",
	"is_DDP": true,
	"process_group_backend": "gloo",
	"world_size": 4,
	"rank": 0,
	"local_rank": 0,
	"device_type": "gpu",
	"master_addr": "133.133.135.75",
	"master_port": 39920,
	"iteration_count": 22,
	"iteration_intervals": [
		3108481792,
		2008111616,
		2007521024,
		2010540032,
		2017442304,
		2006952448,
		2009257728,
		2013244928,
		2011570688,
		2018469376,
		2008126976,
		2020307712,
		2014154496,
		2009861376,
		2016505088,
		2006223616,
		1999653888,
		2022003712,
		2008631040,
		2016983296,
		2012786432,
		2010461184
	],
	"iteration_intervals_avg": 2012070234.3529413,
	"iteration_intervals_avg_second": 2.012070234352941,
	"total_time_ns": 45359540224,
	"total_time_second": 45,
	"mem_infos": [
		[
			4881121280,
			5905580032
		],
		[
			4671406080,
			5905580032
		],
		[
			4467982336,
			5905580032
		],
		[
			3985637376,
			5905580032
		],
		[
			3985637376,
			5905580032
		],
		[
			3985637376,
			5905580032
		],
		[
			3985637376,
			5905580032
		],
		[
			3677356032,
			5905580032
		],
		[
			3677356032,
			5905580032
		],
		[
			3677356032,
			5905580032
		],
		[
			3677356032,
			5905580032
		],
		[
			3677356032,
			5905580032
		],
		[
			3677356032,
			5905580032
		],
		[
			3677356032,
			5905580032
		],
		[
			3677356032,
			5905580032
		],
		[
			3677356032,
			5905580032
		],
		[
			3677356032,
			5905580032
		],
		[
			3677356032,
			5905580032
		],
		[
			3677356032,
			5905580032
		],
		[
			3677356032,
			5905580032
		],
		[
			3677356032,
			5905580032
		],
		[
			3677356032,
			5905580032
		],
		[
			3677356032,
			5905580032
		],
		[
			3677356032,
			5905580032
		],
		[
			3677356032,
			5905580032
		],
		[
			3677356032,
			5905580032
		],
		[
			3677356032,
			5905580032
		],
		[
			3677356032,
			5905580032
		],
		[
			3677356032,
			5905580032
		],
		[
			3677356032,
			5905580032
		],
		[
			3677356032,
			5905580032
		],
		[
			3677356032,
			5905580032
		],
		[
			3677356032,
			5905580032
		],
		[
			3677356032,
			5905580032
		],
		[
			3677356032,
			5905580032
		],
		[
			3677356032,
			5905580032
		],
		[
			3677356032,
			5905580032
		],
		[
			3677356032,
			5905580032
		],
		[
			3677356032,
			5905580032
		],
		[
			3677356032,
			5905580032
		],
		[
			3677356032,
			5905580032
		],
		[
			3677356032,
			5905580032
		],
		[
			3677356032,
			5905580032
		],
		[
			3677356032,
			5905580032
		],
		[
			3677356032,
			5905580032
		],
		[
			3677356032,
			5905580032
		],
		[
			3677356032,
			5905580032
		],
		[
			3677356032,
			5905580032
		],
		[
			3677356032,
			5905580032
		],
		[
			3677356032,
			5905580032
		],
		[
			3677356032,
			5905580032
		],
		[
			3677356032,
			5905580032
		],
		[
			3677356032,
			5905580032
		],
		[
			3677356032,
			5905580032
		],
		[
			3677356032,
			5905580032
		],
		[
			3677356032,
			5905580032
		],
		[
			3677356032,
			5905580032
		],
		[
			3677356032,
			5905580032
		],
		[
			3677356032,
			5905580032
		],
		[
			3677356032,
			5905580032
		],
		[
			3677356032,
			5905580032
		],
		[
			3677356032,
			5905580032
		],
		[
			3677356032,
			5905580032
		],
		[
			3677356032,
			5905580032
		],
		[
			3677356032,
			5905580032
		],
		[
			3677356032,
			5905580032
		],
		[
			3677356032,
			5905580032
		],
		[
			3677356032,
			5905580032
		],
		[
			3677356032,
			5905580032
		],
		[
			3677356032,
			5905580032
		],
		[
			3677356032,
			5905580032
		],
		[
			3677356032,
			5905580032
		],
		[
			3677356032,
			5905580032
		],
		[
			3677356032,
			5905580032
		],
		[
			3677356032,
			5905580032
		],
		[
			3677356032,
			5905580032
		],
		[
			3677356032,
			5905580032
		],
		[
			3677356032,
			5905580032
		],
		[
			3677356032,
			5905580032
		],
		[
			3677356032,
			5905580032
		],
		[
			3677356032,
			5905580032
		],
		[
			3677356032,
			5905580032
		],
		[
			3677356032,
			5905580032
		],
		[
			3677356032,
			5905580032
		],
		[
			3677356032,
			5905580032
		],
		[
			3677356032,
			5905580032
		],
		[
			3677356032,
			5905580032
		],
		[
			3677356032,
			5905580032
		],
		[
			3677356032,
			5905580032
		],
		[
			3677356032,
			5905580032
		]
	],
	"utilization": [
		2,
		2,
		43,
		43,
		12,
		12,
		1,
		1,
		14,
		14,
		1,
		1,
		13,
		13,
		1,
		1,
		13,
		13,
		1,
		1,
		13,
		13,
		1,
		1,
		13,
		13,
		1,
		1,
		13,
		13,
		1,
		1,
		13,
		13,
		1,
		1,
		13,
		13,
		1,
		1,
		13,
		13,
		1,
		1,
		13,
		13,
		1,
		1,
		13,
		13,
		1,
		1,
		13,
		13,
		1,
		1,
		13,
		13,
		1,
		1,
		13,
		13,
		1,
		1,
		13,
		13,
		1,
		1,
		13,
		13,
		1,
		1,
		12,
		12,
		1,
		1,
		13,
		13,
		1,
		1,
		13,
		13,
		1,
		1,
		13,
		13,
		1,
		1,
		13,
		13
	],
	"computation_proportion": 50,
	"extra_dict": {}
}