{
	"model_name": "YoloV5S",
	"batch_size": 32,
	"duration_sec": 45,
	"mode": "train",
	"is_DDP": true,
	"process_group_backend": "gloo",
	"world_size": 4,
	"rank": 1,
	"local_rank": 0,
	"device_type": "gpu",
	"master_addr": "133.133.135.75",
	"master_port": 39920,
	"iteration_count": 94,
	"iteration_intervals": [
		1867401216,
		476449792,
		460614400,
		477036032,
		461538048,
		460624384,
		474333184,
		465842944,
		464790784,
		465359872,
		494738688,
		462796032,
		468586752,
		462074624,
		470689280,
		462449408,
		471861760,
		466071040,
		474610176,
		467561472,
		462217216,
		469926912,
		538262272,
		460566016,
		475494144,
		462749440,
		464120064,
		464116992,
		466577920,
		462078208,
		460206336,
		469363968,
		464775936,
		449025792,
		480231168,
		466128128,
		464355584,
		470750208,
		471957760,
		462975744,
		473048320,
		461033216,
		469076992,
		459199232,
		469358336,
		467890176,
		463138304,
		468230656,
		463781888,
		465037312,
		469065472,
		463556864,
		465188096,
		482345728,
		461096960,
		466619136,
		470824192,
		461020416,
		468930816,
		467206912,
		463218432,
		469493248,
		472090880,
		464274176,
		469536768,
		465402880,
		461283072,
		464630272,
		463048192,
		467972096,
		464021760,
		464939264,
		454975488,
		475584768,
		466758400,
		471764992,
		469974272,
		461623808,
		466009344,
		463387392,
		467666944,
		466575872,
		462831616,
		479516928,
		466659072,
		459722752,
		466714368,
		471304704,
		467399936,
		462423552,
		470380544,
		460292096,
		466027520,
		476153344
	],
	"iteration_intervals_avg": 467613235.7752809,
	"iteration_intervals_avg_second": 0.4676132357752809,
	"total_time_ns": 45361693440,
	"total_time_second": 45,
	"mem_infos": [
		[
			5323620352,
			5905580032
		],
		[
			5023727616,
			5905580032
		],
		[
			4807720960,
			5905580032
		],
		[
			2725249024,
			5905580032
		],
		[
			2695888896,
			5905580032
		],
		[
			2695888896,
			5905580032
		],
		[
			2695888896,
			5905580032
		],
		[
			2695888896,
			5905580032
		],
		[
			2695888896,
			5905580032
		],
		[
			2695888896,
			5905580032
		],
		[
			2695888896,
			5905580032
		],
		[
			2695888896,
			5905580032
		],
		[
			2695888896,
			5905580032
		],
		[
			2695888896,
			5905580032
		],
		[
			2695888896,
			5905580032
		],
		[
			2695888896,
			5905580032
		],
		[
			2695888896,
			5905580032
		],
		[
			2695888896,
			5905580032
		],
		[
			2695888896,
			5905580032
		],
		[
			2695888896,
			5905580032
		],
		[
			2695888896,
			5905580032
		],
		[
			2695888896,
			5905580032
		],
		[
			2695888896,
			5905580032
		],
		[
			2695888896,
			5905580032
		],
		[
			2695888896,
			5905580032
		],
		[
			2695888896,
			5905580032
		],
		[
			2695888896,
			5905580032
		],
		[
			2695888896,
			5905580032
		],
		[
			2695888896,
			5905580032
		],
		[
			2695888896,
			5905580032
		],
		[
			2695888896,
			5905580032
		],
		[
			2695888896,
			5905580032
		],
		[
			2695888896,
			5905580032
		],
		[
			2695888896,
			5905580032
		],
		[
			2695888896,
			5905580032
		],
		[
			2695888896,
			5905580032
		],
		[
			2695888896,
			5905580032
		],
		[
			2695888896,
			5905580032
		],
		[
			2695888896,
			5905580032
		],
		[
			2695888896,
			5905580032
		],
		[
			2695888896,
			5905580032
		],
		[
			2695888896,
			5905580032
		],
		[
			2695888896,
			5905580032
		],
		[
			2695888896,
			5905580032
		],
		[
			2695888896,
			5905580032
		],
		[
			2695888896,
			5905580032
		],
		[
			2695888896,
			5905580032
		],
		[
			2695888896,
			5905580032
		],
		[
			2695888896,
			5905580032
		],
		[
			2695888896,
			5905580032
		],
		[
			2695888896,
			5905580032
		],
		[
			2695888896,
			5905580032
		],
		[
			2695888896,
			5905580032
		],
		[
			2695888896,
			5905580032
		],
		[
			2695888896,
			5905580032
		],
		[
			2695888896,
			5905580032
		],
		[
			2695888896,
			5905580032
		],
		[
			2695888896,
			5905580032
		],
		[
			2695888896,
			5905580032
		],
		[
			2695888896,
			5905580032
		],
		[
			2695888896,
			5905580032
		],
		[
			2695888896,
			5905580032
		],
		[
			2695888896,
			5905580032
		],
		[
			2695888896,
			5905580032
		],
		[
			2695888896,
			5905580032
		],
		[
			2695888896,
			5905580032
		],
		[
			2695888896,
			5905580032
		],
		[
			2695888896,
			5905580032
		],
		[
			2695888896,
			5905580032
		],
		[
			2695888896,
			5905580032
		],
		[
			2695888896,
			5905580032
		],
		[
			2695888896,
			5905580032
		],
		[
			2695888896,
			5905580032
		],
		[
			2695888896,
			5905580032
		],
		[
			2695888896,
			5905580032
		],
		[
			2695888896,
			5905580032
		],
		[
			2695888896,
			5905580032
		],
		[
			2695888896,
			5905580032
		],
		[
			2695888896,
			5905580032
		],
		[
			2695888896,
			5905580032
		],
		[
			2695888896,
			5905580032
		],
		[
			2695888896,
			5905580032
		],
		[
			2695888896,
			5905580032
		],
		[
			2695888896,
			5905580032
		],
		[
			2695888896,
			5905580032
		],
		[
			2695888896,
			5905580032
		],
		[
			2695888896,
			5905580032
		],
		[
			2695888896,
			5905580032
		],
		[
			2695888896,
			5905580032
		],
		[
			2695888896,
			5905580032
		]
	],
	"utilization": [
		8,
		8,
		12,
		12,
		26,
		26,
		33,
		33,
		25,
		25,
		25,
		25,
		26,
		26,
		25,
		25,
		28,
		28,
		33,
		33,
		30,
		30,
		24,
		24,
		26,
		26,
		25,
		25,
		25,
		25,
		26,
		26,
		33,
		33,
		31,
		31,
		25,
		25,
		25,
		25,
		25,
		25,
		25,
		25,
		30,
		30,
		32,
		32,
		27,
		27,
		26,
		26,
		26,
		26,
		25,
		25,
		27,
		27,
		32,
		32,
		30,
		30,
		26,
		26,
		25,
		25,
		26,
		26,
		25,
		25,
		33,
		33,
		32,
		32,
		25,
		25,
		26,
		26,
		26,
		26,
		25,
		25,
		28,
		28,
		34,
		34,
		27,
		27,
		25,
		25
	],
	"computation_proportion": 45,
	"extra_dict": {}
}