{
	"model_name": "YoloV5S",
	"batch_size": 32,
	"duration_sec": 45,
	"mode": "train",
	"is_DDP": true,
	"process_group_backend": "gloo",
	"world_size": 2,
	"rank": 0,
	"local_rank": 0,
	"device_type": "gpu",
	"master_addr": "133.133.135.74",
	"master_port": 39920,
	"iteration_count": 136,
	"iteration_intervals": [
		1672065024,
		327222016,
		318934784,
		316271872,
		320404224,
		323754496,
		321265408,
		328557568,
		318168064,
		320084480,
		323956736,
		323257856,
		319742208,
		318843392,
		320989440,
		320036864,
		317632512,
		314781952,
		319678464,
		324696064,
		320120832,
		324550144,
		321784064,
		324379648,
		330947584,
		320048384,
		328918528,
		320501760,
		319818240,
		317169408,
		322681088,
		315349760,
		330220032,
		323998976,
		323067904,
		320825088,
		320337152,
		318834688,
		321895680,
		321598464,
		317096192,
		328122624,
		316090112,
		323287808,
		320468480,
		318565632,
		318032384,
		320854528,
		317826816,
		318795776,
		325742080,
		320233216,
		316740608,
		324642816,
		323667200,
		318827264,
		321551616,
		321904896,
		324697088,
		317743616,
		325302016,
		317675776,
		321657600,
		331342080,
		319463936,
		318130688,
		322439424,
		319900160,
		317316096,
		320431872,
		317750016,
		319377664,
		318632448,
		319187712,
		322453504,
		321326848,
		323966976,
		324003328,
		321960448,
		321844992,
		316996352,
		322433280,
		332343040,
		320568576,
		319655424,
		318881024,
		319231744,
		324751872,
		324223744,
		320756736,
		320775680,
		324059392,
		322310400,
		330516224,
		319992320,
		318394368,
		321433856,
		316160512,
		329069312,
		317816832,
		329577728,
		319507456,
		317565696,
		322174720,
		314881024,
		334508800,
		319456000,
		319828224,
		319933184,
		318121984,
		319218432,
		317005824,
		321200384,
		323763456,
		319721984,
		323616512,
		318521600,
		318812672,
		320885760,
		316065280,
		319985152,
		316540928,
		319488000,
		318635520,
		317619968,
		323134208,
		316697600,
		319098880,
		320443136,
		316595712,
		321461760,
		325026816,
		315691520,
		332830976,
		321051392,
		316817664
	],
	"iteration_intervals_avg": 321201556.519084,
	"iteration_intervals_avg_second": 0.321201556519084,
	"total_time_ns": 45033001216,
	"total_time_second": 45,
	"mem_infos": [
		[
			11229200384,
			11811160064
		],
		[
			10918821888,
			11811160064
		],
		[
			10675552256,
			11811160064
		],
		[
			8630829056,
			11811160064
		],
		[
			8601468928,
			11811160064
		],
		[
			8601468928,
			11811160064
		],
		[
			8601468928,
			11811160064
		],
		[
			8601468928,
			11811160064
		],
		[
			8601468928,
			11811160064
		],
		[
			8601468928,
			11811160064
		],
		[
			8601468928,
			11811160064
		],
		[
			8601468928,
			11811160064
		],
		[
			8601468928,
			11811160064
		],
		[
			8601468928,
			11811160064
		],
		[
			8601468928,
			11811160064
		],
		[
			8601468928,
			11811160064
		],
		[
			8601468928,
			11811160064
		],
		[
			8601468928,
			11811160064
		],
		[
			8601468928,
			11811160064
		],
		[
			8601468928,
			11811160064
		],
		[
			8601468928,
			11811160064
		],
		[
			8601468928,
			11811160064
		],
		[
			8601468928,
			11811160064
		],
		[
			8601468928,
			11811160064
		],
		[
			8601468928,
			11811160064
		],
		[
			8601468928,
			11811160064
		],
		[
			8601468928,
			11811160064
		],
		[
			8601468928,
			11811160064
		],
		[
			8601468928,
			11811160064
		],
		[
			8601468928,
			11811160064
		],
		[
			8601468928,
			11811160064
		],
		[
			8601468928,
			11811160064
		],
		[
			8601468928,
			11811160064
		],
		[
			8601468928,
			11811160064
		],
		[
			8601468928,
			11811160064
		],
		[
			8601468928,
			11811160064
		],
		[
			8601468928,
			11811160064
		],
		[
			8601468928,
			11811160064
		],
		[
			8601468928,
			11811160064
		],
		[
			8601468928,
			11811160064
		],
		[
			8601468928,
			11811160064
		],
		[
			8601468928,
			11811160064
		],
		[
			8601468928,
			11811160064
		],
		[
			8601468928,
			11811160064
		],
		[
			8601468928,
			11811160064
		],
		[
			8601468928,
			11811160064
		],
		[
			8601468928,
			11811160064
		],
		[
			8601468928,
			11811160064
		],
		[
			8601468928,
			11811160064
		],
		[
			8601468928,
			11811160064
		],
		[
			8601468928,
			11811160064
		],
		[
			8601468928,
			11811160064
		],
		[
			8601468928,
			11811160064
		],
		[
			8601468928,
			11811160064
		],
		[
			8601468928,
			11811160064
		],
		[
			8601468928,
			11811160064
		],
		[
			8601468928,
			11811160064
		],
		[
			8601468928,
			11811160064
		],
		[
			8601468928,
			11811160064
		],
		[
			8601468928,
			11811160064
		],
		[
			8601468928,
			11811160064
		],
		[
			8601468928,
			11811160064
		],
		[
			8601468928,
			11811160064
		],
		[
			8601468928,
			11811160064
		],
		[
			8601468928,
			11811160064
		],
		[
			8601468928,
			11811160064
		],
		[
			8601468928,
			11811160064
		],
		[
			8601468928,
			11811160064
		],
		[
			8601468928,
			11811160064
		],
		[
			8601468928,
			11811160064
		],
		[
			8601468928,
			11811160064
		],
		[
			8601468928,
			11811160064
		],
		[
			8601468928,
			11811160064
		],
		[
			8601468928,
			11811160064
		],
		[
			8601468928,
			11811160064
		],
		[
			8601468928,
			11811160064
		],
		[
			8601468928,
			11811160064
		],
		[
			8601468928,
			11811160064
		],
		[
			8601468928,
			11811160064
		],
		[
			8601468928,
			11811160064
		],
		[
			8601468928,
			11811160064
		],
		[
			8601468928,
			11811160064
		],
		[
			8601468928,
			11811160064
		],
		[
			8601468928,
			11811160064
		],
		[
			8601468928,
			11811160064
		],
		[
			8601468928,
			11811160064
		],
		[
			8601468928,
			11811160064
		],
		[
			8601468928,
			11811160064
		],
		[
			8601468928,
			11811160064
		],
		[
			8601468928,
			11811160064
		]
	],
	"utilization": [
		4,
		4,
		3,
		3,
		10,
		10,
		24,
		24,
		21,
		21,
		20,
		20,
		20,
		20,
		20,
		20,
		20,
		20,
		20,
		20,
		21,
		21,
		24,
		24,
		21,
		21,
		20,
		20,
		20,
		20,
		20,
		20,
		20,
		20,
		20,
		20,
		23,
		23,
		23,
		23,
		20,
		20,
		20,
		20,
		20,
		20,
		20,
		20,
		20,
		20,
		22,
		22,
		24,
		24,
		21,
		21,
		20,
		20,
		20,
		20,
		20,
		20,
		20,
		20,
		20,
		20,
		21,
		21,
		24,
		24,
		21,
		21,
		20,
		20,
		20,
		20,
		20,
		20,
		20,
		20,
		22,
		22,
		25,
		25,
		20,
		20,
		20,
		20,
		20,
		20
	],
	"computation_proportion": 40,
	"extra_dict": {}
}