{
	"model_name": "InceptionV3",
	"batch_size": 16,
	"duration_sec": 45,
	"mode": "train",
	"is_DDP": true,
	"process_group_backend": "gloo",
	"world_size": 2,
	"rank": 0,
	"local_rank": 0,
	"device_type": "gpu",
	"master_addr": "133.133.135.75",
	"master_port": 39920,
	"iteration_count": 92,
	"iteration_intervals": [
		1583445504,
		198648832,
		146411520,
		165607936,
		188833280,
		242024704,
		160420096,
		212866560,
		242176768,
		356782080,
		746866688,
		1101146624,
		635044352,
		616374528,
		465214464,
		491059712,
		393841152,
		480537600,
		481719552,
		591457792,
		503112448,
		604170752,
		479086080,
		391359232,
		475394560,
		475918848,
		492773888,
		484746752,
		510899968,
		607841536,
		479148288,
		379000576,
		471328000,
		483838720,
		489198080,
		493147392,
		496364544,
		602366464,
		487045120,
		491467776,
		379503872,
		468562944,
		486661376,
		483750144,
		495249408,
		608668928,
		615464704,
		599764480,
		515633152,
		497422080,
		482341888,
		592134144,
		495264256,
		493377536,
		485544448,
		466624000,
		398084352,
		470510080,
		491619072,
		479789568,
		501107200,
		488501504,
		482525184,
		486699008,
		504560896,
		596841984,
		477532416,
		494120448,
		497115136,
		503693312,
		484175360,
		478530048,
		475276032,
		376521984,
		486237440,
		485624064,
		500581888,
		502165248,
		487977728,
		494111488,
		487365888,
		593164544,
		489826304,
		483281664,
		489838336,
		499268864,
		594619904,
		606666496,
		499726080,
		494394880,
		476000512,
		494917632
	],
	"iteration_intervals_avg": 495800937.9310345,
	"iteration_intervals_avg_second": 0.4958009379310345,
	"total_time_ns": 45418493184,
	"total_time_second": 45,
	"mem_infos": [
		[
			10952376320,
			11811160064
		],
		[
			10721689600,
			11811160064
		],
		[
			10499391488,
			11811160064
		],
		[
			8460959744,
			11811160064
		],
		[
			8137998336,
			11811160064
		],
		[
			8137998336,
			11811160064
		],
		[
			8137998336,
			11811160064
		],
		[
			8137998336,
			11811160064
		],
		[
			8137998336,
			11811160064
		],
		[
			8137998336,
			11811160064
		],
		[
			8137998336,
			11811160064
		],
		[
			8137998336,
			11811160064
		],
		[
			8137998336,
			11811160064
		],
		[
			8137998336,
			11811160064
		],
		[
			8137998336,
			11811160064
		],
		[
			8137998336,
			11811160064
		],
		[
			8137998336,
			11811160064
		],
		[
			8137998336,
			11811160064
		],
		[
			8137998336,
			11811160064
		],
		[
			8137998336,
			11811160064
		],
		[
			8137998336,
			11811160064
		],
		[
			8137998336,
			11811160064
		],
		[
			8137998336,
			11811160064
		],
		[
			8137998336,
			11811160064
		],
		[
			8137998336,
			11811160064
		],
		[
			8137998336,
			11811160064
		],
		[
			8137998336,
			11811160064
		],
		[
			8137998336,
			11811160064
		],
		[
			8137998336,
			11811160064
		],
		[
			8137998336,
			11811160064
		],
		[
			8137998336,
			11811160064
		],
		[
			8137998336,
			11811160064
		],
		[
			8137998336,
			11811160064
		],
		[
			8137998336,
			11811160064
		],
		[
			8137998336,
			11811160064
		],
		[
			8137998336,
			11811160064
		],
		[
			8137998336,
			11811160064
		],
		[
			8137998336,
			11811160064
		],
		[
			8137998336,
			11811160064
		],
		[
			8137998336,
			11811160064
		],
		[
			8137998336,
			11811160064
		],
		[
			8137998336,
			11811160064
		],
		[
			8137998336,
			11811160064
		],
		[
			8137998336,
			11811160064
		],
		[
			8137998336,
			11811160064
		],
		[
			8137998336,
			11811160064
		],
		[
			8137998336,
			11811160064
		],
		[
			8137998336,
			11811160064
		],
		[
			8137998336,
			11811160064
		],
		[
			8137998336,
			11811160064
		],
		[
			8137998336,
			11811160064
		],
		[
			8137998336,
			11811160064
		],
		[
			8137998336,
			11811160064
		],
		[
			8137998336,
			11811160064
		],
		[
			8137998336,
			11811160064
		],
		[
			8137998336,
			11811160064
		],
		[
			8137998336,
			11811160064
		],
		[
			8137998336,
			11811160064
		],
		[
			8137998336,
			11811160064
		],
		[
			8137998336,
			11811160064
		],
		[
			8137998336,
			11811160064
		],
		[
			8137998336,
			11811160064
		],
		[
			8137998336,
			11811160064
		],
		[
			8137998336,
			11811160064
		],
		[
			8137998336,
			11811160064
		],
		[
			8137998336,
			11811160064
		],
		[
			8137998336,
			11811160064
		],
		[
			8137998336,
			11811160064
		],
		[
			8137998336,
			11811160064
		],
		[
			8137998336,
			11811160064
		],
		[
			8137998336,
			11811160064
		],
		[
			8137998336,
			11811160064
		],
		[
			8137998336,
			11811160064
		],
		[
			8137998336,
			11811160064
		],
		[
			8137998336,
			11811160064
		],
		[
			8137998336,
			11811160064
		],
		[
			8137998336,
			11811160064
		],
		[
			8137998336,
			11811160064
		],
		[
			8137998336,
			11811160064
		],
		[
			8137998336,
			11811160064
		],
		[
			8137998336,
			11811160064
		],
		[
			8137998336,
			11811160064
		],
		[
			8137998336,
			11811160064
		],
		[
			8137998336,
			11811160064
		],
		[
			8137998336,
			11811160064
		],
		[
			8137998336,
			11811160064
		],
		[
			8137998336,
			11811160064
		],
		[
			8137998336,
			11811160064
		],
		[
			8137998336,
			11811160064
		],
		[
			8137998336,
			11811160064
		]
	],
	"utilization": [
		5,
		5,
		5,
		5,
		32,
		32,
		54,
		54,
		31,
		31,
		10,
		10,
		11,
		11,
		20,
		20,
		21,
		21,
		22,
		22,
		20,
		20,
		21,
		21,
		21,
		21,
		21,
		21,
		21,
		21,
		20,
		20,
		24,
		24,
		27,
		27,
		19,
		19,
		15,
		15,
		29,
		29,
		21,
		21,
		20,
		20,
		12,
		12,
		22,
		22,
		23,
		23,
		20,
		20,
		21,
		21,
		23,
		23,
		28,
		28,
		20,
		20,
		22,
		22,
		21,
		21,
		21,
		21,
		17,
		17,
		24,
		24,
		22,
		22,
		21,
		21,
		21,
		21,
		21,
		21,
		21,
		21,
		21,
		21,
		21,
		21,
		21,
		21,
		20,
		20
	],
	"computation_proportion": 25,
	"extra_dict": {}
}