{
	"model_name": "YoloV5S",
	"batch_size": 16,
	"duration_sec": 45,
	"mode": "train",
	"is_DDP": true,
	"process_group_backend": "gloo",
	"world_size": 4,
	"rank": 3,
	"local_rank": 0,
	"device_type": "gpu",
	"master_addr": "133.133.135.75",
	"master_port": 39920,
	"iteration_count": 83,
	"iteration_intervals": [
		1848398592,
		445848832,
		426639616,
		437481728,
		425963776,
		436585984,
		432745216,
		439198208,
		446626816,
		425880320,
		437589248,
		429668608,
		427875584,
		432249088,
		433120512,
		452447232,
		1643812608,
		855804928,
		436607488,
		435426560,
		444663296,
		429309184,
		439026688,
		618184448,
		981743872,
		442406656,
		433559808,
		436450560,
		450520064,
		431622144,
		441532672,
		797528320,
		740987392,
		440177408,
		433040896,
		433642752,
		442120448,
		435185152,
		436446720,
		1405712640,
		853923584,
		437442816,
		434747648,
		440719872,
		430164224,
		433022208,
		1752638464,
		486650880,
		427461888,
		430733568,
		438497024,
		449824512,
		426787072,
		443881728,
		432263168,
		426350592,
		431302400,
		434093568,
		433848576,
		432437504,
		428488704,
		1060316416,
		996401664,
		436465920,
		438814464,
		440923648,
		437574144,
		668425728,
		748496896,
		427592960,
		452639232,
		435460096,
		434508544,
		419711488,
		439278336,
		436179456,
		438301440,
		437179648,
		431182080,
		437300224,
		432037376,
		447385344,
		426653696
	],
	"iteration_intervals_avg": 532148824.61538464,
	"iteration_intervals_avg_second": 0.5321488246153846,
	"total_time_ns": 45092994816,
	"total_time_second": 45,
	"mem_infos": [
		[
			5323620352,
			5905580032
		],
		[
			5067767808,
			5905580032
		],
		[
			4847566848,
			5905580032
		],
		[
			3878682624,
			5905580032
		],
		[
			3815768064,
			5905580032
		],
		[
			3813670912,
			5905580032
		],
		[
			3813670912,
			5905580032
		],
		[
			3813670912,
			5905580032
		],
		[
			3813670912,
			5905580032
		],
		[
			3813670912,
			5905580032
		],
		[
			3813670912,
			5905580032
		],
		[
			3813670912,
			5905580032
		],
		[
			3813670912,
			5905580032
		],
		[
			3813670912,
			5905580032
		],
		[
			3813670912,
			5905580032
		],
		[
			3813670912,
			5905580032
		],
		[
			3813670912,
			5905580032
		],
		[
			3813670912,
			5905580032
		],
		[
			3813670912,
			5905580032
		],
		[
			3813670912,
			5905580032
		],
		[
			3813670912,
			5905580032
		],
		[
			3813670912,
			5905580032
		],
		[
			3813670912,
			5905580032
		],
		[
			3813670912,
			5905580032
		],
		[
			3813670912,
			5905580032
		],
		[
			3813670912,
			5905580032
		],
		[
			3813670912,
			5905580032
		],
		[
			3813670912,
			5905580032
		],
		[
			3813670912,
			5905580032
		],
		[
			3813670912,
			5905580032
		],
		[
			3813670912,
			5905580032
		],
		[
			3813670912,
			5905580032
		],
		[
			3813670912,
			5905580032
		],
		[
			3813670912,
			5905580032
		],
		[
			3813670912,
			5905580032
		],
		[
			3813670912,
			5905580032
		],
		[
			3813670912,
			5905580032
		],
		[
			3813670912,
			5905580032
		],
		[
			3813670912,
			5905580032
		],
		[
			3813670912,
			5905580032
		],
		[
			3813670912,
			5905580032
		],
		[
			3813670912,
			5905580032
		],
		[
			3813670912,
			5905580032
		],
		[
			3813670912,
			5905580032
		],
		[
			3813670912,
			5905580032
		],
		[
			3813670912,
			5905580032
		],
		[
			3813670912,
			5905580032
		],
		[
			3813670912,
			5905580032
		],
		[
			3813670912,
			5905580032
		],
		[
			3813670912,
			5905580032
		],
		[
			3813670912,
			5905580032
		],
		[
			3813670912,
			5905580032
		],
		[
			3813670912,
			5905580032
		],
		[
			3813670912,
			5905580032
		],
		[
			3813670912,
			5905580032
		],
		[
			3813670912,
			5905580032
		],
		[
			3813670912,
			5905580032
		],
		[
			3813670912,
			5905580032
		],
		[
			3813670912,
			5905580032
		],
		[
			3813670912,
			5905580032
		],
		[
			3813670912,
			5905580032
		],
		[
			3813670912,
			5905580032
		],
		[
			3813670912,
			5905580032
		],
		[
			3813670912,
			5905580032
		],
		[
			3813670912,
			5905580032
		],
		[
			3813670912,
			5905580032
		],
		[
			3813670912,
			5905580032
		],
		[
			3813670912,
			5905580032
		],
		[
			3813670912,
			5905580032
		],
		[
			3813670912,
			5905580032
		],
		[
			3813670912,
			5905580032
		],
		[
			3813670912,
			5905580032
		],
		[
			3813670912,
			5905580032
		],
		[
			3813670912,
			5905580032
		],
		[
			3813670912,
			5905580032
		],
		[
			3813670912,
			5905580032
		],
		[
			3813670912,
			5905580032
		],
		[
			3813670912,
			5905580032
		],
		[
			3813670912,
			5905580032
		],
		[
			3813670912,
			5905580032
		],
		[
			3813670912,
			5905580032
		],
		[
			3813670912,
			5905580032
		],
		[
			3813670912,
			5905580032
		],
		[
			3813670912,
			5905580032
		],
		[
			3813670912,
			5905580032
		],
		[
			3813670912,
			5905580032
		],
		[
			3813670912,
			5905580032
		],
		[
			3813670912,
			5905580032
		],
		[
			3813670912,
			5905580032
		],
		[
			3813670912,
			5905580032
		]
	],
	"utilization": [
		13,
		13,
		8,
		8,
		16,
		16,
		19,
		19,
		22,
		22,
		19,
		19,
		16,
		16,
		19,
		19,
		22,
		22,
		17,
		17,
		0,
		0,
		9,
		9,
		18,
		18,
		23,
		23,
		16,
		16,
		5,
		5,
		25,
		25,
		17,
		17,
		15,
		15,
		9,
		9,
		18,
		18,
		24,
		24,
		17,
		17,
		4,
		4,
		5,
		5,
		25,
		25,
		17,
		17,
		5,
		5,
		11,
		11,
		18,
		18,
		17,
		17,
		18,
		18,
		21,
		21,
		16,
		16,
		18,
		18,
		11,
		11,
		3,
		3,
		27,
		27,
		16,
		16,
		8,
		8,
		18,
		18,
		24,
		24,
		17,
		17,
		17,
		17,
		22,
		22
	],
	"computation_proportion": 10,
	"extra_dict": {}
}