{
	"model_name": "ResNet18",
	"batch_size": 64,
	"duration_sec": 45,
	"mode": "train",
	"is_DDP": true,
	"process_group_backend": "gloo",
	"world_size": 1,
	"rank": 0,
	"local_rank": 0,
	"device_type": "gpu",
	"master_addr": "133.133.135.75",
	"master_port": 39920,
	"iteration_count": 72,
	"iteration_intervals": [
		1314102016,
		195540736,
		365616384,
		352036608,
		262842880,
		466340096,
		388020992,
		586280704,
		509073920,
		710236928,
		628557312,
		615571968,
		708838144,
		631869440,
		710426368,
		517623808,
		490193664,
		600706048,
		613127936,
		611066112,
		736022016,
		608611840,
		713967360,
		729551104,
		607248128,
		641314560,
		711735808,
		610482432,
		614574080,
		723865088,
		616195840,
		611453184,
		727710208,
		750574592,
		741558272,
		706359040,
		615654912,
		612033280,
		728629504,
		745529344,
		727220480,
		625015040,
		606793472,
		611964416,
		733160448,
		859954688,
		713212160,
		625355776,
		595323136,
		499559680,
		490010112,
		594811648,
		607941888,
		630787328,
		837586432,
		739490304,
		622630400,
		608231936,
		594329600,
		630803200,
		834296064,
		736485888,
		618064128,
		600537856,
		508635904,
		717651456,
		727233792,
		735850496,
		634837504,
		583495936,
		512469504,
		609130496
	],
	"iteration_intervals_avg": 643490674.6268656,
	"iteration_intervals_avg_second": 0.6434906746268656,
	"total_time_ns": 45604964096,
	"total_time_second": 45,
	"mem_infos": [
		[
			11130634240,
			11811160064
		],
		[
			10572791808,
			11811160064
		],
		[
			10344202240,
			11811160064
		],
		[
			7783579648,
			11811160064
		],
		[
			7783579648,
			11811160064
		],
		[
			7783579648,
			11811160064
		],
		[
			7783579648,
			11811160064
		],
		[
			7783579648,
			11811160064
		],
		[
			7783579648,
			11811160064
		],
		[
			7783579648,
			11811160064
		],
		[
			7783579648,
			11811160064
		],
		[
			7783579648,
			11811160064
		],
		[
			7783579648,
			11811160064
		],
		[
			7783579648,
			11811160064
		],
		[
			7783579648,
			11811160064
		],
		[
			7783579648,
			11811160064
		],
		[
			7783579648,
			11811160064
		],
		[
			7783579648,
			11811160064
		],
		[
			7783579648,
			11811160064
		],
		[
			7783579648,
			11811160064
		],
		[
			7783579648,
			11811160064
		],
		[
			7783579648,
			11811160064
		],
		[
			7783579648,
			11811160064
		],
		[
			7783579648,
			11811160064
		],
		[
			7783579648,
			11811160064
		],
		[
			7783579648,
			11811160064
		],
		[
			7783579648,
			11811160064
		],
		[
			7783579648,
			11811160064
		],
		[
			7783579648,
			11811160064
		],
		[
			7783579648,
			11811160064
		],
		[
			7783579648,
			11811160064
		],
		[
			7783579648,
			11811160064
		],
		[
			7783579648,
			11811160064
		],
		[
			7783579648,
			11811160064
		],
		[
			7783579648,
			11811160064
		],
		[
			7783579648,
			11811160064
		],
		[
			7783579648,
			11811160064
		],
		[
			7783579648,
			11811160064
		],
		[
			7783579648,
			11811160064
		],
		[
			7783579648,
			11811160064
		],
		[
			7783579648,
			11811160064
		],
		[
			7783579648,
			11811160064
		],
		[
			7783579648,
			11811160064
		],
		[
			7783579648,
			11811160064
		],
		[
			7783579648,
			11811160064
		],
		[
			7783579648,
			11811160064
		],
		[
			7783579648,
			11811160064
		],
		[
			7783579648,
			11811160064
		],
		[
			7783579648,
			11811160064
		],
		[
			7783579648,
			11811160064
		],
		[
			7783579648,
			11811160064
		],
		[
			7783579648,
			11811160064
		],
		[
			7783579648,
			11811160064
		],
		[
			7783579648,
			11811160064
		],
		[
			7783579648,
			11811160064
		],
		[
			7783579648,
			11811160064
		],
		[
			7783579648,
			11811160064
		],
		[
			7783579648,
			11811160064
		],
		[
			7783579648,
			11811160064
		],
		[
			7783579648,
			11811160064
		],
		[
			7783579648,
			11811160064
		],
		[
			7783579648,
			11811160064
		],
		[
			7783579648,
			11811160064
		],
		[
			7783579648,
			11811160064
		],
		[
			7783579648,
			11811160064
		],
		[
			7783579648,
			11811160064
		],
		[
			7783579648,
			11811160064
		],
		[
			7783579648,
			11811160064
		],
		[
			7783579648,
			11811160064
		],
		[
			7783579648,
			11811160064
		],
		[
			7783579648,
			11811160064
		],
		[
			7783579648,
			11811160064
		],
		[
			7783579648,
			11811160064
		],
		[
			7783579648,
			11811160064
		],
		[
			7783579648,
			11811160064
		],
		[
			7783579648,
			11811160064
		],
		[
			7783579648,
			11811160064
		],
		[
			7783579648,
			11811160064
		],
		[
			7783579648,
			11811160064
		],
		[
			7783579648,
			11811160064
		],
		[
			7783579648,
			11811160064
		],
		[
			7783579648,
			11811160064
		],
		[
			7783579648,
			11811160064
		],
		[
			7783579648,
			11811160064
		],
		[
			7783579648,
			11811160064
		],
		[
			7783579648,
			11811160064
		],
		[
			7783579648,
			11811160064
		],
		[
			7783579648,
			11811160064
		],
		[
			7783579648,
			11811160064
		],
		[
			7783579648,
			11811160064
		]
	],
	"utilization": [
		2,
		6,
		6,
		18,
		18,
		27,
		27,
		22,
		22,
		19,
		19,
		15,
		15,
		17,
		17,
		16,
		16,
		15,
		15,
		19,
		19,
		19,
		19,
		14,
		14,
		17,
		17,
		13,
		13,
		17,
		17,
		15,
		15,
		17,
		17,
		14,
		14,
		18,
		18,
		17,
		17,
		13,
		13,
		12,
		12,
		17,
		17,
		17,
		17,
		14,
		14,
		13,
		13,
		16,
		16,
		16,
		16,
		14,
		14,
		13,
		13,
		14,
		14,
		19,
		19,
		20,
		20,
		18,
		18,
		12,
		12,
		13,
		13,
		18,
		18,
		18,
		18,
		12,
		12,
		14,
		14,
		19,
		19,
		18,
		18,
		13,
		13,
		15,
		15,
		18
	],
	"computation_proportion": 15,
	"extra_dict": {}
}