{
	"model_name": "ResNet50",
	"batch_size": 8,
	"duration_sec": 45,
	"mode": "train",
	"is_DDP": true,
	"process_group_backend": "gloo",
	"world_size": 4,
	"rank": 2,
	"local_rank": 0,
	"device_type": "gpu",
	"master_addr": "133.133.135.75",
	"master_port": 39920,
	"iteration_count": 32,
	"iteration_intervals": [
		2799590912,
		1396605184,
		1384923392,
		1419418368,
		1373707008,
		1387119872,
		1385084672,
		1391007488,
		1384725504,
		1379955200,
		1428983296,
		1396273664,
		1387411456,
		1389153280,
		1385815296,
		1380675840,
		1404164864,
		1389344768,
		1387580416,
		1384872192,
		1384987648,
		1383645440,
		1385667840,
		1384131328,
		1385708032,
		1404025088,
		1386398976,
		1389069824,
		1395624960,
		1419746048,
		1385964288,
		1386743296
	],
	"iteration_intervals_avg": 1390884465.7777777,
	"iteration_intervals_avg_second": 1.3908844657777777,
	"total_time_ns": 45928986112,
	"total_time_second": 45,
	"mem_infos": [
		[
			5059379200,
			5905580032
		],
		[
			4845469696,
			5905580032
		],
		[
			4612685824,
			5905580032
		],
		[
			3515875328,
			5905580032
		],
		[
			3515875328,
			5905580032
		],
		[
			3515875328,
			5905580032
		],
		[
			3310354432,
			5905580032
		],
		[
			3310354432,
			5905580032
		],
		[
			3310354432,
			5905580032
		],
		[
			3262119936,
			5905580032
		],
		[
			3262119936,
			5905580032
		],
		[
			3262119936,
			5905580032
		],
		[
			3262119936,
			5905580032
		],
		[
			3262119936,
			5905580032
		],
		[
			3262119936,
			5905580032
		],
		[
			3262119936,
			5905580032
		],
		[
			3262119936,
			5905580032
		],
		[
			3262119936,
			5905580032
		],
		[
			3262119936,
			5905580032
		],
		[
			3262119936,
			5905580032
		],
		[
			3262119936,
			5905580032
		],
		[
			3262119936,
			5905580032
		],
		[
			3262119936,
			5905580032
		],
		[
			3262119936,
			5905580032
		],
		[
			3262119936,
			5905580032
		],
		[
			3262119936,
			5905580032
		],
		[
			3262119936,
			5905580032
		],
		[
			3262119936,
			5905580032
		],
		[
			3262119936,
			5905580032
		],
		[
			3262119936,
			5905580032
		],
		[
			3262119936,
			5905580032
		],
		[
			3262119936,
			5905580032
		],
		[
			3262119936,
			5905580032
		],
		[
			3262119936,
			5905580032
		],
		[
			3262119936,
			5905580032
		],
		[
			3262119936,
			5905580032
		],
		[
			3262119936,
			5905580032
		],
		[
			3262119936,
			5905580032
		],
		[
			3262119936,
			5905580032
		],
		[
			3262119936,
			5905580032
		],
		[
			3262119936,
			5905580032
		],
		[
			3262119936,
			5905580032
		],
		[
			3262119936,
			5905580032
		],
		[
			3262119936,
			5905580032
		],
		[
			3262119936,
			5905580032
		],
		[
			3262119936,
			5905580032
		],
		[
			3262119936,
			5905580032
		],
		[
			3262119936,
			5905580032
		],
		[
			3262119936,
			5905580032
		],
		[
			3262119936,
			5905580032
		],
		[
			3262119936,
			5905580032
		],
		[
			3262119936,
			5905580032
		],
		[
			3262119936,
			5905580032
		],
		[
			3262119936,
			5905580032
		],
		[
			3262119936,
			5905580032
		],
		[
			3262119936,
			5905580032
		],
		[
			3262119936,
			5905580032
		],
		[
			3262119936,
			5905580032
		],
		[
			3262119936,
			5905580032
		],
		[
			3262119936,
			5905580032
		],
		[
			3262119936,
			5905580032
		],
		[
			3262119936,
			5905580032
		],
		[
			3262119936,
			5905580032
		],
		[
			3262119936,
			5905580032
		],
		[
			3262119936,
			5905580032
		],
		[
			3262119936,
			5905580032
		],
		[
			3262119936,
			5905580032
		],
		[
			3262119936,
			5905580032
		],
		[
			3262119936,
			5905580032
		],
		[
			3262119936,
			5905580032
		],
		[
			3262119936,
			5905580032
		],
		[
			3262119936,
			5905580032
		],
		[
			3262119936,
			5905580032
		],
		[
			3262119936,
			5905580032
		],
		[
			3262119936,
			5905580032
		],
		[
			3262119936,
			5905580032
		],
		[
			3262119936,
			5905580032
		],
		[
			3262119936,
			5905580032
		],
		[
			3262119936,
			5905580032
		],
		[
			3262119936,
			5905580032
		],
		[
			3262119936,
			5905580032
		],
		[
			3262119936,
			5905580032
		],
		[
			3262119936,
			5905580032
		],
		[
			3262119936,
			5905580032
		],
		[
			3262119936,
			5905580032
		],
		[
			3262119936,
			5905580032
		],
		[
			3262119936,
			5905580032
		],
		[
			3262119936,
			5905580032
		],
		[
			3262119936,
			5905580032
		],
		[
			3262119936,
			5905580032
		]
	],
	"utilization": [
		0,
		5,
		5,
		16,
		16,
		9,
		9,
		13,
		13,
		13,
		13,
		3,
		3,
		13,
		13,
		15,
		15,
		1,
		1,
		14,
		14,
		11,
		11,
		12,
		12,
		1,
		1,
		11,
		11,
		12,
		12,
		7,
		7,
		6,
		6,
		11,
		11,
		12,
		12,
		1,
		1,
		12,
		12,
		11,
		11,
		10,
		10,
		5,
		5,
		12,
		12,
		14,
		14,
		1,
		1,
		14,
		14,
		12,
		12,
		12,
		12,
		1,
		1,
		11,
		11,
		12,
		12,
		7,
		7,
		7,
		7,
		11,
		11,
		12,
		12,
		1,
		1,
		14,
		14,
		13,
		13,
		14,
		14,
		1,
		1,
		14,
		14,
		14,
		14,
		1
	],
	"computation_proportion": 25,
	"extra_dict": {}
}