{
	"model_name": "SqueezeNet",
	"batch_size": 64,
	"duration_sec": 45,
	"mode": "train",
	"is_DDP": true,
	"process_group_backend": "gloo",
	"world_size": 4,
	"rank": 2,
	"local_rank": 0,
	"device_type": "gpu",
	"master_addr": "133.133.135.75",
	"master_port": 39920,
	"iteration_count": 78,
	"iteration_intervals": [
		1554841088,
		202226688,
		245593856,
		239913216,
		252954112,
		2684924160,
		626422784,
		476608768,
		374022656,
		266132480,
		347179520,
		255433216,
		258904064,
		253479168,
		590004224,
		2475343104,
		742517760,
		493811456,
		488129024,
		377634048,
		364137472,
		477392384,
		492811264,
		614388480,
		602716672,
		750445312,
		725691392,
		737344512,
		732357632,
		486843392,
		383394048,
		475193088,
		380575744,
		483506688,
		602117632,
		612874240,
		615369472,
		853066240,
		733536256,
		514293760,
		481487104,
		372132864,
		366072320,
		383987456,
		357878528,
		368028416,
		260394240,
		330071040,
		246508800,
		335448064,
		1441914112,
		1423788800,
		800844288,
		497475840,
		378710016,
		475185408,
		373716992,
		368717312,
		361069824,
		244454144,
		284407040,
		376359936,
		609120768,
		2452148480,
		511697152,
		483032064,
		366803712,
		377582848,
		476148480,
		608221184,
		613579264,
		613737216,
		603622400,
		375907072,
		364625920,
		491058944,
		379710976,
		597591808
	],
	"iteration_intervals_avg": 586326615.6712328,
	"iteration_intervals_avg_second": 0.5863266156712328,
	"total_time_ns": 45298437376,
	"total_time_second": 45,
	"mem_infos": [
		[
			5363466240,
			5905580032
		],
		[
			4832886784,
			5905580032
		],
		[
			4637851648,
			5905580032
		],
		[
			1462763520,
			5905580032
		],
		[
			1454374912,
			5905580032
		],
		[
			1454374912,
			5905580032
		],
		[
			1454374912,
			5905580032
		],
		[
			1454374912,
			5905580032
		],
		[
			1454374912,
			5905580032
		],
		[
			1454374912,
			5905580032
		],
		[
			1454374912,
			5905580032
		],
		[
			1454374912,
			5905580032
		],
		[
			1454374912,
			5905580032
		],
		[
			1454374912,
			5905580032
		],
		[
			1454374912,
			5905580032
		],
		[
			1454374912,
			5905580032
		],
		[
			1454374912,
			5905580032
		],
		[
			1454374912,
			5905580032
		],
		[
			1454374912,
			5905580032
		],
		[
			1454374912,
			5905580032
		],
		[
			1454374912,
			5905580032
		],
		[
			1454374912,
			5905580032
		],
		[
			1454374912,
			5905580032
		],
		[
			1454374912,
			5905580032
		],
		[
			1454374912,
			5905580032
		],
		[
			1454374912,
			5905580032
		],
		[
			1454374912,
			5905580032
		],
		[
			1454374912,
			5905580032
		],
		[
			1454374912,
			5905580032
		],
		[
			1454374912,
			5905580032
		],
		[
			1454374912,
			5905580032
		],
		[
			1454374912,
			5905580032
		],
		[
			1454374912,
			5905580032
		],
		[
			1454374912,
			5905580032
		],
		[
			1454374912,
			5905580032
		],
		[
			1454374912,
			5905580032
		],
		[
			1454374912,
			5905580032
		],
		[
			1454374912,
			5905580032
		],
		[
			1454374912,
			5905580032
		],
		[
			1454374912,
			5905580032
		],
		[
			1454374912,
			5905580032
		],
		[
			1454374912,
			5905580032
		],
		[
			1454374912,
			5905580032
		],
		[
			1454374912,
			5905580032
		],
		[
			1454374912,
			5905580032
		],
		[
			1454374912,
			5905580032
		],
		[
			1454374912,
			5905580032
		],
		[
			1454374912,
			5905580032
		],
		[
			1454374912,
			5905580032
		],
		[
			1454374912,
			5905580032
		],
		[
			1454374912,
			5905580032
		],
		[
			1454374912,
			5905580032
		],
		[
			1454374912,
			5905580032
		],
		[
			1454374912,
			5905580032
		],
		[
			1454374912,
			5905580032
		],
		[
			1454374912,
			5905580032
		],
		[
			1454374912,
			5905580032
		],
		[
			1454374912,
			5905580032
		],
		[
			1454374912,
			5905580032
		],
		[
			1454374912,
			5905580032
		],
		[
			1454374912,
			5905580032
		],
		[
			1454374912,
			5905580032
		],
		[
			1454374912,
			5905580032
		],
		[
			1454374912,
			5905580032
		],
		[
			1454374912,
			5905580032
		],
		[
			1454374912,
			5905580032
		],
		[
			1454374912,
			5905580032
		],
		[
			1454374912,
			5905580032
		],
		[
			1454374912,
			5905580032
		],
		[
			1454374912,
			5905580032
		],
		[
			1454374912,
			5905580032
		],
		[
			1454374912,
			5905580032
		],
		[
			1454374912,
			5905580032
		],
		[
			1454374912,
			5905580032
		],
		[
			1454374912,
			5905580032
		],
		[
			1454374912,
			5905580032
		],
		[
			1454374912,
			5905580032
		],
		[
			1454374912,
			5905580032
		],
		[
			1454374912,
			5905580032
		],
		[
			1454374912,
			5905580032
		],
		[
			1454374912,
			5905580032
		],
		[
			1454374912,
			5905580032
		],
		[
			1454374912,
			5905580032
		],
		[
			1454374912,
			5905580032
		],
		[
			1454374912,
			5905580032
		],
		[
			1454374912,
			5905580032
		],
		[
			1454374912,
			5905580032
		],
		[
			1454374912,
			5905580032
		],
		[
			1454374912,
			5905580032
		],
		[
			1454374912,
			5905580032
		]
	],
	"utilization": [
		4,
		16,
		16,
		18,
		18,
		68,
		68,
		23,
		23,
		0,
		0,
		11,
		11,
		30,
		30,
		49,
		49,
		53,
		53,
		12,
		12,
		1,
		1,
		17,
		17,
		21,
		21,
		39,
		39,
		32,
		32,
		28,
		28,
		19,
		19,
		26,
		26,
		17,
		17,
		29,
		29,
		32,
		32,
		30,
		30,
		26,
		26,
		19,
		19,
		25,
		25,
		32,
		32,
		35,
		35,
		46,
		46,
		52,
		52,
		4,
		4,
		10,
		10,
		14,
		14,
		21,
		21,
		42,
		42,
		39,
		39,
		50,
		50,
		13,
		13,
		1,
		1,
		15,
		15,
		35,
		35,
		32,
		32,
		28,
		28,
		26,
		26,
		35,
		35,
		33
	],
	"computation_proportion": 20,
	"extra_dict": {}
}