{
	"model_name": "SqueezeNet",
	"batch_size": 64,
	"duration_sec": 45,
	"mode": "train",
	"is_DDP": true,
	"process_group_backend": "gloo",
	"world_size": 4,
	"rank": 1,
	"local_rank": 0,
	"device_type": "gpu",
	"master_addr": "133.133.135.75",
	"master_port": 39920,
	"iteration_count": 78,
	"iteration_intervals": [
		1555024640,
		201627648,
		245671936,
		239836160,
		251929088,
		2685593600,
		633034496,
		475663872,
		371978752,
		262798080,
		346753024,
		252440320,
		262476544,
		253202176,
		589813248,
		2575953920,
		637275648,
		498738176,
		487767040,
		377998848,
		364323840,
		477570304,
		486883584,
		615137280,
		607503872,
		743855360,
		732030976,
		737510400,
		732254976,
		486926336,
		383122432,
		474141952,
		384643072,
		482902528,
		599933696,
		612987904,
		615454208,
		851800832,
		734696448,
		514845952,
		476228608,
		378484480,
		364130560,
		384391168,
		358517248,
		367376128,
		260428032,
		329863936,
		246948096,
		334547968,
		1340039936,
		1526550784,
		800217856,
		498180352,
		371753472,
		482058496,
		368784896,
		372268288,
		361950464,
		243086336,
		286029568,
		376697600,
		608458240,
		2452508416,
		511324416,
		483392512,
		366142720,
		373555712,
		478220288,
		617008896,
		607397376,
		613878784,
		605166848,
		374009088,
		369871104,
		483101184,
		383384320,
		591032832
	],
	"iteration_intervals_avg": 586260283.6164384,
	"iteration_intervals_avg_second": 0.5862602836164383,
	"total_time_ns": 45292572160,
	"total_time_second": 45,
	"mem_infos": [
		[
			5363466240,
			5905580032
		],
		[
			4826595328,
			5905580032
		],
		[
			4625268736,
			5905580032
		],
		[
			1473249280,
			5905580032
		],
		[
			1466957824,
			5905580032
		],
		[
			1466957824,
			5905580032
		],
		[
			1466957824,
			5905580032
		],
		[
			1466957824,
			5905580032
		],
		[
			1466957824,
			5905580032
		],
		[
			1466957824,
			5905580032
		],
		[
			1466957824,
			5905580032
		],
		[
			1466957824,
			5905580032
		],
		[
			1466957824,
			5905580032
		],
		[
			1466957824,
			5905580032
		],
		[
			1466957824,
			5905580032
		],
		[
			1466957824,
			5905580032
		],
		[
			1466957824,
			5905580032
		],
		[
			1466957824,
			5905580032
		],
		[
			1466957824,
			5905580032
		],
		[
			1466957824,
			5905580032
		],
		[
			1466957824,
			5905580032
		],
		[
			1466957824,
			5905580032
		],
		[
			1466957824,
			5905580032
		],
		[
			1466957824,
			5905580032
		],
		[
			1466957824,
			5905580032
		],
		[
			1466957824,
			5905580032
		],
		[
			1466957824,
			5905580032
		],
		[
			1466957824,
			5905580032
		],
		[
			1466957824,
			5905580032
		],
		[
			1466957824,
			5905580032
		],
		[
			1466957824,
			5905580032
		],
		[
			1466957824,
			5905580032
		],
		[
			1466957824,
			5905580032
		],
		[
			1466957824,
			5905580032
		],
		[
			1466957824,
			5905580032
		],
		[
			1466957824,
			5905580032
		],
		[
			1466957824,
			5905580032
		],
		[
			1466957824,
			5905580032
		],
		[
			1466957824,
			5905580032
		],
		[
			1466957824,
			5905580032
		],
		[
			1466957824,
			5905580032
		],
		[
			1466957824,
			5905580032
		],
		[
			1466957824,
			5905580032
		],
		[
			1466957824,
			5905580032
		],
		[
			1466957824,
			5905580032
		],
		[
			1466957824,
			5905580032
		],
		[
			1466957824,
			5905580032
		],
		[
			1466957824,
			5905580032
		],
		[
			1466957824,
			5905580032
		],
		[
			1466957824,
			5905580032
		],
		[
			1466957824,
			5905580032
		],
		[
			1466957824,
			5905580032
		],
		[
			1466957824,
			5905580032
		],
		[
			1466957824,
			5905580032
		],
		[
			1466957824,
			5905580032
		],
		[
			1466957824,
			5905580032
		],
		[
			1466957824,
			5905580032
		],
		[
			1466957824,
			5905580032
		],
		[
			1466957824,
			5905580032
		],
		[
			1466957824,
			5905580032
		],
		[
			1466957824,
			5905580032
		],
		[
			1466957824,
			5905580032
		],
		[
			1466957824,
			5905580032
		],
		[
			1466957824,
			5905580032
		],
		[
			1466957824,
			5905580032
		],
		[
			1466957824,
			5905580032
		],
		[
			1466957824,
			5905580032
		],
		[
			1466957824,
			5905580032
		],
		[
			1466957824,
			5905580032
		],
		[
			1466957824,
			5905580032
		],
		[
			1466957824,
			5905580032
		],
		[
			1466957824,
			5905580032
		],
		[
			1466957824,
			5905580032
		],
		[
			1466957824,
			5905580032
		],
		[
			1466957824,
			5905580032
		],
		[
			1466957824,
			5905580032
		],
		[
			1466957824,
			5905580032
		],
		[
			1466957824,
			5905580032
		],
		[
			1466957824,
			5905580032
		],
		[
			1466957824,
			5905580032
		],
		[
			1466957824,
			5905580032
		],
		[
			1466957824,
			5905580032
		],
		[
			1466957824,
			5905580032
		],
		[
			1466957824,
			5905580032
		],
		[
			1466957824,
			5905580032
		],
		[
			1466957824,
			5905580032
		],
		[
			1466957824,
			5905580032
		],
		[
			1466957824,
			5905580032
		],
		[
			1466957824,
			5905580032
		],
		[
			1466957824,
			5905580032
		]
	],
	"utilization": [
		14,
		14,
		11,
		11,
		51,
		51,
		47,
		47,
		0,
		0,
		0,
		0,
		32,
		32,
		39,
		39,
		54,
		54,
		25,
		25,
		0,
		0,
		6,
		6,
		29,
		29,
		34,
		34,
		33,
		33,
		30,
		30,
		31,
		31,
		16,
		16,
		24,
		24,
		23,
		23,
		36,
		36,
		42,
		42,
		16,
		16,
		31,
		31,
		16,
		16,
		31,
		31,
		37,
		37,
		41,
		41,
		55,
		55,
		22,
		22,
		9,
		9,
		6,
		6,
		29,
		29,
		34,
		34,
		39,
		39,
		55,
		55,
		28,
		28,
		3,
		3,
		0,
		0,
		34,
		34,
		35,
		35,
		27,
		27,
		32,
		32,
		26,
		26,
		37,
		37
	],
	"computation_proportion": 20,
	"extra_dict": {}
}