{
	"model_name": "InceptionV3",
	"batch_size": 8,
	"duration_sec": 45,
	"mode": "train",
	"is_DDP": true,
	"process_group_backend": "gloo",
	"world_size": 4,
	"rank": 1,
	"local_rank": 0,
	"device_type": "gpu",
	"master_addr": "133.133.135.75",
	"master_port": 39920,
	"iteration_count": 138,
	"iteration_intervals": [
		1834064384,
		239026688,
		161511168,
		178589184,
		163108352,
		164656640,
		168972800,
		186161152,
		180577024,
		162222336,
		164304896,
		339222016,
		272680960,
		347379200,
		248085504,
		1452443904,
		360909568,
		207951104,
		241567744,
		195137792,
		251258368,
		223700224,
		236908032,
		184515840,
		187397632,
		163767808,
		170310400,
		173898496,
		1451059456,
		869008640,
		395026688,
		348210432,
		235170816,
		169518336,
		170539520,
		172317952,
		170837760,
		160474368,
		181069312,
		208459264,
		1784432896,
		536814336,
		325580288,
		206927360,
		211017984,
		170162944,
		173080832,
		190895872,
		168523264,
		160201472,
		179252992,
		161777920,
		188573440,
		1418281984,
		622555648,
		274575360,
		244351744,
		212212480,
		180668416,
		167434752,
		171071232,
		167037952,
		172143616,
		213109760,
		1366262784,
		525529088,
		333540096,
		189947904,
		169529088,
		180571648,
		186030080,
		162771200,
		175035136,
		176521984,
		164768256,
		173011456,
		197501696,
		673739520,
		367290624,
		265220096,
		218086144,
		206267136,
		224466432,
		212442368,
		228215552,
		185540096,
		184972288,
		160272384,
		208132352,
		1829454336,
		267923968,
		221598976,
		245115136,
		191684096,
		234432256,
		197919744,
		237511168,
		283366912,
		212195840,
		165852416,
		175784704,
		241242368,
		1238856448,
		360565760,
		249471744,
		186158336,
		215215872,
		216114688,
		237240576,
		228030464,
		186184960,
		175049984,
		174506752,
		163186176,
		185908992,
		1702841856,
		476480256,
		246655488,
		193542912,
		179836160,
		169427456,
		178620928,
		197565440,
		184567552,
		164090112,
		1666380544,
		388289280,
		240586240,
		204233216,
		175977216,
		174361600,
		166745088,
		162605568,
		159716864,
		178029312,
		166179840,
		165044480,
		1989045248
	],
	"iteration_intervals_avg": 331605017.02255636,
	"iteration_intervals_avg_second": 0.33160501702255635,
	"total_time_ns": 46680760832,
	"total_time_second": 46,
	"mem_infos": [
		[
			5046796288,
			5905580032
		],
		[
			4853858304,
			5905580032
		],
		[
			4656726016,
			5905580032
		],
		[
			3545235456,
			5905580032
		],
		[
			3192913920,
			5905580032
		],
		[
			3192913920,
			5905580032
		],
		[
			3192913920,
			5905580032
		],
		[
			3192913920,
			5905580032
		],
		[
			3192913920,
			5905580032
		],
		[
			3192913920,
			5905580032
		],
		[
			3192913920,
			5905580032
		],
		[
			3192913920,
			5905580032
		],
		[
			3192913920,
			5905580032
		],
		[
			3192913920,
			5905580032
		],
		[
			3192913920,
			5905580032
		],
		[
			3192913920,
			5905580032
		],
		[
			3192913920,
			5905580032
		],
		[
			3192913920,
			5905580032
		],
		[
			3192913920,
			5905580032
		],
		[
			3192913920,
			5905580032
		],
		[
			3192913920,
			5905580032
		],
		[
			3192913920,
			5905580032
		],
		[
			3192913920,
			5905580032
		],
		[
			3192913920,
			5905580032
		],
		[
			3192913920,
			5905580032
		],
		[
			3192913920,
			5905580032
		],
		[
			3192913920,
			5905580032
		],
		[
			3192913920,
			5905580032
		],
		[
			3192913920,
			5905580032
		],
		[
			3192913920,
			5905580032
		],
		[
			3192913920,
			5905580032
		],
		[
			3192913920,
			5905580032
		],
		[
			3192913920,
			5905580032
		],
		[
			3192913920,
			5905580032
		],
		[
			3192913920,
			5905580032
		],
		[
			3192913920,
			5905580032
		],
		[
			3192913920,
			5905580032
		],
		[
			3192913920,
			5905580032
		],
		[
			3192913920,
			5905580032
		],
		[
			3192913920,
			5905580032
		],
		[
			3192913920,
			5905580032
		],
		[
			3192913920,
			5905580032
		],
		[
			3192913920,
			5905580032
		],
		[
			3192913920,
			5905580032
		],
		[
			3192913920,
			5905580032
		],
		[
			3192913920,
			5905580032
		],
		[
			3192913920,
			5905580032
		],
		[
			3192913920,
			5905580032
		],
		[
			3192913920,
			5905580032
		],
		[
			3192913920,
			5905580032
		],
		[
			3192913920,
			5905580032
		],
		[
			3192913920,
			5905580032
		],
		[
			3192913920,
			5905580032
		],
		[
			3192913920,
			5905580032
		],
		[
			3192913920,
			5905580032
		],
		[
			3192913920,
			5905580032
		],
		[
			3192913920,
			5905580032
		],
		[
			3192913920,
			5905580032
		],
		[
			3192913920,
			5905580032
		],
		[
			3192913920,
			5905580032
		],
		[
			3192913920,
			5905580032
		],
		[
			3192913920,
			5905580032
		],
		[
			3192913920,
			5905580032
		],
		[
			3192913920,
			5905580032
		],
		[
			3192913920,
			5905580032
		],
		[
			3192913920,
			5905580032
		],
		[
			3192913920,
			5905580032
		],
		[
			3192913920,
			5905580032
		],
		[
			3192913920,
			5905580032
		],
		[
			3192913920,
			5905580032
		],
		[
			3192913920,
			5905580032
		],
		[
			3192913920,
			5905580032
		],
		[
			3192913920,
			5905580032
		],
		[
			3192913920,
			5905580032
		],
		[
			3192913920,
			5905580032
		],
		[
			3192913920,
			5905580032
		],
		[
			3192913920,
			5905580032
		],
		[
			3192913920,
			5905580032
		],
		[
			3192913920,
			5905580032
		],
		[
			3192913920,
			5905580032
		],
		[
			3192913920,
			5905580032
		],
		[
			3192913920,
			5905580032
		],
		[
			3192913920,
			5905580032
		],
		[
			3192913920,
			5905580032
		],
		[
			3192913920,
			5905580032
		],
		[
			3192913920,
			5905580032
		],
		[
			3192913920,
			5905580032
		],
		[
			3192913920,
			5905580032
		],
		[
			3192913920,
			5905580032
		],
		[
			3192913920,
			5905580032
		]
	],
	"utilization": [
		13,
		13,
		11,
		11,
		37,
		37,
		37,
		86,
		86,
		70,
		70,
		50,
		50,
		1,
		1,
		49,
		49,
		70,
		70,
		73,
		73,
		0,
		0,
		16,
		16,
		49,
		49,
		85,
		85,
		31,
		31,
		3,
		3,
		40,
		40,
		78,
		78,
		68,
		68,
		0,
		0,
		37,
		37,
		76,
		76,
		52,
		52,
		9,
		9,
		50,
		50,
		82,
		82,
		49,
		49,
		51,
		51,
		71,
		71,
		52,
		52,
		3,
		3,
		50,
		50,
		66,
		66,
		72,
		72,
		14,
		14,
		48,
		48,
		71,
		71,
		75,
		75,
		3,
		3,
		21,
		21,
		78,
		78,
		54,
		54,
		0,
		0,
		52,
		52,
		85
	],
	"computation_proportion": 35,
	"extra_dict": {}
}