{
	"model_name": "HarDNet",
	"batch_size": 8,
	"duration_sec": 45,
	"mode": "train",
	"is_DDP": true,
	"process_group_backend": "gloo",
	"world_size": 4,
	"rank": 3,
	"local_rank": 0,
	"device_type": "gpu",
	"master_addr": "133.133.135.75",
	"master_port": 39920,
	"iteration_count": 101,
	"iteration_intervals": [
		1427708928,
		44864768,
		43141376,
		44705280,
		656887808,
		1844551936,
		494630144,
		372009728,
		336529920,
		257510144,
		256746240,
		1843010560,
		734349056,
		483830528,
		257696256,
		346948864,
		155221760,
		238165504,
		241770752,
		127649280,
		234006272,
		1475906816,
		608311808,
		372588032,
		370234624,
		242979584,
		249086464,
		608576512,
		617838336,
		359743232,
		261866496,
		247259392,
		240605696,
		240476928,
		241756928,
		245727232,
		2455713536,
		382413056,
		359339520,
		366343168,
		247997952,
		128737792,
		246504192,
		236512000,
		132847360,
		131705088,
		224052992,
		127560704,
		135204352,
		958674432,
		619017984,
		374817792,
		357899264,
		240545536,
		251298048,
		608160512,
		610688256,
		371235840,
		258710784,
		487658496,
		611238912,
		1605693440,
		486272768,
		369352704,
		245707264,
		247648512,
		237896192,
		141398528,
		234079488,
		129071872,
		233059584,
		133078016,
		130545664,
		120647168,
		132734208,
		222773248,
		972633088,
		483415808,
		270088704,
		484220416,
		1461173248,
		499661824,
		491080192,
		247124736,
		246071040,
		248240384,
		362595840,
		1469966080,
		866349056,
		485161216,
		255235584,
		249159424,
		243842816,
		241188096,
		235005952,
		139680256,
		236706560,
		244979456,
		1710466304,
		374028032,
		370469632
	],
	"iteration_intervals_avg": 448864218.6666667,
	"iteration_intervals_avg_second": 0.4488642186666667,
	"total_time_ns": 45311497216,
	"total_time_second": 45,
	"mem_infos": [
		[
			5363466240,
			5905580032
		],
		[
			5120196608,
			5905580032
		],
		[
			4920967168,
			5905580032
		],
		[
			4379901952,
			5905580032
		],
		[
			4379901952,
			5905580032
		],
		[
			4379901952,
			5905580032
		],
		[
			4379901952,
			5905580032
		],
		[
			4379901952,
			5905580032
		],
		[
			4379901952,
			5905580032
		],
		[
			4379901952,
			5905580032
		],
		[
			4379901952,
			5905580032
		],
		[
			4379901952,
			5905580032
		],
		[
			4379901952,
			5905580032
		],
		[
			4379901952,
			5905580032
		],
		[
			4379901952,
			5905580032
		],
		[
			4379901952,
			5905580032
		],
		[
			4379901952,
			5905580032
		],
		[
			4379901952,
			5905580032
		],
		[
			4379901952,
			5905580032
		],
		[
			4379901952,
			5905580032
		],
		[
			4379901952,
			5905580032
		],
		[
			4379901952,
			5905580032
		],
		[
			4379901952,
			5905580032
		],
		[
			4379901952,
			5905580032
		],
		[
			4379901952,
			5905580032
		],
		[
			4379901952,
			5905580032
		],
		[
			4379901952,
			5905580032
		],
		[
			4379901952,
			5905580032
		],
		[
			4379901952,
			5905580032
		],
		[
			4379901952,
			5905580032
		],
		[
			4379901952,
			5905580032
		],
		[
			4379901952,
			5905580032
		],
		[
			4379901952,
			5905580032
		],
		[
			4379901952,
			5905580032
		],
		[
			4379901952,
			5905580032
		],
		[
			4379901952,
			5905580032
		],
		[
			4379901952,
			5905580032
		],
		[
			4379901952,
			5905580032
		],
		[
			4379901952,
			5905580032
		],
		[
			4379901952,
			5905580032
		],
		[
			4379901952,
			5905580032
		],
		[
			4379901952,
			5905580032
		],
		[
			4379901952,
			5905580032
		],
		[
			4379901952,
			5905580032
		],
		[
			4379901952,
			5905580032
		],
		[
			4379901952,
			5905580032
		],
		[
			4379901952,
			5905580032
		],
		[
			4379901952,
			5905580032
		],
		[
			4379901952,
			5905580032
		],
		[
			4379901952,
			5905580032
		],
		[
			4379901952,
			5905580032
		],
		[
			4379901952,
			5905580032
		],
		[
			4379901952,
			5905580032
		],
		[
			4379901952,
			5905580032
		],
		[
			4379901952,
			5905580032
		],
		[
			4379901952,
			5905580032
		],
		[
			4379901952,
			5905580032
		],
		[
			4379901952,
			5905580032
		],
		[
			4379901952,
			5905580032
		],
		[
			4379901952,
			5905580032
		],
		[
			4379901952,
			5905580032
		],
		[
			4379901952,
			5905580032
		],
		[
			4379901952,
			5905580032
		],
		[
			4379901952,
			5905580032
		],
		[
			4379901952,
			5905580032
		],
		[
			4379901952,
			5905580032
		],
		[
			4379901952,
			5905580032
		],
		[
			4379901952,
			5905580032
		],
		[
			4379901952,
			5905580032
		],
		[
			4379901952,
			5905580032
		],
		[
			4379901952,
			5905580032
		],
		[
			4379901952,
			5905580032
		],
		[
			4379901952,
			5905580032
		],
		[
			4379901952,
			5905580032
		],
		[
			4379901952,
			5905580032
		],
		[
			4379901952,
			5905580032
		],
		[
			4379901952,
			5905580032
		],
		[
			4379901952,
			5905580032
		],
		[
			4379901952,
			5905580032
		],
		[
			4379901952,
			5905580032
		],
		[
			4379901952,
			5905580032
		],
		[
			4379901952,
			5905580032
		],
		[
			4379901952,
			5905580032
		],
		[
			4379901952,
			5905580032
		],
		[
			4379901952,
			5905580032
		],
		[
			4379901952,
			5905580032
		],
		[
			4379901952,
			5905580032
		],
		[
			4379901952,
			5905580032
		],
		[
			4379901952,
			5905580032
		],
		[
			4379901952,
			5905580032
		]
	],
	"utilization": [
		6,
		17,
		17,
		19,
		19,
		20,
		20,
		0,
		0,
		4,
		4,
		12,
		12,
		8,
		8,
		0,
		0,
		6,
		6,
		12,
		12,
		17,
		17,
		4,
		4,
		4,
		4,
		12,
		12,
		12,
		12,
		8,
		8,
		16,
		16,
		8,
		8,
		0,
		0,
		4,
		4,
		12,
		12,
		20,
		20,
		15,
		15,
		4,
		4,
		12,
		12,
		11,
		11,
		8,
		8,
		9,
		9,
		3,
		3,
		4,
		4,
		12,
		12,
		20,
		20,
		24,
		24,
		4,
		4,
		9,
		9,
		4,
		4,
		4,
		4,
		11,
		11,
		12,
		12,
		0,
		0,
		6,
		6,
		11,
		11,
		17,
		17,
		7,
		7,
		4
	],
	"computation_proportion": 5,
	"extra_dict": {}
}