{
	"model_name": "MobileNetV2",
	"batch_size": 32,
	"duration_sec": 45,
	"mode": "train",
	"is_DDP": true,
	"process_group_backend": "gloo",
	"world_size": 4,
	"rank": 0,
	"local_rank": 0,
	"device_type": "gpu",
	"master_addr": "133.133.135.75",
	"master_port": 39920,
	"iteration_count": 131,
	"iteration_intervals": [
		1673258752,
		267046144,
		283129856,
		240866816,
		267415040,
		254377984,
		254291456,
		252555520,
		252360192,
		252039680,
		256146688,
		253961472,
		269976320,
		263392512,
		256934400,
		262582016,
		250960128,
		257111296,
		643816704,
		355129856,
		253809664,
		258453760,
		252238080,
		245933056,
		252450816,
		252846848,
		256286464,
		249686272,
		281338368,
		1483148032,
		260047872,
		252456960,
		251401216,
		243641344,
		249608448,
		272599040,
		255932160,
		253384960,
		258795264,
		248896512,
		259982080,
		252083200,
		251476736,
		253024768,
		252500736,
		253661696,
		253815040,
		254306560,
		252958464,
		252269824,
		253565696,
		259384832,
		252969984,
		252187904,
		251504640,
		256342272,
		249097472,
		254623232,
		254724864,
		253368832,
		251320576,
		252328192,
		265029632,
		267974656,
		253677568,
		253030144,
		252899328,
		252830976,
		264331008,
		257096704,
		250179840,
		249205504,
		252395520,
		252051712,
		253927424,
		259186432,
		245201920,
		252657920,
		293315840,
		262021120,
		256111616,
		252761344,
		256857344,
		255446016,
		251931392,
		259565056,
		245652480,
		262442496,
		252758528,
		252368384,
		256044032,
		247626240,
		254571520,
		1883466752,
		370554368,
		259874048,
		258920448,
		254110720,
		258983936,
		254073600,
		253203200,
		282909440,
		1961472512,
		264631552,
		252842496,
		252963328,
		252265216,
		258836736,
		252891904,
		254107648,
		283904000,
		1955297536,
		267982592,
		252398848,
		245036288,
		252506368,
		251094784,
		258833664,
		252134144,
		311095552,
		1837998848,
		378339072,
		252027904,
		243263232,
		251797248,
		254228736,
		256891648,
		254978816,
		305458176,
		1715683328,
		480581120
	],
	"iteration_intervals_avg": 337895860.82539684,
	"iteration_intervals_avg_second": 0.33789586082539685,
	"total_time_ns": 45307445248,
	"total_time_second": 45,
	"mem_infos": [
		[
			5344591872,
			5905580032
		],
		[
			5076156416,
			5905580032
		],
		[
			4858052608,
			5905580032
		],
		[
			1928331264,
			5905580032
		],
		[
			1911554048,
			5905580032
		],
		[
			1911554048,
			5905580032
		],
		[
			1911554048,
			5905580032
		],
		[
			1911554048,
			5905580032
		],
		[
			1911554048,
			5905580032
		],
		[
			1911554048,
			5905580032
		],
		[
			1911554048,
			5905580032
		],
		[
			1911554048,
			5905580032
		],
		[
			1911554048,
			5905580032
		],
		[
			1911554048,
			5905580032
		],
		[
			1911554048,
			5905580032
		],
		[
			1911554048,
			5905580032
		],
		[
			1911554048,
			5905580032
		],
		[
			1911554048,
			5905580032
		],
		[
			1911554048,
			5905580032
		],
		[
			1911554048,
			5905580032
		],
		[
			1911554048,
			5905580032
		],
		[
			1911554048,
			5905580032
		],
		[
			1911554048,
			5905580032
		],
		[
			1911554048,
			5905580032
		],
		[
			1911554048,
			5905580032
		],
		[
			1911554048,
			5905580032
		],
		[
			1911554048,
			5905580032
		],
		[
			1911554048,
			5905580032
		],
		[
			1911554048,
			5905580032
		],
		[
			1911554048,
			5905580032
		],
		[
			1911554048,
			5905580032
		],
		[
			1911554048,
			5905580032
		],
		[
			1911554048,
			5905580032
		],
		[
			1911554048,
			5905580032
		],
		[
			1911554048,
			5905580032
		],
		[
			1911554048,
			5905580032
		],
		[
			1911554048,
			5905580032
		],
		[
			1911554048,
			5905580032
		],
		[
			1911554048,
			5905580032
		],
		[
			1911554048,
			5905580032
		],
		[
			1911554048,
			5905580032
		],
		[
			1911554048,
			5905580032
		],
		[
			1911554048,
			5905580032
		],
		[
			1911554048,
			5905580032
		],
		[
			1911554048,
			5905580032
		],
		[
			1911554048,
			5905580032
		],
		[
			1911554048,
			5905580032
		],
		[
			1911554048,
			5905580032
		],
		[
			1911554048,
			5905580032
		],
		[
			1911554048,
			5905580032
		],
		[
			1911554048,
			5905580032
		],
		[
			1911554048,
			5905580032
		],
		[
			1911554048,
			5905580032
		],
		[
			1911554048,
			5905580032
		],
		[
			1911554048,
			5905580032
		],
		[
			1911554048,
			5905580032
		],
		[
			1911554048,
			5905580032
		],
		[
			1911554048,
			5905580032
		],
		[
			1911554048,
			5905580032
		],
		[
			1911554048,
			5905580032
		],
		[
			1911554048,
			5905580032
		],
		[
			1911554048,
			5905580032
		],
		[
			1911554048,
			5905580032
		],
		[
			1911554048,
			5905580032
		],
		[
			1911554048,
			5905580032
		],
		[
			1911554048,
			5905580032
		],
		[
			1911554048,
			5905580032
		],
		[
			1911554048,
			5905580032
		],
		[
			1911554048,
			5905580032
		],
		[
			1911554048,
			5905580032
		],
		[
			1911554048,
			5905580032
		],
		[
			1911554048,
			5905580032
		],
		[
			1911554048,
			5905580032
		],
		[
			1911554048,
			5905580032
		],
		[
			1911554048,
			5905580032
		],
		[
			1911554048,
			5905580032
		],
		[
			1911554048,
			5905580032
		],
		[
			1911554048,
			5905580032
		],
		[
			1911554048,
			5905580032
		],
		[
			1911554048,
			5905580032
		],
		[
			1911554048,
			5905580032
		],
		[
			1911554048,
			5905580032
		],
		[
			1911554048,
			5905580032
		],
		[
			1911554048,
			5905580032
		],
		[
			1911554048,
			5905580032
		],
		[
			1911554048,
			5905580032
		],
		[
			1911554048,
			5905580032
		],
		[
			1911554048,
			5905580032
		],
		[
			1911554048,
			5905580032
		],
		[
			1911554048,
			5905580032
		]
	],
	"utilization": [
		4,
		4,
		4,
		4,
		14,
		14,
		24,
		24,
		24,
		24,
		24,
		24,
		24,
		24,
		12,
		12,
		24,
		24,
		24,
		24,
		12,
		12,
		6,
		6,
		24,
		24,
		24,
		24,
		24,
		24,
		24,
		24,
		24,
		24,
		24,
		24,
		24,
		24,
		24,
		24,
		22,
		22,
		24,
		24,
		24,
		24,
		24,
		24,
		24,
		24,
		24,
		24,
		24,
		24,
		24,
		24,
		0,
		0,
		6,
		6,
		24,
		24,
		24,
		24,
		0,
		0,
		6,
		6,
		24,
		24,
		24,
		24,
		0,
		0,
		6,
		6,
		24,
		24,
		24,
		24,
		1,
		1,
		6,
		6,
		24,
		24,
		22,
		22,
		3,
		3
	],
	"computation_proportion": 25,
	"extra_dict": {}
}