{
	"model_name": "ConvNeXtT",
	"batch_size": 32,
	"duration_sec": 45,
	"mode": "train",
	"is_DDP": true,
	"process_group_backend": "gloo",
	"world_size": 2,
	"rank": 1,
	"local_rank": 0,
	"device_type": "gpu",
	"master_addr": "133.133.135.75",
	"master_port": 39920,
	"iteration_count": 91,
	"iteration_intervals": [
		1470522880,
		434262528,
		477876480,
		501343488,
		481942016,
		507911168,
		480919040,
		493112064,
		488186112,
		476345344,
		483604736,
		479259648,
		492597760,
		483347200,
		477469440,
		487839232,
		494976000,
		470124544,
		516540160,
		485332480,
		470884608,
		480501760,
		485788416,
		494791168,
		485933568,
		482423296,
		481735168,
		485255680,
		487376128,
		480578304,
		500760320,
		488269824,
		481421056,
		492171520,
		469945344,
		501325056,
		487098368,
		464240640,
		511342336,
		481444352,
		484013056,
		472760832,
		486103040,
		481922048,
		509671168,
		475390976,
		508002048,
		475745024,
		484494336,
		494917120,
		477965312,
		471588352,
		491835904,
		490300160,
		480203520,
		484382464,
		486983680,
		505150208,
		480285184,
		483961088,
		491853312,
		472489728,
		484345088,
		493896448,
		493445120,
		487452416,
		484636672,
		471222528,
		503209728,
		467457280,
		511057920,
		483206400,
		478330368,
		500400896,
		474199552,
		489427968,
		463948544,
		514043648,
		479113472,
		480869376,
		472236544,
		506977536,
		471033344,
		486029056,
		490022912,
		475883008,
		488512000,
		500781056,
		493921792,
		485868032,
		471918592
	],
	"iteration_intervals_avg": 486329275.53488374,
	"iteration_intervals_avg_second": 0.48632927553488375,
	"total_time_ns": 45192158208,
	"total_time_second": 45,
	"mem_infos": [
		[
			10765729792,
			11811160064
		],
		[
			10516168704,
			11811160064
		],
		[
			8389656576,
			11811160064
		],
		[
			6449790976,
			11811160064
		],
		[
			6388973568,
			11811160064
		],
		[
			6388973568,
			11811160064
		],
		[
			6388973568,
			11811160064
		],
		[
			6388973568,
			11811160064
		],
		[
			6388973568,
			11811160064
		],
		[
			6388973568,
			11811160064
		],
		[
			6388973568,
			11811160064
		],
		[
			6388973568,
			11811160064
		],
		[
			6388973568,
			11811160064
		],
		[
			6388973568,
			11811160064
		],
		[
			6388973568,
			11811160064
		],
		[
			6388973568,
			11811160064
		],
		[
			6388973568,
			11811160064
		],
		[
			6388973568,
			11811160064
		],
		[
			6388973568,
			11811160064
		],
		[
			6388973568,
			11811160064
		],
		[
			6388973568,
			11811160064
		],
		[
			6388973568,
			11811160064
		],
		[
			6388973568,
			11811160064
		],
		[
			6388973568,
			11811160064
		],
		[
			6388973568,
			11811160064
		],
		[
			6388973568,
			11811160064
		],
		[
			6388973568,
			11811160064
		],
		[
			6388973568,
			11811160064
		],
		[
			6388973568,
			11811160064
		],
		[
			6388973568,
			11811160064
		],
		[
			6388973568,
			11811160064
		],
		[
			6388973568,
			11811160064
		],
		[
			6388973568,
			11811160064
		],
		[
			6388973568,
			11811160064
		],
		[
			6388973568,
			11811160064
		],
		[
			6388973568,
			11811160064
		],
		[
			6388973568,
			11811160064
		],
		[
			6388973568,
			11811160064
		],
		[
			6388973568,
			11811160064
		],
		[
			6388973568,
			11811160064
		],
		[
			6388973568,
			11811160064
		],
		[
			6388973568,
			11811160064
		],
		[
			6388973568,
			11811160064
		],
		[
			6388973568,
			11811160064
		],
		[
			6388973568,
			11811160064
		],
		[
			6388973568,
			11811160064
		],
		[
			6388973568,
			11811160064
		],
		[
			6388973568,
			11811160064
		],
		[
			6388973568,
			11811160064
		],
		[
			6388973568,
			11811160064
		],
		[
			6388973568,
			11811160064
		],
		[
			6388973568,
			11811160064
		],
		[
			6388973568,
			11811160064
		],
		[
			6388973568,
			11811160064
		],
		[
			6388973568,
			11811160064
		],
		[
			6388973568,
			11811160064
		],
		[
			6388973568,
			11811160064
		],
		[
			6388973568,
			11811160064
		],
		[
			6388973568,
			11811160064
		],
		[
			6388973568,
			11811160064
		],
		[
			6388973568,
			11811160064
		],
		[
			6388973568,
			11811160064
		],
		[
			6388973568,
			11811160064
		],
		[
			6388973568,
			11811160064
		],
		[
			6388973568,
			11811160064
		],
		[
			6388973568,
			11811160064
		],
		[
			6388973568,
			11811160064
		],
		[
			6388973568,
			11811160064
		],
		[
			6388973568,
			11811160064
		],
		[
			6388973568,
			11811160064
		],
		[
			6388973568,
			11811160064
		],
		[
			6388973568,
			11811160064
		],
		[
			6388973568,
			11811160064
		],
		[
			6388973568,
			11811160064
		],
		[
			6388973568,
			11811160064
		],
		[
			6388973568,
			11811160064
		],
		[
			6388973568,
			11811160064
		],
		[
			6388973568,
			11811160064
		],
		[
			6388973568,
			11811160064
		],
		[
			6388973568,
			11811160064
		],
		[
			6388973568,
			11811160064
		],
		[
			6388973568,
			11811160064
		],
		[
			6388973568,
			11811160064
		],
		[
			6388973568,
			11811160064
		],
		[
			6388973568,
			11811160064
		],
		[
			6388973568,
			11811160064
		],
		[
			6388973568,
			11811160064
		],
		[
			6388973568,
			11811160064
		],
		[
			6388973568,
			11811160064
		],
		[
			6388973568,
			11811160064
		]
	],
	"utilization": [
		12,
		12,
		15,
		15,
		50,
		50,
		68,
		68,
		68,
		68,
		71,
		71,
		69,
		69,
		69,
		69,
		67,
		67,
		66,
		66,
		65,
		65,
		69,
		69,
		69,
		69,
		65,
		65,
		70,
		70,
		69,
		69,
		70,
		70,
		70,
		70,
		68,
		68,
		68,
		68,
		67,
		67,
		67,
		67,
		65,
		65,
		69,
		69,
		67,
		67,
		65,
		65,
		70,
		70,
		70,
		70,
		70,
		70,
		69,
		69,
		70,
		70,
		70,
		70,
		67,
		67,
		66,
		66,
		66,
		66,
		70,
		70,
		69,
		69,
		67,
		67,
		70,
		70,
		70,
		70,
		70,
		69,
		69,
		70,
		70,
		70,
		70,
		71,
		71,
		68
	],
	"computation_proportion": 100,
	"extra_dict": {}
}