{
	"model_name": "MobileNetV2",
	"batch_size": 32,
	"duration_sec": 45,
	"mode": "train",
	"is_DDP": true,
	"process_group_backend": "gloo",
	"world_size": 2,
	"rank": 0,
	"local_rank": 0,
	"device_type": "gpu",
	"master_addr": "133.133.135.74",
	"master_port": 39920,
	"iteration_count": 117,
	"iteration_intervals": [
		1491958784,
		177745664,
		174246912,
		177386496,
		175273216,
		192813312,
		164785152,
		230599424,
		337277184,
		256296704,
		362312448,
		603676672,
		497528576,
		365598464,
		472045056,
		369197312,
		371356160,
		251458560,
		352829952,
		267772160,
		363838464,
		362195456,
		356231424,
		381082368,
		473813504,
		493834240,
		499832320,
		585783040,
		382464768,
		478065920,
		361916416,
		374746112,
		359906304,
		260327424,
		355456768,
		264206336,
		351860736,
		375297536,
		464505344,
		373886720,
		375983616,
		378718976,
		355768576,
		360921088,
		360214016,
		265159936,
		347516160,
		362740736,
		269781504,
		465205248,
		372331008,
		365024768,
		372830976,
		372457728,
		364002560,
		471816448,
		378275328,
		492793344,
		603155200,
		484331264,
		363898368,
		379366400,
		474774784,
		260963328,
		359019264,
		355811840,
		261902336,
		357565952,
		354848768,
		371374336,
		372450816,
		365092608,
		491827968,
		480900096,
		492949504,
		482279680,
		373108992,
		366750464,
		367958784,
		377197056,
		355014144,
		381849088,
		467246592,
		257023744,
		369636608,
		479278080,
		371928064,
		369597440,
		371341312,
		367917056,
		360844800,
		480171520,
		372076032,
		374477056,
		360687360,
		358400512,
		254526464,
		370784000,
		261986304,
		362593792,
		363737344,
		364376064,
		478945536,
		373734144,
		370343680,
		363565312,
		375575040,
		471909888,
		375674880,
		474893056,
		264501248,
		465910272,
		370445568,
		369521664,
		488896000,
		498620160,
		478130432
	],
	"iteration_intervals_avg": 382500253.71428573,
	"iteration_intervals_avg_second": 0.38250025371428575,
	"total_time_ns": 45037679104,
	"total_time_second": 45,
	"mem_infos": [
		[
			11250171904,
			11811160064
		],
		[
			10952376320,
			11811160064
		],
		[
			10713300992,
			11811160064
		],
		[
			7817134080,
			11811160064
		],
		[
			7817134080,
			11811160064
		],
		[
			7817134080,
			11811160064
		],
		[
			7817134080,
			11811160064
		],
		[
			7817134080,
			11811160064
		],
		[
			7817134080,
			11811160064
		],
		[
			7817134080,
			11811160064
		],
		[
			7817134080,
			11811160064
		],
		[
			7817134080,
			11811160064
		],
		[
			7817134080,
			11811160064
		],
		[
			7817134080,
			11811160064
		],
		[
			7817134080,
			11811160064
		],
		[
			7817134080,
			11811160064
		],
		[
			7817134080,
			11811160064
		],
		[
			7817134080,
			11811160064
		],
		[
			7817134080,
			11811160064
		],
		[
			7817134080,
			11811160064
		],
		[
			7817134080,
			11811160064
		],
		[
			7817134080,
			11811160064
		],
		[
			7817134080,
			11811160064
		],
		[
			7817134080,
			11811160064
		],
		[
			7817134080,
			11811160064
		],
		[
			7817134080,
			11811160064
		],
		[
			7817134080,
			11811160064
		],
		[
			7817134080,
			11811160064
		],
		[
			7817134080,
			11811160064
		],
		[
			7817134080,
			11811160064
		],
		[
			7817134080,
			11811160064
		],
		[
			7817134080,
			11811160064
		],
		[
			7817134080,
			11811160064
		],
		[
			7817134080,
			11811160064
		],
		[
			7817134080,
			11811160064
		],
		[
			7817134080,
			11811160064
		],
		[
			7817134080,
			11811160064
		],
		[
			7817134080,
			11811160064
		],
		[
			7817134080,
			11811160064
		],
		[
			7817134080,
			11811160064
		],
		[
			7817134080,
			11811160064
		],
		[
			7817134080,
			11811160064
		],
		[
			7817134080,
			11811160064
		],
		[
			7817134080,
			11811160064
		],
		[
			7817134080,
			11811160064
		],
		[
			7817134080,
			11811160064
		],
		[
			7817134080,
			11811160064
		],
		[
			7817134080,
			11811160064
		],
		[
			7817134080,
			11811160064
		],
		[
			7817134080,
			11811160064
		],
		[
			7817134080,
			11811160064
		],
		[
			7817134080,
			11811160064
		],
		[
			7817134080,
			11811160064
		],
		[
			7817134080,
			11811160064
		],
		[
			7817134080,
			11811160064
		],
		[
			7817134080,
			11811160064
		],
		[
			7817134080,
			11811160064
		],
		[
			7817134080,
			11811160064
		],
		[
			7817134080,
			11811160064
		],
		[
			7817134080,
			11811160064
		],
		[
			7817134080,
			11811160064
		],
		[
			7817134080,
			11811160064
		],
		[
			7817134080,
			11811160064
		],
		[
			7817134080,
			11811160064
		],
		[
			7817134080,
			11811160064
		],
		[
			7817134080,
			11811160064
		],
		[
			7817134080,
			11811160064
		],
		[
			7817134080,
			11811160064
		],
		[
			7817134080,
			11811160064
		],
		[
			7817134080,
			11811160064
		],
		[
			7817134080,
			11811160064
		],
		[
			7817134080,
			11811160064
		],
		[
			7817134080,
			11811160064
		],
		[
			7817134080,
			11811160064
		],
		[
			7817134080,
			11811160064
		],
		[
			7817134080,
			11811160064
		],
		[
			7817134080,
			11811160064
		],
		[
			7817134080,
			11811160064
		],
		[
			7817134080,
			11811160064
		],
		[
			7817134080,
			11811160064
		],
		[
			7817134080,
			11811160064
		],
		[
			7817134080,
			11811160064
		],
		[
			7817134080,
			11811160064
		],
		[
			7817134080,
			11811160064
		],
		[
			7817134080,
			11811160064
		],
		[
			7817134080,
			11811160064
		],
		[
			7817134080,
			11811160064
		],
		[
			7817134080,
			11811160064
		],
		[
			7817134080,
			11811160064
		],
		[
			7817134080,
			11811160064
		]
	],
	"utilization": [
		5,
		5,
		4,
		4,
		25,
		25,
		28,
		28,
		14,
		14,
		14,
		14,
		14,
		14,
		18,
		18,
		19,
		19,
		17,
		17,
		12,
		12,
		12,
		12,
		14,
		14,
		19,
		19,
		19,
		19,
		15,
		15,
		15,
		15,
		19,
		19,
		19,
		19,
		15,
		15,
		15,
		16,
		16,
		16,
		16,
		13,
		13,
		12,
		12,
		16,
		16,
		19,
		19,
		18,
		18,
		17,
		17,
		13,
		13,
		13,
		13,
		17,
		17,
		15,
		15,
		16,
		16,
		15,
		15,
		17,
		17,
		15,
		15,
		15,
		15,
		18,
		18,
		19,
		19,
		15,
		15,
		16,
		16,
		14,
		14,
		17,
		17,
		16,
		16,
		13
	],
	"computation_proportion": 15,
	"extra_dict": {}
}