{
	"model_name": "ResNet18",
	"batch_size": 64,
	"duration_sec": 45,
	"mode": "train",
	"is_DDP": true,
	"process_group_backend": "gloo",
	"world_size": 2,
	"rank": 0,
	"local_rank": 0,
	"device_type": "gpu",
	"master_addr": "133.133.135.74",
	"master_port": 39920,
	"iteration_count": 97,
	"iteration_intervals": [
		1772609792,
		451379968,
		454396416,
		449573120,
		450003712,
		449806592,
		463078912,
		449047040,
		447439360,
		451958528,
		449216000,
		460940032,
		443570688,
		457031424,
		453368320,
		451786752,
		447193856,
		449876480,
		455099136,
		448814080,
		456271872,
		462088704,
		446296320,
		446846976,
		459893248,
		448759552,
		445078016,
		449943808,
		454583040,
		448375296,
		455832320,
		452029440,
		454544128,
		453720576,
		465026304,
		452765184,
		447729408,
		449864704,
		449165312,
		454182656,
		449351424,
		450169856,
		446393088,
		452206848,
		449959168,
		455579136,
		450639872,
		451986944,
		453504256,
		450177792,
		449276928,
		447685632,
		452990464,
		452634880,
		457624320,
		449615360,
		446999040,
		455098112,
		451917312,
		450503936,
		448587264,
		450547456,
		448290816,
		455336192,
		453553664,
		454818560,
		450368000,
		445471744,
		456775936,
		446893824,
		455325952,
		448739584,
		448594432,
		448735232,
		452395008,
		449826048,
		445494272,
		449986560,
		452301056,
		448082176,
		463129088,
		450304000,
		450407680,
		449808896,
		451748608,
		443786752,
		456717312,
		449906944,
		452318208,
		451760896,
		450876416,
		449787904,
		453278720,
		453320704,
		450601984,
		448207360,
		448127744
	],
	"iteration_intervals_avg": 451519037.2173913,
	"iteration_intervals_avg_second": 0.45151903721739134,
	"total_time_ns": 45118566400,
	"total_time_second": 45,
	"mem_infos": [
		[
			11130634240,
			11811160064
		],
		[
			10581180416,
			11811160064
		],
		[
			10335813632,
			11811160064
		],
		[
			7791968256,
			11811160064
		],
		[
			7783579648,
			11811160064
		],
		[
			7783579648,
			11811160064
		],
		[
			7783579648,
			11811160064
		],
		[
			7783579648,
			11811160064
		],
		[
			7783579648,
			11811160064
		],
		[
			7783579648,
			11811160064
		],
		[
			7783579648,
			11811160064
		],
		[
			7783579648,
			11811160064
		],
		[
			7783579648,
			11811160064
		],
		[
			7783579648,
			11811160064
		],
		[
			7783579648,
			11811160064
		],
		[
			7783579648,
			11811160064
		],
		[
			7783579648,
			11811160064
		],
		[
			7783579648,
			11811160064
		],
		[
			7783579648,
			11811160064
		],
		[
			7783579648,
			11811160064
		],
		[
			7783579648,
			11811160064
		],
		[
			7783579648,
			11811160064
		],
		[
			7783579648,
			11811160064
		],
		[
			7783579648,
			11811160064
		],
		[
			7783579648,
			11811160064
		],
		[
			7783579648,
			11811160064
		],
		[
			7783579648,
			11811160064
		],
		[
			7783579648,
			11811160064
		],
		[
			7783579648,
			11811160064
		],
		[
			7783579648,
			11811160064
		],
		[
			7783579648,
			11811160064
		],
		[
			7783579648,
			11811160064
		],
		[
			7783579648,
			11811160064
		],
		[
			7783579648,
			11811160064
		],
		[
			7783579648,
			11811160064
		],
		[
			7783579648,
			11811160064
		],
		[
			7783579648,
			11811160064
		],
		[
			7783579648,
			11811160064
		],
		[
			7783579648,
			11811160064
		],
		[
			7783579648,
			11811160064
		],
		[
			7783579648,
			11811160064
		],
		[
			7783579648,
			11811160064
		],
		[
			7783579648,
			11811160064
		],
		[
			7783579648,
			11811160064
		],
		[
			7783579648,
			11811160064
		],
		[
			7783579648,
			11811160064
		],
		[
			7783579648,
			11811160064
		],
		[
			7783579648,
			11811160064
		],
		[
			7783579648,
			11811160064
		],
		[
			7783579648,
			11811160064
		],
		[
			7783579648,
			11811160064
		],
		[
			7783579648,
			11811160064
		],
		[
			7783579648,
			11811160064
		],
		[
			7783579648,
			11811160064
		],
		[
			7783579648,
			11811160064
		],
		[
			7783579648,
			11811160064
		],
		[
			7783579648,
			11811160064
		],
		[
			7783579648,
			11811160064
		],
		[
			7783579648,
			11811160064
		],
		[
			7783579648,
			11811160064
		],
		[
			7783579648,
			11811160064
		],
		[
			7783579648,
			11811160064
		],
		[
			7783579648,
			11811160064
		],
		[
			7783579648,
			11811160064
		],
		[
			7783579648,
			11811160064
		],
		[
			7783579648,
			11811160064
		],
		[
			7783579648,
			11811160064
		],
		[
			7783579648,
			11811160064
		],
		[
			7783579648,
			11811160064
		],
		[
			7783579648,
			11811160064
		],
		[
			7783579648,
			11811160064
		],
		[
			7783579648,
			11811160064
		],
		[
			7783579648,
			11811160064
		],
		[
			7783579648,
			11811160064
		],
		[
			7783579648,
			11811160064
		],
		[
			7783579648,
			11811160064
		],
		[
			7783579648,
			11811160064
		],
		[
			7783579648,
			11811160064
		],
		[
			7783579648,
			11811160064
		],
		[
			7783579648,
			11811160064
		],
		[
			7783579648,
			11811160064
		],
		[
			7783579648,
			11811160064
		],
		[
			7783579648,
			11811160064
		],
		[
			7783579648,
			11811160064
		],
		[
			7783579648,
			11811160064
		],
		[
			7783579648,
			11811160064
		],
		[
			7783579648,
			11811160064
		],
		[
			7783579648,
			11811160064
		],
		[
			7783579648,
			11811160064
		],
		[
			7783579648,
			11811160064
		]
	],
	"utilization": [
		5,
		5,
		3,
		3,
		13,
		13,
		20,
		20,
		24,
		24,
		21,
		21,
		18,
		18,
		18,
		18,
		20,
		20,
		25,
		25,
		18,
		18,
		18,
		18,
		18,
		18,
		26,
		26,
		19,
		19,
		18,
		18,
		18,
		18,
		23,
		23,
		22,
		22,
		18,
		18,
		18,
		18,
		20,
		20,
		25,
		25,
		18,
		18,
		18,
		18,
		18,
		18,
		27,
		27,
		18,
		18,
		18,
		18,
		18,
		18,
		25,
		25,
		20,
		20,
		18,
		18,
		18,
		18,
		22,
		22,
		24,
		24,
		18,
		18,
		18,
		18,
		19,
		19,
		26,
		26,
		18,
		18,
		18,
		18,
		18,
		18,
		27,
		27,
		18,
		18
	],
	"computation_proportion": 95,
	"extra_dict": {}
}