{
	"model_name": "SqueezeNet",
	"batch_size": 128,
	"duration_sec": 45,
	"mode": "train",
	"is_DDP": true,
	"process_group_backend": "gloo",
	"world_size": 2,
	"rank": 0,
	"local_rank": 0,
	"device_type": "gpu",
	"master_addr": "133.133.135.75",
	"master_port": 39920,
	"iteration_count": 73,
	"iteration_intervals": [
		1829961728,
		598990848,
		617185024,
		612972544,
		721957888,
		619931904,
		597278720,
		621319936,
		611646720,
		620886272,
		612400896,
		603085824,
		605518336,
		608980736,
		628585216,
		602185472,
		602140928,
		506091776,
		609513216,
		603501824,
		621851392,
		601877248,
		613317120,
		617030912,
		602333440,
		623099648,
		718049792,
		619731456,
		504658688,
		607899648,
		609943296,
		606234368,
		613348864,
		608989184,
		612229632,
		598507776,
		613440000,
		492478464,
		615284224,
		600036864,
		619598336,
		606341632,
		507365120,
		613320960,
		615617792,
		715465472,
		607038976,
		607741696,
		610310400,
		506729728,
		615422464,
		620645120,
		708186368,
		616766464,
		517237248,
		585885440,
		611078144,
		510504448,
		595526912,
		605610496,
		613017344,
		512767488,
		597942784,
		596251904,
		499557376,
		602557696,
		609718272,
		513829120,
		712251904,
		610282752,
		614675200,
		606327552,
		615651072
	],
	"iteration_intervals_avg": 600803433.4117647,
	"iteration_intervals_avg_second": 0.6008034334117648,
	"total_time_ns": 45236492032,
	"total_time_second": 45,
	"mem_infos": [
		[
			11269046272,
			11811160064
		],
		[
			10402922496,
			11811160064
		],
		[
			10195304448,
			11811160064
		],
		[
			4621074432,
			11811160064
		],
		[
			4027580416,
			11811160064
		],
		[
			4027580416,
			11811160064
		],
		[
			4027580416,
			11811160064
		],
		[
			4027580416,
			11811160064
		],
		[
			4027580416,
			11811160064
		],
		[
			4027580416,
			11811160064
		],
		[
			4027580416,
			11811160064
		],
		[
			4027580416,
			11811160064
		],
		[
			4027580416,
			11811160064
		],
		[
			4027580416,
			11811160064
		],
		[
			4027580416,
			11811160064
		],
		[
			4027580416,
			11811160064
		],
		[
			4027580416,
			11811160064
		],
		[
			4027580416,
			11811160064
		],
		[
			4027580416,
			11811160064
		],
		[
			4027580416,
			11811160064
		],
		[
			4027580416,
			11811160064
		],
		[
			4027580416,
			11811160064
		],
		[
			4027580416,
			11811160064
		],
		[
			4027580416,
			11811160064
		],
		[
			4027580416,
			11811160064
		],
		[
			4027580416,
			11811160064
		],
		[
			4027580416,
			11811160064
		],
		[
			4027580416,
			11811160064
		],
		[
			4027580416,
			11811160064
		],
		[
			4027580416,
			11811160064
		],
		[
			4027580416,
			11811160064
		],
		[
			4027580416,
			11811160064
		],
		[
			4027580416,
			11811160064
		],
		[
			4027580416,
			11811160064
		],
		[
			4027580416,
			11811160064
		],
		[
			4027580416,
			11811160064
		],
		[
			4027580416,
			11811160064
		],
		[
			4027580416,
			11811160064
		],
		[
			4027580416,
			11811160064
		],
		[
			4027580416,
			11811160064
		],
		[
			4027580416,
			11811160064
		],
		[
			4027580416,
			11811160064
		],
		[
			4027580416,
			11811160064
		],
		[
			4027580416,
			11811160064
		],
		[
			4027580416,
			11811160064
		],
		[
			4027580416,
			11811160064
		],
		[
			4027580416,
			11811160064
		],
		[
			4027580416,
			11811160064
		],
		[
			4027580416,
			11811160064
		],
		[
			4027580416,
			11811160064
		],
		[
			4027580416,
			11811160064
		],
		[
			4027580416,
			11811160064
		],
		[
			4027580416,
			11811160064
		],
		[
			4027580416,
			11811160064
		],
		[
			4027580416,
			11811160064
		],
		[
			4027580416,
			11811160064
		],
		[
			4027580416,
			11811160064
		],
		[
			4027580416,
			11811160064
		],
		[
			4027580416,
			11811160064
		],
		[
			4027580416,
			11811160064
		],
		[
			4027580416,
			11811160064
		],
		[
			4027580416,
			11811160064
		],
		[
			4027580416,
			11811160064
		],
		[
			4027580416,
			11811160064
		],
		[
			4027580416,
			11811160064
		],
		[
			4027580416,
			11811160064
		],
		[
			4027580416,
			11811160064
		],
		[
			4027580416,
			11811160064
		],
		[
			4027580416,
			11811160064
		],
		[
			4027580416,
			11811160064
		],
		[
			4027580416,
			11811160064
		],
		[
			4027580416,
			11811160064
		],
		[
			4027580416,
			11811160064
		],
		[
			4027580416,
			11811160064
		],
		[
			4027580416,
			11811160064
		],
		[
			4027580416,
			11811160064
		],
		[
			4027580416,
			11811160064
		],
		[
			4027580416,
			11811160064
		],
		[
			4027580416,
			11811160064
		],
		[
			4027580416,
			11811160064
		],
		[
			4027580416,
			11811160064
		],
		[
			4027580416,
			11811160064
		],
		[
			4027580416,
			11811160064
		],
		[
			4027580416,
			11811160064
		],
		[
			4027580416,
			11811160064
		],
		[
			4027580416,
			11811160064
		],
		[
			4027580416,
			11811160064
		],
		[
			4027580416,
			11811160064
		],
		[
			4027580416,
			11811160064
		],
		[
			4027580416,
			11811160064
		]
	],
	"utilization": [
		1,
		5,
		5,
		4,
		4,
		31,
		31,
		21,
		21,
		23,
		23,
		21,
		21,
		24,
		24,
		30,
		30,
		21,
		21,
		23,
		23,
		27,
		27,
		21,
		21,
		28,
		28,
		30,
		30,
		22,
		22,
		25,
		25,
		30,
		30,
		21,
		21,
		22,
		22,
		26,
		26,
		21,
		21,
		21,
		21,
		28,
		28,
		20,
		20,
		28,
		28,
		29,
		29,
		21,
		21,
		25,
		25,
		25,
		25,
		20,
		20,
		21,
		21,
		27,
		27,
		24,
		24,
		24,
		24,
		26,
		26,
		23,
		23,
		23,
		23,
		25,
		25,
		24,
		24,
		23,
		23,
		23,
		23,
		25,
		25,
		27,
		27,
		16,
		16,
		25
	],
	"computation_proportion": 25,
	"extra_dict": {}
}