{
	"model_name": "YoloV5S",
	"batch_size": 64,
	"duration_sec": 45,
	"mode": "train",
	"is_DDP": true,
	"process_group_backend": "gloo",
	"world_size": 2,
	"rank": 1,
	"local_rank": 0,
	"device_type": "gpu",
	"master_addr": "133.133.135.74",
	"master_port": 39920,
	"iteration_count": 126,
	"iteration_intervals": [
		1682631936,
		356024064,
		354765056,
		342836480,
		343737344,
		343891712,
		343443456,
		345768960,
		347951360,
		344712192,
		343948288,
		354679296,
		344512256,
		345398016,
		338480896,
		356768256,
		345249024,
		353110528,
		345339904,
		345240576,
		344517632,
		346046464,
		348134400,
		348395264,
		357053696,
		345170176,
		344099072,
		344510976,
		343839488,
		353113600,
		351987456,
		343895040,
		344758784,
		349956864,
		346334720,
		344757504,
		345927680,
		352010240,
		343878144,
		343776512,
		344071680,
		345784064,
		346861824,
		359075584,
		343944960,
		352020480,
		344369920,
		351970048,
		352146944,
		346183424,
		346076160,
		345240320,
		345359616,
		349641472,
		350172672,
		347020288,
		344712960,
		344508928,
		351122944,
		347949056,
		337234176,
		351469312,
		350322944,
		350662656,
		347206912,
		343911424,
		353867776,
		344309760,
		344428800,
		343814400,
		350779136,
		345043968,
		343793920,
		343710976,
		350505728,
		346226944,
		343861760,
		348667648,
		346099712,
		346085888,
		345136640,
		347005440,
		348423680,
		345594112,
		350497280,
		346606592,
		344712704,
		346748672,
		348076288,
		346395904,
		351765504,
		345177856,
		346172928,
		349239552,
		348974336,
		351122944,
		344134144,
		342772224,
		346891008,
		349660672,
		351604480,
		349178368,
		344918016,
		351546624,
		345473536,
		346774784,
		346064384,
		347400704,
		349015552,
		344963840,
		356375552,
		345335040,
		344203520,
		343877888,
		347002880,
		348063744,
		347767040,
		348173056,
		353898240,
		348605952,
		353074432,
		350122496,
		347024640,
		345784832,
		345206272,
		344774144
	],
	"iteration_intervals_avg": 347291191.0082645,
	"iteration_intervals_avg_second": 0.3472911910082645,
	"total_time_ns": 45103438080,
	"total_time_second": 45,
	"mem_infos": [
		[
			11229200384,
			11811160064
		],
		[
			10809769984,
			11811160064
		],
		[
			10574888960,
			11811160064
		],
		[
			7108296704,
			11811160064
		],
		[
			7078936576,
			11811160064
		],
		[
			7078936576,
			11811160064
		],
		[
			7078936576,
			11811160064
		],
		[
			7078936576,
			11811160064
		],
		[
			7078936576,
			11811160064
		],
		[
			7078936576,
			11811160064
		],
		[
			7078936576,
			11811160064
		],
		[
			7078936576,
			11811160064
		],
		[
			7078936576,
			11811160064
		],
		[
			7078936576,
			11811160064
		],
		[
			7078936576,
			11811160064
		],
		[
			7078936576,
			11811160064
		],
		[
			7078936576,
			11811160064
		],
		[
			7078936576,
			11811160064
		],
		[
			7078936576,
			11811160064
		],
		[
			7078936576,
			11811160064
		],
		[
			7078936576,
			11811160064
		],
		[
			7078936576,
			11811160064
		],
		[
			7078936576,
			11811160064
		],
		[
			7078936576,
			11811160064
		],
		[
			7078936576,
			11811160064
		],
		[
			7078936576,
			11811160064
		],
		[
			7078936576,
			11811160064
		],
		[
			7078936576,
			11811160064
		],
		[
			7078936576,
			11811160064
		],
		[
			7078936576,
			11811160064
		],
		[
			7078936576,
			11811160064
		],
		[
			7078936576,
			11811160064
		],
		[
			7078936576,
			11811160064
		],
		[
			7078936576,
			11811160064
		],
		[
			7078936576,
			11811160064
		],
		[
			7078936576,
			11811160064
		],
		[
			7078936576,
			11811160064
		],
		[
			7078936576,
			11811160064
		],
		[
			7078936576,
			11811160064
		],
		[
			7078936576,
			11811160064
		],
		[
			7078936576,
			11811160064
		],
		[
			7078936576,
			11811160064
		],
		[
			7078936576,
			11811160064
		],
		[
			7078936576,
			11811160064
		],
		[
			7078936576,
			11811160064
		],
		[
			7078936576,
			11811160064
		],
		[
			7078936576,
			11811160064
		],
		[
			7078936576,
			11811160064
		],
		[
			7078936576,
			11811160064
		],
		[
			7078936576,
			11811160064
		],
		[
			7078936576,
			11811160064
		],
		[
			7078936576,
			11811160064
		],
		[
			7078936576,
			11811160064
		],
		[
			7078936576,
			11811160064
		],
		[
			7078936576,
			11811160064
		],
		[
			7078936576,
			11811160064
		],
		[
			7078936576,
			11811160064
		],
		[
			7078936576,
			11811160064
		],
		[
			7078936576,
			11811160064
		],
		[
			7078936576,
			11811160064
		],
		[
			7078936576,
			11811160064
		],
		[
			7078936576,
			11811160064
		],
		[
			7078936576,
			11811160064
		],
		[
			7078936576,
			11811160064
		],
		[
			7078936576,
			11811160064
		],
		[
			7078936576,
			11811160064
		],
		[
			7078936576,
			11811160064
		],
		[
			7078936576,
			11811160064
		],
		[
			7078936576,
			11811160064
		],
		[
			7078936576,
			11811160064
		],
		[
			7078936576,
			11811160064
		],
		[
			7078936576,
			11811160064
		],
		[
			7078936576,
			11811160064
		],
		[
			7078936576,
			11811160064
		],
		[
			7078936576,
			11811160064
		],
		[
			7078936576,
			11811160064
		],
		[
			7078936576,
			11811160064
		],
		[
			7078936576,
			11811160064
		],
		[
			7078936576,
			11811160064
		],
		[
			7078936576,
			11811160064
		],
		[
			7078936576,
			11811160064
		],
		[
			7078936576,
			11811160064
		],
		[
			7078936576,
			11811160064
		],
		[
			7078936576,
			11811160064
		],
		[
			7078936576,
			11811160064
		],
		[
			7078936576,
			11811160064
		],
		[
			7078936576,
			11811160064
		],
		[
			7078936576,
			11811160064
		],
		[
			7078936576,
			11811160064
		],
		[
			7078936576,
			11811160064
		]
	],
	"utilization": [
		4,
		4,
		4,
		4,
		14,
		14,
		32,
		32,
		30,
		30,
		30,
		30,
		30,
		30,
		30,
		30,
		28,
		28,
		27,
		27,
		26,
		26,
		28,
		28,
		29,
		29,
		30,
		30,
		30,
		30,
		30,
		30,
		30,
		30,
		30,
		30,
		30,
		30,
		26,
		26,
		27,
		27,
		27,
		27,
		29,
		29,
		30,
		30,
		30,
		30,
		30,
		30,
		30,
		30,
		30,
		30,
		30,
		30,
		28,
		28,
		28,
		28,
		26,
		26,
		28,
		28,
		29,
		29,
		30,
		30,
		30,
		30,
		30,
		30,
		30,
		30,
		30,
		30,
		30,
		30,
		26,
		26,
		28,
		28,
		27,
		27,
		29,
		29,
		30,
		30
	],
	"computation_proportion": 80,
	"extra_dict": {}
}