{
	"model_name": "ConvNeXtT",
	"batch_size": 8,
	"duration_sec": 45,
	"mode": "train",
	"is_DDP": true,
	"process_group_backend": "gloo",
	"world_size": 4,
	"rank": 2,
	"local_rank": 0,
	"device_type": "gpu",
	"master_addr": "133.133.135.75",
	"master_port": 39920,
	"iteration_count": 22,
	"iteration_intervals": [
		3098815744,
		2016523520,
		2028096000,
		2025143296,
		2022788864,
		2015003136,
		2007692544,
		2008986880,
		2014609664,
		2018718208,
		2017148672,
		2021968640,
		2019354368,
		2024837120,
		2029501184,
		2037366784,
		2027062272,
		2023787264,
		2028347648,
		2028453888,
		2020002560,
		2018854656
	],
	"iteration_intervals_avg": 2021276205.1764705,
	"iteration_intervals_avg_second": 2.0212762051764703,
	"total_time_ns": 45555080448,
	"total_time_second": 45,
	"mem_infos": [
		[
			4881121280,
			5905580032
		],
		[
			4663017472,
			5905580032
		],
		[
			4453302272,
			5905580032
		],
		[
			3455057920,
			5905580032
		],
		[
			3455057920,
			5905580032
		],
		[
			3455057920,
			5905580032
		],
		[
			3455057920,
			5905580032
		],
		[
			3209691136,
			5905580032
		],
		[
			3209691136,
			5905580032
		],
		[
			3209691136,
			5905580032
		],
		[
			3209691136,
			5905580032
		],
		[
			3209691136,
			5905580032
		],
		[
			3209691136,
			5905580032
		],
		[
			3209691136,
			5905580032
		],
		[
			3209691136,
			5905580032
		],
		[
			3209691136,
			5905580032
		],
		[
			3209691136,
			5905580032
		],
		[
			3209691136,
			5905580032
		],
		[
			3209691136,
			5905580032
		],
		[
			3209691136,
			5905580032
		],
		[
			3209691136,
			5905580032
		],
		[
			3209691136,
			5905580032
		],
		[
			3209691136,
			5905580032
		],
		[
			3209691136,
			5905580032
		],
		[
			3209691136,
			5905580032
		],
		[
			3209691136,
			5905580032
		],
		[
			3209691136,
			5905580032
		],
		[
			3209691136,
			5905580032
		],
		[
			3209691136,
			5905580032
		],
		[
			3209691136,
			5905580032
		],
		[
			3209691136,
			5905580032
		],
		[
			3209691136,
			5905580032
		],
		[
			3209691136,
			5905580032
		],
		[
			3209691136,
			5905580032
		],
		[
			3209691136,
			5905580032
		],
		[
			3209691136,
			5905580032
		],
		[
			3209691136,
			5905580032
		],
		[
			3209691136,
			5905580032
		],
		[
			3209691136,
			5905580032
		],
		[
			3209691136,
			5905580032
		],
		[
			3209691136,
			5905580032
		],
		[
			3209691136,
			5905580032
		],
		[
			3209691136,
			5905580032
		],
		[
			3209691136,
			5905580032
		],
		[
			3209691136,
			5905580032
		],
		[
			3209691136,
			5905580032
		],
		[
			3209691136,
			5905580032
		],
		[
			3209691136,
			5905580032
		],
		[
			3209691136,
			5905580032
		],
		[
			3209691136,
			5905580032
		],
		[
			3209691136,
			5905580032
		],
		[
			3209691136,
			5905580032
		],
		[
			3209691136,
			5905580032
		],
		[
			3209691136,
			5905580032
		],
		[
			3209691136,
			5905580032
		],
		[
			3209691136,
			5905580032
		],
		[
			3209691136,
			5905580032
		],
		[
			3209691136,
			5905580032
		],
		[
			3209691136,
			5905580032
		],
		[
			3209691136,
			5905580032
		],
		[
			3209691136,
			5905580032
		],
		[
			3209691136,
			5905580032
		],
		[
			3209691136,
			5905580032
		],
		[
			3209691136,
			5905580032
		],
		[
			3209691136,
			5905580032
		],
		[
			3209691136,
			5905580032
		],
		[
			3209691136,
			5905580032
		],
		[
			3209691136,
			5905580032
		],
		[
			3209691136,
			5905580032
		],
		[
			3209691136,
			5905580032
		],
		[
			3209691136,
			5905580032
		],
		[
			3209691136,
			5905580032
		],
		[
			3209691136,
			5905580032
		],
		[
			3209691136,
			5905580032
		],
		[
			3209691136,
			5905580032
		],
		[
			3209691136,
			5905580032
		],
		[
			3209691136,
			5905580032
		],
		[
			3209691136,
			5905580032
		],
		[
			3209691136,
			5905580032
		],
		[
			3209691136,
			5905580032
		],
		[
			3209691136,
			5905580032
		],
		[
			3209691136,
			5905580032
		],
		[
			3209691136,
			5905580032
		],
		[
			3209691136,
			5905580032
		],
		[
			3209691136,
			5905580032
		],
		[
			3209691136,
			5905580032
		],
		[
			3209691136,
			5905580032
		],
		[
			3209691136,
			5905580032
		],
		[
			3209691136,
			5905580032
		],
		[
			3209691136,
			5905580032
		]
	],
	"utilization": [
		0,
		17,
		17,
		44,
		44,
		1,
		1,
		20,
		20,
		1,
		1,
		19,
		19,
		1,
		1,
		19,
		19,
		1,
		1,
		19,
		19,
		1,
		1,
		19,
		19,
		1,
		1,
		17,
		17,
		1,
		1,
		20,
		20,
		1,
		1,
		17,
		17,
		1,
		1,
		21,
		21,
		1,
		1,
		17,
		17,
		1,
		1,
		18,
		18,
		1,
		1,
		21,
		21,
		1,
		1,
		21,
		21,
		1,
		1,
		21,
		21,
		1,
		1,
		19,
		19,
		2,
		2,
		17,
		17,
		4,
		4,
		15,
		15,
		6,
		6,
		13,
		13,
		7,
		7,
		12,
		12,
		8,
		8,
		10,
		10,
		11,
		11,
		8,
		8,
		9
	],
	"computation_proportion": 10,
	"extra_dict": {}
}