{
	"model_name": "MEALV2",
	"batch_size": 32,
	"duration_sec": 45,
	"mode": "train",
	"is_DDP": true,
	"process_group_backend": "gloo",
	"world_size": 4,
	"rank": 1,
	"local_rank": 0,
	"device_type": "gpu",
	"master_addr": "133.133.135.75",
	"master_port": 39920,
	"iteration_count": 120,
	"iteration_intervals": [
		1498510592,
		75157760,
		71853568,
		67153664,
		77569280,
		69448960,
		78288640,
		103953920,
		116370944,
		131376896,
		134264832,
		1569881344,
		374097664,
		359073792,
		367032832,
		374649600,
		609217280,
		1849440256,
		358186240,
		243747840,
		245654784,
		154137088,
		222005248,
		128057856,
		148148736,
		118933760,
		203614720,
		125582080,
		73970944,
		88192768,
		112261120,
		131146240,
		1071683840,
		484537856,
		253456896,
		257977344,
		1461802240,
		613847040,
		265304576,
		351803136,
		370342144,
		484937984,
		1471155456,
		856302336,
		491587840,
		364412928,
		365152000,
		370481920,
		367560704,
		498031616,
		621567744,
		1593235200,
		617920256,
		360858368,
		360883968,
		365623552,
		260150016,
		137182976,
		223927808,
		147794176,
		209608448,
		135668480,
		125435648,
		127868416,
		133095936,
		124827904,
		113050112,
		118064128,
		101527040,
		63065600,
		93427968,
		1448175616,
		372232960,
		376468224,
		246058496,
		255584512,
		238945536,
		243844608,
		230015744,
		141041408,
		150308608,
		198676224,
		120340736,
		252763136,
		1461470976,
		366622976,
		259696896,
		355996672,
		1193458688,
		1090340864,
		523714048,
		462960128,
		369285888,
		278949376,
		243598336,
		243326976,
		146654720,
		188138240,
		157880576,
		131679232,
		130172416,
		123695616,
		119079168,
		119386880,
		135265280,
		112369152,
		117890304,
		1476396032,
		371780608,
		245706496,
		246452224,
		232770304,
		244739584,
		1350110464,
		373347328,
		250276096,
		255787520,
		343522304,
		139474432,
		246285568
	],
	"iteration_intervals_avg": 376596836.17391306,
	"iteration_intervals_avg_second": 0.37659683617391304,
	"total_time_ns": 45100563200,
	"total_time_second": 45,
	"mem_infos": [
		[
			5361369088,
			5905580032
		],
		[
			5088739328,
			5905580032
		],
		[
			4876926976,
			5905580032
		],
		[
			4155506688,
			5905580032
		],
		[
			4155506688,
			5905580032
		],
		[
			4155506688,
			5905580032
		],
		[
			4155506688,
			5905580032
		],
		[
			4155506688,
			5905580032
		],
		[
			4155506688,
			5905580032
		],
		[
			4155506688,
			5905580032
		],
		[
			4155506688,
			5905580032
		],
		[
			4155506688,
			5905580032
		],
		[
			4155506688,
			5905580032
		],
		[
			4155506688,
			5905580032
		],
		[
			4155506688,
			5905580032
		],
		[
			4155506688,
			5905580032
		],
		[
			4155506688,
			5905580032
		],
		[
			4155506688,
			5905580032
		],
		[
			4155506688,
			5905580032
		],
		[
			4155506688,
			5905580032
		],
		[
			4155506688,
			5905580032
		],
		[
			4155506688,
			5905580032
		],
		[
			4155506688,
			5905580032
		],
		[
			4155506688,
			5905580032
		],
		[
			4155506688,
			5905580032
		],
		[
			4155506688,
			5905580032
		],
		[
			4155506688,
			5905580032
		],
		[
			4155506688,
			5905580032
		],
		[
			4155506688,
			5905580032
		],
		[
			4155506688,
			5905580032
		],
		[
			4155506688,
			5905580032
		],
		[
			4155506688,
			5905580032
		],
		[
			4155506688,
			5905580032
		],
		[
			4155506688,
			5905580032
		],
		[
			4155506688,
			5905580032
		],
		[
			4155506688,
			5905580032
		],
		[
			4155506688,
			5905580032
		],
		[
			4155506688,
			5905580032
		],
		[
			4155506688,
			5905580032
		],
		[
			4155506688,
			5905580032
		],
		[
			4155506688,
			5905580032
		],
		[
			4155506688,
			5905580032
		],
		[
			4155506688,
			5905580032
		],
		[
			4155506688,
			5905580032
		],
		[
			4155506688,
			5905580032
		],
		[
			4155506688,
			5905580032
		],
		[
			4155506688,
			5905580032
		],
		[
			4155506688,
			5905580032
		],
		[
			4155506688,
			5905580032
		],
		[
			4155506688,
			5905580032
		],
		[
			4155506688,
			5905580032
		],
		[
			4155506688,
			5905580032
		],
		[
			4155506688,
			5905580032
		],
		[
			4155506688,
			5905580032
		],
		[
			4155506688,
			5905580032
		],
		[
			4155506688,
			5905580032
		],
		[
			4155506688,
			5905580032
		],
		[
			4155506688,
			5905580032
		],
		[
			4155506688,
			5905580032
		],
		[
			4155506688,
			5905580032
		],
		[
			4155506688,
			5905580032
		],
		[
			4155506688,
			5905580032
		],
		[
			4155506688,
			5905580032
		],
		[
			4155506688,
			5905580032
		],
		[
			4155506688,
			5905580032
		],
		[
			4155506688,
			5905580032
		],
		[
			4155506688,
			5905580032
		],
		[
			4155506688,
			5905580032
		],
		[
			4155506688,
			5905580032
		],
		[
			4155506688,
			5905580032
		],
		[
			4155506688,
			5905580032
		],
		[
			4155506688,
			5905580032
		],
		[
			4155506688,
			5905580032
		],
		[
			4155506688,
			5905580032
		],
		[
			4155506688,
			5905580032
		],
		[
			4155506688,
			5905580032
		],
		[
			4155506688,
			5905580032
		],
		[
			4155506688,
			5905580032
		],
		[
			4155506688,
			5905580032
		],
		[
			4155506688,
			5905580032
		],
		[
			4155506688,
			5905580032
		],
		[
			4155506688,
			5905580032
		],
		[
			4155506688,
			5905580032
		],
		[
			4155506688,
			5905580032
		],
		[
			4155506688,
			5905580032
		],
		[
			4155506688,
			5905580032
		],
		[
			4155506688,
			5905580032
		],
		[
			4155506688,
			5905580032
		],
		[
			4155506688,
			5905580032
		],
		[
			4155506688,
			5905580032
		]
	],
	"utilization": [
		12,
		12,
		11,
		11,
		50,
		50,
		26,
		26,
		4,
		4,
		15,
		15,
		13,
		13,
		6,
		6,
		7,
		7,
		25,
		25,
		45,
		45,
		15,
		15,
		10,
		10,
		13,
		13,
		6,
		6,
		17,
		17,
		15,
		15,
		0,
		0,
		6,
		6,
		16,
		16,
		16,
		16,
		14,
		14,
		7,
		7,
		7,
		7,
		13,
		13,
		24,
		24,
		43,
		43,
		35,
		35,
		1,
		1,
		19,
		19,
		28,
		28,
		31,
		31,
		3,
		3,
		19,
		19,
		6,
		6,
		4,
		4,
		7,
		7,
		17,
		17,
		28,
		28,
		47,
		47,
		12,
		12,
		10,
		10,
		28,
		28,
		1,
		1,
		18,
		18
	],
	"computation_proportion": 10,
	"extra_dict": {}
}