{
	"model_name": "SqueezeNet",
	"batch_size": 128,
	"duration_sec": 45,
	"mode": "train",
	"is_DDP": true,
	"process_group_backend": "gloo",
	"world_size": 1,
	"rank": 0,
	"local_rank": 0,
	"device_type": "gpu",
	"master_addr": "133.133.135.75",
	"master_port": 39920,
	"iteration_count": 101,
	"iteration_intervals": [
		1794217728,
		733461504,
		617596928,
		510457088,
		472485120,
		478802176,
		372530432,
		472435968,
		386978304,
		476231936,
		384237568,
		477704192,
		380393728,
		465179136,
		388072960,
		406463744,
		455956736,
		397518080,
		460654592,
		399349760,
		456757760,
		395391488,
		464201472,
		390699520,
		458017024,
		393212672,
		468204544,
		398936320,
		452118784,
		399055104,
		462928384,
		384500992,
		470971392,
		399570176,
		462624000,
		384933120,
		471149056,
		384728832,
		477882368,
		379647744,
		477248256,
		383229440,
		470053632,
		377688064,
		482068480,
		384502528,
		470782464,
		388296448,
		468817664,
		383404544,
		477529088,
		386655744,
		476541952,
		375138304,
		481079808,
		377384448,
		472131584,
		383693824,
		477529344,
		376099072,
		398628352,
		464572672,
		391316736,
		462435328,
		397752832,
		454218496,
		406448640,
		457077248,
		394810368,
		459074048,
		388547072,
		468493056,
		389060352,
		470830336,
		393504512,
		459864576,
		399943424,
		456958720,
		396608000,
		465845504,
		381912832,
		469811456,
		394430720,
		465542912,
		385179392,
		476292608,
		382381056,
		472236800,
		375611392,
		480545280,
		380218880,
		482547200,
		375711488,
		478341632,
		376344576,
		476571392,
		383716864,
		476630528,
		381770240,
		477513472,
		373924608
	],
	"iteration_intervals_avg": 427616045.3333333,
	"iteration_intervals_avg_second": 0.4276160453333333,
	"total_time_ns": 45180099328,
	"total_time_second": 45,
	"mem_infos": [
		[
			11269046272,
			11811160064
		],
		[
			10367270912,
			11811160064
		],
		[
			10134487040,
			11811160064
		],
		[
			5589958656,
			11811160064
		],
		[
			4027580416,
			11811160064
		],
		[
			4027580416,
			11811160064
		],
		[
			4027580416,
			11811160064
		],
		[
			4027580416,
			11811160064
		],
		[
			4027580416,
			11811160064
		],
		[
			4027580416,
			11811160064
		],
		[
			4027580416,
			11811160064
		],
		[
			4027580416,
			11811160064
		],
		[
			4027580416,
			11811160064
		],
		[
			4027580416,
			11811160064
		],
		[
			4027580416,
			11811160064
		],
		[
			4027580416,
			11811160064
		],
		[
			4027580416,
			11811160064
		],
		[
			4027580416,
			11811160064
		],
		[
			4027580416,
			11811160064
		],
		[
			4027580416,
			11811160064
		],
		[
			4027580416,
			11811160064
		],
		[
			4027580416,
			11811160064
		],
		[
			4027580416,
			11811160064
		],
		[
			4027580416,
			11811160064
		],
		[
			4027580416,
			11811160064
		],
		[
			4027580416,
			11811160064
		],
		[
			4027580416,
			11811160064
		],
		[
			4027580416,
			11811160064
		],
		[
			4027580416,
			11811160064
		],
		[
			4027580416,
			11811160064
		],
		[
			4027580416,
			11811160064
		],
		[
			4027580416,
			11811160064
		],
		[
			4027580416,
			11811160064
		],
		[
			4027580416,
			11811160064
		],
		[
			4027580416,
			11811160064
		],
		[
			4027580416,
			11811160064
		],
		[
			4027580416,
			11811160064
		],
		[
			4027580416,
			11811160064
		],
		[
			4027580416,
			11811160064
		],
		[
			4027580416,
			11811160064
		],
		[
			4027580416,
			11811160064
		],
		[
			4027580416,
			11811160064
		],
		[
			4027580416,
			11811160064
		],
		[
			4027580416,
			11811160064
		],
		[
			4027580416,
			11811160064
		],
		[
			4027580416,
			11811160064
		],
		[
			4027580416,
			11811160064
		],
		[
			4027580416,
			11811160064
		],
		[
			4027580416,
			11811160064
		],
		[
			4027580416,
			11811160064
		],
		[
			4027580416,
			11811160064
		],
		[
			4027580416,
			11811160064
		],
		[
			4027580416,
			11811160064
		],
		[
			4027580416,
			11811160064
		],
		[
			4027580416,
			11811160064
		],
		[
			4027580416,
			11811160064
		],
		[
			4027580416,
			11811160064
		],
		[
			4027580416,
			11811160064
		],
		[
			4027580416,
			11811160064
		],
		[
			4027580416,
			11811160064
		],
		[
			4027580416,
			11811160064
		],
		[
			4027580416,
			11811160064
		],
		[
			4027580416,
			11811160064
		],
		[
			4027580416,
			11811160064
		],
		[
			4027580416,
			11811160064
		],
		[
			4027580416,
			11811160064
		],
		[
			4027580416,
			11811160064
		],
		[
			4027580416,
			11811160064
		],
		[
			4027580416,
			11811160064
		],
		[
			4027580416,
			11811160064
		],
		[
			4027580416,
			11811160064
		],
		[
			4027580416,
			11811160064
		],
		[
			4027580416,
			11811160064
		],
		[
			4027580416,
			11811160064
		],
		[
			4027580416,
			11811160064
		],
		[
			4027580416,
			11811160064
		],
		[
			4027580416,
			11811160064
		],
		[
			4027580416,
			11811160064
		],
		[
			4027580416,
			11811160064
		],
		[
			4027580416,
			11811160064
		],
		[
			4027580416,
			11811160064
		],
		[
			4027580416,
			11811160064
		],
		[
			4027580416,
			11811160064
		],
		[
			4027580416,
			11811160064
		],
		[
			4027580416,
			11811160064
		],
		[
			4027580416,
			11811160064
		],
		[
			4027580416,
			11811160064
		],
		[
			4027580416,
			11811160064
		],
		[
			4027580416,
			11811160064
		],
		[
			4027580416,
			11811160064
		]
	],
	"utilization": [
		0,
		5,
		5,
		5,
		5,
		20,
		20,
		24,
		24,
		30,
		30,
		34,
		34,
		33,
		33,
		31,
		31,
		31,
		31,
		32,
		32,
		34,
		34,
		31,
		31,
		32,
		32,
		33,
		33,
		31,
		31,
		34,
		34,
		31,
		31,
		31,
		31,
		33,
		33,
		33,
		33,
		33,
		33,
		31,
		31,
		30,
		30,
		33,
		33,
		34,
		34,
		31,
		31,
		32,
		32,
		31,
		31,
		33,
		33,
		34,
		34,
		30,
		30,
		30,
		30,
		34,
		34,
		33,
		33,
		32,
		32,
		32,
		32,
		30,
		30,
		33,
		33,
		35,
		35,
		30,
		30,
		32,
		32,
		32,
		32,
		33,
		33,
		33,
		33,
		30
	],
	"computation_proportion": 55,
	"extra_dict": {}
}