{
	"model_name": "MobileNetV3S",
	"batch_size": 256,
	"duration_sec": 45,
	"mode": "train",
	"is_DDP": true,
	"process_group_backend": "gloo",
	"world_size": 1,
	"rank": 0,
	"local_rank": 0,
	"device_type": "gpu",
	"master_addr": "133.133.135.75",
	"master_port": 39920,
	"iteration_count": 153,
	"iteration_intervals": [
		1201160448,
		380050944,
		363504384,
		355844352,
		337505792,
		297711360,
		344898560,
		274109952,
		339031808,
		323586304,
		276071936,
		266286336,
		343095552,
		274039040,
		343196928,
		271138304,
		336217600,
		270791936,
		331346688,
		271106816,
		251723520,
		342662144,
		259371264,
		254378240,
		252569600,
		329914880,
		244989440,
		266832128,
		248207872,
		331543296,
		257722880,
		271289344,
		334140160,
		262712832,
		251965952,
		332320256,
		263184384,
		259164928,
		337344768,
		245740032,
		356777216,
		249133568,
		330615040,
		282210560,
		267937024,
		343873792,
		265312000,
		327112704,
		263244800,
		260575744,
		250665216,
		332608512,
		255105536,
		262731520,
		354768128,
		257060096,
		343279872,
		258552320,
		343731200,
		259478016,
		321179392,
		280831232,
		259804160,
		248467712,
		337933056,
		255976960,
		260400640,
		333341440,
		255006720,
		263185408,
		251668736,
		337228288,
		251295488,
		263743232,
		328533504,
		256276992,
		268495360,
		339947520,
		264860160,
		344030208,
		258411520,
		263936768,
		333053696,
		248983808,
		256886272,
		254417408,
		326529024,
		257562880,
		266287872,
		338402816,
		258662656,
		310315008,
		285593088,
		265553408,
		340549888,
		263596288,
		251539456,
		335066880,
		253078528,
		263974400,
		250127616,
		334645248,
		252918784,
		263879680,
		334929664,
		253078016,
		265170944,
		345005824,
		247099136,
		270995200,
		329132544,
		265863168,
		311256832,
		278722048,
		270406912,
		338230272,
		264168448,
		354180352,
		268877056,
		335865600,
		272541440,
		334685440,
		260712192,
		255566848,
		336206848,
		250981888,
		268655104,
		335638272,
		265389568,
		261499392,
		319108096,
		265454848,
		255803648,
		251346688,
		326389760,
		248609280,
		258383616,
		254726400,
		262465280,
		323559680,
		260471808,
		320178432,
		282202880,
		262053376,
		302104320,
		279633408,
		263950592,
		254720000,
		250927104,
		324272640,
		247141120,
		256416768,
		263782656
	],
	"iteration_intervals_avg": 286418381.8378378,
	"iteration_intervals_avg_second": 0.2864183818378378,
	"total_time_ns": 45030143744,
	"total_time_second": 45,
	"mem_infos": [
		[
			10969153536,
			11811160064
		],
		[
			10543431680,
			11811160064
		],
		[
			6386876416,
			11811160064
		],
		[
			5705302016,
			11811160064
		],
		[
			5705302016,
			11811160064
		],
		[
			5705302016,
			11811160064
		],
		[
			5705302016,
			11811160064
		],
		[
			5705302016,
			11811160064
		],
		[
			5705302016,
			11811160064
		],
		[
			5705302016,
			11811160064
		],
		[
			5705302016,
			11811160064
		],
		[
			5705302016,
			11811160064
		],
		[
			5705302016,
			11811160064
		],
		[
			5705302016,
			11811160064
		],
		[
			5705302016,
			11811160064
		],
		[
			5705302016,
			11811160064
		],
		[
			5705302016,
			11811160064
		],
		[
			5705302016,
			11811160064
		],
		[
			5705302016,
			11811160064
		],
		[
			5705302016,
			11811160064
		],
		[
			5705302016,
			11811160064
		],
		[
			5705302016,
			11811160064
		],
		[
			5705302016,
			11811160064
		],
		[
			5705302016,
			11811160064
		],
		[
			5705302016,
			11811160064
		],
		[
			5705302016,
			11811160064
		],
		[
			5705302016,
			11811160064
		],
		[
			5705302016,
			11811160064
		],
		[
			5705302016,
			11811160064
		],
		[
			5705302016,
			11811160064
		],
		[
			5705302016,
			11811160064
		],
		[
			5705302016,
			11811160064
		],
		[
			5705302016,
			11811160064
		],
		[
			5705302016,
			11811160064
		],
		[
			5705302016,
			11811160064
		],
		[
			5705302016,
			11811160064
		],
		[
			5705302016,
			11811160064
		],
		[
			5705302016,
			11811160064
		],
		[
			5705302016,
			11811160064
		],
		[
			5705302016,
			11811160064
		],
		[
			5705302016,
			11811160064
		],
		[
			5705302016,
			11811160064
		],
		[
			5705302016,
			11811160064
		],
		[
			5705302016,
			11811160064
		],
		[
			5705302016,
			11811160064
		],
		[
			5705302016,
			11811160064
		],
		[
			5705302016,
			11811160064
		],
		[
			5705302016,
			11811160064
		],
		[
			5705302016,
			11811160064
		],
		[
			5705302016,
			11811160064
		],
		[
			5705302016,
			11811160064
		],
		[
			5705302016,
			11811160064
		],
		[
			5705302016,
			11811160064
		],
		[
			5705302016,
			11811160064
		],
		[
			5705302016,
			11811160064
		],
		[
			5705302016,
			11811160064
		],
		[
			5705302016,
			11811160064
		],
		[
			5705302016,
			11811160064
		],
		[
			5705302016,
			11811160064
		],
		[
			5705302016,
			11811160064
		],
		[
			5705302016,
			11811160064
		],
		[
			5705302016,
			11811160064
		],
		[
			5705302016,
			11811160064
		],
		[
			5705302016,
			11811160064
		],
		[
			5705302016,
			11811160064
		],
		[
			5705302016,
			11811160064
		],
		[
			5705302016,
			11811160064
		],
		[
			5705302016,
			11811160064
		],
		[
			5705302016,
			11811160064
		],
		[
			5705302016,
			11811160064
		],
		[
			5705302016,
			11811160064
		],
		[
			5705302016,
			11811160064
		],
		[
			5705302016,
			11811160064
		],
		[
			5705302016,
			11811160064
		],
		[
			5705302016,
			11811160064
		],
		[
			5705302016,
			11811160064
		],
		[
			5705302016,
			11811160064
		],
		[
			5705302016,
			11811160064
		],
		[
			5705302016,
			11811160064
		],
		[
			5705302016,
			11811160064
		],
		[
			5705302016,
			11811160064
		],
		[
			5705302016,
			11811160064
		],
		[
			5705302016,
			11811160064
		],
		[
			5705302016,
			11811160064
		],
		[
			5705302016,
			11811160064
		],
		[
			5705302016,
			11811160064
		],
		[
			5705302016,
			11811160064
		],
		[
			5705302016,
			11811160064
		],
		[
			5705302016,
			11811160064
		],
		[
			5705302016,
			11811160064
		]
	],
	"utilization": [
		8,
		8,
		11,
		11,
		28,
		28,
		33,
		33,
		35,
		35,
		38,
		38,
		35,
		35,
		34,
		34,
		35,
		35,
		40,
		40,
		38,
		38,
		34,
		34,
		36,
		36,
		38,
		38,
		34,
		34,
		33,
		33,
		38,
		38,
		36,
		36,
		33,
		33,
		36,
		36,
		37,
		37,
		35,
		35,
		37,
		37,
		38,
		38,
		34,
		34,
		34,
		34,
		39,
		39,
		37,
		37,
		34,
		34,
		35,
		35,
		40,
		40,
		36,
		36,
		34,
		34,
		37,
		37,
		36,
		36,
		33,
		33,
		34,
		34,
		38,
		38,
		35,
		35,
		35,
		35,
		39,
		39,
		40,
		40,
		36,
		36,
		35,
		35,
		41,
		41
	],
	"computation_proportion": 35,
	"extra_dict": {}
}