{
	"model_name": "ConvNeXtT",
	"batch_size": 8,
	"duration_sec": 45,
	"mode": "train",
	"is_DDP": true,
	"process_group_backend": "gloo",
	"world_size": 1,
	"rank": 0,
	"local_rank": 0,
	"device_type": "gpu",
	"master_addr": "133.133.135.75",
	"master_port": 39920,
	"iteration_count": 77,
	"iteration_intervals": [
		1109148416,
		677725440,
		982290176,
		850839808,
		620632064,
		612004608,
		595262720,
		613782528,
		604322816,
		608543744,
		497864192,
		493569536,
		489646848,
		589457152,
		509223936,
		605924352,
		731974144,
		841644288,
		620608512,
		602209536,
		609117440,
		482634496,
		493336064,
		494824448,
		598188288,
		608249088,
		731413248,
		738683904,
		609521408,
		601787904,
		498850048,
		492281088,
		479091968,
		488512512,
		496045056,
		596046848,
		607302656,
		517716992,
		581173760,
		613093888,
		606048768,
		730575616,
		613257984,
		505256192,
		592903680,
		493410560,
		605789696,
		611630848,
		726743296,
		612736000,
		485185792,
		505223168,
		480980736,
		480433152,
		401305600,
		475211264,
		583361024,
		501591808,
		718293248,
		614086144,
		618906112,
		595531776,
		492862720,
		601841920,
		499592448,
		603722752,
		484950528,
		484329728,
		403755008,
		466652160,
		507864064,
		578485504,
		612224512,
		602261504,
		497867520,
		605490176,
		608809984
	],
	"iteration_intervals_avg": 568931708.4444444,
	"iteration_intervals_avg_second": 0.5689317084444444,
	"total_time_ns": 45205715200,
	"total_time_second": 45,
	"mem_infos": [
		[
			10786701312,
			11811160064
		],
		[
			10549723136,
			11811160064
		],
		[
			9463398400,
			11811160064
		],
		[
			9115271168,
			11811160064
		],
		[
			9115271168,
			11811160064
		],
		[
			9115271168,
			11811160064
		],
		[
			9115271168,
			11811160064
		],
		[
			9115271168,
			11811160064
		],
		[
			9115271168,
			11811160064
		],
		[
			9115271168,
			11811160064
		],
		[
			9115271168,
			11811160064
		],
		[
			9115271168,
			11811160064
		],
		[
			9115271168,
			11811160064
		],
		[
			9115271168,
			11811160064
		],
		[
			9115271168,
			11811160064
		],
		[
			9115271168,
			11811160064
		],
		[
			9115271168,
			11811160064
		],
		[
			9115271168,
			11811160064
		],
		[
			9115271168,
			11811160064
		],
		[
			9115271168,
			11811160064
		],
		[
			9115271168,
			11811160064
		],
		[
			9115271168,
			11811160064
		],
		[
			9115271168,
			11811160064
		],
		[
			9115271168,
			11811160064
		],
		[
			9115271168,
			11811160064
		],
		[
			9115271168,
			11811160064
		],
		[
			9115271168,
			11811160064
		],
		[
			9115271168,
			11811160064
		],
		[
			9115271168,
			11811160064
		],
		[
			9115271168,
			11811160064
		],
		[
			9115271168,
			11811160064
		],
		[
			9115271168,
			11811160064
		],
		[
			9115271168,
			11811160064
		],
		[
			9115271168,
			11811160064
		],
		[
			9115271168,
			11811160064
		],
		[
			9115271168,
			11811160064
		],
		[
			9115271168,
			11811160064
		],
		[
			9115271168,
			11811160064
		],
		[
			9115271168,
			11811160064
		],
		[
			9115271168,
			11811160064
		],
		[
			9115271168,
			11811160064
		],
		[
			9115271168,
			11811160064
		],
		[
			9115271168,
			11811160064
		],
		[
			9115271168,
			11811160064
		],
		[
			9115271168,
			11811160064
		],
		[
			9115271168,
			11811160064
		],
		[
			9115271168,
			11811160064
		],
		[
			9115271168,
			11811160064
		],
		[
			9115271168,
			11811160064
		],
		[
			9115271168,
			11811160064
		],
		[
			9115271168,
			11811160064
		],
		[
			9115271168,
			11811160064
		],
		[
			9115271168,
			11811160064
		],
		[
			9115271168,
			11811160064
		],
		[
			9115271168,
			11811160064
		],
		[
			9115271168,
			11811160064
		],
		[
			9115271168,
			11811160064
		],
		[
			9115271168,
			11811160064
		],
		[
			9115271168,
			11811160064
		],
		[
			9115271168,
			11811160064
		],
		[
			9115271168,
			11811160064
		],
		[
			9115271168,
			11811160064
		],
		[
			9115271168,
			11811160064
		],
		[
			9115271168,
			11811160064
		],
		[
			9115271168,
			11811160064
		],
		[
			9115271168,
			11811160064
		],
		[
			9115271168,
			11811160064
		],
		[
			9115271168,
			11811160064
		],
		[
			9115271168,
			11811160064
		],
		[
			9115271168,
			11811160064
		],
		[
			9115271168,
			11811160064
		],
		[
			9115271168,
			11811160064
		],
		[
			9115271168,
			11811160064
		],
		[
			9115271168,
			11811160064
		],
		[
			9115271168,
			11811160064
		],
		[
			9115271168,
			11811160064
		],
		[
			9115271168,
			11811160064
		],
		[
			9115271168,
			11811160064
		],
		[
			9115271168,
			11811160064
		],
		[
			9115271168,
			11811160064
		],
		[
			9115271168,
			11811160064
		],
		[
			9115271168,
			11811160064
		],
		[
			9115271168,
			11811160064
		],
		[
			9115271168,
			11811160064
		],
		[
			9115271168,
			11811160064
		],
		[
			9115271168,
			11811160064
		],
		[
			9115271168,
			11811160064
		],
		[
			9115271168,
			11811160064
		],
		[
			9115271168,
			11811160064
		],
		[
			9115271168,
			11811160064
		]
	],
	"utilization": [
		6,
		13,
		13,
		18,
		18,
		9,
		9,
		12,
		12,
		10,
		10,
		17,
		17,
		13,
		13,
		15,
		15,
		17,
		17,
		17,
		17,
		16,
		16,
		10,
		10,
		14,
		14,
		12,
		12,
		18,
		18,
		18,
		18,
		17,
		17,
		10,
		10,
		14,
		14,
		15,
		15,
		19,
		19,
		17,
		17,
		15,
		15,
		18,
		18,
		17,
		17,
		10,
		10,
		16,
		16,
		17,
		17,
		17,
		17,
		11,
		11,
		16,
		16,
		16,
		16,
		19,
		19,
		18,
		18,
		17,
		17,
		12,
		12,
		16,
		16,
		17,
		17,
		14,
		14,
		15,
		15,
		22,
		22,
		19,
		19,
		12,
		12,
		17,
		17,
		17
	],
	"computation_proportion": 15,
	"extra_dict": {}
}