{
	"model_name": "SqueezeNet",
	"batch_size": 256,
	"duration_sec": 45,
	"mode": "train",
	"is_DDP": true,
	"process_group_backend": "gloo",
	"world_size": 1,
	"rank": 0,
	"local_rank": 0,
	"device_type": "gpu",
	"master_addr": "133.133.135.75",
	"master_port": 39920,
	"iteration_count": 51,
	"iteration_intervals": [
		2390331392,
		957698816,
		856251392,
		862048512,
		750290688,
		852676864,
		848450048,
		965837312,
		844776448,
		861900032,
		845623808,
		874176256,
		861105920,
		847744000,
		861562368,
		853250048,
		861810432,
		854801920,
		842361088,
		861333760,
		850180864,
		857054720,
		850645248,
		758805760,
		849611520,
		857622784,
		847276288,
		845646848,
		864979712,
		947671296,
		858867200,
		856857600,
		844221952,
		859608064,
		859801600,
		852478464,
		850034688,
		850978048,
		864279296,
		851760896,
		857865728,
		849081600,
		760723456,
		846656256,
		860812032,
		923037696,
		848581376,
		871732736,
		849390080,
		863852544,
		851292928
	],
	"iteration_intervals_avg": 856496077.9130435,
	"iteration_intervals_avg_second": 0.8564960779130435,
	"total_time_ns": 45216247552,
	"total_time_second": 45,
	"mem_infos": [
		[
			11269046272,
			11811160064
		],
		[
			9708765184,
			11811160064
		],
		[
			9467592704,
			11811160064
		],
		[
			2846883840,
			11811160064
		],
		[
			3541041152,
			11811160064
		],
		[
			1196425216,
			11811160064
		],
		[
			441450496,
			11811160064
		],
		[
			441450496,
			11811160064
		],
		[
			441450496,
			11811160064
		],
		[
			441450496,
			11811160064
		],
		[
			441450496,
			11811160064
		],
		[
			441450496,
			11811160064
		],
		[
			441450496,
			11811160064
		],
		[
			441450496,
			11811160064
		],
		[
			441450496,
			11811160064
		],
		[
			441450496,
			11811160064
		],
		[
			441450496,
			11811160064
		],
		[
			441450496,
			11811160064
		],
		[
			441450496,
			11811160064
		],
		[
			441450496,
			11811160064
		],
		[
			441450496,
			11811160064
		],
		[
			441450496,
			11811160064
		],
		[
			441450496,
			11811160064
		],
		[
			441450496,
			11811160064
		],
		[
			441450496,
			11811160064
		],
		[
			441450496,
			11811160064
		],
		[
			441450496,
			11811160064
		],
		[
			441450496,
			11811160064
		],
		[
			441450496,
			11811160064
		],
		[
			441450496,
			11811160064
		],
		[
			441450496,
			11811160064
		],
		[
			441450496,
			11811160064
		],
		[
			441450496,
			11811160064
		],
		[
			441450496,
			11811160064
		],
		[
			441450496,
			11811160064
		],
		[
			441450496,
			11811160064
		],
		[
			441450496,
			11811160064
		],
		[
			441450496,
			11811160064
		],
		[
			441450496,
			11811160064
		],
		[
			441450496,
			11811160064
		],
		[
			441450496,
			11811160064
		],
		[
			441450496,
			11811160064
		],
		[
			441450496,
			11811160064
		],
		[
			441450496,
			11811160064
		],
		[
			441450496,
			11811160064
		],
		[
			441450496,
			11811160064
		],
		[
			441450496,
			11811160064
		],
		[
			441450496,
			11811160064
		],
		[
			441450496,
			11811160064
		],
		[
			441450496,
			11811160064
		],
		[
			441450496,
			11811160064
		],
		[
			441450496,
			11811160064
		],
		[
			441450496,
			11811160064
		],
		[
			441450496,
			11811160064
		],
		[
			441450496,
			11811160064
		],
		[
			441450496,
			11811160064
		],
		[
			441450496,
			11811160064
		],
		[
			441450496,
			11811160064
		],
		[
			441450496,
			11811160064
		],
		[
			441450496,
			11811160064
		],
		[
			441450496,
			11811160064
		],
		[
			441450496,
			11811160064
		],
		[
			441450496,
			11811160064
		],
		[
			441450496,
			11811160064
		],
		[
			441450496,
			11811160064
		],
		[
			441450496,
			11811160064
		],
		[
			441450496,
			11811160064
		],
		[
			441450496,
			11811160064
		],
		[
			441450496,
			11811160064
		],
		[
			441450496,
			11811160064
		],
		[
			441450496,
			11811160064
		],
		[
			441450496,
			11811160064
		],
		[
			441450496,
			11811160064
		],
		[
			441450496,
			11811160064
		],
		[
			441450496,
			11811160064
		],
		[
			441450496,
			11811160064
		],
		[
			441450496,
			11811160064
		],
		[
			441450496,
			11811160064
		],
		[
			441450496,
			11811160064
		],
		[
			441450496,
			11811160064
		],
		[
			441450496,
			11811160064
		],
		[
			441450496,
			11811160064
		],
		[
			441450496,
			11811160064
		],
		[
			441450496,
			11811160064
		],
		[
			441450496,
			11811160064
		],
		[
			441450496,
			11811160064
		],
		[
			441450496,
			11811160064
		],
		[
			441450496,
			11811160064
		],
		[
			441450496,
			11811160064
		],
		[
			441450496,
			11811160064
		]
	],
	"utilization": [
		4,
		4,
		4,
		4,
		13,
		13,
		36,
		36,
		35,
		35,
		35,
		35,
		32,
		32,
		30,
		30,
		32,
		32,
		27,
		27,
		33,
		33,
		35,
		35,
		33,
		33,
		29,
		29,
		31,
		31,
		34,
		34,
		35,
		35,
		31,
		31,
		31,
		31,
		31,
		31,
		33,
		33,
		33,
		33,
		34,
		34,
		33,
		33,
		30,
		30,
		30,
		30,
		33,
		33,
		32,
		32,
		33,
		33,
		31,
		31,
		30,
		30,
		34,
		34,
		33,
		33,
		32,
		32,
		32,
		32,
		32,
		32,
		31,
		31,
		31,
		31,
		33,
		33,
		36,
		36,
		30,
		30,
		29,
		29,
		32,
		32,
		33,
		33,
		31,
		31
	],
	"computation_proportion": 65,
	"extra_dict": {}
}