{
	"model_name": "ConvNeXtS",
	"batch_size": 32,
	"duration_sec": 45,
	"mode": "train",
	"is_DDP": true,
	"process_group_backend": "gloo",
	"world_size": 1,
	"rank": 0,
	"local_rank": 0,
	"device_type": "gpu",
	"master_addr": "133.133.135.75",
	"master_port": 39920,
	"iteration_count": 91,
	"iteration_intervals": [
		1359341056,
		468582400,
		483348224,
		476206848,
		495093760,
		484204032,
		464926208,
		479832832,
		519217664,
		468302592,
		490010880,
		483977728,
		472298496,
		490067200,
		471845888,
		505871872,
		484669952,
		504361216,
		485870592,
		486022656,
		473689856,
		499193856,
		486113792,
		470209280,
		491248128,
		493747456,
		485238784,
		484301568,
		494716672,
		471501824,
		481521664,
		494319616,
		484847360,
		491947264,
		493260288,
		476611072,
		487369728,
		473959168,
		497424896,
		484666880,
		484225536,
		485198080,
		484761088,
		494585856,
		487221760,
		475276288,
		482801664,
		494939136,
		485605376,
		493824768,
		470914560,
		499027968,
		486286848,
		490246912,
		479283456,
		483315456,
		483678464,
		479344384,
		480824320,
		474771200,
		481041408,
		500870400,
		492034816,
		488657408,
		485910272,
		494734336,
		473005312,
		492446976,
		465303808,
		494301952,
		484137728,
		486400000,
		509422336,
		481132032,
		474722304,
		483562240,
		501239040,
		469685760,
		493755392,
		491227392,
		482310400,
		484358656,
		486148096,
		483449600,
		493532928,
		494970880,
		474594304,
		479740160,
		493647104,
		475719936,
		493775872
	],
	"iteration_intervals_avg": 485922568.9302326,
	"iteration_intervals_avg_second": 0.48592256893023256,
	"total_time_ns": 45073999616,
	"total_time_second": 45,
	"mem_infos": [
		[
			10765729792,
			11811160064
		],
		[
			10509877248,
			11811160064
		],
		[
			6758072320,
			11811160064
		],
		[
			6388973568,
			11811160064
		],
		[
			6388973568,
			11811160064
		],
		[
			6388973568,
			11811160064
		],
		[
			6388973568,
			11811160064
		],
		[
			6388973568,
			11811160064
		],
		[
			6388973568,
			11811160064
		],
		[
			6388973568,
			11811160064
		],
		[
			6388973568,
			11811160064
		],
		[
			6388973568,
			11811160064
		],
		[
			6388973568,
			11811160064
		],
		[
			6388973568,
			11811160064
		],
		[
			6388973568,
			11811160064
		],
		[
			6388973568,
			11811160064
		],
		[
			6388973568,
			11811160064
		],
		[
			6388973568,
			11811160064
		],
		[
			6388973568,
			11811160064
		],
		[
			6388973568,
			11811160064
		],
		[
			6388973568,
			11811160064
		],
		[
			6388973568,
			11811160064
		],
		[
			6388973568,
			11811160064
		],
		[
			6388973568,
			11811160064
		],
		[
			6388973568,
			11811160064
		],
		[
			6388973568,
			11811160064
		],
		[
			6388973568,
			11811160064
		],
		[
			6388973568,
			11811160064
		],
		[
			6388973568,
			11811160064
		],
		[
			6388973568,
			11811160064
		],
		[
			6388973568,
			11811160064
		],
		[
			6388973568,
			11811160064
		],
		[
			6388973568,
			11811160064
		],
		[
			6388973568,
			11811160064
		],
		[
			6388973568,
			11811160064
		],
		[
			6388973568,
			11811160064
		],
		[
			6388973568,
			11811160064
		],
		[
			6388973568,
			11811160064
		],
		[
			6388973568,
			11811160064
		],
		[
			6388973568,
			11811160064
		],
		[
			6388973568,
			11811160064
		],
		[
			6388973568,
			11811160064
		],
		[
			6388973568,
			11811160064
		],
		[
			6388973568,
			11811160064
		],
		[
			6388973568,
			11811160064
		],
		[
			6388973568,
			11811160064
		],
		[
			6388973568,
			11811160064
		],
		[
			6388973568,
			11811160064
		],
		[
			6388973568,
			11811160064
		],
		[
			6388973568,
			11811160064
		],
		[
			6388973568,
			11811160064
		],
		[
			6388973568,
			11811160064
		],
		[
			6388973568,
			11811160064
		],
		[
			6388973568,
			11811160064
		],
		[
			6388973568,
			11811160064
		],
		[
			6388973568,
			11811160064
		],
		[
			6388973568,
			11811160064
		],
		[
			6388973568,
			11811160064
		],
		[
			6388973568,
			11811160064
		],
		[
			6388973568,
			11811160064
		],
		[
			6388973568,
			11811160064
		],
		[
			6388973568,
			11811160064
		],
		[
			6388973568,
			11811160064
		],
		[
			6388973568,
			11811160064
		],
		[
			6388973568,
			11811160064
		],
		[
			6388973568,
			11811160064
		],
		[
			6388973568,
			11811160064
		],
		[
			6388973568,
			11811160064
		],
		[
			6388973568,
			11811160064
		],
		[
			6388973568,
			11811160064
		],
		[
			6388973568,
			11811160064
		],
		[
			6388973568,
			11811160064
		],
		[
			6388973568,
			11811160064
		],
		[
			6388973568,
			11811160064
		],
		[
			6388973568,
			11811160064
		],
		[
			6388973568,
			11811160064
		],
		[
			6388973568,
			11811160064
		],
		[
			6388973568,
			11811160064
		],
		[
			6388973568,
			11811160064
		],
		[
			6388973568,
			11811160064
		],
		[
			6388973568,
			11811160064
		],
		[
			6388973568,
			11811160064
		],
		[
			6388973568,
			11811160064
		],
		[
			6388973568,
			11811160064
		],
		[
			6388973568,
			11811160064
		],
		[
			6388973568,
			11811160064
		],
		[
			6388973568,
			11811160064
		],
		[
			6388973568,
			11811160064
		],
		[
			6388973568,
			11811160064
		],
		[
			6388973568,
			11811160064
		]
	],
	"utilization": [
		2,
		13,
		13,
		16,
		16,
		68,
		68,
		67,
		67,
		68,
		68,
		65,
		65,
		67,
		67,
		65,
		65,
		65,
		65,
		64,
		64,
		64,
		64,
		64,
		64,
		66,
		66,
		62,
		62,
		66,
		66,
		68,
		68,
		66,
		66,
		67,
		67,
		68,
		68,
		67,
		67,
		64,
		64,
		64,
		64,
		63,
		63,
		68,
		68,
		63,
		63,
		65,
		65,
		66,
		66,
		68,
		68,
		68,
		68,
		66,
		66,
		68,
		68,
		65,
		65,
		64,
		64,
		63,
		63,
		65,
		65,
		64,
		64,
		63,
		63,
		66,
		66,
		67,
		67,
		67,
		67,
		68,
		68,
		68,
		68,
		68,
		68,
		67,
		67,
		63
	],
	"computation_proportion": 75,
	"extra_dict": {}
}