{
	"model_name": "InceptionV3",
	"batch_size": 16,
	"duration_sec": 45,
	"mode": "train",
	"is_DDP": true,
	"process_group_backend": "gloo",
	"world_size": 4,
	"rank": 1,
	"local_rank": 0,
	"device_type": "gpu",
	"master_addr": "133.133.135.75",
	"master_port": 39920,
	"iteration_count": 17,
	"iteration_intervals": [
		3073415424,
		1517478400,
		4418860800,
		1761883648,
		2776418304,
		3147972864,
		1756862976,
		3711371776,
		1684982784,
		2035309824,
		4122999808,
		3116842752,
		2000798464,
		2021416192,
		2150754304,
		3263479552,
		3073745920
	],
	"iteration_intervals_avg": 2673878101.3333335,
	"iteration_intervals_avg_second": 2.6738781013333335,
	"total_time_ns": 45635330560,
	"total_time_second": 45,
	"mem_infos": [
		[
			5046796288,
			5905580032
		],
		[
			4849664000,
			5905580032
		],
		[
			4635754496,
			5905580032
		],
		[
			2557476864,
			5905580032
		],
		[
			2557476864,
			5905580032
		],
		[
			2557476864,
			5905580032
		],
		[
			2528116736,
			5905580032
		],
		[
			2232418304,
			5905580032
		],
		[
			2232418304,
			5905580032
		],
		[
			2232418304,
			5905580032
		],
		[
			2232418304,
			5905580032
		],
		[
			2232418304,
			5905580032
		],
		[
			2232418304,
			5905580032
		],
		[
			2232418304,
			5905580032
		],
		[
			2232418304,
			5905580032
		],
		[
			2232418304,
			5905580032
		],
		[
			2232418304,
			5905580032
		],
		[
			2232418304,
			5905580032
		],
		[
			2232418304,
			5905580032
		],
		[
			2232418304,
			5905580032
		],
		[
			2232418304,
			5905580032
		],
		[
			2232418304,
			5905580032
		],
		[
			2232418304,
			5905580032
		],
		[
			2232418304,
			5905580032
		],
		[
			2232418304,
			5905580032
		],
		[
			2232418304,
			5905580032
		],
		[
			2232418304,
			5905580032
		],
		[
			2232418304,
			5905580032
		],
		[
			2232418304,
			5905580032
		],
		[
			2232418304,
			5905580032
		],
		[
			2232418304,
			5905580032
		],
		[
			2232418304,
			5905580032
		],
		[
			2232418304,
			5905580032
		],
		[
			2232418304,
			5905580032
		],
		[
			2232418304,
			5905580032
		],
		[
			2232418304,
			5905580032
		],
		[
			2232418304,
			5905580032
		],
		[
			2232418304,
			5905580032
		],
		[
			2232418304,
			5905580032
		],
		[
			2232418304,
			5905580032
		],
		[
			2232418304,
			5905580032
		],
		[
			2232418304,
			5905580032
		],
		[
			2232418304,
			5905580032
		],
		[
			2232418304,
			5905580032
		],
		[
			2232418304,
			5905580032
		],
		[
			2232418304,
			5905580032
		],
		[
			2232418304,
			5905580032
		],
		[
			2232418304,
			5905580032
		],
		[
			2232418304,
			5905580032
		],
		[
			2232418304,
			5905580032
		],
		[
			2232418304,
			5905580032
		],
		[
			2232418304,
			5905580032
		],
		[
			2232418304,
			5905580032
		],
		[
			2232418304,
			5905580032
		],
		[
			2232418304,
			5905580032
		],
		[
			2232418304,
			5905580032
		],
		[
			2232418304,
			5905580032
		],
		[
			2232418304,
			5905580032
		],
		[
			2232418304,
			5905580032
		],
		[
			2232418304,
			5905580032
		],
		[
			2232418304,
			5905580032
		],
		[
			2232418304,
			5905580032
		],
		[
			2232418304,
			5905580032
		],
		[
			2232418304,
			5905580032
		],
		[
			2232418304,
			5905580032
		],
		[
			2232418304,
			5905580032
		],
		[
			2232418304,
			5905580032
		],
		[
			2232418304,
			5905580032
		],
		[
			2232418304,
			5905580032
		],
		[
			2232418304,
			5905580032
		],
		[
			2232418304,
			5905580032
		],
		[
			2232418304,
			5905580032
		],
		[
			2232418304,
			5905580032
		],
		[
			2232418304,
			5905580032
		],
		[
			2232418304,
			5905580032
		],
		[
			2232418304,
			5905580032
		],
		[
			2232418304,
			5905580032
		],
		[
			2232418304,
			5905580032
		],
		[
			2232418304,
			5905580032
		],
		[
			2232418304,
			5905580032
		],
		[
			2232418304,
			5905580032
		],
		[
			2232418304,
			5905580032
		],
		[
			2232418304,
			5905580032
		],
		[
			2232418304,
			5905580032
		],
		[
			2232418304,
			5905580032
		],
		[
			2232418304,
			5905580032
		],
		[
			2232418304,
			5905580032
		],
		[
			2232418304,
			5905580032
		],
		[
			2232418304,
			5905580032
		],
		[
			2232418304,
			5905580032
		]
	],
	"utilization": [
		0,
		0,
		11,
		11,
		31,
		31,
		0,
		0,
		24,
		24,
		3,
		3,
		9,
		9,
		6,
		6,
		4,
		4,
		4,
		4,
		26,
		26,
		7,
		7,
		12,
		12,
		4,
		4,
		20,
		20,
		0,
		0,
		4,
		4,
		18,
		18,
		11,
		11,
		17,
		17,
		5,
		5,
		0,
		0,
		1,
		1,
		25,
		25,
		4,
		4,
		20,
		20,
		2,
		2,
		15,
		15,
		0,
		0,
		3,
		3,
		8,
		8,
		21,
		21,
		2,
		2,
		3,
		3,
		20,
		20,
		5,
		5,
		22,
		22,
		1,
		1,
		23,
		23,
		1,
		1,
		18,
		18,
		2,
		2,
		3,
		3,
		19,
		19,
		2,
		2
	],
	"computation_proportion": 5,
	"extra_dict": {}
}