{
	"model_name": "InceptionV3",
	"batch_size": 32,
	"duration_sec": 45,
	"mode": "train",
	"is_DDP": true,
	"process_group_backend": "gloo",
	"world_size": 2,
	"rank": 1,
	"local_rank": 0,
	"device_type": "gpu",
	"master_addr": "133.133.135.75",
	"master_port": 39920,
	"iteration_count": 110,
	"iteration_intervals": [
		1658151424,
		239228672,
		220225536,
		246027008,
		212652032,
		246246912,
		263745024,
		243045120,
		245621504,
		333193984,
		401489152,
		424751104,
		503503104,
		532116736,
		485007616,
		488217088,
		424254208,
		432619008,
		383132928,
		428111872,
		404317952,
		373680128,
		374654976,
		367164928,
		419429120,
		425339392,
		417587968,
		441802496,
		406668288,
		442607104,
		359505920,
		384163584,
		408887040,
		383398144,
		409772288,
		418080512,
		431351040,
		421217792,
		432874240,
		372521472,
		417553408,
		433766400,
		421921536,
		443672320,
		370789120,
		419138048,
		427723776,
		426069504,
		424697344,
		387734528,
		406395904,
		391643392,
		400821760,
		379125248,
		406543616,
		429831424,
		372528384,
		384594176,
		425591808,
		422641408,
		375119616,
		479992320,
		395940608,
		447334144,
		389352192,
		367618304,
		407899648,
		415949568,
		386912256,
		415183616,
		436966144,
		432042496,
		435365888,
		463110144,
		381619712,
		417627136,
		409044480,
		384732672,
		419229952,
		438341888,
		398593280,
		421237248,
		377059584,
		370368768,
		371315200,
		412787712,
		367963904,
		372951808,
		457744896,
		401056768,
		416607232,
		424235520,
		379873536,
		420740864,
		415989760,
		421149696,
		415889920,
		382406656,
		425460992,
		435780096,
		419550720,
		391740160,
		402643968,
		433362688,
		424135424,
		480336384,
		428323072,
		435011328,
		443001600,
		419042816
	],
	"iteration_intervals_avg": 407510545.06666666,
	"iteration_intervals_avg_second": 0.4075105450666667,
	"total_time_ns": 45365782528,
	"total_time_second": 45,
	"mem_infos": [
		[
			10952376320,
			11811160064
		],
		[
			10633609216,
			11811160064
		],
		[
			10295967744,
			11811160064
		],
		[
			5791285248,
			11811160064
		],
		[
			5791285248,
			11811160064
		],
		[
			5791285248,
			11811160064
		],
		[
			5791285248,
			11811160064
		],
		[
			5791285248,
			11811160064
		],
		[
			5791285248,
			11811160064
		],
		[
			5791285248,
			11811160064
		],
		[
			5791285248,
			11811160064
		],
		[
			5791285248,
			11811160064
		],
		[
			5791285248,
			11811160064
		],
		[
			5791285248,
			11811160064
		],
		[
			5791285248,
			11811160064
		],
		[
			5791285248,
			11811160064
		],
		[
			5791285248,
			11811160064
		],
		[
			5791285248,
			11811160064
		],
		[
			5791285248,
			11811160064
		],
		[
			5791285248,
			11811160064
		],
		[
			5791285248,
			11811160064
		],
		[
			5791285248,
			11811160064
		],
		[
			5791285248,
			11811160064
		],
		[
			5791285248,
			11811160064
		],
		[
			5791285248,
			11811160064
		],
		[
			5791285248,
			11811160064
		],
		[
			5791285248,
			11811160064
		],
		[
			5791285248,
			11811160064
		],
		[
			5791285248,
			11811160064
		],
		[
			5791285248,
			11811160064
		],
		[
			5791285248,
			11811160064
		],
		[
			5791285248,
			11811160064
		],
		[
			5791285248,
			11811160064
		],
		[
			5791285248,
			11811160064
		],
		[
			5791285248,
			11811160064
		],
		[
			5791285248,
			11811160064
		],
		[
			5791285248,
			11811160064
		],
		[
			5791285248,
			11811160064
		],
		[
			5791285248,
			11811160064
		],
		[
			5791285248,
			11811160064
		],
		[
			5791285248,
			11811160064
		],
		[
			5791285248,
			11811160064
		],
		[
			5791285248,
			11811160064
		],
		[
			5791285248,
			11811160064
		],
		[
			5791285248,
			11811160064
		],
		[
			5791285248,
			11811160064
		],
		[
			5791285248,
			11811160064
		],
		[
			5791285248,
			11811160064
		],
		[
			5791285248,
			11811160064
		],
		[
			5791285248,
			11811160064
		],
		[
			5791285248,
			11811160064
		],
		[
			5791285248,
			11811160064
		],
		[
			5791285248,
			11811160064
		],
		[
			5791285248,
			11811160064
		],
		[
			5791285248,
			11811160064
		],
		[
			5791285248,
			11811160064
		],
		[
			5791285248,
			11811160064
		],
		[
			5791285248,
			11811160064
		],
		[
			5791285248,
			11811160064
		],
		[
			5791285248,
			11811160064
		],
		[
			5791285248,
			11811160064
		],
		[
			5791285248,
			11811160064
		],
		[
			5791285248,
			11811160064
		],
		[
			5791285248,
			11811160064
		],
		[
			5791285248,
			11811160064
		],
		[
			5791285248,
			11811160064
		],
		[
			5791285248,
			11811160064
		],
		[
			5791285248,
			11811160064
		],
		[
			5791285248,
			11811160064
		],
		[
			5791285248,
			11811160064
		],
		[
			5791285248,
			11811160064
		],
		[
			5791285248,
			11811160064
		],
		[
			5791285248,
			11811160064
		],
		[
			5791285248,
			11811160064
		],
		[
			5791285248,
			11811160064
		],
		[
			5791285248,
			11811160064
		],
		[
			5791285248,
			11811160064
		],
		[
			5791285248,
			11811160064
		],
		[
			5791285248,
			11811160064
		],
		[
			5791285248,
			11811160064
		],
		[
			5791285248,
			11811160064
		],
		[
			5791285248,
			11811160064
		],
		[
			5791285248,
			11811160064
		],
		[
			5791285248,
			11811160064
		],
		[
			5791285248,
			11811160064
		],
		[
			5791285248,
			11811160064
		],
		[
			5791285248,
			11811160064
		],
		[
			5791285248,
			11811160064
		],
		[
			5791285248,
			11811160064
		],
		[
			5791285248,
			11811160064
		]
	],
	"utilization": [
		11,
		11,
		8,
		8,
		63,
		63,
		79,
		79,
		62,
		62,
		40,
		40,
		37,
		37,
		37,
		42,
		45,
		45,
		46,
		46,
		53,
		53,
		42,
		42,
		42,
		45,
		45,
		49,
		49,
		48,
		48,
		42,
		42,
		47,
		47,
		43,
		43,
		47,
		47,
		45,
		45,
		45,
		45,
		47,
		47,
		46,
		46,
		47,
		47,
		47,
		47,
		44,
		44,
		44,
		44,
		53,
		53,
		46,
		46,
		42,
		42,
		42,
		42,
		49,
		49,
		45,
		45,
		45,
		45,
		49,
		49,
		52,
		52,
		43,
		43,
		48,
		48,
		46,
		46,
		46,
		46,
		45,
		45,
		48,
		48,
		47,
		47,
		40,
		40,
		47
	],
	"computation_proportion": 45,
	"extra_dict": {}
}