{
	"model_name": "EfficientNet",
	"batch_size": 16,
	"duration_sec": 45,
	"mode": "train",
	"is_DDP": true,
	"process_group_backend": "gloo",
	"world_size": 1,
	"rank": 0,
	"local_rank": 0,
	"device_type": "gpu",
	"master_addr": "133.133.135.75",
	"master_port": 39920,
	"iteration_count": 52,
	"iteration_intervals": [
		1371778816,
		165924096,
		609575680,
		1380813312,
		727302400,
		613951232,
		854144000,
		1713127424,
		854348288,
		698122496,
		980178176,
		1836958208,
		755176192,
		821700096,
		892601600,
		609348864,
		944863488,
		1707457792,
		772310272,
		707040256,
		996193024,
		1839412992,
		737472512,
		827925504,
		880798720,
		699485696,
		848794880,
		741514496,
		640309760,
		1554013440,
		1353635328,
		730259712,
		879320576,
		820257792,
		741565952,
		1002425088,
		713568512,
		520397568,
		484548864,
		600435456,
		836060416,
		1094951936,
		640802560,
		498471936,
		599588864,
		708197632,
		1103038720,
		760972288,
		605477632,
		477129728,
		499295744,
		727255040
	],
	"iteration_intervals_avg": 870742696.8510638,
	"iteration_intervals_avg_second": 0.8707426968510639,
	"total_time_ns": 45181454848,
	"total_time_second": 45,
	"mem_infos": [
		[
			11235491840,
			11811160064
		],
		[
			10983833600,
			11811160064
		],
		[
			10767826944,
			11811160064
		],
		[
			9027190784,
			11811160064
		],
		[
			9027190784,
			11811160064
		],
		[
			9027190784,
			11811160064
		],
		[
			9027190784,
			11811160064
		],
		[
			9027190784,
			11811160064
		],
		[
			9027190784,
			11811160064
		],
		[
			9027190784,
			11811160064
		],
		[
			9027190784,
			11811160064
		],
		[
			9027190784,
			11811160064
		],
		[
			9027190784,
			11811160064
		],
		[
			9027190784,
			11811160064
		],
		[
			9027190784,
			11811160064
		],
		[
			9027190784,
			11811160064
		],
		[
			9027190784,
			11811160064
		],
		[
			9027190784,
			11811160064
		],
		[
			9027190784,
			11811160064
		],
		[
			9027190784,
			11811160064
		],
		[
			9027190784,
			11811160064
		],
		[
			9027190784,
			11811160064
		],
		[
			9027190784,
			11811160064
		],
		[
			9027190784,
			11811160064
		],
		[
			9027190784,
			11811160064
		],
		[
			9027190784,
			11811160064
		],
		[
			9027190784,
			11811160064
		],
		[
			9027190784,
			11811160064
		],
		[
			9027190784,
			11811160064
		],
		[
			9027190784,
			11811160064
		],
		[
			9027190784,
			11811160064
		],
		[
			9027190784,
			11811160064
		],
		[
			9027190784,
			11811160064
		],
		[
			9027190784,
			11811160064
		],
		[
			9027190784,
			11811160064
		],
		[
			9027190784,
			11811160064
		],
		[
			9027190784,
			11811160064
		],
		[
			9027190784,
			11811160064
		],
		[
			9027190784,
			11811160064
		],
		[
			9027190784,
			11811160064
		],
		[
			9027190784,
			11811160064
		],
		[
			9027190784,
			11811160064
		],
		[
			9027190784,
			11811160064
		],
		[
			9027190784,
			11811160064
		],
		[
			9027190784,
			11811160064
		],
		[
			9027190784,
			11811160064
		],
		[
			9027190784,
			11811160064
		],
		[
			9027190784,
			11811160064
		],
		[
			9027190784,
			11811160064
		],
		[
			9027190784,
			11811160064
		],
		[
			9027190784,
			11811160064
		],
		[
			9027190784,
			11811160064
		],
		[
			9027190784,
			11811160064
		],
		[
			9027190784,
			11811160064
		],
		[
			9027190784,
			11811160064
		],
		[
			9027190784,
			11811160064
		],
		[
			9027190784,
			11811160064
		],
		[
			9027190784,
			11811160064
		],
		[
			9027190784,
			11811160064
		],
		[
			9027190784,
			11811160064
		],
		[
			9027190784,
			11811160064
		],
		[
			9027190784,
			11811160064
		],
		[
			9027190784,
			11811160064
		],
		[
			9027190784,
			11811160064
		],
		[
			9027190784,
			11811160064
		],
		[
			9027190784,
			11811160064
		],
		[
			9027190784,
			11811160064
		],
		[
			9027190784,
			11811160064
		],
		[
			9027190784,
			11811160064
		],
		[
			9027190784,
			11811160064
		],
		[
			9027190784,
			11811160064
		],
		[
			9027190784,
			11811160064
		],
		[
			9027190784,
			11811160064
		],
		[
			9027190784,
			11811160064
		],
		[
			9027190784,
			11811160064
		],
		[
			9027190784,
			11811160064
		],
		[
			9027190784,
			11811160064
		],
		[
			9027190784,
			11811160064
		],
		[
			9027190784,
			11811160064
		],
		[
			9027190784,
			11811160064
		],
		[
			9027190784,
			11811160064
		],
		[
			9027190784,
			11811160064
		],
		[
			9027190784,
			11811160064
		],
		[
			9027190784,
			11811160064
		],
		[
			9027190784,
			11811160064
		],
		[
			9027190784,
			11811160064
		],
		[
			9027190784,
			11811160064
		],
		[
			9027190784,
			11811160064
		],
		[
			9027190784,
			11811160064
		],
		[
			9027190784,
			11811160064
		]
	],
	"utilization": [
		3,
		3,
		5,
		5,
		14,
		14,
		6,
		6,
		4,
		4,
		7,
		7,
		7,
		7,
		3,
		3,
		3,
		3,
		6,
		6,
		6,
		6,
		3,
		3,
		3,
		3,
		7,
		7,
		6,
		6,
		6,
		6,
		7,
		7,
		3,
		3,
		3,
		3,
		6,
		6,
		6,
		6,
		3,
		3,
		3,
		3,
		7,
		7,
		6,
		6,
		7,
		7,
		6,
		6,
		7,
		7,
		6,
		6,
		3,
		3,
		3,
		3,
		6,
		6,
		6,
		6,
		6,
		6,
		6,
		6,
		6,
		6,
		9,
		9,
		9,
		9,
		5,
		5,
		6,
		6,
		9,
		9,
		8,
		8,
		5,
		5,
		5,
		5,
		10,
		10
	],
	"computation_proportion": 5,
	"extra_dict": {}
}