{
	"model_name": "InceptionV3",
	"batch_size": 16,
	"duration_sec": 45,
	"mode": "train",
	"is_DDP": true,
	"process_group_backend": "gloo",
	"world_size": 4,
	"rank": 2,
	"local_rank": 0,
	"device_type": "gpu",
	"master_addr": "133.133.135.75",
	"master_port": 39920,
	"iteration_count": 114,
	"iteration_intervals": [
		1916338432,
		256024832,
		248791808,
		268419072,
		271726336,
		255599872,
		260785920,
		254945536,
		251713792,
		259450880,
		250642944,
		251072768,
		264872192,
		271683584,
		2025965824,
		389268480,
		269778432,
		253930496,
		246768384,
		270154752,
		271058176,
		255191296,
		473317632,
		879142912,
		341406976,
		249865472,
		252720128,
		253399040,
		252352512,
		271833856,
		249474048,
		1899366656,
		395587072,
		265268480,
		274689280,
		247975936,
		260236288,
		242209024,
		253126144,
		269911552,
		244985856,
		253957632,
		254563840,
		273649920,
		259804928,
		259420672,
		246171392,
		256238592,
		254038784,
		248721152,
		1671531776,
		783295232,
		438258176,
		318201856,
		238648832,
		253930752,
		255016704,
		249590784,
		262217984,
		271582464,
		247074560,
		272794624,
		258520576,
		258494464,
		277124352,
		259895808,
		2087730432,
		370632448,
		237608448,
		237183744,
		246790144,
		259161344,
		245946112,
		258425344,
		259214848,
		259005952,
		252329984,
		1107388928,
		1096678400,
		496824064,
		380237824,
		365284352,
		478471680,
		370289664,
		273319424,
		243457280,
		265229312,
		249306880,
		285415936,
		248393984,
		263714816,
		276389376,
		355832576,
		1973349120,
		341633536,
		251559168,
		257689600,
		252360192,
		281456896,
		265564416,
		250239232,
		406868224,
		615933952,
		292051712,
		260280320,
		257805824,
		262428416,
		286470400,
		265298176,
		259379456,
		254806784,
		461260544,
		360755712,
		267449344
	],
	"iteration_intervals_avg": 386214700.6238532,
	"iteration_intervals_avg_second": 0.3862147006238532,
	"total_time_ns": 45059785984,
	"total_time_second": 45,
	"mem_infos": [
		[
			5046796288,
			5905580032
		],
		[
			4822401024,
			5905580032
		],
		[
			4621074432,
			5905580032
		],
		[
			2555379712,
			5905580032
		],
		[
			2230321152,
			5905580032
		],
		[
			2230321152,
			5905580032
		],
		[
			2230321152,
			5905580032
		],
		[
			2230321152,
			5905580032
		],
		[
			2230321152,
			5905580032
		],
		[
			2230321152,
			5905580032
		],
		[
			2230321152,
			5905580032
		],
		[
			2230321152,
			5905580032
		],
		[
			2230321152,
			5905580032
		],
		[
			2230321152,
			5905580032
		],
		[
			2230321152,
			5905580032
		],
		[
			2230321152,
			5905580032
		],
		[
			2230321152,
			5905580032
		],
		[
			2230321152,
			5905580032
		],
		[
			2230321152,
			5905580032
		],
		[
			2230321152,
			5905580032
		],
		[
			2230321152,
			5905580032
		],
		[
			2230321152,
			5905580032
		],
		[
			2230321152,
			5905580032
		],
		[
			2230321152,
			5905580032
		],
		[
			2230321152,
			5905580032
		],
		[
			2230321152,
			5905580032
		],
		[
			2230321152,
			5905580032
		],
		[
			2230321152,
			5905580032
		],
		[
			2230321152,
			5905580032
		],
		[
			2230321152,
			5905580032
		],
		[
			2230321152,
			5905580032
		],
		[
			2230321152,
			5905580032
		],
		[
			2230321152,
			5905580032
		],
		[
			2230321152,
			5905580032
		],
		[
			2230321152,
			5905580032
		],
		[
			2230321152,
			5905580032
		],
		[
			2230321152,
			5905580032
		],
		[
			2230321152,
			5905580032
		],
		[
			2230321152,
			5905580032
		],
		[
			2230321152,
			5905580032
		],
		[
			2230321152,
			5905580032
		],
		[
			2230321152,
			5905580032
		],
		[
			2230321152,
			5905580032
		],
		[
			2230321152,
			5905580032
		],
		[
			2230321152,
			5905580032
		],
		[
			2230321152,
			5905580032
		],
		[
			2230321152,
			5905580032
		],
		[
			2230321152,
			5905580032
		],
		[
			2230321152,
			5905580032
		],
		[
			2230321152,
			5905580032
		],
		[
			2230321152,
			5905580032
		],
		[
			2230321152,
			5905580032
		],
		[
			2230321152,
			5905580032
		],
		[
			2230321152,
			5905580032
		],
		[
			2230321152,
			5905580032
		],
		[
			2230321152,
			5905580032
		],
		[
			2230321152,
			5905580032
		],
		[
			2230321152,
			5905580032
		],
		[
			2230321152,
			5905580032
		],
		[
			2230321152,
			5905580032
		],
		[
			2230321152,
			5905580032
		],
		[
			2230321152,
			5905580032
		],
		[
			2230321152,
			5905580032
		],
		[
			2230321152,
			5905580032
		],
		[
			2230321152,
			5905580032
		],
		[
			2230321152,
			5905580032
		],
		[
			2230321152,
			5905580032
		],
		[
			2230321152,
			5905580032
		],
		[
			2230321152,
			5905580032
		],
		[
			2230321152,
			5905580032
		],
		[
			2230321152,
			5905580032
		],
		[
			2230321152,
			5905580032
		],
		[
			2230321152,
			5905580032
		],
		[
			2230321152,
			5905580032
		],
		[
			2230321152,
			5905580032
		],
		[
			2230321152,
			5905580032
		],
		[
			2230321152,
			5905580032
		],
		[
			2230321152,
			5905580032
		],
		[
			2230321152,
			5905580032
		],
		[
			2230321152,
			5905580032
		],
		[
			2230321152,
			5905580032
		],
		[
			2230321152,
			5905580032
		],
		[
			2230321152,
			5905580032
		],
		[
			2230321152,
			5905580032
		],
		[
			2230321152,
			5905580032
		],
		[
			2230321152,
			5905580032
		],
		[
			2230321152,
			5905580032
		],
		[
			2230321152,
			5905580032
		],
		[
			2230321152,
			5905580032
		],
		[
			2230321152,
			5905580032
		]
	],
	"utilization": [
		17,
		17,
		20,
		20,
		38,
		38,
		87,
		87,
		88,
		88,
		90,
		90,
		41,
		41,
		3,
		3,
		58,
		58,
		89,
		89,
		58,
		58,
		42,
		42,
		90,
		90,
		61,
		61,
		0,
		0,
		53,
		53,
		91,
		91,
		90,
		90,
		90,
		90,
		90,
		90,
		25,
		25,
		17,
		17,
		47,
		47,
		84,
		84,
		89,
		89,
		88,
		88,
		46,
		46,
		0,
		0,
		59,
		59,
		90,
		90,
		90,
		88,
		88,
		19,
		19,
		23,
		23,
		52,
		52,
		62,
		62,
		82,
		82,
		88,
		88,
		58,
		58,
		0,
		0,
		44,
		44,
		88,
		88,
		76,
		76,
		57,
		57,
		86,
		86,
		78
	],
	"computation_proportion": 45,
	"extra_dict": {}
}