{
	"model_name": "MEALV2",
	"batch_size": 128,
	"duration_sec": 45,
	"mode": "train",
	"is_DDP": true,
	"process_group_backend": "gloo",
	"world_size": 1,
	"rank": 0,
	"local_rank": 0,
	"device_type": "gpu",
	"master_addr": "133.133.135.75",
	"master_port": 39920,
	"iteration_count": 44,
	"iteration_intervals": [
		1366190848,
		541640704,
		1094393856,
		1231266048,
		854124544,
		856359424,
		1463275520,
		1095903744,
		738128896,
		859443968,
		1462283008,
		976742400,
		736256768,
		958168064,
		1488835584,
		978755328,
		731642112,
		1097142784,
		1597363968,
		849143040,
		857979904,
		1590217216,
		1086971136,
		745952768,
		983254784,
		1551826176,
		887596032,
		735520000,
		977663744,
		1469536256,
		856901120,
		732335104,
		851077120,
		1351659520,
		857494528,
		730491136,
		860630272,
		1452235776,
		990224896,
		723415040,
		957533952,
		1469022720,
		1007068672,
		734214144
	],
	"iteration_intervals_avg": 1034622221.1282052,
	"iteration_intervals_avg_second": 1.0346222211282052,
	"total_time_ns": 45438769408,
	"total_time_second": 45,
	"mem_infos": [
		[
			11266949120,
			11811160064
		],
		[
			10780409856,
			11811160064
		],
		[
			10556014592,
			11811160064
		],
		[
			8257536000,
			11811160064
		],
		[
			8131706880,
			11811160064
		],
		[
			8131706880,
			11811160064
		],
		[
			8131706880,
			11811160064
		],
		[
			8131706880,
			11811160064
		],
		[
			8131706880,
			11811160064
		],
		[
			8131706880,
			11811160064
		],
		[
			8131706880,
			11811160064
		],
		[
			8131706880,
			11811160064
		],
		[
			8131706880,
			11811160064
		],
		[
			8131706880,
			11811160064
		],
		[
			8131706880,
			11811160064
		],
		[
			8131706880,
			11811160064
		],
		[
			8131706880,
			11811160064
		],
		[
			8131706880,
			11811160064
		],
		[
			8131706880,
			11811160064
		],
		[
			8131706880,
			11811160064
		],
		[
			8131706880,
			11811160064
		],
		[
			8131706880,
			11811160064
		],
		[
			8131706880,
			11811160064
		],
		[
			8131706880,
			11811160064
		],
		[
			8131706880,
			11811160064
		],
		[
			8131706880,
			11811160064
		],
		[
			8131706880,
			11811160064
		],
		[
			8131706880,
			11811160064
		],
		[
			8131706880,
			11811160064
		],
		[
			8131706880,
			11811160064
		],
		[
			8131706880,
			11811160064
		],
		[
			8131706880,
			11811160064
		],
		[
			8131706880,
			11811160064
		],
		[
			8131706880,
			11811160064
		],
		[
			8131706880,
			11811160064
		],
		[
			8131706880,
			11811160064
		],
		[
			8131706880,
			11811160064
		],
		[
			8131706880,
			11811160064
		],
		[
			8131706880,
			11811160064
		],
		[
			8131706880,
			11811160064
		],
		[
			8131706880,
			11811160064
		],
		[
			8131706880,
			11811160064
		],
		[
			8131706880,
			11811160064
		],
		[
			8131706880,
			11811160064
		],
		[
			8131706880,
			11811160064
		],
		[
			8131706880,
			11811160064
		],
		[
			8131706880,
			11811160064
		],
		[
			8131706880,
			11811160064
		],
		[
			8131706880,
			11811160064
		],
		[
			8131706880,
			11811160064
		],
		[
			8131706880,
			11811160064
		],
		[
			8131706880,
			11811160064
		],
		[
			8131706880,
			11811160064
		],
		[
			8131706880,
			11811160064
		],
		[
			8131706880,
			11811160064
		],
		[
			8131706880,
			11811160064
		],
		[
			8131706880,
			11811160064
		],
		[
			8131706880,
			11811160064
		],
		[
			8131706880,
			11811160064
		],
		[
			8131706880,
			11811160064
		],
		[
			8131706880,
			11811160064
		],
		[
			8131706880,
			11811160064
		],
		[
			8131706880,
			11811160064
		],
		[
			8131706880,
			11811160064
		],
		[
			8131706880,
			11811160064
		],
		[
			8131706880,
			11811160064
		],
		[
			8131706880,
			11811160064
		],
		[
			8131706880,
			11811160064
		],
		[
			8131706880,
			11811160064
		],
		[
			8131706880,
			11811160064
		],
		[
			8131706880,
			11811160064
		],
		[
			8131706880,
			11811160064
		],
		[
			8131706880,
			11811160064
		],
		[
			8131706880,
			11811160064
		],
		[
			8131706880,
			11811160064
		],
		[
			8131706880,
			11811160064
		],
		[
			8131706880,
			11811160064
		],
		[
			8131706880,
			11811160064
		],
		[
			8131706880,
			11811160064
		],
		[
			8131706880,
			11811160064
		],
		[
			8131706880,
			11811160064
		],
		[
			8131706880,
			11811160064
		],
		[
			8131706880,
			11811160064
		],
		[
			8131706880,
			11811160064
		],
		[
			8131706880,
			11811160064
		],
		[
			8131706880,
			11811160064
		],
		[
			8131706880,
			11811160064
		],
		[
			8131706880,
			11811160064
		],
		[
			8131706880,
			11811160064
		],
		[
			8131706880,
			11811160064
		]
	],
	"utilization": [
		4,
		4,
		5,
		5,
		14,
		14,
		5,
		5,
		4,
		4,
		8,
		8,
		7,
		7,
		4,
		4,
		4,
		4,
		7,
		7,
		9,
		9,
		4,
		4,
		5,
		5,
		8,
		8,
		8,
		8,
		4,
		4,
		4,
		4,
		7,
		7,
		7,
		7,
		4,
		4,
		5,
		5,
		7,
		7,
		6,
		6,
		4,
		4,
		4,
		4,
		8,
		8,
		7,
		7,
		4,
		4,
		5,
		5,
		8,
		8,
		7,
		7,
		4,
		4,
		5,
		5,
		7,
		7,
		9,
		9,
		5,
		5,
		5,
		5,
		8,
		8,
		8,
		8,
		5,
		5,
		4,
		4,
		8,
		8,
		7,
		7,
		5,
		5,
		4,
		4
	],
	"computation_proportion": 5,
	"extra_dict": {}
}