{
	"model_name": "GhostNet",
	"batch_size": 256,
	"duration_sec": 45,
	"mode": "train",
	"is_DDP": true,
	"process_group_backend": "gloo",
	"world_size": 1,
	"rank": 0,
	"local_rank": 0,
	"device_type": "gpu",
	"master_addr": "133.133.135.75",
	"master_port": 39920,
	"iteration_count": 52,
	"iteration_intervals": [
		2060206592,
		966671616,
		852722176,
		856566528,
		854422784,
		856353792,
		850970112,
		859280128,
		849396480,
		752008192,
		863204096,
		857162752,
		853473024,
		847096576,
		851243264,
		861431040,
		847271680,
		864463616,
		855561984,
		856726272,
		853406976,
		856592896,
		855816448,
		847687936,
		853653760,
		857526528,
		853750784,
		858875392,
		747264256,
		863317760,
		847232256,
		856326144,
		867983616,
		840928000,
		851255296,
		861886464,
		855578624,
		859706368,
		844508160,
		856036608,
		857026816,
		853092864,
		861539584,
		853448704,
		852801792,
		856925184,
		857209600,
		832743936,
		770241536,
		856667136,
		849308928,
		860090368
	],
	"iteration_intervals_avg": 848427100.5957447,
	"iteration_intervals_avg_second": 0.8484271005957448,
	"total_time_ns": 45467422208,
	"total_time_second": 45,
	"mem_infos": [
		[
			11269046272,
			11811160064
		],
		[
			9700376576,
			11811160064
		],
		[
			9467592704,
			11811160064
		],
		[
			1460666368,
			11811160064
		],
		[
			1204813824,
			11811160064
		],
		[
			1022361600,
			11811160064
		],
		[
			441450496,
			11811160064
		],
		[
			441450496,
			11811160064
		],
		[
			441450496,
			11811160064
		],
		[
			441450496,
			11811160064
		],
		[
			441450496,
			11811160064
		],
		[
			441450496,
			11811160064
		],
		[
			441450496,
			11811160064
		],
		[
			441450496,
			11811160064
		],
		[
			441450496,
			11811160064
		],
		[
			441450496,
			11811160064
		],
		[
			441450496,
			11811160064
		],
		[
			441450496,
			11811160064
		],
		[
			441450496,
			11811160064
		],
		[
			441450496,
			11811160064
		],
		[
			441450496,
			11811160064
		],
		[
			441450496,
			11811160064
		],
		[
			441450496,
			11811160064
		],
		[
			441450496,
			11811160064
		],
		[
			441450496,
			11811160064
		],
		[
			441450496,
			11811160064
		],
		[
			441450496,
			11811160064
		],
		[
			441450496,
			11811160064
		],
		[
			441450496,
			11811160064
		],
		[
			441450496,
			11811160064
		],
		[
			441450496,
			11811160064
		],
		[
			441450496,
			11811160064
		],
		[
			441450496,
			11811160064
		],
		[
			441450496,
			11811160064
		],
		[
			441450496,
			11811160064
		],
		[
			441450496,
			11811160064
		],
		[
			441450496,
			11811160064
		],
		[
			441450496,
			11811160064
		],
		[
			441450496,
			11811160064
		],
		[
			441450496,
			11811160064
		],
		[
			441450496,
			11811160064
		],
		[
			441450496,
			11811160064
		],
		[
			441450496,
			11811160064
		],
		[
			441450496,
			11811160064
		],
		[
			441450496,
			11811160064
		],
		[
			441450496,
			11811160064
		],
		[
			441450496,
			11811160064
		],
		[
			441450496,
			11811160064
		],
		[
			441450496,
			11811160064
		],
		[
			441450496,
			11811160064
		],
		[
			441450496,
			11811160064
		],
		[
			441450496,
			11811160064
		],
		[
			441450496,
			11811160064
		],
		[
			441450496,
			11811160064
		],
		[
			441450496,
			11811160064
		],
		[
			441450496,
			11811160064
		],
		[
			441450496,
			11811160064
		],
		[
			441450496,
			11811160064
		],
		[
			441450496,
			11811160064
		],
		[
			441450496,
			11811160064
		],
		[
			441450496,
			11811160064
		],
		[
			441450496,
			11811160064
		],
		[
			441450496,
			11811160064
		],
		[
			441450496,
			11811160064
		],
		[
			441450496,
			11811160064
		],
		[
			441450496,
			11811160064
		],
		[
			441450496,
			11811160064
		],
		[
			441450496,
			11811160064
		],
		[
			441450496,
			11811160064
		],
		[
			441450496,
			11811160064
		],
		[
			441450496,
			11811160064
		],
		[
			441450496,
			11811160064
		],
		[
			441450496,
			11811160064
		],
		[
			441450496,
			11811160064
		],
		[
			441450496,
			11811160064
		],
		[
			441450496,
			11811160064
		],
		[
			441450496,
			11811160064
		],
		[
			441450496,
			11811160064
		],
		[
			441450496,
			11811160064
		],
		[
			441450496,
			11811160064
		],
		[
			441450496,
			11811160064
		],
		[
			441450496,
			11811160064
		],
		[
			441450496,
			11811160064
		],
		[
			441450496,
			11811160064
		],
		[
			441450496,
			11811160064
		],
		[
			441450496,
			11811160064
		],
		[
			441450496,
			11811160064
		],
		[
			441450496,
			11811160064
		],
		[
			441450496,
			11811160064
		],
		[
			441450496,
			11811160064
		]
	],
	"utilization": [
		0,
		5,
		5,
		7,
		7,
		38,
		38,
		28,
		28,
		30,
		30,
		32,
		32,
		36,
		36,
		32,
		32,
		31,
		31,
		30,
		30,
		33,
		33,
		34,
		34,
		33,
		33,
		32,
		32,
		31,
		31,
		32,
		32,
		33,
		33,
		32,
		32,
		33,
		33,
		32,
		32,
		30,
		30,
		31,
		31,
		35,
		35,
		34,
		34,
		31,
		31,
		30,
		30,
		31,
		31,
		35,
		35,
		33,
		33,
		32,
		32,
		30,
		30,
		33,
		33,
		33,
		33,
		32,
		32,
		32,
		32,
		33,
		33,
		31,
		31,
		32,
		32,
		33,
		33,
		35,
		35,
		31,
		31,
		30,
		30,
		31,
		31,
		34,
		34,
		35
	],
	"computation_proportion": 100,
	"extra_dict": {}
}