{
	"model_name": "ResNet18",
	"batch_size": 64,
	"duration_sec": 45,
	"mode": "train",
	"is_DDP": true,
	"process_group_backend": "gloo",
	"world_size": 2,
	"rank": 1,
	"local_rank": 0,
	"device_type": "gpu",
	"master_addr": "133.133.135.74",
	"master_port": 39920,
	"iteration_count": 97,
	"iteration_intervals": [
		1767834880,
		463757056,
		449225216,
		450210816,
		451458304,
		449524480,
		449869568,
		446131712,
		463347712,
		442605568,
		458479872,
		448645120,
		449501184,
		449272576,
		452760320,
		449822720,
		448588288,
		447598592,
		443812096,
		448797952,
		452015872,
		446981888,
		452720896,
		450318080,
		452718592,
		447319040,
		448490240,
		449705216,
		447393280,
		448613888,
		452629760,
		448551168,
		455913216,
		456308480,
		450310400,
		450391296,
		451311360,
		454314240,
		447985152,
		449172736,
		451964416,
		449541376,
		452369920,
		447639296,
		456118016,
		448950272,
		449044736,
		447286272,
		457855744,
		444364800,
		455762176,
		447732992,
		447912704,
		450195200,
		448477952,
		451583232,
		447560704,
		460384256,
		449648384,
		448062976,
		453130240,
		447570176,
		449757696,
		460515584,
		449423616,
		447218176,
		457230336,
		450193920,
		450582272,
		452791552,
		451319552,
		453697536,
		447100928,
		452563200,
		459045888,
		455791872,
		455912448,
		443060992,
		458655488,
		448017920,
		452173824,
		447318016,
		453510656,
		450604032,
		452717312,
		450938368,
		450895360,
		449730048,
		442326272,
		453601024,
		452914688,
		456394752,
		451742208,
		450991104,
		445850624,
		447140096,
		451499520
	],
	"iteration_intervals_avg": 450851144.34782606,
	"iteration_intervals_avg_second": 0.4508511443478261,
	"total_time_ns": 45061480192,
	"total_time_second": 45,
	"mem_infos": [
		[
			11130634240,
			11811160064
		],
		[
			10585374720,
			11811160064
		],
		[
			10352590848,
			11811160064
		],
		[
			7791968256,
			11811160064
		],
		[
			7783579648,
			11811160064
		],
		[
			7783579648,
			11811160064
		],
		[
			7783579648,
			11811160064
		],
		[
			7783579648,
			11811160064
		],
		[
			7783579648,
			11811160064
		],
		[
			7783579648,
			11811160064
		],
		[
			7783579648,
			11811160064
		],
		[
			7783579648,
			11811160064
		],
		[
			7783579648,
			11811160064
		],
		[
			7783579648,
			11811160064
		],
		[
			7783579648,
			11811160064
		],
		[
			7783579648,
			11811160064
		],
		[
			7783579648,
			11811160064
		],
		[
			7783579648,
			11811160064
		],
		[
			7783579648,
			11811160064
		],
		[
			7783579648,
			11811160064
		],
		[
			7783579648,
			11811160064
		],
		[
			7783579648,
			11811160064
		],
		[
			7783579648,
			11811160064
		],
		[
			7783579648,
			11811160064
		],
		[
			7783579648,
			11811160064
		],
		[
			7783579648,
			11811160064
		],
		[
			7783579648,
			11811160064
		],
		[
			7783579648,
			11811160064
		],
		[
			7783579648,
			11811160064
		],
		[
			7783579648,
			11811160064
		],
		[
			7783579648,
			11811160064
		],
		[
			7783579648,
			11811160064
		],
		[
			7783579648,
			11811160064
		],
		[
			7783579648,
			11811160064
		],
		[
			7783579648,
			11811160064
		],
		[
			7783579648,
			11811160064
		],
		[
			7783579648,
			11811160064
		],
		[
			7783579648,
			11811160064
		],
		[
			7783579648,
			11811160064
		],
		[
			7783579648,
			11811160064
		],
		[
			7783579648,
			11811160064
		],
		[
			7783579648,
			11811160064
		],
		[
			7783579648,
			11811160064
		],
		[
			7783579648,
			11811160064
		],
		[
			7783579648,
			11811160064
		],
		[
			7783579648,
			11811160064
		],
		[
			7783579648,
			11811160064
		],
		[
			7783579648,
			11811160064
		],
		[
			7783579648,
			11811160064
		],
		[
			7783579648,
			11811160064
		],
		[
			7783579648,
			11811160064
		],
		[
			7783579648,
			11811160064
		],
		[
			7783579648,
			11811160064
		],
		[
			7783579648,
			11811160064
		],
		[
			7783579648,
			11811160064
		],
		[
			7783579648,
			11811160064
		],
		[
			7783579648,
			11811160064
		],
		[
			7783579648,
			11811160064
		],
		[
			7783579648,
			11811160064
		],
		[
			7783579648,
			11811160064
		],
		[
			7783579648,
			11811160064
		],
		[
			7783579648,
			11811160064
		],
		[
			7783579648,
			11811160064
		],
		[
			7783579648,
			11811160064
		],
		[
			7783579648,
			11811160064
		],
		[
			7783579648,
			11811160064
		],
		[
			7783579648,
			11811160064
		],
		[
			7783579648,
			11811160064
		],
		[
			7783579648,
			11811160064
		],
		[
			7783579648,
			11811160064
		],
		[
			7783579648,
			11811160064
		],
		[
			7783579648,
			11811160064
		],
		[
			7783579648,
			11811160064
		],
		[
			7783579648,
			11811160064
		],
		[
			7783579648,
			11811160064
		],
		[
			7783579648,
			11811160064
		],
		[
			7783579648,
			11811160064
		],
		[
			7783579648,
			11811160064
		],
		[
			7783579648,
			11811160064
		],
		[
			7783579648,
			11811160064
		],
		[
			7783579648,
			11811160064
		],
		[
			7783579648,
			11811160064
		],
		[
			7783579648,
			11811160064
		],
		[
			7783579648,
			11811160064
		],
		[
			7783579648,
			11811160064
		],
		[
			7783579648,
			11811160064
		],
		[
			7783579648,
			11811160064
		],
		[
			7783579648,
			11811160064
		],
		[
			7783579648,
			11811160064
		],
		[
			7783579648,
			11811160064
		]
	],
	"utilization": [
		3,
		3,
		3,
		7,
		7,
		18,
		18,
		27,
		27,
		18,
		18,
		18,
		18,
		18,
		18,
		25,
		25,
		20,
		20,
		18,
		18,
		18,
		18,
		23,
		23,
		21,
		21,
		18,
		18,
		18,
		18,
		21,
		21,
		23,
		23,
		18,
		18,
		18,
		18,
		18,
		18,
		26,
		26,
		18,
		18,
		18,
		18,
		18,
		18,
		25,
		25,
		19,
		19,
		18,
		18,
		18,
		18,
		23,
		23,
		22,
		22,
		18,
		18,
		18,
		18,
		19,
		19,
		25,
		25,
		18,
		18,
		18,
		18,
		18,
		18,
		25,
		25,
		20,
		20,
		18,
		18,
		18,
		18,
		23,
		23,
		22,
		22,
		18,
		18,
		18
	],
	"computation_proportion": 25,
	"extra_dict": {}
}