{
	"model_name": "ConvNeXtT",
	"batch_size": 32,
	"duration_sec": 45,
	"mode": "train",
	"is_DDP": true,
	"process_group_backend": "gloo",
	"world_size": 2,
	"rank": 1,
	"local_rank": 0,
	"device_type": "gpu",
	"master_addr": "133.133.135.74",
	"master_port": 39920,
	"iteration_count": 32,
	"iteration_intervals": [
		2416620800,
		1399492352,
		1385652224,
		1399133184,
		1415385856,
		1444322560,
		1422023168,
		1349294592,
		1369150976,
		1418413824,
		1365818368,
		1325775872,
		1372536832,
		1417646080,
		1366131968,
		1373456128,
		1447365632,
		1474019072,
		1491356416,
		1525522688,
		1423981568,
		1396934400,
		1448336384,
		1358736128,
		1463220736,
		1453004288,
		1429656064,
		1389976064,
		1417840128,
		1362156288,
		1438482176,
		1372254976
	],
	"iteration_intervals_avg": 1411756050.9629629,
	"iteration_intervals_avg_second": 1.411756050962963,
	"total_time_ns": 46135997184,
	"total_time_second": 46,
	"mem_infos": [
		[
			10786701312,
			11811160064
		],
		[
			10579083264,
			11811160064
		],
		[
			8389656576,
			11811160064
		],
		[
			6464471040,
			11811160064
		],
		[
			6464471040,
			11811160064
		],
		[
			6388973568,
			11811160064
		],
		[
			6388973568,
			11811160064
		],
		[
			6388973568,
			11811160064
		],
		[
			6388973568,
			11811160064
		],
		[
			6388973568,
			11811160064
		],
		[
			6388973568,
			11811160064
		],
		[
			6388973568,
			11811160064
		],
		[
			6388973568,
			11811160064
		],
		[
			6388973568,
			11811160064
		],
		[
			6388973568,
			11811160064
		],
		[
			6388973568,
			11811160064
		],
		[
			6388973568,
			11811160064
		],
		[
			6388973568,
			11811160064
		],
		[
			6388973568,
			11811160064
		],
		[
			6388973568,
			11811160064
		],
		[
			6388973568,
			11811160064
		],
		[
			6388973568,
			11811160064
		],
		[
			6388973568,
			11811160064
		],
		[
			6388973568,
			11811160064
		],
		[
			6388973568,
			11811160064
		],
		[
			6388973568,
			11811160064
		],
		[
			6388973568,
			11811160064
		],
		[
			6388973568,
			11811160064
		],
		[
			6388973568,
			11811160064
		],
		[
			6388973568,
			11811160064
		],
		[
			6388973568,
			11811160064
		],
		[
			6388973568,
			11811160064
		],
		[
			6388973568,
			11811160064
		],
		[
			6388973568,
			11811160064
		],
		[
			6388973568,
			11811160064
		],
		[
			6388973568,
			11811160064
		],
		[
			6388973568,
			11811160064
		],
		[
			6388973568,
			11811160064
		],
		[
			6388973568,
			11811160064
		],
		[
			6388973568,
			11811160064
		],
		[
			6388973568,
			11811160064
		],
		[
			6388973568,
			11811160064
		],
		[
			6388973568,
			11811160064
		],
		[
			6388973568,
			11811160064
		],
		[
			6388973568,
			11811160064
		],
		[
			6388973568,
			11811160064
		],
		[
			6388973568,
			11811160064
		],
		[
			6388973568,
			11811160064
		],
		[
			6388973568,
			11811160064
		],
		[
			6388973568,
			11811160064
		],
		[
			6388973568,
			11811160064
		],
		[
			6388973568,
			11811160064
		],
		[
			6388973568,
			11811160064
		],
		[
			6388973568,
			11811160064
		],
		[
			6388973568,
			11811160064
		],
		[
			6388973568,
			11811160064
		],
		[
			6388973568,
			11811160064
		],
		[
			6388973568,
			11811160064
		],
		[
			6388973568,
			11811160064
		],
		[
			6388973568,
			11811160064
		],
		[
			6388973568,
			11811160064
		],
		[
			6388973568,
			11811160064
		],
		[
			6388973568,
			11811160064
		],
		[
			6388973568,
			11811160064
		],
		[
			6388973568,
			11811160064
		],
		[
			6388973568,
			11811160064
		],
		[
			6388973568,
			11811160064
		],
		[
			6388973568,
			11811160064
		],
		[
			6388973568,
			11811160064
		],
		[
			6388973568,
			11811160064
		],
		[
			6388973568,
			11811160064
		],
		[
			6388973568,
			11811160064
		],
		[
			6388973568,
			11811160064
		],
		[
			6388973568,
			11811160064
		],
		[
			6388973568,
			11811160064
		],
		[
			6388973568,
			11811160064
		],
		[
			6388973568,
			11811160064
		],
		[
			6388973568,
			11811160064
		],
		[
			6388973568,
			11811160064
		],
		[
			6388973568,
			11811160064
		],
		[
			6388973568,
			11811160064
		],
		[
			6388973568,
			11811160064
		],
		[
			6388973568,
			11811160064
		],
		[
			6388973568,
			11811160064
		],
		[
			6388973568,
			11811160064
		],
		[
			6388973568,
			11811160064
		],
		[
			6388973568,
			11811160064
		],
		[
			6388973568,
			11811160064
		],
		[
			6388973568,
			11811160064
		],
		[
			6388973568,
			11811160064
		]
	],
	"utilization": [
		0,
		0,
		7,
		7,
		40,
		40,
		7,
		7,
		26,
		26,
		32,
		32,
		21,
		21,
		12,
		12,
		33,
		33,
		32,
		32,
		5,
		5,
		29,
		29,
		32,
		32,
		32,
		32,
		3,
		3,
		31,
		31,
		32,
		32,
		20,
		20,
		13,
		13,
		33,
		33,
		32,
		32,
		9,
		9,
		24,
		24,
		34,
		34,
		30,
		30,
		6,
		6,
		31,
		31,
		33,
		33,
		3,
		3,
		31,
		31,
		33,
		33,
		8,
		8,
		25,
		25,
		33,
		33,
		25,
		25,
		9,
		9,
		33,
		33,
		33,
		33,
		8,
		8,
		25,
		25,
		32,
		32,
		12,
		12,
		22,
		22,
		33,
		33,
		32,
		32
	],
	"computation_proportion": 50,
	"extra_dict": {}
}