{
	"model_name": "MEALV2",
	"batch_size": 128,
	"duration_sec": 45,
	"mode": "train",
	"is_DDP": true,
	"process_group_backend": "gloo",
	"world_size": 4,
	"rank": 3,
	"local_rank": 0,
	"device_type": "gpu",
	"master_addr": "133.133.135.75",
	"master_port": 39920,
	"iteration_count": 111,
	"iteration_intervals": [
		1703684096,
		165299456,
		145645312,
		151446016,
		166583808,
		128866304,
		155663360,
		135263488,
		164480512,
		2494350848,
		484565504,
		369911808,
		368384000,
		269207040,
		358863616,
		363959040,
		372999936,
		264421888,
		244621056,
		225961728,
		151375872,
		235558400,
		246594304,
		347788032,
		374756864,
		853634048,
		1116540416,
		731131904,
		498555392,
		493721344,
		488677888,
		367845120,
		476882944,
		488982784,
		488908288,
		590306304,
		522249472,
		598296832,
		495172096,
		368295680,
		374134272,
		352980992,
		242807552,
		161391616,
		227899136,
		245128192,
		232574720,
		244647936,
		256503040,
		243133952,
		138284288,
		230652416,
		1713607680,
		612842496,
		477628160,
		372952576,
		358817024,
		262221312,
		239057920,
		143543296,
		227850496,
		147169792,
		147818496,
		194296320,
		141513216,
		226058496,
		1968827392,
		732514560,
		372678400,
		363634176,
		376929280,
		475054080,
		496922880,
		379222528,
		356232192,
		252442368,
		238296832,
		238957312,
		220178944,
		179253760,
		245419008,
		303385600,
		181487360,
		232196608,
		157337856,
		198010880,
		263239680,
		247069184,
		241273600,
		237897472,
		238744832,
		259670272,
		715387392,
		1720569600,
		623378432,
		484653568,
		378665984,
		350381568,
		245926144,
		146184192,
		229628928,
		238138880,
		255569664,
		233289472,
		250337536,
		361674496,
		864278272,
		486570240,
		260211712,
		480233472,
		612329472
	],
	"iteration_intervals_avg": 405156562.1132075,
	"iteration_intervals_avg_second": 0.4051565621132075,
	"total_time_ns": 45280208896,
	"total_time_second": 45,
	"mem_infos": [
		[
			5361369088,
			5905580032
		],
		[
			4908384256,
			5905580032
		],
		[
			4711251968,
			5905580032
		],
		[
			2507145216,
			5905580032
		],
		[
			2226126848,
			5905580032
		],
		[
			2226126848,
			5905580032
		],
		[
			2226126848,
			5905580032
		],
		[
			2226126848,
			5905580032
		],
		[
			2226126848,
			5905580032
		],
		[
			2226126848,
			5905580032
		],
		[
			2226126848,
			5905580032
		],
		[
			2226126848,
			5905580032
		],
		[
			2226126848,
			5905580032
		],
		[
			2226126848,
			5905580032
		],
		[
			2226126848,
			5905580032
		],
		[
			2226126848,
			5905580032
		],
		[
			2226126848,
			5905580032
		],
		[
			2226126848,
			5905580032
		],
		[
			2226126848,
			5905580032
		],
		[
			2226126848,
			5905580032
		],
		[
			2226126848,
			5905580032
		],
		[
			2226126848,
			5905580032
		],
		[
			2226126848,
			5905580032
		],
		[
			2226126848,
			5905580032
		],
		[
			2226126848,
			5905580032
		],
		[
			2226126848,
			5905580032
		],
		[
			2226126848,
			5905580032
		],
		[
			2226126848,
			5905580032
		],
		[
			2226126848,
			5905580032
		],
		[
			2226126848,
			5905580032
		],
		[
			2226126848,
			5905580032
		],
		[
			2226126848,
			5905580032
		],
		[
			2226126848,
			5905580032
		],
		[
			2226126848,
			5905580032
		],
		[
			2226126848,
			5905580032
		],
		[
			2226126848,
			5905580032
		],
		[
			2226126848,
			5905580032
		],
		[
			2226126848,
			5905580032
		],
		[
			2226126848,
			5905580032
		],
		[
			2226126848,
			5905580032
		],
		[
			2226126848,
			5905580032
		],
		[
			2226126848,
			5905580032
		],
		[
			2226126848,
			5905580032
		],
		[
			2226126848,
			5905580032
		],
		[
			2226126848,
			5905580032
		],
		[
			2226126848,
			5905580032
		],
		[
			2226126848,
			5905580032
		],
		[
			2226126848,
			5905580032
		],
		[
			2226126848,
			5905580032
		],
		[
			2226126848,
			5905580032
		],
		[
			2226126848,
			5905580032
		],
		[
			2226126848,
			5905580032
		],
		[
			2226126848,
			5905580032
		],
		[
			2226126848,
			5905580032
		],
		[
			2226126848,
			5905580032
		],
		[
			2226126848,
			5905580032
		],
		[
			2226126848,
			5905580032
		],
		[
			2226126848,
			5905580032
		],
		[
			2226126848,
			5905580032
		],
		[
			2226126848,
			5905580032
		],
		[
			2226126848,
			5905580032
		],
		[
			2226126848,
			5905580032
		],
		[
			2226126848,
			5905580032
		],
		[
			2226126848,
			5905580032
		],
		[
			2226126848,
			5905580032
		],
		[
			2226126848,
			5905580032
		],
		[
			2226126848,
			5905580032
		],
		[
			2226126848,
			5905580032
		],
		[
			2226126848,
			5905580032
		],
		[
			2226126848,
			5905580032
		],
		[
			2226126848,
			5905580032
		],
		[
			2226126848,
			5905580032
		],
		[
			2226126848,
			5905580032
		],
		[
			2226126848,
			5905580032
		],
		[
			2226126848,
			5905580032
		],
		[
			2226126848,
			5905580032
		],
		[
			2226126848,
			5905580032
		],
		[
			2226126848,
			5905580032
		],
		[
			2226126848,
			5905580032
		],
		[
			2226126848,
			5905580032
		],
		[
			2226126848,
			5905580032
		],
		[
			2226126848,
			5905580032
		],
		[
			2226126848,
			5905580032
		],
		[
			2226126848,
			5905580032
		],
		[
			2226126848,
			5905580032
		],
		[
			2226126848,
			5905580032
		],
		[
			2226126848,
			5905580032
		],
		[
			2226126848,
			5905580032
		],
		[
			2226126848,
			5905580032
		],
		[
			2226126848,
			5905580032
		]
	],
	"utilization": [
		11,
		11,
		17,
		17,
		20,
		20,
		86,
		86,
		30,
		30,
		0,
		0,
		17,
		17,
		32,
		32,
		38,
		38,
		46,
		46,
		51,
		51,
		25,
		25,
		11,
		11,
		16,
		16,
		25,
		25,
		36,
		36,
		26,
		26,
		24,
		24,
		17,
		17,
		34,
		34,
		42,
		42,
		57,
		57,
		57,
		57,
		2,
		2,
		14,
		14,
		29,
		29,
		53,
		53,
		73,
		73,
		11,
		11,
		3,
		3,
		26,
		26,
		34,
		34,
		26,
		26,
		41,
		41,
		60,
		60,
		57,
		57,
		53,
		53,
		29,
		29,
		13,
		13,
		13,
		13,
		21,
		21,
		43,
		43,
		57,
		57,
		38,
		38,
		20,
		20
	],
	"computation_proportion": 25,
	"extra_dict": {}
}