{
	"model_name": "ConvNeXtS",
	"batch_size": 32,
	"duration_sec": 45,
	"mode": "train",
	"is_DDP": true,
	"process_group_backend": "gloo",
	"world_size": 2,
	"rank": 0,
	"local_rank": 0,
	"device_type": "gpu",
	"master_addr": "133.133.135.75",
	"master_port": 39920,
	"iteration_count": 41,
	"iteration_intervals": [
		1704709888,
		954488320,
		1105464320,
		1233256960,
		1050888192,
		947143168,
		980698624,
		1069533440,
		1173879040,
		1098814464,
		1016478464,
		1068514816,
		1223126784,
		1462257920,
		1241935104,
		986215168,
		917700608,
		900761600,
		1086051072,
		1220507392,
		1128523008,
		1181709056,
		1132597504,
		1323346688,
		1097088512,
		967844608,
		998252800,
		1103151360,
		1262582784,
		1104402944,
		1028138240,
		1207807744,
		1321786112,
		1140412672,
		962040576,
		996896000,
		1091020288,
		1076539904,
		1105359872,
		1035988992,
		1123471360
	],
	"iteration_intervals_avg": 1105071630.2222223,
	"iteration_intervals_avg_second": 1.1050716302222223,
	"total_time_ns": 45833404416,
	"total_time_second": 45,
	"mem_infos": [
		[
			10765729792,
			11811160064
		],
		[
			10553917440,
			11811160064
		],
		[
			8389656576,
			11811160064
		],
		[
			6464471040,
			11811160064
		],
		[
			6388973568,
			11811160064
		],
		[
			6388973568,
			11811160064
		],
		[
			6388973568,
			11811160064
		],
		[
			6388973568,
			11811160064
		],
		[
			6388973568,
			11811160064
		],
		[
			6388973568,
			11811160064
		],
		[
			6388973568,
			11811160064
		],
		[
			6388973568,
			11811160064
		],
		[
			6388973568,
			11811160064
		],
		[
			6388973568,
			11811160064
		],
		[
			6388973568,
			11811160064
		],
		[
			6388973568,
			11811160064
		],
		[
			6388973568,
			11811160064
		],
		[
			6388973568,
			11811160064
		],
		[
			6388973568,
			11811160064
		],
		[
			6388973568,
			11811160064
		],
		[
			6388973568,
			11811160064
		],
		[
			6388973568,
			11811160064
		],
		[
			6388973568,
			11811160064
		],
		[
			6388973568,
			11811160064
		],
		[
			6388973568,
			11811160064
		],
		[
			6388973568,
			11811160064
		],
		[
			6388973568,
			11811160064
		],
		[
			6388973568,
			11811160064
		],
		[
			6388973568,
			11811160064
		],
		[
			6388973568,
			11811160064
		],
		[
			6388973568,
			11811160064
		],
		[
			6388973568,
			11811160064
		],
		[
			6388973568,
			11811160064
		],
		[
			6388973568,
			11811160064
		],
		[
			6388973568,
			11811160064
		],
		[
			6388973568,
			11811160064
		],
		[
			6388973568,
			11811160064
		],
		[
			6388973568,
			11811160064
		],
		[
			6388973568,
			11811160064
		],
		[
			6388973568,
			11811160064
		],
		[
			6388973568,
			11811160064
		],
		[
			6388973568,
			11811160064
		],
		[
			6388973568,
			11811160064
		],
		[
			6388973568,
			11811160064
		],
		[
			6388973568,
			11811160064
		],
		[
			6388973568,
			11811160064
		],
		[
			6388973568,
			11811160064
		],
		[
			6388973568,
			11811160064
		],
		[
			6388973568,
			11811160064
		],
		[
			6388973568,
			11811160064
		],
		[
			6388973568,
			11811160064
		],
		[
			6388973568,
			11811160064
		],
		[
			6388973568,
			11811160064
		],
		[
			6388973568,
			11811160064
		],
		[
			6388973568,
			11811160064
		],
		[
			6388973568,
			11811160064
		],
		[
			6388973568,
			11811160064
		],
		[
			6388973568,
			11811160064
		],
		[
			6388973568,
			11811160064
		],
		[
			6388973568,
			11811160064
		],
		[
			6388973568,
			11811160064
		],
		[
			6388973568,
			11811160064
		],
		[
			6388973568,
			11811160064
		],
		[
			6388973568,
			11811160064
		],
		[
			6388973568,
			11811160064
		],
		[
			6388973568,
			11811160064
		],
		[
			6388973568,
			11811160064
		],
		[
			6388973568,
			11811160064
		],
		[
			6388973568,
			11811160064
		],
		[
			6388973568,
			11811160064
		],
		[
			6388973568,
			11811160064
		],
		[
			6388973568,
			11811160064
		],
		[
			6388973568,
			11811160064
		],
		[
			6388973568,
			11811160064
		],
		[
			6388973568,
			11811160064
		],
		[
			6388973568,
			11811160064
		],
		[
			6388973568,
			11811160064
		],
		[
			6388973568,
			11811160064
		],
		[
			6388973568,
			11811160064
		],
		[
			6388973568,
			11811160064
		],
		[
			6388973568,
			11811160064
		],
		[
			6388973568,
			11811160064
		],
		[
			6388973568,
			11811160064
		],
		[
			6388973568,
			11811160064
		],
		[
			6388973568,
			11811160064
		],
		[
			6388973568,
			11811160064
		],
		[
			6388973568,
			11811160064
		],
		[
			6388973568,
			11811160064
		],
		[
			6388973568,
			11811160064
		],
		[
			6388973568,
			11811160064
		]
	],
	"utilization": [
		5,
		12,
		12,
		14,
		14,
		58,
		58,
		33,
		33,
		19,
		19,
		19,
		19,
		32,
		32,
		35,
		35,
		35,
		35,
		26,
		26,
		28,
		28,
		33,
		33,
		33,
		33,
		33,
		33,
		32,
		32,
		32,
		32,
		5,
		5,
		29,
		29,
		32,
		32,
		35,
		35,
		35,
		35,
		31,
		31,
		29,
		29,
		32,
		32,
		32,
		32,
		32,
		32,
		32,
		32,
		5,
		5,
		30,
		30,
		36,
		36,
		33,
		33,
		28,
		28,
		30,
		30,
		32,
		32,
		33,
		33,
		32,
		32,
		31,
		31,
		7,
		7,
		27,
		27,
		35,
		35,
		33,
		33,
		29,
		29,
		32,
		32,
		32,
		32,
		33
	],
	"computation_proportion": 30,
	"extra_dict": {}
}