{
	"model_name": "InceptionV3",
	"batch_size": 16,
	"duration_sec": 45,
	"mode": "train",
	"is_DDP": true,
	"process_group_backend": "gloo",
	"world_size": 4,
	"rank": 0,
	"local_rank": 0,
	"device_type": "gpu",
	"master_addr": "133.133.135.75",
	"master_port": 39920,
	"iteration_count": 29,
	"iteration_intervals": [
		3041420288,
		1475686400,
		1518089472,
		1507892992,
		1508322816,
		1494768896,
		1525868032,
		1540973056,
		1494046720,
		1523265536,
		1512972288,
		1526109696,
		1518270720,
		1515037440,
		1501533952,
		1507695360,
		1507766528,
		1508910336,
		1498183424,
		1534272256,
		1519288832,
		1518339584,
		1514636032,
		1499415296,
		1522862080,
		1513775360,
		1521941504,
		1515776256,
		1503444480
	],
	"iteration_intervals_avg": 1514131402.6666667,
	"iteration_intervals_avg_second": 1.5141314026666668,
	"total_time_ns": 45391527936,
	"total_time_second": 45,
	"mem_infos": [
		[
			5046796288,
			5905580032
		],
		[
			4843372544,
			5905580032
		],
		[
			4629463040,
			5905580032
		],
		[
			2557476864,
			5905580032
		],
		[
			2557476864,
			5905580032
		],
		[
			2557476864,
			5905580032
		],
		[
			2477785088,
			5905580032
		],
		[
			2232418304,
			5905580032
		],
		[
			2232418304,
			5905580032
		],
		[
			2232418304,
			5905580032
		],
		[
			2232418304,
			5905580032
		],
		[
			2232418304,
			5905580032
		],
		[
			2232418304,
			5905580032
		],
		[
			2232418304,
			5905580032
		],
		[
			2232418304,
			5905580032
		],
		[
			2232418304,
			5905580032
		],
		[
			2232418304,
			5905580032
		],
		[
			2232418304,
			5905580032
		],
		[
			2232418304,
			5905580032
		],
		[
			2232418304,
			5905580032
		],
		[
			2232418304,
			5905580032
		],
		[
			2232418304,
			5905580032
		],
		[
			2232418304,
			5905580032
		],
		[
			2232418304,
			5905580032
		],
		[
			2232418304,
			5905580032
		],
		[
			2232418304,
			5905580032
		],
		[
			2232418304,
			5905580032
		],
		[
			2232418304,
			5905580032
		],
		[
			2232418304,
			5905580032
		],
		[
			2232418304,
			5905580032
		],
		[
			2232418304,
			5905580032
		],
		[
			2232418304,
			5905580032
		],
		[
			2232418304,
			5905580032
		],
		[
			2232418304,
			5905580032
		],
		[
			2232418304,
			5905580032
		],
		[
			2232418304,
			5905580032
		],
		[
			2232418304,
			5905580032
		],
		[
			2232418304,
			5905580032
		],
		[
			2232418304,
			5905580032
		],
		[
			2232418304,
			5905580032
		],
		[
			2232418304,
			5905580032
		],
		[
			2232418304,
			5905580032
		],
		[
			2232418304,
			5905580032
		],
		[
			2232418304,
			5905580032
		],
		[
			2232418304,
			5905580032
		],
		[
			2232418304,
			5905580032
		],
		[
			2232418304,
			5905580032
		],
		[
			2232418304,
			5905580032
		],
		[
			2232418304,
			5905580032
		],
		[
			2232418304,
			5905580032
		],
		[
			2232418304,
			5905580032
		],
		[
			2232418304,
			5905580032
		],
		[
			2232418304,
			5905580032
		],
		[
			2232418304,
			5905580032
		],
		[
			2232418304,
			5905580032
		],
		[
			2232418304,
			5905580032
		],
		[
			2232418304,
			5905580032
		],
		[
			2232418304,
			5905580032
		],
		[
			2232418304,
			5905580032
		],
		[
			2232418304,
			5905580032
		],
		[
			2232418304,
			5905580032
		],
		[
			2232418304,
			5905580032
		],
		[
			2232418304,
			5905580032
		],
		[
			2232418304,
			5905580032
		],
		[
			2232418304,
			5905580032
		],
		[
			2232418304,
			5905580032
		],
		[
			2232418304,
			5905580032
		],
		[
			2232418304,
			5905580032
		],
		[
			2232418304,
			5905580032
		],
		[
			2232418304,
			5905580032
		],
		[
			2232418304,
			5905580032
		],
		[
			2232418304,
			5905580032
		],
		[
			2232418304,
			5905580032
		],
		[
			2232418304,
			5905580032
		],
		[
			2232418304,
			5905580032
		],
		[
			2232418304,
			5905580032
		],
		[
			2232418304,
			5905580032
		],
		[
			2232418304,
			5905580032
		],
		[
			2232418304,
			5905580032
		],
		[
			2232418304,
			5905580032
		],
		[
			2232418304,
			5905580032
		],
		[
			2232418304,
			5905580032
		],
		[
			2232418304,
			5905580032
		],
		[
			2232418304,
			5905580032
		],
		[
			2232418304,
			5905580032
		],
		[
			2232418304,
			5905580032
		],
		[
			2232418304,
			5905580032
		],
		[
			2232418304,
			5905580032
		],
		[
			2232418304,
			5905580032
		],
		[
			2232418304,
			5905580032
		]
	],
	"utilization": [
		0,
		5,
		5,
		18,
		18,
		17,
		17,
		24,
		24,
		1,
		1,
		21,
		21,
		22,
		22,
		1,
		1,
		22,
		22,
		22,
		22,
		1,
		1,
		21,
		21,
		22,
		22,
		1,
		1,
		22,
		22,
		22,
		22,
		1,
		1,
		23,
		23,
		22,
		22,
		1,
		1,
		21,
		21,
		22,
		22,
		1,
		1,
		22,
		22,
		22,
		22,
		1,
		1,
		21,
		21,
		22,
		22,
		1,
		1,
		21,
		21,
		22,
		22,
		1,
		1,
		22,
		22,
		23,
		23,
		1,
		1,
		21,
		21,
		23,
		23,
		1,
		1,
		21,
		21,
		22,
		22,
		1,
		1,
		21,
		21,
		21,
		21,
		2,
		2,
		21
	],
	"computation_proportion": 45,
	"extra_dict": {}
}