{
	"model_name": "GhostNet",
	"batch_size": 128,
	"duration_sec": 45,
	"mode": "train",
	"is_DDP": true,
	"process_group_backend": "gloo",
	"world_size": 2,
	"rank": 0,
	"local_rank": 0,
	"device_type": "gpu",
	"master_addr": "133.133.135.74",
	"master_port": 39920,
	"iteration_count": 103,
	"iteration_intervals": [
		1516852224,
		392390656,
		410474752,
		439598336,
		415362816,
		438856448,
		417240064,
		439710464,
		430167808,
		428452864,
		435358464,
		422290432,
		429056512,
		433638656,
		427530240,
		423818496,
		429557248,
		431629568,
		426323712,
		431741440,
		430250496,
		422045440,
		438009600,
		414550528,
		435431424,
		421951744,
		447691008,
		411696128,
		438797568,
		413352960,
		447227904,
		406248960,
		444587776,
		417760768,
		446315008,
		412363264,
		436992000,
		411191552,
		447507456,
		407975936,
		452938240,
		411096320,
		445606400,
		409526784,
		446787584,
		412329728,
		446357248,
		402247680,
		457857536,
		401222144,
		459598336,
		402070528,
		448083712,
		402560512,
		459328256,
		400576768,
		464372480,
		391634944,
		462171136,
		390947072,
		463026944,
		390531072,
		470049792,
		388422656,
		397446912,
		462688768,
		397628416,
		454735616,
		403224320,
		460182272,
		397357312,
		459430912,
		399747072,
		450763776,
		403737600,
		452206592,
		398094080,
		455054080,
		400167936,
		466929152,
		397636352,
		460368384,
		394496512,
		460072704,
		391249408,
		471158528,
		389657600,
		463744000,
		388189184,
		475187712,
		378844672,
		475894528,
		380387328,
		475322624,
		390901760,
		469361152,
		383101184,
		476080640,
		383968768,
		471493888,
		382181632,
		476642304,
		381876480
	],
	"iteration_intervals_avg": 428100775.18367344,
	"iteration_intervals_avg_second": 0.42810077518367345,
	"total_time_ns": 45129445120,
	"total_time_second": 45,
	"mem_infos": [
		[
			11269046272,
			11811160064
		],
		[
			10371465216,
			11811160064
		],
		[
			10132389888,
			11811160064
		],
		[
			4027580416,
			11811160064
		],
		[
			4027580416,
			11811160064
		],
		[
			4027580416,
			11811160064
		],
		[
			4027580416,
			11811160064
		],
		[
			4027580416,
			11811160064
		],
		[
			4027580416,
			11811160064
		],
		[
			4027580416,
			11811160064
		],
		[
			4027580416,
			11811160064
		],
		[
			4027580416,
			11811160064
		],
		[
			4027580416,
			11811160064
		],
		[
			4027580416,
			11811160064
		],
		[
			4027580416,
			11811160064
		],
		[
			4027580416,
			11811160064
		],
		[
			4027580416,
			11811160064
		],
		[
			4027580416,
			11811160064
		],
		[
			4027580416,
			11811160064
		],
		[
			4027580416,
			11811160064
		],
		[
			4027580416,
			11811160064
		],
		[
			4027580416,
			11811160064
		],
		[
			4027580416,
			11811160064
		],
		[
			4027580416,
			11811160064
		],
		[
			4027580416,
			11811160064
		],
		[
			4027580416,
			11811160064
		],
		[
			4027580416,
			11811160064
		],
		[
			4027580416,
			11811160064
		],
		[
			4027580416,
			11811160064
		],
		[
			4027580416,
			11811160064
		],
		[
			4027580416,
			11811160064
		],
		[
			4027580416,
			11811160064
		],
		[
			4027580416,
			11811160064
		],
		[
			4027580416,
			11811160064
		],
		[
			4027580416,
			11811160064
		],
		[
			4027580416,
			11811160064
		],
		[
			4027580416,
			11811160064
		],
		[
			4027580416,
			11811160064
		],
		[
			4027580416,
			11811160064
		],
		[
			4027580416,
			11811160064
		],
		[
			4027580416,
			11811160064
		],
		[
			4027580416,
			11811160064
		],
		[
			4027580416,
			11811160064
		],
		[
			4027580416,
			11811160064
		],
		[
			4027580416,
			11811160064
		],
		[
			4027580416,
			11811160064
		],
		[
			4027580416,
			11811160064
		],
		[
			4027580416,
			11811160064
		],
		[
			4027580416,
			11811160064
		],
		[
			4027580416,
			11811160064
		],
		[
			4027580416,
			11811160064
		],
		[
			4027580416,
			11811160064
		],
		[
			4027580416,
			11811160064
		],
		[
			4027580416,
			11811160064
		],
		[
			4027580416,
			11811160064
		],
		[
			4027580416,
			11811160064
		],
		[
			4027580416,
			11811160064
		],
		[
			4027580416,
			11811160064
		],
		[
			4027580416,
			11811160064
		],
		[
			4027580416,
			11811160064
		],
		[
			4027580416,
			11811160064
		],
		[
			4027580416,
			11811160064
		],
		[
			4027580416,
			11811160064
		],
		[
			4027580416,
			11811160064
		],
		[
			4027580416,
			11811160064
		],
		[
			4027580416,
			11811160064
		],
		[
			4027580416,
			11811160064
		],
		[
			4027580416,
			11811160064
		],
		[
			4027580416,
			11811160064
		],
		[
			4027580416,
			11811160064
		],
		[
			4027580416,
			11811160064
		],
		[
			4027580416,
			11811160064
		],
		[
			4027580416,
			11811160064
		],
		[
			4027580416,
			11811160064
		],
		[
			4027580416,
			11811160064
		],
		[
			4027580416,
			11811160064
		],
		[
			4027580416,
			11811160064
		],
		[
			4027580416,
			11811160064
		],
		[
			4027580416,
			11811160064
		],
		[
			4027580416,
			11811160064
		],
		[
			4027580416,
			11811160064
		],
		[
			4027580416,
			11811160064
		],
		[
			4027580416,
			11811160064
		],
		[
			4027580416,
			11811160064
		],
		[
			4027580416,
			11811160064
		],
		[
			4027580416,
			11811160064
		],
		[
			4027580416,
			11811160064
		],
		[
			4027580416,
			11811160064
		],
		[
			4027580416,
			11811160064
		],
		[
			4027580416,
			11811160064
		]
	],
	"utilization": [
		4,
		4,
		4,
		4,
		31,
		31,
		33,
		33,
		33,
		33,
		31,
		31,
		31,
		31,
		34,
		34,
		30,
		30,
		30,
		30,
		33,
		33,
		33,
		33,
		31,
		31,
		33,
		33,
		33,
		33,
		32,
		32,
		32,
		32,
		30,
		30,
		35,
		35,
		31,
		31,
		30,
		30,
		32,
		32,
		34,
		34,
		32,
		32,
		33,
		33,
		31,
		31,
		33,
		33,
		33,
		32,
		32,
		30,
		30,
		32,
		32,
		33,
		33,
		32,
		32,
		32,
		32,
		34,
		34,
		32,
		32,
		32,
		32,
		30,
		30,
		32,
		32,
		34,
		34,
		31,
		31,
		32,
		32,
		32,
		32,
		33,
		33,
		33,
		33,
		31
	],
	"computation_proportion": 95,
	"extra_dict": {}
}