{
	"model_name": "ConvNeXtS",
	"batch_size": 16,
	"duration_sec": 45,
	"mode": "train",
	"is_DDP": true,
	"process_group_backend": "gloo",
	"world_size": 4,
	"rank": 3,
	"local_rank": 0,
	"device_type": "gpu",
	"master_addr": "133.133.135.75",
	"master_port": 39920,
	"iteration_count": 44,
	"iteration_intervals": [
		1511748608,
		600555520,
		481296896,
		1898433024,
		932236544,
		641812992,
		586885888,
		390112768,
		2027428864,
		1126171136,
		529808128,
		543226112,
		529272576,
		1489989632,
		628769792,
		723162880,
		714082304,
		414751744,
		400418560,
		2385408000,
		966317312,
		854510080,
		1118242560,
		2462846208,
		500281600,
		468972544,
		2917159680,
		539984896,
		459779840,
		378455552,
		2568571904,
		726705152,
		970250240,
		1211621888,
		1850966784,
		742801408,
		596760064,
		720296192,
		2824776192,
		506967040,
		408194560,
		1639628288,
		861286400,
		972934656
	],
	"iteration_intervals_avg": 1035887497.8461539,
	"iteration_intervals_avg_second": 1.0358874978461539,
	"total_time_ns": 45825496576,
	"total_time_second": 45,
	"mem_infos": [
		[
			4860149760,
			5905580032
		],
		[
			4654628864,
			5905580032
		],
		[
			4442816512,
			5905580032
		],
		[
			2484076544,
			5905580032
		],
		[
			2255486976,
			5905580032
		],
		[
			2255486976,
			5905580032
		],
		[
			2255486976,
			5905580032
		],
		[
			2255486976,
			5905580032
		],
		[
			2255486976,
			5905580032
		],
		[
			2255486976,
			5905580032
		],
		[
			2255486976,
			5905580032
		],
		[
			2255486976,
			5905580032
		],
		[
			2255486976,
			5905580032
		],
		[
			2255486976,
			5905580032
		],
		[
			2255486976,
			5905580032
		],
		[
			2255486976,
			5905580032
		],
		[
			2255486976,
			5905580032
		],
		[
			2255486976,
			5905580032
		],
		[
			2255486976,
			5905580032
		],
		[
			2255486976,
			5905580032
		],
		[
			2255486976,
			5905580032
		],
		[
			2255486976,
			5905580032
		],
		[
			2255486976,
			5905580032
		],
		[
			2255486976,
			5905580032
		],
		[
			2255486976,
			5905580032
		],
		[
			2255486976,
			5905580032
		],
		[
			2255486976,
			5905580032
		],
		[
			2255486976,
			5905580032
		],
		[
			2255486976,
			5905580032
		],
		[
			2255486976,
			5905580032
		],
		[
			2255486976,
			5905580032
		],
		[
			2255486976,
			5905580032
		],
		[
			2255486976,
			5905580032
		],
		[
			2255486976,
			5905580032
		],
		[
			2255486976,
			5905580032
		],
		[
			2255486976,
			5905580032
		],
		[
			2255486976,
			5905580032
		],
		[
			2255486976,
			5905580032
		],
		[
			2255486976,
			5905580032
		],
		[
			2255486976,
			5905580032
		],
		[
			2255486976,
			5905580032
		],
		[
			2255486976,
			5905580032
		],
		[
			2255486976,
			5905580032
		],
		[
			2255486976,
			5905580032
		],
		[
			2255486976,
			5905580032
		],
		[
			2255486976,
			5905580032
		],
		[
			2255486976,
			5905580032
		],
		[
			2255486976,
			5905580032
		],
		[
			2255486976,
			5905580032
		],
		[
			2255486976,
			5905580032
		],
		[
			2255486976,
			5905580032
		],
		[
			2255486976,
			5905580032
		],
		[
			2255486976,
			5905580032
		],
		[
			2255486976,
			5905580032
		],
		[
			2255486976,
			5905580032
		],
		[
			2255486976,
			5905580032
		],
		[
			2255486976,
			5905580032
		],
		[
			2255486976,
			5905580032
		],
		[
			2255486976,
			5905580032
		],
		[
			2255486976,
			5905580032
		],
		[
			2255486976,
			5905580032
		],
		[
			2255486976,
			5905580032
		],
		[
			2255486976,
			5905580032
		],
		[
			2255486976,
			5905580032
		],
		[
			2255486976,
			5905580032
		],
		[
			2255486976,
			5905580032
		],
		[
			2255486976,
			5905580032
		],
		[
			2255486976,
			5905580032
		],
		[
			2255486976,
			5905580032
		],
		[
			2255486976,
			5905580032
		],
		[
			2255486976,
			5905580032
		],
		[
			2255486976,
			5905580032
		],
		[
			2255486976,
			5905580032
		],
		[
			2255486976,
			5905580032
		],
		[
			2255486976,
			5905580032
		],
		[
			2255486976,
			5905580032
		],
		[
			2255486976,
			5905580032
		],
		[
			2255486976,
			5905580032
		],
		[
			2255486976,
			5905580032
		],
		[
			2255486976,
			5905580032
		],
		[
			2255486976,
			5905580032
		],
		[
			2255486976,
			5905580032
		],
		[
			2255486976,
			5905580032
		],
		[
			2255486976,
			5905580032
		],
		[
			2255486976,
			5905580032
		],
		[
			2255486976,
			5905580032
		],
		[
			2255486976,
			5905580032
		],
		[
			2255486976,
			5905580032
		],
		[
			2255486976,
			5905580032
		],
		[
			2255486976,
			5905580032
		]
	],
	"utilization": [
		38,
		36,
		36,
		57,
		57,
		57,
		54,
		54,
		15,
		15,
		19,
		19,
		34,
		34,
		51,
		51,
		59,
		59,
		0,
		0,
		17,
		17,
		38,
		38,
		59,
		59,
		28,
		28,
		27,
		27,
		38,
		38,
		47,
		47,
		63,
		63,
		0,
		0,
		15,
		15,
		37,
		37,
		34,
		34,
		25,
		25,
		0,
		0,
		6,
		6,
		56,
		56,
		26,
		26,
		0,
		0,
		16,
		16,
		56,
		56,
		58,
		58,
		0,
		0,
		7,
		7,
		60,
		60,
		21,
		21,
		21,
		21,
		17,
		17,
		31,
		31,
		36,
		36,
		55,
		55,
		4,
		4,
		0,
		0,
		36,
		36,
		59,
		59,
		3,
		3
	],
	"computation_proportion": 20,
	"extra_dict": {}
}