{
	"model_name": "ResNet18",
	"batch_size": 64,
	"duration_sec": 45,
	"mode": "train",
	"is_DDP": true,
	"process_group_backend": "gloo",
	"world_size": 1,
	"rank": 0,
	"local_rank": 0,
	"device_type": "gpu",
	"master_addr": "133.133.135.75",
	"master_port": 39920,
	"iteration_count": 118,
	"iteration_intervals": [
		1312547840,
		114286336,
		148032000,
		219366144,
		153943040,
		214578944,
		216392448,
		164156160,
		229678848,
		236482048,
		247807744,
		242275584,
		363376640,
		354539264,
		371576832,
		375093248,
		373915136,
		367034880,
		363188736,
		345010944,
		264431104,
		361346816,
		362053632,
		353436416,
		365834496,
		369219840,
		370677248,
		379688448,
		466925312,
		395022848,
		461289472,
		388737280,
		364004352,
		364476416,
		375498496,
		364108032,
		355714560,
		478134016,
		386897408,
		469027328,
		487285504,
		491996928,
		483960064,
		381970432,
		486140416,
		374466816,
		460162560,
		369597184,
		367720960,
		365769728,
		365550336,
		385647872,
		365122560,
		366392320,
		366461184,
		354213632,
		269345280,
		356615680,
		360655104,
		352142592,
		369373440,
		386457344,
		367949568,
		367230464,
		487128320,
		473205760,
		386940672,
		369658624,
		363320320,
		366295296,
		365878784,
		366554624,
		472114432,
		385962240,
		363705600,
		485191680,
		367790592,
		472985344,
		388296960,
		358613248,
		489361664,
		364578048,
		377420032,
		364842240,
		367737856,
		366815232,
		362636032,
		367758080,
		469937664,
		379369472,
		472769024,
		485162752,
		491646720,
		487368448,
		389220096,
		469417728,
		376425472,
		377604352,
		361140224,
		365757696,
		357004800,
		381307904,
		365576192,
		463266816,
		384755968,
		378964736,
		480256512,
		371937792,
		364962304,
		365798400,
		361802240,
		368214016,
		361660416,
		372726272,
		368715520,
		487520000,
		372610304,
		367184640
	],
	"iteration_intervals_avg": 381404735.4336283,
	"iteration_intervals_avg_second": 0.3814047354336283,
	"total_time_ns": 45047847424,
	"total_time_second": 45,
	"mem_infos": [
		[
			11130634240,
			11811160064
		],
		[
			10570694656,
			11811160064
		],
		[
			10337910784,
			11811160064
		],
		[
			7783579648,
			11811160064
		],
		[
			7783579648,
			11811160064
		],
		[
			7783579648,
			11811160064
		],
		[
			7783579648,
			11811160064
		],
		[
			7783579648,
			11811160064
		],
		[
			7783579648,
			11811160064
		],
		[
			7783579648,
			11811160064
		],
		[
			7783579648,
			11811160064
		],
		[
			7783579648,
			11811160064
		],
		[
			7783579648,
			11811160064
		],
		[
			7783579648,
			11811160064
		],
		[
			7783579648,
			11811160064
		],
		[
			7783579648,
			11811160064
		],
		[
			7783579648,
			11811160064
		],
		[
			7783579648,
			11811160064
		],
		[
			7783579648,
			11811160064
		],
		[
			7783579648,
			11811160064
		],
		[
			7783579648,
			11811160064
		],
		[
			7783579648,
			11811160064
		],
		[
			7783579648,
			11811160064
		],
		[
			7783579648,
			11811160064
		],
		[
			7783579648,
			11811160064
		],
		[
			7783579648,
			11811160064
		],
		[
			7783579648,
			11811160064
		],
		[
			7783579648,
			11811160064
		],
		[
			7783579648,
			11811160064
		],
		[
			7783579648,
			11811160064
		],
		[
			7783579648,
			11811160064
		],
		[
			7783579648,
			11811160064
		],
		[
			7783579648,
			11811160064
		],
		[
			7783579648,
			11811160064
		],
		[
			7783579648,
			11811160064
		],
		[
			7783579648,
			11811160064
		],
		[
			7783579648,
			11811160064
		],
		[
			7783579648,
			11811160064
		],
		[
			7783579648,
			11811160064
		],
		[
			7783579648,
			11811160064
		],
		[
			7783579648,
			11811160064
		],
		[
			7783579648,
			11811160064
		],
		[
			7783579648,
			11811160064
		],
		[
			7783579648,
			11811160064
		],
		[
			7783579648,
			11811160064
		],
		[
			7783579648,
			11811160064
		],
		[
			7783579648,
			11811160064
		],
		[
			7783579648,
			11811160064
		],
		[
			7783579648,
			11811160064
		],
		[
			7783579648,
			11811160064
		],
		[
			7783579648,
			11811160064
		],
		[
			7783579648,
			11811160064
		],
		[
			7783579648,
			11811160064
		],
		[
			7783579648,
			11811160064
		],
		[
			7783579648,
			11811160064
		],
		[
			7783579648,
			11811160064
		],
		[
			7783579648,
			11811160064
		],
		[
			7783579648,
			11811160064
		],
		[
			7783579648,
			11811160064
		],
		[
			7783579648,
			11811160064
		],
		[
			7783579648,
			11811160064
		],
		[
			7783579648,
			11811160064
		],
		[
			7783579648,
			11811160064
		],
		[
			7783579648,
			11811160064
		],
		[
			7783579648,
			11811160064
		],
		[
			7783579648,
			11811160064
		],
		[
			7783579648,
			11811160064
		],
		[
			7783579648,
			11811160064
		],
		[
			7783579648,
			11811160064
		],
		[
			7783579648,
			11811160064
		],
		[
			7783579648,
			11811160064
		],
		[
			7783579648,
			11811160064
		],
		[
			7783579648,
			11811160064
		],
		[
			7783579648,
			11811160064
		],
		[
			7783579648,
			11811160064
		],
		[
			7783579648,
			11811160064
		],
		[
			7783579648,
			11811160064
		],
		[
			7783579648,
			11811160064
		],
		[
			7783579648,
			11811160064
		],
		[
			7783579648,
			11811160064
		],
		[
			7783579648,
			11811160064
		],
		[
			7783579648,
			11811160064
		],
		[
			7783579648,
			11811160064
		],
		[
			7783579648,
			11811160064
		],
		[
			7783579648,
			11811160064
		],
		[
			7783579648,
			11811160064
		],
		[
			7783579648,
			11811160064
		],
		[
			7783579648,
			11811160064
		],
		[
			7783579648,
			11811160064
		],
		[
			7783579648,
			11811160064
		]
	],
	"utilization": [
		4,
		4,
		5,
		5,
		41,
		41,
		45,
		45,
		31,
		31,
		25,
		25,
		26,
		26,
		30,
		30,
		29,
		29,
		28,
		28,
		26,
		26,
		23,
		23,
		27,
		27,
		27,
		27,
		26,
		26,
		21,
		21,
		20,
		20,
		24,
		24,
		29,
		29,
		26,
		26,
		26,
		26,
		31,
		31,
		30,
		30,
		27,
		27,
		23,
		23,
		25,
		25,
		29,
		29,
		26,
		26,
		23,
		23,
		26,
		26,
		25,
		25,
		26,
		26,
		27,
		27,
		27,
		27,
		27,
		27,
		22,
		22,
		21,
		21,
		23,
		23,
		29,
		29,
		29,
		29,
		23,
		23,
		25,
		25,
		27,
		27,
		29,
		29,
		26,
		26
	],
	"computation_proportion": 25,
	"extra_dict": {}
}