{
	"model_name": "ShuffleNet",
	"batch_size": 256,
	"duration_sec": 45,
	"mode": "train",
	"is_DDP": true,
	"process_group_backend": "gloo",
	"world_size": 1,
	"rank": 0,
	"local_rank": 0,
	"device_type": "gpu",
	"master_addr": "133.133.135.75",
	"master_port": 39920,
	"iteration_count": 19,
	"iteration_intervals": [
		2257392896,
		2576112896,
		2082954496,
		2193452032,
		2075224064,
		3429264384,
		2443942400,
		2303719936,
		1972278272,
		3648594688,
		2223886080,
		2315794688,
		1959854336,
		2566546944,
		1958621440,
		2699270144,
		2433268480,
		2202285312,
		1921424896
	],
	"iteration_intervals_avg": 2434196571.428571,
	"iteration_intervals_avg_second": 2.434196571428571,
	"total_time_ns": 45264908800,
	"total_time_second": 45,
	"mem_infos": [
		[
			11269046272,
			11811160064
		],
		[
			10566500352,
			11811160064
		],
		[
			10331619328,
			11811160064
		],
		[
			5160042496,
			11811160064
		],
		[
			3981443072,
			11811160064
		],
		[
			3975151616,
			11811160064
		],
		[
			3975151616,
			11811160064
		],
		[
			3973054464,
			11811160064
		],
		[
			3973054464,
			11811160064
		],
		[
			3973054464,
			11811160064
		],
		[
			3973054464,
			11811160064
		],
		[
			3973054464,
			11811160064
		],
		[
			3973054464,
			11811160064
		],
		[
			3973054464,
			11811160064
		],
		[
			3973054464,
			11811160064
		],
		[
			3973054464,
			11811160064
		],
		[
			3973054464,
			11811160064
		],
		[
			3973054464,
			11811160064
		],
		[
			3973054464,
			11811160064
		],
		[
			3973054464,
			11811160064
		],
		[
			3973054464,
			11811160064
		],
		[
			3973054464,
			11811160064
		],
		[
			3973054464,
			11811160064
		],
		[
			3973054464,
			11811160064
		],
		[
			3973054464,
			11811160064
		],
		[
			3973054464,
			11811160064
		],
		[
			3973054464,
			11811160064
		],
		[
			3973054464,
			11811160064
		],
		[
			3973054464,
			11811160064
		],
		[
			3973054464,
			11811160064
		],
		[
			3973054464,
			11811160064
		],
		[
			3973054464,
			11811160064
		],
		[
			3973054464,
			11811160064
		],
		[
			3973054464,
			11811160064
		],
		[
			3973054464,
			11811160064
		],
		[
			3973054464,
			11811160064
		],
		[
			3973054464,
			11811160064
		],
		[
			3973054464,
			11811160064
		],
		[
			3973054464,
			11811160064
		],
		[
			3973054464,
			11811160064
		],
		[
			3973054464,
			11811160064
		],
		[
			3973054464,
			11811160064
		],
		[
			3973054464,
			11811160064
		],
		[
			3973054464,
			11811160064
		],
		[
			3973054464,
			11811160064
		],
		[
			3973054464,
			11811160064
		],
		[
			3973054464,
			11811160064
		],
		[
			3973054464,
			11811160064
		],
		[
			3973054464,
			11811160064
		],
		[
			3973054464,
			11811160064
		],
		[
			3973054464,
			11811160064
		],
		[
			3973054464,
			11811160064
		],
		[
			3973054464,
			11811160064
		],
		[
			3973054464,
			11811160064
		],
		[
			3973054464,
			11811160064
		],
		[
			3973054464,
			11811160064
		],
		[
			3973054464,
			11811160064
		],
		[
			3973054464,
			11811160064
		],
		[
			3973054464,
			11811160064
		],
		[
			3973054464,
			11811160064
		],
		[
			3973054464,
			11811160064
		],
		[
			3973054464,
			11811160064
		],
		[
			3973054464,
			11811160064
		],
		[
			3973054464,
			11811160064
		],
		[
			3973054464,
			11811160064
		],
		[
			3973054464,
			11811160064
		],
		[
			3973054464,
			11811160064
		],
		[
			3973054464,
			11811160064
		],
		[
			3973054464,
			11811160064
		],
		[
			3973054464,
			11811160064
		],
		[
			3973054464,
			11811160064
		],
		[
			3973054464,
			11811160064
		],
		[
			3973054464,
			11811160064
		],
		[
			3973054464,
			11811160064
		],
		[
			3973054464,
			11811160064
		],
		[
			3973054464,
			11811160064
		],
		[
			3973054464,
			11811160064
		],
		[
			3973054464,
			11811160064
		],
		[
			3973054464,
			11811160064
		],
		[
			3973054464,
			11811160064
		],
		[
			3973054464,
			11811160064
		],
		[
			3973054464,
			11811160064
		],
		[
			3973054464,
			11811160064
		],
		[
			3973054464,
			11811160064
		],
		[
			3973054464,
			11811160064
		],
		[
			3973054464,
			11811160064
		],
		[
			3973054464,
			11811160064
		],
		[
			3973054464,
			11811160064
		],
		[
			3973054464,
			11811160064
		],
		[
			3973054464,
			11811160064
		]
	],
	"utilization": [
		4,
		4,
		5,
		5,
		13,
		13,
		6,
		6,
		7,
		7,
		6,
		6,
		4,
		4,
		9,
		9,
		7,
		7,
		5,
		5,
		5,
		5,
		9,
		9,
		6,
		6,
		6,
		6,
		2,
		2,
		3,
		3,
		4,
		4,
		8,
		8,
		9,
		9,
		6,
		6,
		4,
		4,
		8,
		8,
		7,
		7,
		6,
		6,
		2,
		2,
		3,
		3,
		3,
		3,
		9,
		9,
		8,
		8,
		5,
		5,
		5,
		5,
		8,
		8,
		7,
		7,
		6,
		6,
		5,
		5,
		7,
		7,
		8,
		8,
		3,
		3,
		6,
		6,
		7,
		7,
		7,
		7,
		4,
		4,
		5,
		5,
		9,
		9,
		6,
		6
	],
	"computation_proportion": 5,
	"extra_dict": {}
}