{
	"model_name": "SqueezeNet",
	"batch_size": 256,
	"duration_sec": 45,
	"mode": "train",
	"is_DDP": true,
	"process_group_backend": "gloo",
	"world_size": 2,
	"rank": 0,
	"local_rank": 0,
	"device_type": "gpu",
	"master_addr": "133.133.135.75",
	"master_port": 39920,
	"iteration_count": 52,
	"iteration_intervals": [
		2096800000,
		849725184,
		852650240,
		854943488,
		854960128,
		844068096,
		859062272,
		863354368,
		849446144,
		851736064,
		753265920,
		851034368,
		861287680,
		853477888,
		847661312,
		853779200,
		854237184,
		851032832,
		855806464,
		850464512,
		860276224,
		867978240,
		840809216,
		854285056,
		864746240,
		866835712,
		859000832,
		849649920,
		860267264,
		738953728,
		858494208,
		859708416,
		843008256,
		849634816,
		856052992,
		857580032,
		853616384,
		859292416,
		849617920,
		856777984,
		863312640,
		871773952,
		846615552,
		856468224,
		851515904,
		859493632,
		853798144,
		859855104,
		747741952,
		856929280,
		850971136,
		861237760
	],
	"iteration_intervals_avg": 848638583.8297873,
	"iteration_intervals_avg_second": 0.8486385838297873,
	"total_time_ns": 45396307968,
	"total_time_second": 45,
	"mem_infos": [
		[
			11269046272,
			11811160064
		],
		[
			9729736704,
			11811160064
		],
		[
			9515827200,
			11811160064
		],
		[
			1880096768,
			11811160064
		],
		[
			1204813824,
			11811160064
		],
		[
			1022361600,
			11811160064
		],
		[
			441450496,
			11811160064
		],
		[
			441450496,
			11811160064
		],
		[
			441450496,
			11811160064
		],
		[
			441450496,
			11811160064
		],
		[
			441450496,
			11811160064
		],
		[
			441450496,
			11811160064
		],
		[
			441450496,
			11811160064
		],
		[
			441450496,
			11811160064
		],
		[
			441450496,
			11811160064
		],
		[
			441450496,
			11811160064
		],
		[
			441450496,
			11811160064
		],
		[
			441450496,
			11811160064
		],
		[
			441450496,
			11811160064
		],
		[
			441450496,
			11811160064
		],
		[
			441450496,
			11811160064
		],
		[
			441450496,
			11811160064
		],
		[
			441450496,
			11811160064
		],
		[
			441450496,
			11811160064
		],
		[
			441450496,
			11811160064
		],
		[
			441450496,
			11811160064
		],
		[
			441450496,
			11811160064
		],
		[
			441450496,
			11811160064
		],
		[
			441450496,
			11811160064
		],
		[
			441450496,
			11811160064
		],
		[
			441450496,
			11811160064
		],
		[
			441450496,
			11811160064
		],
		[
			441450496,
			11811160064
		],
		[
			441450496,
			11811160064
		],
		[
			441450496,
			11811160064
		],
		[
			441450496,
			11811160064
		],
		[
			441450496,
			11811160064
		],
		[
			441450496,
			11811160064
		],
		[
			441450496,
			11811160064
		],
		[
			441450496,
			11811160064
		],
		[
			441450496,
			11811160064
		],
		[
			441450496,
			11811160064
		],
		[
			441450496,
			11811160064
		],
		[
			441450496,
			11811160064
		],
		[
			441450496,
			11811160064
		],
		[
			441450496,
			11811160064
		],
		[
			441450496,
			11811160064
		],
		[
			441450496,
			11811160064
		],
		[
			441450496,
			11811160064
		],
		[
			441450496,
			11811160064
		],
		[
			441450496,
			11811160064
		],
		[
			441450496,
			11811160064
		],
		[
			441450496,
			11811160064
		],
		[
			441450496,
			11811160064
		],
		[
			441450496,
			11811160064
		],
		[
			441450496,
			11811160064
		],
		[
			441450496,
			11811160064
		],
		[
			441450496,
			11811160064
		],
		[
			441450496,
			11811160064
		],
		[
			441450496,
			11811160064
		],
		[
			441450496,
			11811160064
		],
		[
			441450496,
			11811160064
		],
		[
			441450496,
			11811160064
		],
		[
			441450496,
			11811160064
		],
		[
			441450496,
			11811160064
		],
		[
			441450496,
			11811160064
		],
		[
			441450496,
			11811160064
		],
		[
			441450496,
			11811160064
		],
		[
			441450496,
			11811160064
		],
		[
			441450496,
			11811160064
		],
		[
			441450496,
			11811160064
		],
		[
			441450496,
			11811160064
		],
		[
			441450496,
			11811160064
		],
		[
			441450496,
			11811160064
		],
		[
			441450496,
			11811160064
		],
		[
			441450496,
			11811160064
		],
		[
			441450496,
			11811160064
		],
		[
			441450496,
			11811160064
		],
		[
			441450496,
			11811160064
		],
		[
			441450496,
			11811160064
		],
		[
			441450496,
			11811160064
		],
		[
			441450496,
			11811160064
		],
		[
			441450496,
			11811160064
		],
		[
			441450496,
			11811160064
		],
		[
			441450496,
			11811160064
		],
		[
			441450496,
			11811160064
		],
		[
			441450496,
			11811160064
		],
		[
			441450496,
			11811160064
		],
		[
			441450496,
			11811160064
		],
		[
			441450496,
			11811160064
		]
	],
	"utilization": [
		3,
		3,
		4,
		4,
		20,
		20,
		41,
		41,
		31,
		31,
		31,
		31,
		30,
		30,
		34,
		34,
		33,
		33,
		33,
		33,
		31,
		31,
		33,
		33,
		31,
		31,
		32,
		32,
		33,
		33,
		34,
		34,
		30,
		30,
		30,
		30,
		31,
		31,
		37,
		37,
		32,
		32,
		31,
		31,
		29,
		29,
		33,
		33,
		33,
		33,
		34,
		34,
		29,
		29,
		33,
		33,
		32,
		32,
		33,
		33,
		31,
		31,
		36,
		36,
		30,
		30,
		30,
		30,
		31,
		31,
		35,
		35,
		34,
		34,
		31,
		31,
		29,
		29,
		31,
		31,
		33,
		33,
		36,
		36,
		30,
		30,
		31,
		31,
		33,
		33
	],
	"computation_proportion": 45,
	"extra_dict": {}
}