{
	"model_name": "YoloV5N",
	"batch_size": 64,
	"duration_sec": 45,
	"mode": "train",
	"is_DDP": true,
	"process_group_backend": "gloo",
	"world_size": 4,
	"rank": 2,
	"local_rank": 0,
	"device_type": "gpu",
	"master_addr": "133.133.135.75",
	"master_port": 39920,
	"iteration_count": 154,
	"iteration_intervals": [
		1523326464,
		143453696,
		141551360,
		139825408,
		140462080,
		132613376,
		143015424,
		148292864,
		141253120,
		136544768,
		132566528,
		151627264,
		157076736,
		1364107264,
		488124928,
		272787456,
		235094272,
		148851712,
		203732480,
		135158528,
		129813504,
		217711104,
		144316928,
		141565952,
		131936000,
		138540288,
		140439040,
		153999616,
		140586240,
		142293760,
		324025856,
		982189824,
		365926656,
		610108160,
		480289280,
		367120640,
		266688256,
		345965312,
		251008000,
		253670400,
		358312960,
		358787840,
		364790016,
		373576704,
		374581504,
		348947456,
		254643200,
		139884288,
		136478208,
		129909248,
		139885568,
		139517952,
		142808832,
		141335040,
		125860864,
		147577856,
		149716480,
		174873088,
		129658112,
		152126464,
		699081728,
		259511296,
		220537856,
		154054144,
		223142656,
		146509312,
		204414976,
		135591680,
		240883712,
		247472896,
		249257472,
		598487552,
		1502020608,
		346070016,
		240967936,
		150165248,
		137299456,
		148707072,
		125886208,
		147884800,
		125252864,
		150090496,
		139758080,
		128006912,
		155300864,
		135548416,
		138606336,
		140978944,
		1737766912,
		368628992,
		154151168,
		224541440,
		141982208,
		228649216,
		140263424,
		223796736,
		226301184,
		491526656,
		1708277248,
		245233664,
		146614272,
		225874432,
		138761216,
		142090240,
		126377472,
		158565376,
		141913344,
		140865280,
		142023680,
		141260288,
		142390784,
		141330688,
		141064704,
		142609408,
		2057528064,
		266695680,
		232248320,
		239377152,
		141110016,
		138905600,
		218999552,
		129419520,
		224276992,
		144763904,
		346021888,
		1715837440,
		268836864,
		245567488,
		211251456,
		130694656,
		141805312,
		125125376,
		138171392,
		135519488,
		157730048,
		142727680,
		140923904,
		140339200,
		141718016,
		125735680,
		137082112,
		1655625984,
		367507968,
		253073152,
		223525888,
		142206208,
		220772096,
		142004224,
		231568896,
		152248832,
		224582400,
		355763456,
		845063424,
		849019904
	],
	"iteration_intervals_avg": 289651261.852349,
	"iteration_intervals_avg_second": 0.28965126185234896,
	"total_time_ns": 45247980288,
	"total_time_second": 45,
	"mem_infos": [
		[
			5214568448,
			5905580032
		],
		[
			4906287104,
			5905580032
		],
		[
			4713349120,
			5905580032
		],
		[
			2930769920,
			5905580032
		],
		[
			2863661056,
			5905580032
		],
		[
			2863661056,
			5905580032
		],
		[
			2863661056,
			5905580032
		],
		[
			2863661056,
			5905580032
		],
		[
			2863661056,
			5905580032
		],
		[
			2863661056,
			5905580032
		],
		[
			2863661056,
			5905580032
		],
		[
			2863661056,
			5905580032
		],
		[
			2863661056,
			5905580032
		],
		[
			2863661056,
			5905580032
		],
		[
			2863661056,
			5905580032
		],
		[
			2863661056,
			5905580032
		],
		[
			2863661056,
			5905580032
		],
		[
			2863661056,
			5905580032
		],
		[
			2863661056,
			5905580032
		],
		[
			2863661056,
			5905580032
		],
		[
			2863661056,
			5905580032
		],
		[
			2863661056,
			5905580032
		],
		[
			2863661056,
			5905580032
		],
		[
			2863661056,
			5905580032
		],
		[
			2863661056,
			5905580032
		],
		[
			2863661056,
			5905580032
		],
		[
			2863661056,
			5905580032
		],
		[
			2863661056,
			5905580032
		],
		[
			2863661056,
			5905580032
		],
		[
			2863661056,
			5905580032
		],
		[
			2863661056,
			5905580032
		],
		[
			2863661056,
			5905580032
		],
		[
			2863661056,
			5905580032
		],
		[
			2863661056,
			5905580032
		],
		[
			2863661056,
			5905580032
		],
		[
			2863661056,
			5905580032
		],
		[
			2863661056,
			5905580032
		],
		[
			2863661056,
			5905580032
		],
		[
			2863661056,
			5905580032
		],
		[
			2863661056,
			5905580032
		],
		[
			2863661056,
			5905580032
		],
		[
			2863661056,
			5905580032
		],
		[
			2863661056,
			5905580032
		],
		[
			2863661056,
			5905580032
		],
		[
			2863661056,
			5905580032
		],
		[
			2863661056,
			5905580032
		],
		[
			2863661056,
			5905580032
		],
		[
			2863661056,
			5905580032
		],
		[
			2863661056,
			5905580032
		],
		[
			2863661056,
			5905580032
		],
		[
			2863661056,
			5905580032
		],
		[
			2863661056,
			5905580032
		],
		[
			2863661056,
			5905580032
		],
		[
			2863661056,
			5905580032
		],
		[
			2863661056,
			5905580032
		],
		[
			2863661056,
			5905580032
		],
		[
			2863661056,
			5905580032
		],
		[
			2863661056,
			5905580032
		],
		[
			2863661056,
			5905580032
		],
		[
			2863661056,
			5905580032
		],
		[
			2863661056,
			5905580032
		],
		[
			2863661056,
			5905580032
		],
		[
			2863661056,
			5905580032
		],
		[
			2863661056,
			5905580032
		],
		[
			2863661056,
			5905580032
		],
		[
			2863661056,
			5905580032
		],
		[
			2863661056,
			5905580032
		],
		[
			2863661056,
			5905580032
		],
		[
			2863661056,
			5905580032
		],
		[
			2863661056,
			5905580032
		],
		[
			2863661056,
			5905580032
		],
		[
			2863661056,
			5905580032
		],
		[
			2863661056,
			5905580032
		],
		[
			2863661056,
			5905580032
		],
		[
			2863661056,
			5905580032
		],
		[
			2863661056,
			5905580032
		],
		[
			2863661056,
			5905580032
		],
		[
			2863661056,
			5905580032
		],
		[
			2863661056,
			5905580032
		],
		[
			2863661056,
			5905580032
		],
		[
			2863661056,
			5905580032
		],
		[
			2863661056,
			5905580032
		],
		[
			2863661056,
			5905580032
		],
		[
			2863661056,
			5905580032
		],
		[
			2863661056,
			5905580032
		],
		[
			2863661056,
			5905580032
		],
		[
			2863661056,
			5905580032
		],
		[
			2863661056,
			5905580032
		],
		[
			2863661056,
			5905580032
		],
		[
			2863661056,
			5905580032
		]
	],
	"utilization": [
		36,
		36,
		31,
		31,
		47,
		47,
		88,
		88,
		66,
		66,
		4,
		4,
		41,
		41,
		81,
		81,
		88,
		88,
		16,
		16,
		23,
		23,
		27,
		27,
		48,
		48,
		38,
		38,
		31,
		31,
		61,
		61,
		89,
		89,
		40,
		40,
		61,
		61,
		64,
		64,
		22,
		22,
		3,
		3,
		50,
		50,
		90,
		90,
		63,
		63,
		0,
		0,
		38,
		38,
		64,
		64,
		25,
		25,
		0,
		0,
		60,
		60,
		90,
		90,
		52,
		52,
		0,
		0,
		32,
		32,
		73,
		73,
		35,
		35,
		1,
		1,
		41,
		41,
		90,
		90,
		71,
		71,
		0,
		0,
		37,
		37,
		67,
		67,
		35,
		35
	],
	"computation_proportion": 35,
	"extra_dict": {}
}