{
	"model_name": "YoloV5N",
	"batch_size": 64,
	"duration_sec": 45,
	"mode": "train",
	"is_DDP": true,
	"process_group_backend": "gloo",
	"world_size": 4,
	"rank": 3,
	"local_rank": 0,
	"device_type": "gpu",
	"master_addr": "133.133.135.75",
	"master_port": 39920,
	"iteration_count": 154,
	"iteration_intervals": [
		1519437824,
		130382848,
		154867712,
		123839488,
		140888832,
		141180160,
		160663552,
		138785280,
		130606848,
		144321024,
		151706368,
		144887040,
		147122432,
		1363434240,
		488123904,
		272450304,
		235987200,
		148645888,
		203204608,
		136745472,
		139625728,
		207797504,
		142681088,
		143079680,
		130291456,
		139461888,
		137324032,
		156549632,
		140998400,
		134523648,
		337321472,
		966327552,
		375180800,
		613742336,
		477024000,
		365282560,
		269440512,
		355134976,
		234145024,
		261180672,
		355108352,
		361209088,
		364349440,
		374370304,
		456531200,
		278646016,
		242683392,
		122396160,
		142194432,
		131090944,
		148990208,
		137698816,
		128102144,
		151826688,
		147001088,
		142860800,
		135031296,
		179465728,
		138875648,
		125765632,
		720238080,
		251728640,
		239591168,
		141238528,
		224551168,
		141151744,
		207312896,
		145759488,
		240760320,
		233977600,
		251146496,
		599145472,
		1503445760,
		343036928,
		237405184,
		156466944,
		139268864,
		145833728,
		138244096,
		136275968,
		138007296,
		140013568,
		125646848,
		150214656,
		144479232,
		131337472,
		147946240,
		140142080,
		1734810368,
		362820608,
		156932352,
		225927680,
		147463680,
		223314688,
		189690368,
		174726400,
		228768256,
		489078784,
		1707643648,
		245539584,
		151506176,
		216158976,
		131116032,
		155761664,
		127356672,
		140026624,
		158103040,
		125423616,
		157124096,
		140889088,
		143328000,
		141985536,
		141023488,
		142471424,
		2062240768,
		260974336,
		234373632,
		234420736,
		131161856,
		152399360,
		213716480,
		149993472,
		208399104,
		149659136,
		344433920,
		1706751232,
		275414272,
		245286144,
		212553728,
		139577856,
		126562816,
		140694016,
		138765568,
		126332928,
		156801792,
		140822016,
		141979648,
		142000640,
		140052224,
		140072960,
		118949632,
		1647867904,
		379123712,
		252098560,
		224057856,
		140181248,
		222567936,
		143144192,
		230915584,
		152499200,
		227206656,
		351960064,
		845044224,
		864140544
	],
	"iteration_intervals_avg": 289850536.37583894,
	"iteration_intervals_avg_second": 0.28985053637583896,
	"total_time_ns": 45259093504,
	"total_time_second": 45,
	"mem_infos": [
		[
			5214568448,
			5905580032
		],
		[
			4914675712,
			5905580032
		],
		[
			4713349120,
			5905580032
		],
		[
			2930769920,
			5905580032
		],
		[
			2863661056,
			5905580032
		],
		[
			2863661056,
			5905580032
		],
		[
			2863661056,
			5905580032
		],
		[
			2863661056,
			5905580032
		],
		[
			2863661056,
			5905580032
		],
		[
			2863661056,
			5905580032
		],
		[
			2863661056,
			5905580032
		],
		[
			2863661056,
			5905580032
		],
		[
			2863661056,
			5905580032
		],
		[
			2863661056,
			5905580032
		],
		[
			2863661056,
			5905580032
		],
		[
			2863661056,
			5905580032
		],
		[
			2863661056,
			5905580032
		],
		[
			2863661056,
			5905580032
		],
		[
			2863661056,
			5905580032
		],
		[
			2863661056,
			5905580032
		],
		[
			2863661056,
			5905580032
		],
		[
			2863661056,
			5905580032
		],
		[
			2863661056,
			5905580032
		],
		[
			2863661056,
			5905580032
		],
		[
			2863661056,
			5905580032
		],
		[
			2863661056,
			5905580032
		],
		[
			2863661056,
			5905580032
		],
		[
			2863661056,
			5905580032
		],
		[
			2863661056,
			5905580032
		],
		[
			2863661056,
			5905580032
		],
		[
			2863661056,
			5905580032
		],
		[
			2863661056,
			5905580032
		],
		[
			2863661056,
			5905580032
		],
		[
			2863661056,
			5905580032
		],
		[
			2863661056,
			5905580032
		],
		[
			2863661056,
			5905580032
		],
		[
			2863661056,
			5905580032
		],
		[
			2863661056,
			5905580032
		],
		[
			2863661056,
			5905580032
		],
		[
			2863661056,
			5905580032
		],
		[
			2863661056,
			5905580032
		],
		[
			2863661056,
			5905580032
		],
		[
			2863661056,
			5905580032
		],
		[
			2863661056,
			5905580032
		],
		[
			2863661056,
			5905580032
		],
		[
			2863661056,
			5905580032
		],
		[
			2863661056,
			5905580032
		],
		[
			2863661056,
			5905580032
		],
		[
			2863661056,
			5905580032
		],
		[
			2863661056,
			5905580032
		],
		[
			2863661056,
			5905580032
		],
		[
			2863661056,
			5905580032
		],
		[
			2863661056,
			5905580032
		],
		[
			2863661056,
			5905580032
		],
		[
			2863661056,
			5905580032
		],
		[
			2863661056,
			5905580032
		],
		[
			2863661056,
			5905580032
		],
		[
			2863661056,
			5905580032
		],
		[
			2863661056,
			5905580032
		],
		[
			2863661056,
			5905580032
		],
		[
			2863661056,
			5905580032
		],
		[
			2863661056,
			5905580032
		],
		[
			2863661056,
			5905580032
		],
		[
			2863661056,
			5905580032
		],
		[
			2863661056,
			5905580032
		],
		[
			2863661056,
			5905580032
		],
		[
			2863661056,
			5905580032
		],
		[
			2863661056,
			5905580032
		],
		[
			2863661056,
			5905580032
		],
		[
			2863661056,
			5905580032
		],
		[
			2863661056,
			5905580032
		],
		[
			2863661056,
			5905580032
		],
		[
			2863661056,
			5905580032
		],
		[
			2863661056,
			5905580032
		],
		[
			2863661056,
			5905580032
		],
		[
			2863661056,
			5905580032
		],
		[
			2863661056,
			5905580032
		],
		[
			2863661056,
			5905580032
		],
		[
			2863661056,
			5905580032
		],
		[
			2863661056,
			5905580032
		],
		[
			2863661056,
			5905580032
		],
		[
			2863661056,
			5905580032
		],
		[
			2863661056,
			5905580032
		],
		[
			2863661056,
			5905580032
		],
		[
			2863661056,
			5905580032
		],
		[
			2863661056,
			5905580032
		],
		[
			2863661056,
			5905580032
		],
		[
			2863661056,
			5905580032
		],
		[
			2863661056,
			5905580032
		],
		[
			2863661056,
			5905580032
		]
	],
	"utilization": [
		36,
		36,
		31,
		31,
		47,
		47,
		88,
		88,
		66,
		66,
		4,
		4,
		41,
		41,
		81,
		81,
		88,
		88,
		16,
		16,
		23,
		23,
		27,
		27,
		48,
		48,
		38,
		38,
		31,
		31,
		61,
		61,
		89,
		89,
		40,
		40,
		61,
		61,
		64,
		64,
		22,
		22,
		3,
		3,
		50,
		50,
		90,
		90,
		63,
		63,
		0,
		0,
		38,
		38,
		64,
		64,
		25,
		25,
		0,
		0,
		60,
		60,
		90,
		90,
		52,
		52,
		0,
		0,
		32,
		32,
		73,
		73,
		35,
		35,
		1,
		1,
		41,
		41,
		90,
		90,
		71,
		71,
		0,
		0,
		37,
		37,
		67,
		67,
		35,
		35
	],
	"computation_proportion": 35,
	"extra_dict": {}
}