{
	"model_name": "YoloV5N",
	"batch_size": 64,
	"duration_sec": 45,
	"mode": "train",
	"is_DDP": true,
	"process_group_backend": "gloo",
	"world_size": 4,
	"rank": 1,
	"local_rank": 0,
	"device_type": "gpu",
	"master_addr": "133.133.135.75",
	"master_port": 39920,
	"iteration_count": 154,
	"iteration_intervals": [
		1501960960,
		155077120,
		140992512,
		140591104,
		124551424,
		152380672,
		149130240,
		139653888,
		131936512,
		142819840,
		151701760,
		152242176,
		141042432,
		1353274368,
		494182656,
		262993152,
		240888576,
		143284992,
		205766144,
		152339712,
		136501504,
		204647936,
		137920768,
		148004352,
		143253760,
		138491648,
		138351872,
		144657152,
		126965248,
		140889088,
		343286272,
		973609728,
		368472576,
		611823104,
		479128832,
		364711424,
		270613504,
		355126528,
		236822272,
		256017408,
		358148096,
		360179456,
		366324224,
		372056320,
		375101184,
		345810176,
		258184192,
		137118720,
		126604288,
		131653888,
		137252608,
		135831040,
		141712896,
		160748032,
		124999936,
		157076480,
		127855104,
		186609152,
		140227328,
		140565248,
		700594688,
		258914560,
		234082048,
		141275904,
		223367424,
		130956800,
		218670336,
		147043328,
		240052224,
		235954688,
		246968064,
		601701120,
		1491575296,
		354799360,
		241903872,
		156615680,
		139599872,
		139088384,
		126616320,
		136616960,
		153424128,
		136637696,
		137686528,
		124780032,
		140593664,
		159025408,
		133778176,
		136612352,
		1753117952,
		357095936,
		152118272,
		229960960,
		144023296,
		222797056,
		140868096,
		216947200,
		239409408,
		478605568,
		1709676032,
		249562112,
		142604800,
		211927808,
		158552064,
		142242304,
		141533952,
		143924992,
		139236352,
		124403200,
		143891968,
		139434752,
		144649216,
		143231744,
		137692672,
		147776768,
		2072858368,
		257294848,
		234061824,
		239468032,
		141076224,
		139386112,
		222463488,
		141337344,
		211332352,
		150494720,
		344620800,
		1709851136,
		255913472,
		260770816,
		211913216,
		125607168,
		144540672,
		140756224,
		135642624,
		139901696,
		127755008,
		157082880,
		141093888,
		141455616,
		127586048,
		139206912,
		141443584,
		1634051584,
		376821760,
		253906688,
		230167296,
		135411200,
		225911552,
		144186880,
		231369216,
		151866880,
		227893504,
		353206016,
		844446208,
		862809344
	],
	"iteration_intervals_avg": 289853510.442953,
	"iteration_intervals_avg_second": 0.289853510442953,
	"total_time_ns": 45253457920,
	"total_time_second": 45,
	"mem_infos": [
		[
			5214568448,
			5905580032
		],
		[
			4916772864,
			5905580032
		],
		[
			4728029184,
			5905580032
		],
		[
			2930769920,
			5905580032
		],
		[
			2863661056,
			5905580032
		],
		[
			2863661056,
			5905580032
		],
		[
			2863661056,
			5905580032
		],
		[
			2863661056,
			5905580032
		],
		[
			2863661056,
			5905580032
		],
		[
			2863661056,
			5905580032
		],
		[
			2863661056,
			5905580032
		],
		[
			2863661056,
			5905580032
		],
		[
			2863661056,
			5905580032
		],
		[
			2863661056,
			5905580032
		],
		[
			2863661056,
			5905580032
		],
		[
			2863661056,
			5905580032
		],
		[
			2863661056,
			5905580032
		],
		[
			2863661056,
			5905580032
		],
		[
			2863661056,
			5905580032
		],
		[
			2863661056,
			5905580032
		],
		[
			2863661056,
			5905580032
		],
		[
			2863661056,
			5905580032
		],
		[
			2863661056,
			5905580032
		],
		[
			2863661056,
			5905580032
		],
		[
			2863661056,
			5905580032
		],
		[
			2863661056,
			5905580032
		],
		[
			2863661056,
			5905580032
		],
		[
			2863661056,
			5905580032
		],
		[
			2863661056,
			5905580032
		],
		[
			2863661056,
			5905580032
		],
		[
			2863661056,
			5905580032
		],
		[
			2863661056,
			5905580032
		],
		[
			2863661056,
			5905580032
		],
		[
			2863661056,
			5905580032
		],
		[
			2863661056,
			5905580032
		],
		[
			2863661056,
			5905580032
		],
		[
			2863661056,
			5905580032
		],
		[
			2863661056,
			5905580032
		],
		[
			2863661056,
			5905580032
		],
		[
			2863661056,
			5905580032
		],
		[
			2863661056,
			5905580032
		],
		[
			2863661056,
			5905580032
		],
		[
			2863661056,
			5905580032
		],
		[
			2863661056,
			5905580032
		],
		[
			2863661056,
			5905580032
		],
		[
			2863661056,
			5905580032
		],
		[
			2863661056,
			5905580032
		],
		[
			2863661056,
			5905580032
		],
		[
			2863661056,
			5905580032
		],
		[
			2863661056,
			5905580032
		],
		[
			2863661056,
			5905580032
		],
		[
			2863661056,
			5905580032
		],
		[
			2863661056,
			5905580032
		],
		[
			2863661056,
			5905580032
		],
		[
			2863661056,
			5905580032
		],
		[
			2863661056,
			5905580032
		],
		[
			2863661056,
			5905580032
		],
		[
			2863661056,
			5905580032
		],
		[
			2863661056,
			5905580032
		],
		[
			2863661056,
			5905580032
		],
		[
			2863661056,
			5905580032
		],
		[
			2863661056,
			5905580032
		],
		[
			2863661056,
			5905580032
		],
		[
			2863661056,
			5905580032
		],
		[
			2863661056,
			5905580032
		],
		[
			2863661056,
			5905580032
		],
		[
			2863661056,
			5905580032
		],
		[
			2863661056,
			5905580032
		],
		[
			2863661056,
			5905580032
		],
		[
			2863661056,
			5905580032
		],
		[
			2863661056,
			5905580032
		],
		[
			2863661056,
			5905580032
		],
		[
			2863661056,
			5905580032
		],
		[
			2863661056,
			5905580032
		],
		[
			2863661056,
			5905580032
		],
		[
			2863661056,
			5905580032
		],
		[
			2863661056,
			5905580032
		],
		[
			2863661056,
			5905580032
		],
		[
			2863661056,
			5905580032
		],
		[
			2863661056,
			5905580032
		],
		[
			2863661056,
			5905580032
		],
		[
			2863661056,
			5905580032
		],
		[
			2863661056,
			5905580032
		],
		[
			2863661056,
			5905580032
		],
		[
			2863661056,
			5905580032
		],
		[
			2863661056,
			5905580032
		],
		[
			2863661056,
			5905580032
		],
		[
			2863661056,
			5905580032
		],
		[
			2863661056,
			5905580032
		],
		[
			2863661056,
			5905580032
		]
	],
	"utilization": [
		19,
		38,
		38,
		40,
		40,
		81,
		81,
		87,
		87,
		4,
		4,
		26,
		26,
		71,
		71,
		83,
		83,
		34,
		34,
		32,
		32,
		17,
		17,
		40,
		40,
		48,
		48,
		34,
		34,
		39,
		39,
		86,
		86,
		69,
		69,
		37,
		37,
		66,
		66,
		38,
		38,
		13,
		13,
		24,
		24,
		78,
		78,
		87,
		87,
		7,
		7,
		16,
		16,
		67,
		67,
		41,
		41,
		0,
		0,
		34,
		34,
		81,
		81,
		81,
		81,
		1,
		1,
		8,
		8,
		64,
		64,
		58,
		58,
		10,
		10,
		17,
		17,
		74,
		74,
		88,
		88,
		15,
		15,
		12,
		12,
		63,
		63,
		54,
		54,
		23
	],
	"computation_proportion": 35,
	"extra_dict": {}
}