{
	"model_name": "MobileNetV2",
	"batch_size": 32,
	"duration_sec": 45,
	"mode": "train",
	"is_DDP": true,
	"process_group_backend": "gloo",
	"world_size": 4,
	"rank": 2,
	"local_rank": 0,
	"device_type": "gpu",
	"master_addr": "133.133.135.75",
	"master_port": 39920,
	"iteration_count": 87,
	"iteration_intervals": [
		1640214272,
		275665152,
		262858496,
		253173248,
		272279296,
		250367488,
		1407241472,
		383076352,
		364525824,
		361568512,
		257988864,
		2188396800,
		616902400,
		375335168,
		259053056,
		258752000,
		259314944,
		256841216,
		254450176,
		250065664,
		250043648,
		663557376,
		379250432,
		1560006144,
		484099328,
		364973312,
		377537280,
		477776640,
		255155712,
		258294528,
		255169280,
		253046784,
		253142272,
		817721856,
		616735744,
		361299712,
		259685376,
		367523584,
		1821951488,
		742445312,
		376266240,
		351758336,
		258469632,
		349814016,
		1447026432,
		1237984256,
		735014400,
		614944512,
		371439872,
		363499008,
		252254464,
		261054720,
		254574080,
		254004224,
		253000960,
		253623296,
		251479040,
		1003173376,
		514046976,
		365803776,
		257203968,
		252251136,
		253817344,
		250864640,
		1412264704,
		371472896,
		362275072,
		248105472,
		364123904,
		258609920,
		2318737152,
		479098368,
		264998912,
		353446400,
		480933120,
		1470929920,
		485223936,
		372805376,
		363967488,
		492732928,
		254147584,
		254170624,
		254337792,
		253549568,
		253352704,
		1179719680,
		489817856
	],
	"iteration_intervals_avg": 516896168.58536583,
	"iteration_intervals_avg_second": 0.5168961685853658,
	"total_time_ns": 45090639872,
	"total_time_second": 45,
	"mem_infos": [
		[
			5344591872,
			5905580032
		],
		[
			5055184896,
			5905580032
		],
		[
			4834983936,
			5905580032
		],
		[
			1928331264,
			5905580032
		],
		[
			1911554048,
			5905580032
		],
		[
			1911554048,
			5905580032
		],
		[
			1911554048,
			5905580032
		],
		[
			1911554048,
			5905580032
		],
		[
			1911554048,
			5905580032
		],
		[
			1911554048,
			5905580032
		],
		[
			1911554048,
			5905580032
		],
		[
			1911554048,
			5905580032
		],
		[
			1911554048,
			5905580032
		],
		[
			1911554048,
			5905580032
		],
		[
			1911554048,
			5905580032
		],
		[
			1911554048,
			5905580032
		],
		[
			1911554048,
			5905580032
		],
		[
			1911554048,
			5905580032
		],
		[
			1911554048,
			5905580032
		],
		[
			1911554048,
			5905580032
		],
		[
			1911554048,
			5905580032
		],
		[
			1911554048,
			5905580032
		],
		[
			1911554048,
			5905580032
		],
		[
			1911554048,
			5905580032
		],
		[
			1911554048,
			5905580032
		],
		[
			1911554048,
			5905580032
		],
		[
			1911554048,
			5905580032
		],
		[
			1911554048,
			5905580032
		],
		[
			1911554048,
			5905580032
		],
		[
			1911554048,
			5905580032
		],
		[
			1911554048,
			5905580032
		],
		[
			1911554048,
			5905580032
		],
		[
			1911554048,
			5905580032
		],
		[
			1911554048,
			5905580032
		],
		[
			1911554048,
			5905580032
		],
		[
			1911554048,
			5905580032
		],
		[
			1911554048,
			5905580032
		],
		[
			1911554048,
			5905580032
		],
		[
			1911554048,
			5905580032
		],
		[
			1911554048,
			5905580032
		],
		[
			1911554048,
			5905580032
		],
		[
			1911554048,
			5905580032
		],
		[
			1911554048,
			5905580032
		],
		[
			1911554048,
			5905580032
		],
		[
			1911554048,
			5905580032
		],
		[
			1911554048,
			5905580032
		],
		[
			1911554048,
			5905580032
		],
		[
			1911554048,
			5905580032
		],
		[
			1911554048,
			5905580032
		],
		[
			1911554048,
			5905580032
		],
		[
			1911554048,
			5905580032
		],
		[
			1911554048,
			5905580032
		],
		[
			1911554048,
			5905580032
		],
		[
			1911554048,
			5905580032
		],
		[
			1911554048,
			5905580032
		],
		[
			1911554048,
			5905580032
		],
		[
			1911554048,
			5905580032
		],
		[
			1911554048,
			5905580032
		],
		[
			1911554048,
			5905580032
		],
		[
			1911554048,
			5905580032
		],
		[
			1911554048,
			5905580032
		],
		[
			1911554048,
			5905580032
		],
		[
			1911554048,
			5905580032
		],
		[
			1911554048,
			5905580032
		],
		[
			1911554048,
			5905580032
		],
		[
			1911554048,
			5905580032
		],
		[
			1911554048,
			5905580032
		],
		[
			1911554048,
			5905580032
		],
		[
			1911554048,
			5905580032
		],
		[
			1911554048,
			5905580032
		],
		[
			1911554048,
			5905580032
		],
		[
			1911554048,
			5905580032
		],
		[
			1911554048,
			5905580032
		],
		[
			1911554048,
			5905580032
		],
		[
			1911554048,
			5905580032
		],
		[
			1911554048,
			5905580032
		],
		[
			1911554048,
			5905580032
		],
		[
			1911554048,
			5905580032
		],
		[
			1911554048,
			5905580032
		],
		[
			1911554048,
			5905580032
		],
		[
			1911554048,
			5905580032
		],
		[
			1911554048,
			5905580032
		],
		[
			1911554048,
			5905580032
		],
		[
			1911554048,
			5905580032
		],
		[
			1911554048,
			5905580032
		],
		[
			1911554048,
			5905580032
		],
		[
			1911554048,
			5905580032
		],
		[
			1911554048,
			5905580032
		],
		[
			1911554048,
			5905580032
		],
		[
			1911554048,
			5905580032
		]
	],
	"utilization": [
		11,
		6,
		6,
		22,
		22,
		47,
		47,
		23,
		23,
		14,
		14,
		32,
		32,
		17,
		17,
		0,
		0,
		16,
		16,
		51,
		51,
		51,
		48,
		48,
		22,
		22,
		11,
		11,
		16,
		16,
		32,
		32,
		38,
		38,
		40,
		40,
		13,
		13,
		37,
		37,
		12,
		12,
		8,
		8,
		19,
		19,
		42,
		42,
		7,
		7,
		9,
		9,
		15,
		15,
		20,
		20,
		41,
		41,
		48,
		48,
		32,
		32,
		15,
		15,
		45,
		45,
		21,
		21,
		16,
		16,
		36,
		36,
		21,
		21,
		0,
		0,
		17,
		17,
		35,
		35,
		9,
		9,
		17,
		17,
		32,
		32,
		39,
		39,
		33,
		33
	],
	"computation_proportion": 15,
	"extra_dict": {}
}