{
	"model_name": "YoloV5N",
	"batch_size": 256,
	"duration_sec": 45,
	"mode": "train",
	"is_DDP": true,
	"process_group_backend": "gloo",
	"world_size": 1,
	"rank": 0,
	"local_rank": 0,
	"device_type": "gpu",
	"master_addr": "133.133.135.75",
	"master_port": 39920,
	"iteration_count": 124,
	"iteration_intervals": [
		1300831744,
		285479168,
		330109696,
		297840896,
		328416000,
		333803520,
		305982976,
		318077952,
		344312832,
		370444800,
		361153024,
		305517824,
		359112704,
		359549440,
		364657408,
		363114752,
		363731456,
		362662912,
		354525952,
		363624960,
		366918912,
		380668416,
		369961472,
		372826368,
		371697152,
		364271104,
		361619200,
		368544768,
		349780736,
		362523648,
		357294080,
		365982720,
		363503360,
		354870272,
		357452800,
		360357120,
		371610368,
		354514176,
		369468928,
		308249600,
		355042304,
		360613888,
		364590848,
		360281856,
		362332160,
		349928704,
		348065792,
		371721984,
		372862464,
		358604032,
		363861504,
		356401664,
		311605504,
		350540288,
		379146496,
		369841664,
		414607616,
		369538560,
		376251648,
		363568384,
		363290624,
		310039040,
		355875584,
		354731264,
		354555136,
		357636864,
		370064128,
		374706688,
		367328768,
		372524032,
		361507584,
		354711040,
		357020416,
		353665536,
		363262208,
		356480000,
		370887168,
		303665152,
		363270144,
		348850688,
		357445888,
		351858176,
		357431552,
		366015744,
		374861056,
		360314880,
		367035904,
		368382976,
		357827072,
		356792320,
		300632832,
		361323264,
		346365440,
		357608704,
		369040640,
		367986944,
		363376128,
		374189568,
		356571392,
		365177088,
		363872512,
		369348608,
		369794816,
		360827392,
		362353408,
		353396224,
		369432064,
		347196672,
		309250304,
		357862144,
		361677824,
		356249088,
		364786944,
		365026560,
		380836096,
		356790784,
		363467264,
		362577408,
		363834368,
		374725120,
		364706560,
		351479040,
		368378112,
		349187072
	],
	"iteration_intervals_avg": 358513958.7226891,
	"iteration_intervals_avg_second": 0.3585139587226891,
	"total_time_ns": 45207800064,
	"total_time_second": 45,
	"mem_infos": [
		[
			11120148480,
			11811160064
		],
		[
			10436476928,
			11811160064
		],
		[
			4776263680,
			11811160064
		],
		[
			3415212032,
			11811160064
		],
		[
			3146776576,
			11811160064
		],
		[
			3146776576,
			11811160064
		],
		[
			3146776576,
			11811160064
		],
		[
			3146776576,
			11811160064
		],
		[
			3146776576,
			11811160064
		],
		[
			3146776576,
			11811160064
		],
		[
			3146776576,
			11811160064
		],
		[
			3146776576,
			11811160064
		],
		[
			3146776576,
			11811160064
		],
		[
			3146776576,
			11811160064
		],
		[
			3146776576,
			11811160064
		],
		[
			3146776576,
			11811160064
		],
		[
			3146776576,
			11811160064
		],
		[
			3146776576,
			11811160064
		],
		[
			3146776576,
			11811160064
		],
		[
			3146776576,
			11811160064
		],
		[
			3146776576,
			11811160064
		],
		[
			3146776576,
			11811160064
		],
		[
			3146776576,
			11811160064
		],
		[
			3146776576,
			11811160064
		],
		[
			3146776576,
			11811160064
		],
		[
			3146776576,
			11811160064
		],
		[
			3146776576,
			11811160064
		],
		[
			3146776576,
			11811160064
		],
		[
			3146776576,
			11811160064
		],
		[
			3146776576,
			11811160064
		],
		[
			3146776576,
			11811160064
		],
		[
			3146776576,
			11811160064
		],
		[
			3146776576,
			11811160064
		],
		[
			3146776576,
			11811160064
		],
		[
			3146776576,
			11811160064
		],
		[
			3146776576,
			11811160064
		],
		[
			3146776576,
			11811160064
		],
		[
			3146776576,
			11811160064
		],
		[
			3146776576,
			11811160064
		],
		[
			3146776576,
			11811160064
		],
		[
			3146776576,
			11811160064
		],
		[
			3146776576,
			11811160064
		],
		[
			3146776576,
			11811160064
		],
		[
			3146776576,
			11811160064
		],
		[
			3146776576,
			11811160064
		],
		[
			3146776576,
			11811160064
		],
		[
			3146776576,
			11811160064
		],
		[
			3146776576,
			11811160064
		],
		[
			3146776576,
			11811160064
		],
		[
			3146776576,
			11811160064
		],
		[
			3146776576,
			11811160064
		],
		[
			3146776576,
			11811160064
		],
		[
			3146776576,
			11811160064
		],
		[
			3146776576,
			11811160064
		],
		[
			3146776576,
			11811160064
		],
		[
			3146776576,
			11811160064
		],
		[
			3146776576,
			11811160064
		],
		[
			3146776576,
			11811160064
		],
		[
			3146776576,
			11811160064
		],
		[
			3146776576,
			11811160064
		],
		[
			3146776576,
			11811160064
		],
		[
			3146776576,
			11811160064
		],
		[
			3146776576,
			11811160064
		],
		[
			3146776576,
			11811160064
		],
		[
			3146776576,
			11811160064
		],
		[
			3146776576,
			11811160064
		],
		[
			3146776576,
			11811160064
		],
		[
			3146776576,
			11811160064
		],
		[
			3146776576,
			11811160064
		],
		[
			3146776576,
			11811160064
		],
		[
			3146776576,
			11811160064
		],
		[
			3146776576,
			11811160064
		],
		[
			3146776576,
			11811160064
		],
		[
			3146776576,
			11811160064
		],
		[
			3146776576,
			11811160064
		],
		[
			3146776576,
			11811160064
		],
		[
			3146776576,
			11811160064
		],
		[
			3146776576,
			11811160064
		],
		[
			3146776576,
			11811160064
		],
		[
			3146776576,
			11811160064
		],
		[
			3146776576,
			11811160064
		],
		[
			3146776576,
			11811160064
		],
		[
			3146776576,
			11811160064
		],
		[
			3146776576,
			11811160064
		],
		[
			3146776576,
			11811160064
		],
		[
			3146776576,
			11811160064
		],
		[
			3146776576,
			11811160064
		],
		[
			3146776576,
			11811160064
		],
		[
			3146776576,
			11811160064
		],
		[
			3146776576,
			11811160064
		]
	],
	"utilization": [
		10,
		10,
		11,
		11,
		54,
		54,
		56,
		56,
		57,
		57,
		53,
		53,
		48,
		48,
		52,
		52,
		52,
		52,
		49,
		49,
		48,
		48,
		53,
		53,
		49,
		49,
		54,
		54,
		49,
		49,
		54,
		54,
		49,
		49,
		53,
		53,
		50,
		50,
		52,
		52,
		54,
		54,
		48,
		48,
		47,
		47,
		53,
		53,
		53,
		52,
		52,
		50,
		50,
		49,
		49,
		53,
		53,
		51,
		51,
		52,
		52,
		55,
		55,
		50,
		50,
		49,
		49,
		54,
		54,
		52,
		52,
		48,
		48,
		54,
		54,
		49,
		49,
		50,
		50,
		55,
		55,
		53,
		53,
		49,
		49,
		54,
		54,
		50,
		50,
		50
	],
	"computation_proportion": 50,
	"extra_dict": {}
}