{
	"model_name": "HarDNet",
	"batch_size": 128,
	"duration_sec": 45,
	"mode": "train",
	"is_DDP": true,
	"process_group_backend": "gloo",
	"world_size": 2,
	"rank": 1,
	"local_rank": 0,
	"device_type": "gpu",
	"master_addr": "133.133.135.74",
	"master_port": 39920,
	"iteration_count": 103,
	"iteration_intervals": [
		1653966592,
		441548032,
		477057536,
		382641408,
		467781120,
		380253184,
		394920960,
		464058624,
		389989888,
		467028736,
		398678528,
		448609024,
		406830080,
		452529152,
		399628800,
		460407296,
		394377728,
		456580096,
		398947072,
		457066752,
		395332608,
		468030208,
		389784576,
		464841984,
		397845504,
		455926016,
		396625152,
		468041216,
		386091520,
		469303552,
		388884480,
		472684544,
		379377152,
		476909824,
		383843584,
		476753664,
		378504448,
		476263168,
		383904000,
		472775936,
		384337408,
		469815296,
		389032192,
		474620672,
		381453568,
		471088640,
		381870592,
		482248704,
		375252736,
		478149376,
		378122752,
		456271872,
		406588416,
		394760960,
		458606080,
		400713984,
		453203712,
		404407040,
		459889920,
		395132672,
		465457152,
		391170048,
		454450688,
		396254976,
		464368640,
		394003968,
		460132864,
		396348928,
		464234240,
		397387264,
		464901120,
		384071680,
		468324352,
		385998080,
		479051264,
		382180096,
		468930816,
		387727616,
		476209408,
		375965952,
		476049408,
		389402112,
		467646208,
		386655232,
		478327040,
		374175232,
		477701376,
		382524928,
		469143808,
		381360640,
		484611584,
		379992064,
		473357568,
		377391616,
		480994560,
		370032896,
		482849536,
		377531904,
		429485056,
		429285632,
		427210240,
		428294144,
		426638592
	],
	"iteration_intervals_avg": 427092103.8367347,
	"iteration_intervals_avg_second": 0.42709210383673474,
	"total_time_ns": 45279113472,
	"total_time_second": 45,
	"mem_infos": [
		[
			11269046272,
			11811160064
		],
		[
			10377756672,
			11811160064
		],
		[
			10151264256,
			11811160064
		],
		[
			4035969024,
			11811160064
		],
		[
			4027580416,
			11811160064
		],
		[
			4027580416,
			11811160064
		],
		[
			4027580416,
			11811160064
		],
		[
			4027580416,
			11811160064
		],
		[
			4027580416,
			11811160064
		],
		[
			4027580416,
			11811160064
		],
		[
			4027580416,
			11811160064
		],
		[
			4027580416,
			11811160064
		],
		[
			4027580416,
			11811160064
		],
		[
			4027580416,
			11811160064
		],
		[
			4027580416,
			11811160064
		],
		[
			4027580416,
			11811160064
		],
		[
			4027580416,
			11811160064
		],
		[
			4027580416,
			11811160064
		],
		[
			4027580416,
			11811160064
		],
		[
			4027580416,
			11811160064
		],
		[
			4027580416,
			11811160064
		],
		[
			4027580416,
			11811160064
		],
		[
			4027580416,
			11811160064
		],
		[
			4027580416,
			11811160064
		],
		[
			4027580416,
			11811160064
		],
		[
			4027580416,
			11811160064
		],
		[
			4027580416,
			11811160064
		],
		[
			4027580416,
			11811160064
		],
		[
			4027580416,
			11811160064
		],
		[
			4027580416,
			11811160064
		],
		[
			4027580416,
			11811160064
		],
		[
			4027580416,
			11811160064
		],
		[
			4027580416,
			11811160064
		],
		[
			4027580416,
			11811160064
		],
		[
			4027580416,
			11811160064
		],
		[
			4027580416,
			11811160064
		],
		[
			4027580416,
			11811160064
		],
		[
			4027580416,
			11811160064
		],
		[
			4027580416,
			11811160064
		],
		[
			4027580416,
			11811160064
		],
		[
			4027580416,
			11811160064
		],
		[
			4027580416,
			11811160064
		],
		[
			4027580416,
			11811160064
		],
		[
			4027580416,
			11811160064
		],
		[
			4027580416,
			11811160064
		],
		[
			4027580416,
			11811160064
		],
		[
			4027580416,
			11811160064
		],
		[
			4027580416,
			11811160064
		],
		[
			4027580416,
			11811160064
		],
		[
			4027580416,
			11811160064
		],
		[
			4027580416,
			11811160064
		],
		[
			4027580416,
			11811160064
		],
		[
			4027580416,
			11811160064
		],
		[
			4027580416,
			11811160064
		],
		[
			4027580416,
			11811160064
		],
		[
			4027580416,
			11811160064
		],
		[
			4027580416,
			11811160064
		],
		[
			4027580416,
			11811160064
		],
		[
			4027580416,
			11811160064
		],
		[
			4027580416,
			11811160064
		],
		[
			4027580416,
			11811160064
		],
		[
			4027580416,
			11811160064
		],
		[
			4027580416,
			11811160064
		],
		[
			4027580416,
			11811160064
		],
		[
			4027580416,
			11811160064
		],
		[
			4027580416,
			11811160064
		],
		[
			4027580416,
			11811160064
		],
		[
			4027580416,
			11811160064
		],
		[
			4027580416,
			11811160064
		],
		[
			4027580416,
			11811160064
		],
		[
			4027580416,
			11811160064
		],
		[
			4027580416,
			11811160064
		],
		[
			4027580416,
			11811160064
		],
		[
			4027580416,
			11811160064
		],
		[
			4027580416,
			11811160064
		],
		[
			4027580416,
			11811160064
		],
		[
			4027580416,
			11811160064
		],
		[
			4027580416,
			11811160064
		],
		[
			4027580416,
			11811160064
		],
		[
			4027580416,
			11811160064
		],
		[
			4027580416,
			11811160064
		],
		[
			4027580416,
			11811160064
		],
		[
			4027580416,
			11811160064
		],
		[
			4027580416,
			11811160064
		],
		[
			4027580416,
			11811160064
		],
		[
			4027580416,
			11811160064
		],
		[
			4027580416,
			11811160064
		],
		[
			4027580416,
			11811160064
		],
		[
			4027580416,
			11811160064
		],
		[
			4027580416,
			11811160064
		]
	],
	"utilization": [
		0,
		5,
		5,
		6,
		6,
		30,
		30,
		31,
		31,
		35,
		35,
		31,
		31,
		32,
		32,
		33,
		33,
		32,
		32,
		33,
		33,
		32,
		32,
		30,
		30,
		32,
		32,
		33,
		33,
		33,
		33,
		32,
		32,
		31,
		31,
		31,
		31,
		36,
		36,
		30,
		30,
		31,
		31,
		33,
		33,
		33,
		33,
		32,
		32,
		32,
		32,
		30,
		30,
		32,
		32,
		34,
		34,
		32,
		32,
		32,
		32,
		32,
		32,
		31,
		31,
		35,
		35,
		30,
		30,
		31,
		31,
		33,
		33,
		33,
		33,
		33,
		33,
		32,
		32,
		30,
		30,
		32,
		32,
		34,
		34,
		32,
		32,
		32,
		32,
		33
	],
	"computation_proportion": 65,
	"extra_dict": {}
}