{
	"model_name": "MEALV2",
	"batch_size": 16,
	"duration_sec": 45,
	"mode": "train",
	"is_DDP": true,
	"process_group_backend": "gloo",
	"world_size": 4,
	"rank": 0,
	"local_rank": 0,
	"device_type": "gpu",
	"master_addr": "133.133.135.75",
	"master_port": 39920,
	"iteration_count": 103,
	"iteration_intervals": [
		1543271680,
		167111936,
		148135680,
		144057600,
		144480512,
		444407552,
		487945984,
		1590730752,
		487902720,
		243405824,
		260956416,
		230938624,
		236354304,
		149319680,
		152835072,
		191446016,
		149020928,
		149439232,
		1370381056,
		606905088,
		370182400,
		249507840,
		235914752,
		179926016,
		198633728,
		2678395136,
		372517888,
		244360704,
		252122112,
		244289280,
		234573056,
		155673344,
		148160256,
		192773376,
		161998080,
		159515392,
		143652864,
		1827991296,
		480953856,
		253761280,
		283852032,
		213339392,
		240271360,
		1462497792,
		535704832,
		622703360,
		1168307456,
		366948608,
		263462400,
		241595648,
		246574592,
		227260928,
		1720280064,
		365706496,
		261325568,
		240890880,
		239746816,
		1585613312,
		528744960,
		486954752,
		369574400,
		255279360,
		237785088,
		235065088,
		244847360,
		1348839168,
		485016064,
		357124864,
		246545920,
		175916032,
		204478976,
		231975424,
		155002624,
		150910464,
		155914496,
		151634944,
		154672640,
		1316818688,
		603695872,
		368828416,
		254974208,
		225916160,
		245185792,
		144589312,
		225884928,
		157443328,
		1308887808,
		491641088,
		360018944,
		247206656,
		242182400,
		150672640,
		1443731200,
		501611776,
		367609344,
		248457984,
		246215424,
		239663104,
		152553728,
		209948928,
		143607808,
		211291648,
		1069141760
	],
	"iteration_intervals_avg": 440581989.877551,
	"iteration_intervals_avg_second": 0.44058198987755104,
	"total_time_ns": 45324897536,
	"total_time_second": 45,
	"mem_infos": [
		[
			5361369088,
			5905580032
		],
		[
			5124390912,
			5905580032
		],
		[
			4910481408,
			5905580032
		],
		[
			4493148160,
			5905580032
		],
		[
			4463788032,
			5905580032
		],
		[
			4463788032,
			5905580032
		],
		[
			4463788032,
			5905580032
		],
		[
			4463788032,
			5905580032
		],
		[
			4463788032,
			5905580032
		],
		[
			4463788032,
			5905580032
		],
		[
			4463788032,
			5905580032
		],
		[
			4463788032,
			5905580032
		],
		[
			4463788032,
			5905580032
		],
		[
			4463788032,
			5905580032
		],
		[
			4463788032,
			5905580032
		],
		[
			4463788032,
			5905580032
		],
		[
			4463788032,
			5905580032
		],
		[
			4463788032,
			5905580032
		],
		[
			4463788032,
			5905580032
		],
		[
			4463788032,
			5905580032
		],
		[
			4463788032,
			5905580032
		],
		[
			4463788032,
			5905580032
		],
		[
			4463788032,
			5905580032
		],
		[
			4463788032,
			5905580032
		],
		[
			4463788032,
			5905580032
		],
		[
			4463788032,
			5905580032
		],
		[
			4463788032,
			5905580032
		],
		[
			4463788032,
			5905580032
		],
		[
			4463788032,
			5905580032
		],
		[
			4463788032,
			5905580032
		],
		[
			4463788032,
			5905580032
		],
		[
			4463788032,
			5905580032
		],
		[
			4463788032,
			5905580032
		],
		[
			4463788032,
			5905580032
		],
		[
			4463788032,
			5905580032
		],
		[
			4463788032,
			5905580032
		],
		[
			4463788032,
			5905580032
		],
		[
			4463788032,
			5905580032
		],
		[
			4463788032,
			5905580032
		],
		[
			4463788032,
			5905580032
		],
		[
			4463788032,
			5905580032
		],
		[
			4463788032,
			5905580032
		],
		[
			4463788032,
			5905580032
		],
		[
			4463788032,
			5905580032
		],
		[
			4463788032,
			5905580032
		],
		[
			4463788032,
			5905580032
		],
		[
			4463788032,
			5905580032
		],
		[
			4463788032,
			5905580032
		],
		[
			4463788032,
			5905580032
		],
		[
			4463788032,
			5905580032
		],
		[
			4463788032,
			5905580032
		],
		[
			4463788032,
			5905580032
		],
		[
			4463788032,
			5905580032
		],
		[
			4463788032,
			5905580032
		],
		[
			4463788032,
			5905580032
		],
		[
			4463788032,
			5905580032
		],
		[
			4463788032,
			5905580032
		],
		[
			4463788032,
			5905580032
		],
		[
			4463788032,
			5905580032
		],
		[
			4463788032,
			5905580032
		],
		[
			4463788032,
			5905580032
		],
		[
			4463788032,
			5905580032
		],
		[
			4463788032,
			5905580032
		],
		[
			4463788032,
			5905580032
		],
		[
			4463788032,
			5905580032
		],
		[
			4463788032,
			5905580032
		],
		[
			4463788032,
			5905580032
		],
		[
			4463788032,
			5905580032
		],
		[
			4463788032,
			5905580032
		],
		[
			4463788032,
			5905580032
		],
		[
			4463788032,
			5905580032
		],
		[
			4463788032,
			5905580032
		],
		[
			4463788032,
			5905580032
		],
		[
			4463788032,
			5905580032
		],
		[
			4463788032,
			5905580032
		],
		[
			4463788032,
			5905580032
		],
		[
			4463788032,
			5905580032
		],
		[
			4463788032,
			5905580032
		],
		[
			4463788032,
			5905580032
		],
		[
			4463788032,
			5905580032
		],
		[
			4463788032,
			5905580032
		],
		[
			4463788032,
			5905580032
		],
		[
			4463788032,
			5905580032
		],
		[
			4463788032,
			5905580032
		],
		[
			4463788032,
			5905580032
		],
		[
			4463788032,
			5905580032
		],
		[
			4463788032,
			5905580032
		],
		[
			4463788032,
			5905580032
		],
		[
			4463788032,
			5905580032
		],
		[
			4463788032,
			5905580032
		]
	],
	"utilization": [
		5,
		10,
		10,
		13,
		13,
		33,
		33,
		11,
		11,
		0,
		0,
		11,
		11,
		28,
		28,
		23,
		23,
		2,
		2,
		13,
		13,
		19,
		19,
		0,
		0,
		0,
		0,
		12,
		12,
		29,
		29,
		33,
		33,
		0,
		0,
		5,
		5,
		20,
		20,
		5,
		5,
		6,
		6,
		8,
		8,
		7,
		7,
		22,
		22,
		4,
		4,
		5,
		5,
		19,
		19,
		3,
		3,
		5,
		5,
		15,
		15,
		22,
		22,
		0,
		0,
		11,
		11,
		27,
		27,
		30,
		30,
		0,
		0,
		10,
		10,
		27,
		27,
		10,
		10,
		5,
		5,
		18,
		18,
		5,
		5,
		6,
		6,
		16,
		16,
		25
	],
	"computation_proportion": 5,
	"extra_dict": {}
}