{
	"model_name": "ConvNeXtT",
	"batch_size": 4,
	"duration_sec": 45,
	"mode": "train",
	"is_DDP": true,
	"process_group_backend": "gloo",
	"world_size": 2,
	"rank": 1,
	"local_rank": 0,
	"device_type": "gpu",
	"master_addr": "133.133.135.75",
	"master_port": 39920,
	"iteration_count": 137,
	"iteration_intervals": [
		1145704704,
		151327488,
		114546944,
		225327104,
		236947200,
		244315392,
		184221440,
		305814016,
		252346112,
		363585792,
		367570944,
		474572032,
		367232768,
		375121152,
		355697408,
		360932608,
		281126656,
		339493376,
		267779072,
		337407488,
		252665600,
		269132800,
		321682176,
		273458432,
		341556224,
		360505856,
		369489664,
		363583232,
		363638784,
		259812352,
		353710080,
		358539776,
		370684416,
		360098816,
		374647040,
		473381376,
		374973184,
		367102976,
		371664640,
		358375680,
		354841088,
		256476928,
		359062784,
		368146176,
		358821632,
		360648960,
		259393792,
		351732992,
		254468608,
		270367744,
		330367488,
		247682560,
		269804288,
		331993856,
		280760576,
		343106048,
		351601920,
		361558272,
		364037376,
		257241856,
		351825664,
		277630208,
		346998528,
		366811136,
		467998720,
		369501696,
		374935296,
		375522816,
		358123520,
		364912640,
		348847104,
		262595328,
		345780992,
		262067456,
		266773504,
		321851904,
		250866176,
		277750272,
		337370880,
		361104384,
		357782528,
		269726720,
		347665408,
		362243584,
		263474688,
		343967744,
		250196736,
		266468096,
		263759360,
		317527296,
		263105536,
		345270528,
		356222976,
		279463936,
		350638592,
		360234496,
		353941248,
		259535104,
		355803392,
		362995456,
		364052224,
		365547008,
		361576192,
		379958272,
		366038016,
		365575424,
		355059968,
		356671744,
		256751872,
		353926144,
		249366272,
		259132672,
		266242048,
		325350144,
		237534720,
		286454528,
		331234304,
		359794688,
		276722432,
		353968384,
		459513856,
		372390400,
		371096320,
		362071040,
		363477248,
		367401472,
		267335936,
		339693056,
		363830528,
		260209664,
		349509120,
		367578368,
		274343168,
		333917696,
		360171264,
		255782400,
		355313408
	],
	"iteration_intervals_avg": 329256954.1818182,
	"iteration_intervals_avg_second": 0.32925695418181816,
	"total_time_ns": 45337899264,
	"total_time_second": 45,
	"mem_infos": [
		[
			10786701312,
			11811160064
		],
		[
			10560208896,
			11811160064
		],
		[
			9962520576,
			11811160064
		],
		[
			9582936064,
			11811160064
		],
		[
			9582936064,
			11811160064
		],
		[
			9582936064,
			11811160064
		],
		[
			9582936064,
			11811160064
		],
		[
			9582936064,
			11811160064
		],
		[
			9582936064,
			11811160064
		],
		[
			9582936064,
			11811160064
		],
		[
			9582936064,
			11811160064
		],
		[
			9582936064,
			11811160064
		],
		[
			9582936064,
			11811160064
		],
		[
			9582936064,
			11811160064
		],
		[
			9582936064,
			11811160064
		],
		[
			9582936064,
			11811160064
		],
		[
			9582936064,
			11811160064
		],
		[
			9582936064,
			11811160064
		],
		[
			9582936064,
			11811160064
		],
		[
			9582936064,
			11811160064
		],
		[
			9582936064,
			11811160064
		],
		[
			9582936064,
			11811160064
		],
		[
			9582936064,
			11811160064
		],
		[
			9582936064,
			11811160064
		],
		[
			9582936064,
			11811160064
		],
		[
			9582936064,
			11811160064
		],
		[
			9582936064,
			11811160064
		],
		[
			9582936064,
			11811160064
		],
		[
			9582936064,
			11811160064
		],
		[
			9582936064,
			11811160064
		],
		[
			9582936064,
			11811160064
		],
		[
			9582936064,
			11811160064
		],
		[
			9582936064,
			11811160064
		],
		[
			9582936064,
			11811160064
		],
		[
			9582936064,
			11811160064
		],
		[
			9582936064,
			11811160064
		],
		[
			9582936064,
			11811160064
		],
		[
			9582936064,
			11811160064
		],
		[
			9582936064,
			11811160064
		],
		[
			9582936064,
			11811160064
		],
		[
			9582936064,
			11811160064
		],
		[
			9582936064,
			11811160064
		],
		[
			9582936064,
			11811160064
		],
		[
			9582936064,
			11811160064
		],
		[
			9582936064,
			11811160064
		],
		[
			9582936064,
			11811160064
		],
		[
			9582936064,
			11811160064
		],
		[
			9582936064,
			11811160064
		],
		[
			9582936064,
			11811160064
		],
		[
			9582936064,
			11811160064
		],
		[
			9582936064,
			11811160064
		],
		[
			9582936064,
			11811160064
		],
		[
			9582936064,
			11811160064
		],
		[
			9582936064,
			11811160064
		],
		[
			9582936064,
			11811160064
		],
		[
			9582936064,
			11811160064
		],
		[
			9582936064,
			11811160064
		],
		[
			9582936064,
			11811160064
		],
		[
			9582936064,
			11811160064
		],
		[
			9582936064,
			11811160064
		],
		[
			9582936064,
			11811160064
		],
		[
			9582936064,
			11811160064
		],
		[
			9582936064,
			11811160064
		],
		[
			9582936064,
			11811160064
		],
		[
			9582936064,
			11811160064
		],
		[
			9582936064,
			11811160064
		],
		[
			9582936064,
			11811160064
		],
		[
			9582936064,
			11811160064
		],
		[
			9582936064,
			11811160064
		],
		[
			9582936064,
			11811160064
		],
		[
			9582936064,
			11811160064
		],
		[
			9582936064,
			11811160064
		],
		[
			9582936064,
			11811160064
		],
		[
			9582936064,
			11811160064
		],
		[
			9582936064,
			11811160064
		],
		[
			9582936064,
			11811160064
		],
		[
			9582936064,
			11811160064
		],
		[
			9582936064,
			11811160064
		],
		[
			9582936064,
			11811160064
		],
		[
			9582936064,
			11811160064
		],
		[
			9582936064,
			11811160064
		],
		[
			9582936064,
			11811160064
		],
		[
			9582936064,
			11811160064
		],
		[
			9582936064,
			11811160064
		],
		[
			9582936064,
			11811160064
		],
		[
			9582936064,
			11811160064
		],
		[
			9582936064,
			11811160064
		],
		[
			9582936064,
			11811160064
		],
		[
			9582936064,
			11811160064
		],
		[
			9582936064,
			11811160064
		]
	],
	"utilization": [
		14,
		14,
		15,
		15,
		36,
		36,
		26,
		26,
		19,
		19,
		17,
		17,
		21,
		21,
		27,
		27,
		23,
		23,
		20,
		20,
		22,
		22,
		21,
		21,
		19,
		19,
		17,
		17,
		22,
		22,
		20,
		20,
		21,
		21,
		21,
		24,
		24,
		26,
		26,
		21,
		21,
		22,
		22,
		21,
		21,
		20,
		20,
		16,
		16,
		21,
		21,
		26,
		26,
		24,
		24,
		21,
		21,
		21,
		21,
		27,
		27,
		25,
		25,
		20,
		20,
		21,
		21,
		23,
		23,
		19,
		19,
		21,
		21,
		21,
		21,
		25,
		25,
		26,
		26,
		21,
		21,
		20,
		20,
		18,
		18,
		22,
		22,
		20,
		20,
		23
	],
	"computation_proportion": 20,
	"extra_dict": {}
}