{
	"model_name": "SqueezeNet",
	"batch_size": 32,
	"duration_sec": 45,
	"mode": "train",
	"is_DDP": true,
	"process_group_backend": "gloo",
	"world_size": 4,
	"rank": 0,
	"local_rank": 0,
	"device_type": "gpu",
	"master_addr": "133.133.135.75",
	"master_port": 39920,
	"iteration_count": 138,
	"iteration_intervals": [
		1482464000,
		110217216,
		175199232,
		132130816,
		136552960,
		126085376,
		220493568,
		134591744,
		233276672,
		368340480,
		492227072,
		1348019712,
		623655424,
		367122944,
		357062912,
		243474944,
		140645888,
		228813312,
		140103168,
		221712384,
		138650112,
		233957632,
		239448320,
		247977216,
		235327744,
		491679232,
		619052288,
		857566976,
		505178880,
		488647424,
		486587648,
		485938432,
		361938432,
		374863872,
		360107008,
		251253504,
		244713728,
		139313152,
		238140672,
		132520448,
		225779200,
		130222336,
		146547200,
		119349504,
		131575552,
		120308480,
		124006400,
		132667648,
		193460224,
		253210112,
		1986492160,
		620990208,
		374114304,
		368604416,
		369772544,
		361245440,
		241487360,
		244728320,
		139430912,
		226860800,
		137071872,
		149071104,
		220111360,
		133341184,
		125456128,
		128632320,
		174064640,
		257203456,
		239323392,
		242740736,
		1626599424,
		622757120,
		367638016,
		255745280,
		241866240,
		233704960,
		238394880,
		135887360,
		127601152,
		234608896,
		122682368,
		234175488,
		144459264,
		237186560,
		357997056,
		369848320,
		859817728,
		858804480,
		606881024,
		608620288,
		498252288,
		360282112,
		365814784,
		244876544,
		245153536,
		140892672,
		235195904,
		258998528,
		231932928,
		250938880,
		241983744,
		230688256,
		136108288,
		128878080,
		219351040,
		127375104,
		132815872,
		134330880,
		145688576,
		205438208,
		146835456,
		229654272,
		124032000,
		193908224,
		243177984,
		236186624,
		404691968,
		2096068864,
		364540416,
		361948416,
		253006592,
		239129344,
		135675392,
		228829440,
		235352320,
		137430016,
		239725824,
		242425344,
		249804288,
		236229376,
		138064896,
		228596992,
		135226112,
		123926784,
		219098880,
		213014528,
		256467712,
		1978775040
	],
	"iteration_intervals_avg": 327883104.2406015,
	"iteration_intervals_avg_second": 0.32788310424060146,
	"total_time_ns": 45646822400,
	"total_time_second": 45,
	"mem_infos": [
		[
			5363466240,
			5905580032
		],
		[
			4988076032,
			5905580032
		],
		[
			4786749440,
			5905580032
		],
		[
			3121610752,
			5905580032
		],
		[
			3121610752,
			5905580032
		],
		[
			3121610752,
			5905580032
		],
		[
			3121610752,
			5905580032
		],
		[
			3121610752,
			5905580032
		],
		[
			3121610752,
			5905580032
		],
		[
			3121610752,
			5905580032
		],
		[
			3121610752,
			5905580032
		],
		[
			3121610752,
			5905580032
		],
		[
			3121610752,
			5905580032
		],
		[
			3121610752,
			5905580032
		],
		[
			3121610752,
			5905580032
		],
		[
			3121610752,
			5905580032
		],
		[
			3121610752,
			5905580032
		],
		[
			3121610752,
			5905580032
		],
		[
			3121610752,
			5905580032
		],
		[
			3121610752,
			5905580032
		],
		[
			3121610752,
			5905580032
		],
		[
			3121610752,
			5905580032
		],
		[
			3121610752,
			5905580032
		],
		[
			3121610752,
			5905580032
		],
		[
			3121610752,
			5905580032
		],
		[
			3121610752,
			5905580032
		],
		[
			3121610752,
			5905580032
		],
		[
			3121610752,
			5905580032
		],
		[
			3121610752,
			5905580032
		],
		[
			3121610752,
			5905580032
		],
		[
			3121610752,
			5905580032
		],
		[
			3121610752,
			5905580032
		],
		[
			3121610752,
			5905580032
		],
		[
			3121610752,
			5905580032
		],
		[
			3121610752,
			5905580032
		],
		[
			3121610752,
			5905580032
		],
		[
			3121610752,
			5905580032
		],
		[
			3121610752,
			5905580032
		],
		[
			3121610752,
			5905580032
		],
		[
			3121610752,
			5905580032
		],
		[
			3121610752,
			5905580032
		],
		[
			3121610752,
			5905580032
		],
		[
			3121610752,
			5905580032
		],
		[
			3121610752,
			5905580032
		],
		[
			3121610752,
			5905580032
		],
		[
			3121610752,
			5905580032
		],
		[
			3121610752,
			5905580032
		],
		[
			3121610752,
			5905580032
		],
		[
			3121610752,
			5905580032
		],
		[
			3121610752,
			5905580032
		],
		[
			3121610752,
			5905580032
		],
		[
			3121610752,
			5905580032
		],
		[
			3121610752,
			5905580032
		],
		[
			3121610752,
			5905580032
		],
		[
			3121610752,
			5905580032
		],
		[
			3121610752,
			5905580032
		],
		[
			3121610752,
			5905580032
		],
		[
			3121610752,
			5905580032
		],
		[
			3121610752,
			5905580032
		],
		[
			3121610752,
			5905580032
		],
		[
			3121610752,
			5905580032
		],
		[
			3121610752,
			5905580032
		],
		[
			3121610752,
			5905580032
		],
		[
			3121610752,
			5905580032
		],
		[
			3121610752,
			5905580032
		],
		[
			3121610752,
			5905580032
		],
		[
			3121610752,
			5905580032
		],
		[
			3121610752,
			5905580032
		],
		[
			3121610752,
			5905580032
		],
		[
			3121610752,
			5905580032
		],
		[
			3121610752,
			5905580032
		],
		[
			3121610752,
			5905580032
		],
		[
			3121610752,
			5905580032
		],
		[
			3121610752,
			5905580032
		],
		[
			3121610752,
			5905580032
		],
		[
			3121610752,
			5905580032
		],
		[
			3121610752,
			5905580032
		],
		[
			3121610752,
			5905580032
		],
		[
			3121610752,
			5905580032
		],
		[
			3121610752,
			5905580032
		],
		[
			3121610752,
			5905580032
		],
		[
			3121610752,
			5905580032
		],
		[
			3121610752,
			5905580032
		],
		[
			3121610752,
			5905580032
		],
		[
			3121610752,
			5905580032
		],
		[
			3121610752,
			5905580032
		],
		[
			3121610752,
			5905580032
		],
		[
			3121610752,
			5905580032
		],
		[
			3121610752,
			5905580032
		],
		[
			3121610752,
			5905580032
		]
	],
	"utilization": [
		7,
		7,
		11,
		11,
		28,
		28,
		56,
		56,
		21,
		21,
		4,
		4,
		17,
		17,
		31,
		31,
		45,
		45,
		31,
		31,
		17,
		17,
		9,
		9,
		17,
		17,
		20,
		20,
		27,
		27,
		45,
		45,
		59,
		59,
		15,
		15,
		1,
		1,
		16,
		16,
		25,
		25,
		38,
		38,
		50,
		50,
		40,
		40,
		3,
		3,
		8,
		8,
		27,
		27,
		42,
		42,
		40,
		40,
		16,
		16,
		9,
		9,
		16,
		16,
		18,
		18,
		31,
		31,
		37,
		37,
		42,
		42,
		51,
		51,
		44,
		44,
		13,
		13,
		1,
		1,
		18,
		18,
		37,
		37,
		37,
		37,
		43,
		43,
		37,
		37
	],
	"computation_proportion": 20,
	"extra_dict": {}
}