{
	"model_name": "EfficientNet",
	"batch_size": 64,
	"duration_sec": 45,
	"mode": "train",
	"is_DDP": true,
	"process_group_backend": "gloo",
	"world_size": 2,
	"rank": 1,
	"local_rank": 0,
	"device_type": "gpu",
	"master_addr": "133.133.135.75",
	"master_port": 39920,
	"iteration_count": 148,
	"iteration_intervals": [
		1596234752,
		312424960,
		236615168,
		256903680,
		240775680,
		289882624,
		376316672,
		311307008,
		291120384,
		322199296,
		266910976,
		262030592,
		312401408,
		305636864,
		300366592,
		317014528,
		300851968,
		365721600,
		303076096,
		295071744,
		319753984,
		283393792,
		316892928,
		294661888,
		315602688,
		297254144,
		316672768,
		295183360,
		309292544,
		311578624,
		301400320,
		296067840,
		308818944,
		302006528,
		297791744,
		314681856,
		305220608,
		301886976,
		298259712,
		317536768,
		298075648,
		309870592,
		299278336,
		305719808,
		302414592,
		304335104,
		279912704,
		327800064,
		298447872,
		316064512,
		288869888,
		315884544,
		291984128,
		319361024,
		278916608,
		318368512,
		302976512,
		312989696,
		290809344,
		307500032,
		304849408,
		311977984,
		289508352,
		318737664,
		287205888,
		321512448,
		292973568,
		312600320,
		271774720,
		334553856,
		295007488,
		308826112,
		308898816,
		309663488,
		287742720,
		314860288,
		296398848,
		322600448,
		272428032,
		254111744,
		316056832,
		291889408,
		324449024,
		279913984,
		326211328,
		287899136,
		312044544,
		295646720,
		315202048,
		294930176,
		313243136,
		295517184,
		319137792,
		294045440,
		322299392,
		282427904,
		316649472,
		284953344,
		324090112,
		290496768,
		318004736,
		290392832,
		315840000,
		289810432,
		323015936,
		280544512,
		320983040,
		284538112,
		324899328,
		287436544,
		260323840,
		311313664,
		269270016,
		269471232,
		329540864,
		256682240,
		256803328,
		336542208,
		273697024,
		239070464,
		256616448,
		312742912,
		263014656,
		257815296,
		249620480,
		279021056,
		294346752,
		281707776,
		314861568,
		299268096,
		236632832,
		286032896,
		293605888,
		271165440,
		250054144,
		327419904,
		262981120,
		272794368,
		318566400,
		275684864,
		245501696,
		259432448,
		328687872,
		253681408,
		344361984,
		263392512,
		297933568,
		338047744
	],
	"iteration_intervals_avg": 298391288.83916086,
	"iteration_intervals_avg_second": 0.2983912888391609,
	"total_time_ns": 45313948672,
	"total_time_second": 45,
	"mem_infos": [
		[
			11212423168,
			11811160064
		],
		[
			10872684544,
			11811160064
		],
		[
			10658775040,
			11811160064
		],
		[
			4335861760,
			11811160064
		],
		[
			4302307328,
			11811160064
		],
		[
			4302307328,
			11811160064
		],
		[
			4302307328,
			11811160064
		],
		[
			4302307328,
			11811160064
		],
		[
			4302307328,
			11811160064
		],
		[
			4302307328,
			11811160064
		],
		[
			4302307328,
			11811160064
		],
		[
			4302307328,
			11811160064
		],
		[
			4302307328,
			11811160064
		],
		[
			4302307328,
			11811160064
		],
		[
			4302307328,
			11811160064
		],
		[
			4302307328,
			11811160064
		],
		[
			4302307328,
			11811160064
		],
		[
			4302307328,
			11811160064
		],
		[
			4302307328,
			11811160064
		],
		[
			4302307328,
			11811160064
		],
		[
			4302307328,
			11811160064
		],
		[
			4302307328,
			11811160064
		],
		[
			4302307328,
			11811160064
		],
		[
			4302307328,
			11811160064
		],
		[
			4302307328,
			11811160064
		],
		[
			4302307328,
			11811160064
		],
		[
			4302307328,
			11811160064
		],
		[
			4302307328,
			11811160064
		],
		[
			4302307328,
			11811160064
		],
		[
			4302307328,
			11811160064
		],
		[
			4302307328,
			11811160064
		],
		[
			4302307328,
			11811160064
		],
		[
			4302307328,
			11811160064
		],
		[
			4302307328,
			11811160064
		],
		[
			4302307328,
			11811160064
		],
		[
			4302307328,
			11811160064
		],
		[
			4302307328,
			11811160064
		],
		[
			4302307328,
			11811160064
		],
		[
			4302307328,
			11811160064
		],
		[
			4302307328,
			11811160064
		],
		[
			4302307328,
			11811160064
		],
		[
			4302307328,
			11811160064
		],
		[
			4302307328,
			11811160064
		],
		[
			4302307328,
			11811160064
		],
		[
			4302307328,
			11811160064
		],
		[
			4302307328,
			11811160064
		],
		[
			4302307328,
			11811160064
		],
		[
			4302307328,
			11811160064
		],
		[
			4302307328,
			11811160064
		],
		[
			4302307328,
			11811160064
		],
		[
			4302307328,
			11811160064
		],
		[
			4302307328,
			11811160064
		],
		[
			4302307328,
			11811160064
		],
		[
			4302307328,
			11811160064
		],
		[
			4302307328,
			11811160064
		],
		[
			4302307328,
			11811160064
		],
		[
			4302307328,
			11811160064
		],
		[
			4302307328,
			11811160064
		],
		[
			4302307328,
			11811160064
		],
		[
			4302307328,
			11811160064
		],
		[
			4302307328,
			11811160064
		],
		[
			4302307328,
			11811160064
		],
		[
			4302307328,
			11811160064
		],
		[
			4302307328,
			11811160064
		],
		[
			4302307328,
			11811160064
		],
		[
			4302307328,
			11811160064
		],
		[
			4302307328,
			11811160064
		],
		[
			4302307328,
			11811160064
		],
		[
			4302307328,
			11811160064
		],
		[
			4302307328,
			11811160064
		],
		[
			4302307328,
			11811160064
		],
		[
			4302307328,
			11811160064
		],
		[
			4302307328,
			11811160064
		],
		[
			4302307328,
			11811160064
		],
		[
			4302307328,
			11811160064
		],
		[
			4302307328,
			11811160064
		],
		[
			4302307328,
			11811160064
		],
		[
			4302307328,
			11811160064
		],
		[
			4302307328,
			11811160064
		],
		[
			4302307328,
			11811160064
		],
		[
			4302307328,
			11811160064
		],
		[
			4302307328,
			11811160064
		],
		[
			4302307328,
			11811160064
		],
		[
			4302307328,
			11811160064
		],
		[
			4302307328,
			11811160064
		],
		[
			4302307328,
			11811160064
		],
		[
			4302307328,
			11811160064
		],
		[
			4302307328,
			11811160064
		],
		[
			4302307328,
			11811160064
		],
		[
			4302307328,
			11811160064
		]
	],
	"utilization": [
		5,
		5,
		8,
		8,
		21,
		21,
		54,
		54,
		43,
		43,
		49,
		49,
		45,
		45,
		42,
		42,
		46,
		46,
		48,
		48,
		43,
		43,
		47,
		47,
		48,
		48,
		42,
		42,
		47,
		47,
		47,
		47,
		44,
		44,
		47,
		47,
		46,
		46,
		44,
		44,
		48,
		48,
		46,
		46,
		44,
		44,
		48,
		48,
		46,
		46,
		44,
		44,
		52,
		52,
		43,
		43,
		47,
		47,
		48,
		48,
		43,
		43,
		44,
		44,
		51,
		51,
		43,
		43,
		47,
		47,
		49,
		49,
		44,
		44,
		52,
		52,
		54,
		54,
		51,
		51,
		47,
		47,
		53,
		53,
		47,
		47,
		52,
		52,
		48,
		48
	],
	"computation_proportion": 65,
	"extra_dict": {}
}