{
	"model_name": "ConvNeXtS",
	"batch_size": 8,
	"duration_sec": 45,
	"mode": "train",
	"is_DDP": true,
	"process_group_backend": "gloo",
	"world_size": 4,
	"rank": 1,
	"local_rank": 0,
	"device_type": "gpu",
	"master_addr": "133.133.135.75",
	"master_port": 39920,
	"iteration_count": 119,
	"iteration_intervals": [
		1431507712,
		171954432,
		165178112,
		152451840,
		163202048,
		169344768,
		159405312,
		183329792,
		206912512,
		186693120,
		775522304,
		514349056,
		338396672,
		252169728,
		234021632,
		153236736,
		220648448,
		160015616,
		153263104,
		171233024,
		164116736,
		251821824,
		1961325056,
		365411072,
		237822464,
		202968832,
		182313472,
		185540608,
		177421056,
		155118080,
		164172800,
		180998656,
		207547392,
		1852466688,
		430630912,
		240488960,
		238035712,
		167008000,
		236229376,
		238440960,
		249069312,
		956936704,
		476450816,
		292201728,
		231139328,
		226021632,
		234840320,
		252528384,
		222348800,
		278785280,
		835094784,
		414322432,
		342690560,
		513829120,
		319708928,
		242259200,
		184447744,
		212624128,
		225127680,
		243717632,
		285532928,
		249165312,
		2090044160,
		375213312,
		271030784,
		199148544,
		185887488,
		183110656,
		150573056,
		172683008,
		157445888,
		173999104,
		157471232,
		238091520,
		1892344832,
		369157888,
		230770176,
		201753344,
		219891968,
		157623808,
		166062336,
		170266624,
		156798720,
		163280128,
		239008000,
		1823513088,
		409411840,
		268961792,
		247606272,
		242093824,
		250097152,
		242446592,
		297909248,
		1922024960,
		464843264,
		279172352,
		240541696,
		171613696,
		184069632,
		172544256,
		160574464,
		178047232,
		158535168,
		178908416,
		239215616,
		1881428992,
		361081600,
		250906112,
		239301632,
		248194048,
		239859968,
		239687936,
		364631040,
		2059772416,
		383117312,
		246140928,
		252688384,
		261057280,
		275842560
	],
	"iteration_intervals_avg": 376883864.7017544,
	"iteration_intervals_avg_second": 0.3768838647017544,
	"total_time_ns": 45050498048,
	"total_time_second": 45,
	"mem_infos": [
		[
			4881121280,
			5905580032
		],
		[
			4702863360,
			5905580032
		],
		[
			4503633920,
			5905580032
		],
		[
			3211788288,
			5905580032
		],
		[
			3211788288,
			5905580032
		],
		[
			3211788288,
			5905580032
		],
		[
			3211788288,
			5905580032
		],
		[
			3211788288,
			5905580032
		],
		[
			3211788288,
			5905580032
		],
		[
			3211788288,
			5905580032
		],
		[
			3211788288,
			5905580032
		],
		[
			3211788288,
			5905580032
		],
		[
			3211788288,
			5905580032
		],
		[
			3211788288,
			5905580032
		],
		[
			3211788288,
			5905580032
		],
		[
			3211788288,
			5905580032
		],
		[
			3211788288,
			5905580032
		],
		[
			3211788288,
			5905580032
		],
		[
			3211788288,
			5905580032
		],
		[
			3211788288,
			5905580032
		],
		[
			3211788288,
			5905580032
		],
		[
			3211788288,
			5905580032
		],
		[
			3211788288,
			5905580032
		],
		[
			3211788288,
			5905580032
		],
		[
			3211788288,
			5905580032
		],
		[
			3211788288,
			5905580032
		],
		[
			3211788288,
			5905580032
		],
		[
			3211788288,
			5905580032
		],
		[
			3211788288,
			5905580032
		],
		[
			3211788288,
			5905580032
		],
		[
			3211788288,
			5905580032
		],
		[
			3211788288,
			5905580032
		],
		[
			3211788288,
			5905580032
		],
		[
			3211788288,
			5905580032
		],
		[
			3211788288,
			5905580032
		],
		[
			3211788288,
			5905580032
		],
		[
			3211788288,
			5905580032
		],
		[
			3211788288,
			5905580032
		],
		[
			3211788288,
			5905580032
		],
		[
			3211788288,
			5905580032
		],
		[
			3211788288,
			5905580032
		],
		[
			3211788288,
			5905580032
		],
		[
			3211788288,
			5905580032
		],
		[
			3211788288,
			5905580032
		],
		[
			3211788288,
			5905580032
		],
		[
			3211788288,
			5905580032
		],
		[
			3211788288,
			5905580032
		],
		[
			3211788288,
			5905580032
		],
		[
			3211788288,
			5905580032
		],
		[
			3211788288,
			5905580032
		],
		[
			3211788288,
			5905580032
		],
		[
			3211788288,
			5905580032
		],
		[
			3211788288,
			5905580032
		],
		[
			3211788288,
			5905580032
		],
		[
			3211788288,
			5905580032
		],
		[
			3211788288,
			5905580032
		],
		[
			3211788288,
			5905580032
		],
		[
			3211788288,
			5905580032
		],
		[
			3211788288,
			5905580032
		],
		[
			3211788288,
			5905580032
		],
		[
			3211788288,
			5905580032
		],
		[
			3211788288,
			5905580032
		],
		[
			3211788288,
			5905580032
		],
		[
			3211788288,
			5905580032
		],
		[
			3211788288,
			5905580032
		],
		[
			3211788288,
			5905580032
		],
		[
			3211788288,
			5905580032
		],
		[
			3211788288,
			5905580032
		],
		[
			3211788288,
			5905580032
		],
		[
			3211788288,
			5905580032
		],
		[
			3211788288,
			5905580032
		],
		[
			3211788288,
			5905580032
		],
		[
			3211788288,
			5905580032
		],
		[
			3211788288,
			5905580032
		],
		[
			3211788288,
			5905580032
		],
		[
			3211788288,
			5905580032
		],
		[
			3211788288,
			5905580032
		],
		[
			3211788288,
			5905580032
		],
		[
			3211788288,
			5905580032
		],
		[
			3211788288,
			5905580032
		],
		[
			3211788288,
			5905580032
		],
		[
			3211788288,
			5905580032
		],
		[
			3211788288,
			5905580032
		],
		[
			3211788288,
			5905580032
		],
		[
			3211788288,
			5905580032
		],
		[
			3211788288,
			5905580032
		],
		[
			3211788288,
			5905580032
		],
		[
			3211788288,
			5905580032
		],
		[
			3211788288,
			5905580032
		],
		[
			3211788288,
			5905580032
		]
	],
	"utilization": [
		39,
		39,
		35,
		35,
		55,
		55,
		95,
		95,
		53,
		53,
		27,
		27,
		80,
		80,
		74,
		74,
		1,
		1,
		23,
		23,
		81,
		81,
		77,
		77,
		0,
		0,
		23,
		23,
		74,
		74,
		32,
		32,
		34,
		34,
		72,
		72,
		40,
		40,
		35,
		35,
		49,
		49,
		68,
		68,
		44,
		44,
		0,
		0,
		29,
		29,
		81,
		81,
		78,
		78,
		2,
		2,
		25,
		25,
		82,
		82,
		77,
		77,
		0,
		0,
		24,
		24,
		67,
		67,
		43,
		43,
		0,
		0,
		38,
		38,
		81,
		81,
		80,
		80,
		3,
		3,
		19,
		19,
		67,
		67,
		48,
		48,
		0,
		0,
		23,
		23
	],
	"computation_proportion": 35,
	"extra_dict": {}
}