{
	"model_name": "InceptionV3",
	"batch_size": 16,
	"duration_sec": 45,
	"mode": "train",
	"is_DDP": true,
	"process_group_backend": "gloo",
	"world_size": 1,
	"rank": 0,
	"local_rank": 0,
	"device_type": "gpu",
	"master_addr": "133.133.135.75",
	"master_port": 39920,
	"iteration_count": 99,
	"iteration_intervals": [
		1400074752,
		151297024,
		234829312,
		209205760,
		182984960,
		206442496,
		245189888,
		255565056,
		435471104,
		415432960,
		584292352,
		614536192,
		493212928,
		480300032,
		408847616,
		475536384,
		477591808,
		510018048,
		576720896,
		504653312,
		496151296,
		462365184,
		479768064,
		412309248,
		474217728,
		474615552,
		479893760,
		403522816,
		456367104,
		496843008,
		475159808,
		393673728,
		472351232,
		480550656,
		494266880,
		510292992,
		499392000,
		484559616,
		488709376,
		449702144,
		408177920,
		459141632,
		477661952,
		498709248,
		514654720,
		497136896,
		472312832,
		463174656,
		404714752,
		448887552,
		406347008,
		478183680,
		576562688,
		480482816,
		493991680,
		404559616,
		463636736,
		400534784,
		440901888,
		482044416,
		494923520,
		492799744,
		493318144,
		480071680,
		406194688,
		456776960,
		402975744,
		455190272,
		477601792,
		495761920,
		501617152,
		476275456,
		480040448,
		404763648,
		454405888,
		396752384,
		449778432,
		487259648,
		490198528,
		498046208,
		476723456,
		418706176,
		444389376,
		404958464,
		439474176,
		414411008,
		464148992,
		477210112,
		505453056,
		478418432,
		389111808,
		462653184,
		398152704,
		447674880,
		399764480,
		463924992,
		486726400,
		494563584,
		590077696
	],
	"iteration_intervals_avg": 460549318.80851066,
	"iteration_intervals_avg_second": 0.4605493188085107,
	"total_time_ns": 45471037952,
	"total_time_second": 45,
	"mem_infos": [
		[
			10952376320,
			11811160064
		],
		[
			10698620928,
			11811160064
		],
		[
			10467934208,
			11811160064
		],
		[
			8135901184,
			11811160064
		],
		[
			8135901184,
			11811160064
		],
		[
			8135901184,
			11811160064
		],
		[
			8135901184,
			11811160064
		],
		[
			8135901184,
			11811160064
		],
		[
			8135901184,
			11811160064
		],
		[
			8135901184,
			11811160064
		],
		[
			8135901184,
			11811160064
		],
		[
			8135901184,
			11811160064
		],
		[
			8135901184,
			11811160064
		],
		[
			8135901184,
			11811160064
		],
		[
			8135901184,
			11811160064
		],
		[
			8135901184,
			11811160064
		],
		[
			8135901184,
			11811160064
		],
		[
			8135901184,
			11811160064
		],
		[
			8135901184,
			11811160064
		],
		[
			8135901184,
			11811160064
		],
		[
			8135901184,
			11811160064
		],
		[
			8135901184,
			11811160064
		],
		[
			8135901184,
			11811160064
		],
		[
			8135901184,
			11811160064
		],
		[
			8135901184,
			11811160064
		],
		[
			8135901184,
			11811160064
		],
		[
			8135901184,
			11811160064
		],
		[
			8135901184,
			11811160064
		],
		[
			8135901184,
			11811160064
		],
		[
			8135901184,
			11811160064
		],
		[
			8135901184,
			11811160064
		],
		[
			8135901184,
			11811160064
		],
		[
			8135901184,
			11811160064
		],
		[
			8135901184,
			11811160064
		],
		[
			8135901184,
			11811160064
		],
		[
			8135901184,
			11811160064
		],
		[
			8135901184,
			11811160064
		],
		[
			8135901184,
			11811160064
		],
		[
			8135901184,
			11811160064
		],
		[
			8135901184,
			11811160064
		],
		[
			8135901184,
			11811160064
		],
		[
			8135901184,
			11811160064
		],
		[
			8135901184,
			11811160064
		],
		[
			8135901184,
			11811160064
		],
		[
			8135901184,
			11811160064
		],
		[
			8135901184,
			11811160064
		],
		[
			8135901184,
			11811160064
		],
		[
			8135901184,
			11811160064
		],
		[
			8135901184,
			11811160064
		],
		[
			8135901184,
			11811160064
		],
		[
			8135901184,
			11811160064
		],
		[
			8135901184,
			11811160064
		],
		[
			8135901184,
			11811160064
		],
		[
			8135901184,
			11811160064
		],
		[
			8135901184,
			11811160064
		],
		[
			8135901184,
			11811160064
		],
		[
			8135901184,
			11811160064
		],
		[
			8135901184,
			11811160064
		],
		[
			8135901184,
			11811160064
		],
		[
			8135901184,
			11811160064
		],
		[
			8135901184,
			11811160064
		],
		[
			8135901184,
			11811160064
		],
		[
			8135901184,
			11811160064
		],
		[
			8135901184,
			11811160064
		],
		[
			8135901184,
			11811160064
		],
		[
			8135901184,
			11811160064
		],
		[
			8135901184,
			11811160064
		],
		[
			8135901184,
			11811160064
		],
		[
			8135901184,
			11811160064
		],
		[
			8135901184,
			11811160064
		],
		[
			8135901184,
			11811160064
		],
		[
			8135901184,
			11811160064
		],
		[
			8135901184,
			11811160064
		],
		[
			8135901184,
			11811160064
		],
		[
			8135901184,
			11811160064
		],
		[
			8135901184,
			11811160064
		],
		[
			8135901184,
			11811160064
		],
		[
			8135901184,
			11811160064
		],
		[
			8135901184,
			11811160064
		],
		[
			8135901184,
			11811160064
		],
		[
			8135901184,
			11811160064
		],
		[
			8135901184,
			11811160064
		],
		[
			8135901184,
			11811160064
		],
		[
			8135901184,
			11811160064
		],
		[
			8135901184,
			11811160064
		],
		[
			8135901184,
			11811160064
		],
		[
			8135901184,
			11811160064
		],
		[
			8135901184,
			11811160064
		],
		[
			8135901184,
			11811160064
		],
		[
			8135901184,
			11811160064
		]
	],
	"utilization": [
		0,
		8,
		8,
		4,
		4,
		54,
		54,
		39,
		39,
		19,
		19,
		20,
		20,
		28,
		28,
		27,
		27,
		22,
		22,
		22,
		22,
		28,
		28,
		25,
		25,
		26,
		26,
		26,
		26,
		29,
		29,
		27,
		27,
		23,
		23,
		23,
		23,
		26,
		26,
		29,
		29,
		24,
		24,
		23,
		23,
		28,
		28,
		28,
		28,
		24,
		24,
		24,
		24,
		27,
		27,
		31,
		31,
		24,
		24,
		24,
		24,
		27,
		27,
		28,
		28,
		26,
		26,
		25,
		25,
		29,
		29,
		29,
		29,
		24,
		24,
		24,
		24,
		29,
		29,
		28,
		28,
		26,
		26,
		25,
		25,
		28,
		28,
		29,
		29,
		26
	],
	"computation_proportion": 25,
	"extra_dict": {}
}