{
	"model_name": "MobileNetV2",
	"batch_size": 16,
	"duration_sec": 45,
	"mode": "train",
	"is_DDP": true,
	"process_group_backend": "gloo",
	"world_size": 2,
	"rank": 1,
	"local_rank": 0,
	"device_type": "gpu",
	"master_addr": "133.133.135.75",
	"master_port": 39920,
	"iteration_count": 124,
	"iteration_intervals": [
		1358207744,
		74274816,
		75155712,
		75759616,
		339510016,
		251959040,
		562912256,
		1742987776,
		487768832,
		260555264,
		358539776,
		238467072,
		246056960,
		249965824,
		251384320,
		314778880,
		284341248,
		372111872,
		361164800,
		370814464,
		372247296,
		374130688,
		365633280,
		243229440,
		251549184,
		306262016,
		281144064,
		243996672,
		332227840,
		285281792,
		365353728,
		446793472,
		410215168,
		364828160,
		360678656,
		257509376,
		359139328,
		229813248,
		258313984,
		250513408,
		362328832,
		339320832,
		371373568,
		384966656,
		476665344,
		379588096,
		360518144,
		334598144,
		278533632,
		249753088,
		253045248,
		355859200,
		323493120,
		293798656,
		444859648,
		401690368,
		490842624,
		364878592,
		369474304,
		356358912,
		258690560,
		252462592,
		344013568,
		259094016,
		366340096,
		438762240,
		404147200,
		488563200,
		489898496,
		368534272,
		248764672,
		364905216,
		249591808,
		352666368,
		260692480,
		439078400,
		405217280,
		493078528,
		476470528,
		455428608,
		367048192,
		294611456,
		349508608,
		250529024,
		367134976,
		371278592,
		361023488,
		487449600,
		495476992,
		483723008,
		368324096,
		335022848,
		283599616,
		324883712,
		284863488,
		327996160,
		364799232,
		399323904,
		453621504,
		496011520,
		397590272,
		361836544,
		335471104,
		290943232,
		249624320,
		345043456,
		258742784,
		364443904,
		360609024,
		459397888,
		486594816,
		395703552,
		372644096,
		331849472,
		282714368,
		249167104,
		315243264,
		287012864,
		325111040,
		292625152,
		363343360,
		488422656,
		446888192,
		371937280
	],
	"iteration_intervals_avg": 363195009.07563025,
	"iteration_intervals_avg_second": 0.36319500907563024,
	"total_time_ns": 45143947520,
	"total_time_second": 45,
	"mem_infos": [
		[
			11235491840,
			11811160064
		],
		[
			10981736448,
			11811160064
		],
		[
			10769924096,
			11811160064
		],
		[
			9224323072,
			11811160064
		],
		[
			9224323072,
			11811160064
		],
		[
			9224323072,
			11811160064
		],
		[
			9224323072,
			11811160064
		],
		[
			9224323072,
			11811160064
		],
		[
			9224323072,
			11811160064
		],
		[
			9224323072,
			11811160064
		],
		[
			9224323072,
			11811160064
		],
		[
			9224323072,
			11811160064
		],
		[
			9224323072,
			11811160064
		],
		[
			9224323072,
			11811160064
		],
		[
			9224323072,
			11811160064
		],
		[
			9224323072,
			11811160064
		],
		[
			9224323072,
			11811160064
		],
		[
			9224323072,
			11811160064
		],
		[
			9224323072,
			11811160064
		],
		[
			9224323072,
			11811160064
		],
		[
			9224323072,
			11811160064
		],
		[
			9224323072,
			11811160064
		],
		[
			9224323072,
			11811160064
		],
		[
			9224323072,
			11811160064
		],
		[
			9224323072,
			11811160064
		],
		[
			9224323072,
			11811160064
		],
		[
			9224323072,
			11811160064
		],
		[
			9224323072,
			11811160064
		],
		[
			9224323072,
			11811160064
		],
		[
			9224323072,
			11811160064
		],
		[
			9224323072,
			11811160064
		],
		[
			9224323072,
			11811160064
		],
		[
			9224323072,
			11811160064
		],
		[
			9224323072,
			11811160064
		],
		[
			9224323072,
			11811160064
		],
		[
			9224323072,
			11811160064
		],
		[
			9224323072,
			11811160064
		],
		[
			9224323072,
			11811160064
		],
		[
			9224323072,
			11811160064
		],
		[
			9224323072,
			11811160064
		],
		[
			9224323072,
			11811160064
		],
		[
			9224323072,
			11811160064
		],
		[
			9224323072,
			11811160064
		],
		[
			9224323072,
			11811160064
		],
		[
			9224323072,
			11811160064
		],
		[
			9224323072,
			11811160064
		],
		[
			9224323072,
			11811160064
		],
		[
			9224323072,
			11811160064
		],
		[
			9224323072,
			11811160064
		],
		[
			9224323072,
			11811160064
		],
		[
			9224323072,
			11811160064
		],
		[
			9224323072,
			11811160064
		],
		[
			9224323072,
			11811160064
		],
		[
			9224323072,
			11811160064
		],
		[
			9224323072,
			11811160064
		],
		[
			9224323072,
			11811160064
		],
		[
			9224323072,
			11811160064
		],
		[
			9224323072,
			11811160064
		],
		[
			9224323072,
			11811160064
		],
		[
			9224323072,
			11811160064
		],
		[
			9224323072,
			11811160064
		],
		[
			9224323072,
			11811160064
		],
		[
			9224323072,
			11811160064
		],
		[
			9224323072,
			11811160064
		],
		[
			9224323072,
			11811160064
		],
		[
			9224323072,
			11811160064
		],
		[
			9224323072,
			11811160064
		],
		[
			9224323072,
			11811160064
		],
		[
			9224323072,
			11811160064
		],
		[
			9224323072,
			11811160064
		],
		[
			9224323072,
			11811160064
		],
		[
			9224323072,
			11811160064
		],
		[
			9224323072,
			11811160064
		],
		[
			9224323072,
			11811160064
		],
		[
			9224323072,
			11811160064
		],
		[
			9224323072,
			11811160064
		],
		[
			9224323072,
			11811160064
		],
		[
			9224323072,
			11811160064
		],
		[
			9224323072,
			11811160064
		],
		[
			9224323072,
			11811160064
		],
		[
			9224323072,
			11811160064
		],
		[
			9224323072,
			11811160064
		],
		[
			9224323072,
			11811160064
		],
		[
			9224323072,
			11811160064
		],
		[
			9224323072,
			11811160064
		],
		[
			9224323072,
			11811160064
		],
		[
			9224323072,
			11811160064
		],
		[
			9224323072,
			11811160064
		],
		[
			9224323072,
			11811160064
		],
		[
			9224323072,
			11811160064
		]
	],
	"utilization": [
		0,
		8,
		8,
		8,
		8,
		22,
		22,
		6,
		6,
		1,
		1,
		8,
		8,
		14,
		14,
		13,
		13,
		11,
		11,
		11,
		11,
		14,
		14,
		13,
		13,
		11,
		11,
		10,
		10,
		13,
		13,
		13,
		13,
		10,
		10,
		10,
		10,
		13,
		13,
		12,
		12,
		9,
		9,
		10,
		10,
		12,
		12,
		12,
		12,
		9,
		9,
		9,
		9,
		13,
		13,
		12,
		12,
		9,
		9,
		9,
		9,
		12,
		12,
		11,
		11,
		8,
		8,
		9,
		9,
		13,
		13,
		12,
		12,
		8,
		8,
		10,
		10,
		12,
		12,
		12,
		12,
		9,
		9,
		9,
		9,
		14,
		14,
		13,
		13,
		9
	],
	"computation_proportion": 10,
	"extra_dict": {}
}