{
	"model_name": "ResNet50",
	"batch_size": 16,
	"duration_sec": 45,
	"mode": "train",
	"is_DDP": true,
	"process_group_backend": "gloo",
	"world_size": 2,
	"rank": 0,
	"local_rank": 0,
	"device_type": "gpu",
	"master_addr": "133.133.135.74",
	"master_port": 39920,
	"iteration_count": 46,
	"iteration_intervals": [
		2366603264,
		951755520,
		948236288,
		947301376,
		947753472,
		942682624,
		947911680,
		955763968,
		958838784,
		953225472,
		951247616,
		944922880,
		959167232,
		946361856,
		950748416,
		950310656,
		958887936,
		952620544,
		961641984,
		950946048,
		936861440,
		955413248,
		953616640,
		949568256,
		953120512,
		950395136,
		948908032,
		981898240,
		946903040,
		947700480,
		947268864,
		965471744,
		950777344,
		951538944,
		948627712,
		947354880,
		955619072,
		958589440,
		945580288,
		963788800,
		943731200,
		956517888,
		951800064,
		951942912,
		946948608,
		952144384
	],
	"iteration_intervals_avg": 952374752.7804878,
	"iteration_intervals_avg_second": 0.9523747527804878,
	"total_time_ns": 45209863168,
	"total_time_second": 45,
	"mem_infos": [
		[
			10964959232,
			11811160064
		],
		[
			10744758272,
			11811160064
		],
		[
			10507780096,
			11811160064
		],
		[
			8240758784,
			11811160064
		],
		[
			8240758784,
			11811160064
		],
		[
			8203010048,
			11811160064
		],
		[
			8203010048,
			11811160064
		],
		[
			8203010048,
			11811160064
		],
		[
			8203010048,
			11811160064
		],
		[
			8203010048,
			11811160064
		],
		[
			8203010048,
			11811160064
		],
		[
			8203010048,
			11811160064
		],
		[
			8203010048,
			11811160064
		],
		[
			8203010048,
			11811160064
		],
		[
			8203010048,
			11811160064
		],
		[
			8203010048,
			11811160064
		],
		[
			8203010048,
			11811160064
		],
		[
			8203010048,
			11811160064
		],
		[
			8203010048,
			11811160064
		],
		[
			8203010048,
			11811160064
		],
		[
			8203010048,
			11811160064
		],
		[
			8203010048,
			11811160064
		],
		[
			8203010048,
			11811160064
		],
		[
			8203010048,
			11811160064
		],
		[
			8203010048,
			11811160064
		],
		[
			8203010048,
			11811160064
		],
		[
			8203010048,
			11811160064
		],
		[
			8203010048,
			11811160064
		],
		[
			8203010048,
			11811160064
		],
		[
			8203010048,
			11811160064
		],
		[
			8203010048,
			11811160064
		],
		[
			8203010048,
			11811160064
		],
		[
			8203010048,
			11811160064
		],
		[
			8203010048,
			11811160064
		],
		[
			8203010048,
			11811160064
		],
		[
			8203010048,
			11811160064
		],
		[
			8203010048,
			11811160064
		],
		[
			8203010048,
			11811160064
		],
		[
			8203010048,
			11811160064
		],
		[
			8203010048,
			11811160064
		],
		[
			8203010048,
			11811160064
		],
		[
			8203010048,
			11811160064
		],
		[
			8203010048,
			11811160064
		],
		[
			8203010048,
			11811160064
		],
		[
			8203010048,
			11811160064
		],
		[
			8203010048,
			11811160064
		],
		[
			8203010048,
			11811160064
		],
		[
			8203010048,
			11811160064
		],
		[
			8203010048,
			11811160064
		],
		[
			8203010048,
			11811160064
		],
		[
			8203010048,
			11811160064
		],
		[
			8203010048,
			11811160064
		],
		[
			8203010048,
			11811160064
		],
		[
			8203010048,
			11811160064
		],
		[
			8203010048,
			11811160064
		],
		[
			8203010048,
			11811160064
		],
		[
			8203010048,
			11811160064
		],
		[
			8203010048,
			11811160064
		],
		[
			8203010048,
			11811160064
		],
		[
			8203010048,
			11811160064
		],
		[
			8203010048,
			11811160064
		],
		[
			8203010048,
			11811160064
		],
		[
			8203010048,
			11811160064
		],
		[
			8203010048,
			11811160064
		],
		[
			8203010048,
			11811160064
		],
		[
			8203010048,
			11811160064
		],
		[
			8203010048,
			11811160064
		],
		[
			8203010048,
			11811160064
		],
		[
			8203010048,
			11811160064
		],
		[
			8203010048,
			11811160064
		],
		[
			8203010048,
			11811160064
		],
		[
			8203010048,
			11811160064
		],
		[
			8203010048,
			11811160064
		],
		[
			8203010048,
			11811160064
		],
		[
			8203010048,
			11811160064
		],
		[
			8203010048,
			11811160064
		],
		[
			8203010048,
			11811160064
		],
		[
			8203010048,
			11811160064
		],
		[
			8203010048,
			11811160064
		],
		[
			8203010048,
			11811160064
		],
		[
			8203010048,
			11811160064
		],
		[
			8203010048,
			11811160064
		],
		[
			8203010048,
			11811160064
		],
		[
			8203010048,
			11811160064
		],
		[
			8203010048,
			11811160064
		],
		[
			8203010048,
			11811160064
		],
		[
			8203010048,
			11811160064
		],
		[
			8203010048,
			11811160064
		],
		[
			8203010048,
			11811160064
		],
		[
			8203010048,
			11811160064
		]
	],
	"utilization": [
		5,
		2,
		2,
		10,
		10,
		4,
		4,
		11,
		11,
		14,
		14,
		14,
		14,
		9,
		9,
		9,
		9,
		9,
		9,
		10,
		10,
		9,
		9,
		9,
		9,
		9,
		9,
		10,
		10,
		9,
		9,
		9,
		9,
		10,
		10,
		9,
		9,
		9,
		9,
		9,
		9,
		10,
		10,
		10,
		10,
		15,
		15,
		12,
		12,
		9,
		9,
		9,
		9,
		9,
		9,
		10,
		10,
		9,
		9,
		9,
		9,
		9,
		9,
		10,
		10,
		9,
		9,
		10,
		10,
		9,
		9,
		9,
		9,
		9,
		9,
		9,
		9,
		10,
		10,
		10,
		10,
		15,
		15,
		12,
		12,
		9,
		9,
		9,
		9,
		9
	],
	"computation_proportion": 80,
	"extra_dict": {}
}