{
	"model_name": "InceptionV3",
	"batch_size": 4,
	"duration_sec": 45,
	"mode": "train",
	"is_DDP": true,
	"process_group_backend": "gloo",
	"world_size": 2,
	"rank": 1,
	"local_rank": 0,
	"device_type": "gpu",
	"master_addr": "133.133.135.74",
	"master_port": 39920,
	"iteration_count": 44,
	"iteration_intervals": [
		2313704960,
		1016892928,
		1022927360,
		1010061568,
		1009533696,
		1015585792,
		1005079296,
		1006330112,
		1010392576,
		1023115776,
		1014190592,
		1024484864,
		1009633024,
		1007524352,
		1011958016,
		1007906304,
		1006479104,
		1008650240,
		1012248320,
		1010530304,
		1002449408,
		1008745984,
		1012337152,
		1012099840,
		1011500800,
		1006527744,
		1014934016,
		1018819072,
		1009746688,
		1009590272,
		999826432,
		1005424128,
		1022623488,
		1014943232,
		1010014976,
		1008310272,
		1037945344,
		1002842880,
		1007573760,
		1008423168,
		1005916160,
		1007899136,
		1010199296,
		1010239744
	],
	"iteration_intervals_avg": 1011103632.4102564,
	"iteration_intervals_avg_second": 1.0111036324102565,
	"total_time_ns": 45807173632,
	"total_time_second": 45,
	"mem_infos": [
		[
			11061428224,
			11811160064
		],
		[
			10811867136,
			11811160064
		],
		[
			10574888960,
			11811160064
		],
		[
			9822011392,
			11811160064
		],
		[
			9822011392,
			11811160064
		],
		[
			9708765184,
			11811160064
		],
		[
			9708765184,
			11811160064
		],
		[
			9708765184,
			11811160064
		],
		[
			9708765184,
			11811160064
		],
		[
			9708765184,
			11811160064
		],
		[
			9708765184,
			11811160064
		],
		[
			9708765184,
			11811160064
		],
		[
			9708765184,
			11811160064
		],
		[
			9708765184,
			11811160064
		],
		[
			9708765184,
			11811160064
		],
		[
			9708765184,
			11811160064
		],
		[
			9708765184,
			11811160064
		],
		[
			9708765184,
			11811160064
		],
		[
			9708765184,
			11811160064
		],
		[
			9708765184,
			11811160064
		],
		[
			9708765184,
			11811160064
		],
		[
			9708765184,
			11811160064
		],
		[
			9708765184,
			11811160064
		],
		[
			9708765184,
			11811160064
		],
		[
			9708765184,
			11811160064
		],
		[
			9708765184,
			11811160064
		],
		[
			9708765184,
			11811160064
		],
		[
			9708765184,
			11811160064
		],
		[
			9708765184,
			11811160064
		],
		[
			9708765184,
			11811160064
		],
		[
			9708765184,
			11811160064
		],
		[
			9708765184,
			11811160064
		],
		[
			9708765184,
			11811160064
		],
		[
			9708765184,
			11811160064
		],
		[
			9708765184,
			11811160064
		],
		[
			9708765184,
			11811160064
		],
		[
			9708765184,
			11811160064
		],
		[
			9708765184,
			11811160064
		],
		[
			9708765184,
			11811160064
		],
		[
			9708765184,
			11811160064
		],
		[
			9708765184,
			11811160064
		],
		[
			9708765184,
			11811160064
		],
		[
			9708765184,
			11811160064
		],
		[
			9708765184,
			11811160064
		],
		[
			9708765184,
			11811160064
		],
		[
			9708765184,
			11811160064
		],
		[
			9708765184,
			11811160064
		],
		[
			9708765184,
			11811160064
		],
		[
			9708765184,
			11811160064
		],
		[
			9708765184,
			11811160064
		],
		[
			9708765184,
			11811160064
		],
		[
			9708765184,
			11811160064
		],
		[
			9708765184,
			11811160064
		],
		[
			9708765184,
			11811160064
		],
		[
			9708765184,
			11811160064
		],
		[
			9708765184,
			11811160064
		],
		[
			9708765184,
			11811160064
		],
		[
			9708765184,
			11811160064
		],
		[
			9708765184,
			11811160064
		],
		[
			9708765184,
			11811160064
		],
		[
			9708765184,
			11811160064
		],
		[
			9708765184,
			11811160064
		],
		[
			9708765184,
			11811160064
		],
		[
			9708765184,
			11811160064
		],
		[
			9708765184,
			11811160064
		],
		[
			9708765184,
			11811160064
		],
		[
			9708765184,
			11811160064
		],
		[
			9708765184,
			11811160064
		],
		[
			9708765184,
			11811160064
		],
		[
			9708765184,
			11811160064
		],
		[
			9708765184,
			11811160064
		],
		[
			9708765184,
			11811160064
		],
		[
			9708765184,
			11811160064
		],
		[
			9708765184,
			11811160064
		],
		[
			9708765184,
			11811160064
		],
		[
			9708765184,
			11811160064
		],
		[
			9708765184,
			11811160064
		],
		[
			9708765184,
			11811160064
		],
		[
			9708765184,
			11811160064
		],
		[
			9708765184,
			11811160064
		],
		[
			9708765184,
			11811160064
		],
		[
			9708765184,
			11811160064
		],
		[
			9708765184,
			11811160064
		],
		[
			9708765184,
			11811160064
		],
		[
			9708765184,
			11811160064
		],
		[
			9708765184,
			11811160064
		],
		[
			9708765184,
			11811160064
		],
		[
			9708765184,
			11811160064
		],
		[
			9708765184,
			11811160064
		],
		[
			9708765184,
			11811160064
		]
	],
	"utilization": [
		2,
		2,
		4,
		4,
		7,
		7,
		6,
		6,
		6,
		6,
		6,
		6,
		6,
		6,
		6,
		6,
		6,
		6,
		6,
		6,
		6,
		6,
		6,
		6,
		6,
		6,
		6,
		6,
		6,
		6,
		6,
		6,
		6,
		6,
		6,
		6,
		6,
		6,
		6,
		6,
		6,
		6,
		6,
		6,
		6,
		6,
		6,
		6,
		6,
		6,
		6,
		6,
		6,
		6,
		6,
		6,
		6,
		6,
		6,
		6,
		6,
		6,
		6,
		6,
		6,
		6,
		6,
		6,
		6,
		6,
		6,
		6,
		6,
		6,
		6,
		6,
		6,
		6,
		6,
		6,
		6,
		6,
		6,
		6,
		6,
		6,
		6,
		6,
		6,
		6
	],
	"computation_proportion": 40,
	"extra_dict": {}
}