{
	"model_name": "ResNet50",
	"batch_size": 16,
	"duration_sec": 45,
	"mode": "train",
	"is_DDP": true,
	"process_group_backend": "gloo",
	"world_size": 4,
	"rank": 3,
	"local_rank": 0,
	"device_type": "gpu",
	"master_addr": "133.133.135.75",
	"master_port": 39920,
	"iteration_count": 31,
	"iteration_intervals": [
		2950668288,
		1416482816,
		1413786624,
		1404214272,
		1408256512,
		1405573120,
		1416969216,
		1425847552,
		1422470656,
		1407594752,
		1404724992,
		1405182720,
		1429811968,
		1411622656,
		1414150656,
		1410435584,
		1409906176,
		1404651520,
		1412629504,
		1407813632,
		1420589824,
		1428045056,
		1407521024,
		1404770048,
		1419460864,
		1401451264,
		1409375488,
		1437695232,
		1424696320,
		1416594688,
		1699676672
	],
	"iteration_intervals_avg": 1425356199.3846154,
	"iteration_intervals_avg_second": 1.4253561993846153,
	"total_time_ns": 45653917696,
	"total_time_second": 45,
	"mem_infos": [
		[
			5059379200,
			5905580032
		],
		[
			4828692480,
			5905580032
		],
		[
			4600102912,
			5905580032
		],
		[
			2339373056,
			5905580032
		],
		[
			2339373056,
			5905580032
		],
		[
			2339373056,
			5905580032
		],
		[
			2301624320,
			5905580032
		],
		[
			2301624320,
			5905580032
		],
		[
			2301624320,
			5905580032
		],
		[
			2301624320,
			5905580032
		],
		[
			2301624320,
			5905580032
		],
		[
			2301624320,
			5905580032
		],
		[
			2301624320,
			5905580032
		],
		[
			2301624320,
			5905580032
		],
		[
			2301624320,
			5905580032
		],
		[
			2301624320,
			5905580032
		],
		[
			2301624320,
			5905580032
		],
		[
			2301624320,
			5905580032
		],
		[
			2301624320,
			5905580032
		],
		[
			2301624320,
			5905580032
		],
		[
			2301624320,
			5905580032
		],
		[
			2301624320,
			5905580032
		],
		[
			2301624320,
			5905580032
		],
		[
			2301624320,
			5905580032
		],
		[
			2301624320,
			5905580032
		],
		[
			2301624320,
			5905580032
		],
		[
			2301624320,
			5905580032
		],
		[
			2301624320,
			5905580032
		],
		[
			2301624320,
			5905580032
		],
		[
			2301624320,
			5905580032
		],
		[
			2301624320,
			5905580032
		],
		[
			2301624320,
			5905580032
		],
		[
			2301624320,
			5905580032
		],
		[
			2301624320,
			5905580032
		],
		[
			2301624320,
			5905580032
		],
		[
			2301624320,
			5905580032
		],
		[
			2301624320,
			5905580032
		],
		[
			2301624320,
			5905580032
		],
		[
			2301624320,
			5905580032
		],
		[
			2301624320,
			5905580032
		],
		[
			2301624320,
			5905580032
		],
		[
			2301624320,
			5905580032
		],
		[
			2301624320,
			5905580032
		],
		[
			2301624320,
			5905580032
		],
		[
			2301624320,
			5905580032
		],
		[
			2301624320,
			5905580032
		],
		[
			2301624320,
			5905580032
		],
		[
			2301624320,
			5905580032
		],
		[
			2301624320,
			5905580032
		],
		[
			2301624320,
			5905580032
		],
		[
			2301624320,
			5905580032
		],
		[
			2301624320,
			5905580032
		],
		[
			2301624320,
			5905580032
		],
		[
			2301624320,
			5905580032
		],
		[
			2301624320,
			5905580032
		],
		[
			2301624320,
			5905580032
		],
		[
			2301624320,
			5905580032
		],
		[
			2301624320,
			5905580032
		],
		[
			2301624320,
			5905580032
		],
		[
			2301624320,
			5905580032
		],
		[
			2301624320,
			5905580032
		],
		[
			2301624320,
			5905580032
		],
		[
			2301624320,
			5905580032
		],
		[
			2301624320,
			5905580032
		],
		[
			2301624320,
			5905580032
		],
		[
			2301624320,
			5905580032
		],
		[
			2301624320,
			5905580032
		],
		[
			2301624320,
			5905580032
		],
		[
			2301624320,
			5905580032
		],
		[
			2301624320,
			5905580032
		],
		[
			2301624320,
			5905580032
		],
		[
			2301624320,
			5905580032
		],
		[
			2301624320,
			5905580032
		],
		[
			2301624320,
			5905580032
		],
		[
			2301624320,
			5905580032
		],
		[
			2301624320,
			5905580032
		],
		[
			2301624320,
			5905580032
		],
		[
			2301624320,
			5905580032
		],
		[
			2301624320,
			5905580032
		],
		[
			2301624320,
			5905580032
		],
		[
			2301624320,
			5905580032
		],
		[
			2301624320,
			5905580032
		],
		[
			2301624320,
			5905580032
		],
		[
			2301624320,
			5905580032
		],
		[
			2301624320,
			5905580032
		],
		[
			2301624320,
			5905580032
		],
		[
			2301624320,
			5905580032
		],
		[
			2301624320,
			5905580032
		],
		[
			2301624320,
			5905580032
		],
		[
			2301624320,
			5905580032
		]
	],
	"utilization": [
		1,
		2,
		2,
		13,
		13,
		23,
		23,
		15,
		15,
		6,
		6,
		18,
		18,
		19,
		19,
		1,
		1,
		19,
		19,
		19,
		19,
		15,
		15,
		6,
		6,
		19,
		19,
		19,
		19,
		1,
		1,
		19,
		19,
		19,
		19,
		11,
		11,
		10,
		10,
		19,
		19,
		19,
		19,
		1,
		1,
		19,
		19,
		19,
		19,
		7,
		7,
		14,
		14,
		19,
		19,
		20,
		20,
		1,
		1,
		18,
		18,
		20,
		20,
		4,
		4,
		17,
		17,
		19,
		19,
		20,
		20,
		1,
		1,
		18,
		18,
		20,
		20,
		2,
		2,
		18,
		18,
		18,
		18,
		18,
		18,
		3,
		3,
		19,
		19,
		19
	],
	"computation_proportion": 10,
	"extra_dict": {}
}