{
	"model_name": "ResNet18",
	"batch_size": 64,
	"duration_sec": 45,
	"mode": "train",
	"is_DDP": true,
	"process_group_backend": "gloo",
	"world_size": 1,
	"rank": 0,
	"local_rank": 0,
	"device_type": "gpu",
	"master_addr": "133.133.135.75",
	"master_port": 39920,
	"iteration_count": 98,
	"iteration_intervals": [
		1324439040,
		113914880,
		239192576,
		220982272,
		234106880,
		243171328,
		256544256,
		355086080,
		359506688,
		365783040,
		378940672,
		479655424,
		491651328,
		489473280,
		490183680,
		586535168,
		389593088,
		488249344,
		468220928,
		387966976,
		490585856,
		489638656,
		365796352,
		484888320,
		472723200,
		486755584,
		505048064,
		498151424,
		588966144,
		388448000,
		484414976,
		470643712,
		389376000,
		480489472,
		495197696,
		483961600,
		595646464,
		386796288,
		482019328,
		471102208,
		389934592,
		466871552,
		489733376,
		490051072,
		505833728,
		493161216,
		468141824,
		387867136,
		464394496,
		387671040,
		489947136,
		461736960,
		505798400,
		488828672,
		497969152,
		468114176,
		381097216,
		367290368,
		486797824,
		373342464,
		489950464,
		486172416,
		488435200,
		494707456,
		482760192,
		363480576,
		472014336,
		386771200,
		365706496,
		499990784,
		473822720,
		593329152,
		394979840,
		489017344,
		366022144,
		467049472,
		390216704,
		482551296,
		488319488,
		498359040,
		487366912,
		482262784,
		490882816,
		359155968,
		479642880,
		390794496,
		487755008,
		485876736,
		613384704,
		593287424,
		607811072,
		512017664,
		480850944,
		489530112,
		492791040,
		487978240,
		593447168,
		487055104
	],
	"iteration_intervals_avg": 462380004.4731183,
	"iteration_intervals_avg_second": 0.4623800044731183,
	"total_time_ns": 45135175936,
	"total_time_second": 45,
	"mem_infos": [
		[
			11130634240,
			11811160064
		],
		[
			10581180416,
			11811160064
		],
		[
			10344202240,
			11811160064
		],
		[
			7783579648,
			11811160064
		],
		[
			7783579648,
			11811160064
		],
		[
			7783579648,
			11811160064
		],
		[
			7783579648,
			11811160064
		],
		[
			7783579648,
			11811160064
		],
		[
			7783579648,
			11811160064
		],
		[
			7783579648,
			11811160064
		],
		[
			7783579648,
			11811160064
		],
		[
			7783579648,
			11811160064
		],
		[
			7783579648,
			11811160064
		],
		[
			7783579648,
			11811160064
		],
		[
			7783579648,
			11811160064
		],
		[
			7783579648,
			11811160064
		],
		[
			7783579648,
			11811160064
		],
		[
			7783579648,
			11811160064
		],
		[
			7783579648,
			11811160064
		],
		[
			7783579648,
			11811160064
		],
		[
			7783579648,
			11811160064
		],
		[
			7783579648,
			11811160064
		],
		[
			7783579648,
			11811160064
		],
		[
			7783579648,
			11811160064
		],
		[
			7783579648,
			11811160064
		],
		[
			7783579648,
			11811160064
		],
		[
			7783579648,
			11811160064
		],
		[
			7783579648,
			11811160064
		],
		[
			7783579648,
			11811160064
		],
		[
			7783579648,
			11811160064
		],
		[
			7783579648,
			11811160064
		],
		[
			7783579648,
			11811160064
		],
		[
			7783579648,
			11811160064
		],
		[
			7783579648,
			11811160064
		],
		[
			7783579648,
			11811160064
		],
		[
			7783579648,
			11811160064
		],
		[
			7783579648,
			11811160064
		],
		[
			7783579648,
			11811160064
		],
		[
			7783579648,
			11811160064
		],
		[
			7783579648,
			11811160064
		],
		[
			7783579648,
			11811160064
		],
		[
			7783579648,
			11811160064
		],
		[
			7783579648,
			11811160064
		],
		[
			7783579648,
			11811160064
		],
		[
			7783579648,
			11811160064
		],
		[
			7783579648,
			11811160064
		],
		[
			7783579648,
			11811160064
		],
		[
			7783579648,
			11811160064
		],
		[
			7783579648,
			11811160064
		],
		[
			7783579648,
			11811160064
		],
		[
			7783579648,
			11811160064
		],
		[
			7783579648,
			11811160064
		],
		[
			7783579648,
			11811160064
		],
		[
			7783579648,
			11811160064
		],
		[
			7783579648,
			11811160064
		],
		[
			7783579648,
			11811160064
		],
		[
			7783579648,
			11811160064
		],
		[
			7783579648,
			11811160064
		],
		[
			7783579648,
			11811160064
		],
		[
			7783579648,
			11811160064
		],
		[
			7783579648,
			11811160064
		],
		[
			7783579648,
			11811160064
		],
		[
			7783579648,
			11811160064
		],
		[
			7783579648,
			11811160064
		],
		[
			7783579648,
			11811160064
		],
		[
			7783579648,
			11811160064
		],
		[
			7783579648,
			11811160064
		],
		[
			7783579648,
			11811160064
		],
		[
			7783579648,
			11811160064
		],
		[
			7783579648,
			11811160064
		],
		[
			7783579648,
			11811160064
		],
		[
			7783579648,
			11811160064
		],
		[
			7783579648,
			11811160064
		],
		[
			7783579648,
			11811160064
		],
		[
			7783579648,
			11811160064
		],
		[
			7783579648,
			11811160064
		],
		[
			7783579648,
			11811160064
		],
		[
			7783579648,
			11811160064
		],
		[
			7783579648,
			11811160064
		],
		[
			7783579648,
			11811160064
		],
		[
			7783579648,
			11811160064
		],
		[
			7783579648,
			11811160064
		],
		[
			7783579648,
			11811160064
		],
		[
			7783579648,
			11811160064
		],
		[
			7783579648,
			11811160064
		],
		[
			7783579648,
			11811160064
		],
		[
			7783579648,
			11811160064
		],
		[
			7783579648,
			11811160064
		],
		[
			7783579648,
			11811160064
		],
		[
			7783579648,
			11811160064
		]
	],
	"utilization": [
		3,
		3,
		5,
		5,
		36,
		36,
		33,
		33,
		23,
		23,
		23,
		23,
		21,
		21,
		20,
		20,
		23,
		23,
		21,
		21,
		24,
		24,
		23,
		23,
		18,
		18,
		19,
		19,
		25,
		25,
		23,
		23,
		20,
		20,
		20,
		20,
		23,
		23,
		24,
		24,
		19,
		19,
		21,
		21,
		25,
		25,
		23,
		23,
		20,
		20,
		21,
		21,
		25,
		25,
		25,
		25,
		20,
		20,
		20,
		20,
		24,
		24,
		26,
		26,
		21,
		21,
		20,
		20,
		23,
		23,
		26,
		26,
		21,
		21,
		20,
		20,
		22,
		22,
		24,
		24,
		22,
		22,
		16,
		16,
		18,
		18,
		21,
		21,
		21,
		21
	],
	"computation_proportion": 20,
	"extra_dict": {}
}