{
	"model_name": "YoloV5S",
	"batch_size": 32,
	"duration_sec": 45,
	"mode": "train",
	"is_DDP": true,
	"process_group_backend": "gloo",
	"world_size": 2,
	"rank": 1,
	"local_rank": 0,
	"device_type": "gpu",
	"master_addr": "133.133.135.74",
	"master_port": 39920,
	"iteration_count": 136,
	"iteration_intervals": [
		1590511360,
		320935680,
		323391744,
		321710848,
		326926848,
		320021760,
		324722176,
		333443584,
		345508352,
		327470592,
		318741760,
		322831360,
		320620544,
		318293760,
		318291968,
		328040192,
		319483904,
		318495232,
		320314368,
		325795328,
		319356928,
		319434240,
		323382528,
		319399936,
		338787840,
		318438400,
		317957632,
		319777536,
		323664896,
		318623488,
		322689536,
		318826240,
		330416640,
		320208128,
		354034432,
		328649984,
		315842560,
		329996800,
		328814848,
		320115200,
		319566336,
		317044224,
		318881024,
		317255680,
		319963648,
		316421120,
		332628224,
		325007360,
		320240640,
		323287808,
		318242048,
		333573120,
		323532032,
		320723712,
		317925376,
		319945984,
		332045312,
		320411648,
		318528256,
		321102080,
		319920640,
		325642240,
		332461824,
		320002048,
		318110464,
		323198208,
		317891840,
		318128640,
		326896128,
		325305088,
		317144064,
		320614912,
		316127488,
		326390528,
		320098560,
		322756352,
		320592640,
		327949824,
		318921216,
		325418496,
		319576064,
		317780992,
		330301184,
		316183808,
		323101184,
		322270976,
		322119680,
		316833024,
		322439680,
		333586944,
		322042112,
		324495616,
		323612160,
		311978752,
		332308480,
		316653824,
		318900480,
		321809920,
		324686848,
		325813248,
		319727104,
		320752896,
		318188032,
		320825088,
		333205248,
		325061888,
		322143488,
		314971392,
		324076288,
		308588288,
		326946304,
		316860160,
		322084096,
		319572992,
		317134080,
		323897344,
		319030784,
		324475648,
		325479936,
		319910400,
		324161024,
		317893376,
		319937536,
		316036096,
		320919552,
		323137792,
		315405056,
		320029952,
		322180352,
		323939328,
		316665856,
		329061888,
		318221568,
		323970048,
		325875968,
		322464768
	],
	"iteration_intervals_avg": 322440580.8854962,
	"iteration_intervals_avg_second": 0.3224405808854962,
	"total_time_ns": 45124216576,
	"total_time_second": 45,
	"mem_infos": [
		[
			11229200384,
			11811160064
		],
		[
			10906238976,
			11811160064
		],
		[
			10662969344,
			11811160064
		],
		[
			8630829056,
			11811160064
		],
		[
			8601468928,
			11811160064
		],
		[
			8601468928,
			11811160064
		],
		[
			8601468928,
			11811160064
		],
		[
			8601468928,
			11811160064
		],
		[
			8601468928,
			11811160064
		],
		[
			8601468928,
			11811160064
		],
		[
			8601468928,
			11811160064
		],
		[
			8601468928,
			11811160064
		],
		[
			8601468928,
			11811160064
		],
		[
			8601468928,
			11811160064
		],
		[
			8601468928,
			11811160064
		],
		[
			8601468928,
			11811160064
		],
		[
			8601468928,
			11811160064
		],
		[
			8601468928,
			11811160064
		],
		[
			8601468928,
			11811160064
		],
		[
			8601468928,
			11811160064
		],
		[
			8601468928,
			11811160064
		],
		[
			8601468928,
			11811160064
		],
		[
			8601468928,
			11811160064
		],
		[
			8601468928,
			11811160064
		],
		[
			8601468928,
			11811160064
		],
		[
			8601468928,
			11811160064
		],
		[
			8601468928,
			11811160064
		],
		[
			8601468928,
			11811160064
		],
		[
			8601468928,
			11811160064
		],
		[
			8601468928,
			11811160064
		],
		[
			8601468928,
			11811160064
		],
		[
			8601468928,
			11811160064
		],
		[
			8601468928,
			11811160064
		],
		[
			8601468928,
			11811160064
		],
		[
			8601468928,
			11811160064
		],
		[
			8601468928,
			11811160064
		],
		[
			8601468928,
			11811160064
		],
		[
			8601468928,
			11811160064
		],
		[
			8601468928,
			11811160064
		],
		[
			8601468928,
			11811160064
		],
		[
			8601468928,
			11811160064
		],
		[
			8601468928,
			11811160064
		],
		[
			8601468928,
			11811160064
		],
		[
			8601468928,
			11811160064
		],
		[
			8601468928,
			11811160064
		],
		[
			8601468928,
			11811160064
		],
		[
			8601468928,
			11811160064
		],
		[
			8601468928,
			11811160064
		],
		[
			8601468928,
			11811160064
		],
		[
			8601468928,
			11811160064
		],
		[
			8601468928,
			11811160064
		],
		[
			8601468928,
			11811160064
		],
		[
			8601468928,
			11811160064
		],
		[
			8601468928,
			11811160064
		],
		[
			8601468928,
			11811160064
		],
		[
			8601468928,
			11811160064
		],
		[
			8601468928,
			11811160064
		],
		[
			8601468928,
			11811160064
		],
		[
			8601468928,
			11811160064
		],
		[
			8601468928,
			11811160064
		],
		[
			8601468928,
			11811160064
		],
		[
			8601468928,
			11811160064
		],
		[
			8601468928,
			11811160064
		],
		[
			8601468928,
			11811160064
		],
		[
			8601468928,
			11811160064
		],
		[
			8601468928,
			11811160064
		],
		[
			8601468928,
			11811160064
		],
		[
			8601468928,
			11811160064
		],
		[
			8601468928,
			11811160064
		],
		[
			8601468928,
			11811160064
		],
		[
			8601468928,
			11811160064
		],
		[
			8601468928,
			11811160064
		],
		[
			8601468928,
			11811160064
		],
		[
			8601468928,
			11811160064
		],
		[
			8601468928,
			11811160064
		],
		[
			8601468928,
			11811160064
		],
		[
			8601468928,
			11811160064
		],
		[
			8601468928,
			11811160064
		],
		[
			8601468928,
			11811160064
		],
		[
			8601468928,
			11811160064
		],
		[
			8601468928,
			11811160064
		],
		[
			8601468928,
			11811160064
		],
		[
			8601468928,
			11811160064
		],
		[
			8601468928,
			11811160064
		],
		[
			8601468928,
			11811160064
		],
		[
			8601468928,
			11811160064
		],
		[
			8601468928,
			11811160064
		],
		[
			8601468928,
			11811160064
		],
		[
			8601468928,
			11811160064
		],
		[
			8601468928,
			11811160064
		]
	],
	"utilization": [
		5,
		5,
		4,
		4,
		15,
		15,
		23,
		23,
		20,
		20,
		22,
		22,
		20,
		20,
		20,
		20,
		20,
		20,
		20,
		20,
		20,
		20,
		21,
		21,
		23,
		23,
		20,
		20,
		22,
		22,
		20,
		20,
		20,
		20,
		20,
		20,
		20,
		20,
		20,
		20,
		20,
		20,
		23,
		23,
		23,
		23,
		20,
		20,
		20,
		20,
		20,
		20,
		20,
		20,
		20,
		20,
		20,
		20,
		22,
		22,
		24,
		24,
		20,
		20,
		20,
		20,
		20,
		20,
		20,
		20,
		20,
		20,
		20,
		20,
		22,
		22,
		24,
		24,
		20,
		20,
		20,
		20,
		20,
		20,
		20,
		20,
		20,
		20,
		22,
		22
	],
	"computation_proportion": 80,
	"extra_dict": {}
}