{
	"model_name": "ResNet18",
	"batch_size": 16,
	"duration_sec": 45,
	"mode": "train",
	"is_DDP": true,
	"process_group_backend": "gloo",
	"world_size": 4,
	"rank": 0,
	"local_rank": 0,
	"device_type": "gpu",
	"master_addr": "133.133.135.75",
	"master_port": 39920,
	"iteration_count": 68,
	"iteration_intervals": [
		2012462080,
		664425216,
		640270080,
		639589376,
		641281792,
		642165760,
		651825152,
		638157312,
		647924736,
		640191232,
		640208128,
		661713408,
		647049984,
		645078784,
		639726592,
		652349184,
		636296704,
		642695680,
		648031488,
		641261312,
		633990144,
		663514112,
		646127872,
		638945280,
		642194176,
		684379392,
		641682176,
		635474688,
		637522432,
		636113664,
		638080000,
		642109696,
		646523136,
		646263296,
		632417280,
		643915776,
		635776000,
		647286528,
		641616896,
		643957248,
		643207680,
		640354304,
		642878976,
		641801728,
		644784896,
		639673344,
		649336576,
		640790016,
		637533696,
		643743488,
		652339200,
		635729152,
		639209728,
		640659200,
		639033088,
		646828288,
		635175168,
		636272384,
		678848512,
		640826624,
		642416640,
		643558400,
		647365376,
		644838144,
		654644992,
		633658368,
		638920192,
		643652608
	],
	"iteration_intervals_avg": 643978508.1904762,
	"iteration_intervals_avg_second": 0.6439785081904762,
	"total_time_ns": 45169767168,
	"total_time_second": 45,
	"mem_infos": [
		[
			5225054208,
			5905580032
		],
		[
			4950327296,
			5905580032
		],
		[
			4721737728,
			5905580032
		],
		[
			3973054464,
			5905580032
		],
		[
			3964665856,
			5905580032
		],
		[
			3964665856,
			5905580032
		],
		[
			3964665856,
			5905580032
		],
		[
			3964665856,
			5905580032
		],
		[
			3964665856,
			5905580032
		],
		[
			3964665856,
			5905580032
		],
		[
			3964665856,
			5905580032
		],
		[
			3964665856,
			5905580032
		],
		[
			3964665856,
			5905580032
		],
		[
			3964665856,
			5905580032
		],
		[
			3964665856,
			5905580032
		],
		[
			3964665856,
			5905580032
		],
		[
			3964665856,
			5905580032
		],
		[
			3964665856,
			5905580032
		],
		[
			3964665856,
			5905580032
		],
		[
			3964665856,
			5905580032
		],
		[
			3964665856,
			5905580032
		],
		[
			3964665856,
			5905580032
		],
		[
			3964665856,
			5905580032
		],
		[
			3964665856,
			5905580032
		],
		[
			3964665856,
			5905580032
		],
		[
			3964665856,
			5905580032
		],
		[
			3964665856,
			5905580032
		],
		[
			3964665856,
			5905580032
		],
		[
			3964665856,
			5905580032
		],
		[
			3964665856,
			5905580032
		],
		[
			3964665856,
			5905580032
		],
		[
			3964665856,
			5905580032
		],
		[
			3964665856,
			5905580032
		],
		[
			3964665856,
			5905580032
		],
		[
			3964665856,
			5905580032
		],
		[
			3964665856,
			5905580032
		],
		[
			3964665856,
			5905580032
		],
		[
			3964665856,
			5905580032
		],
		[
			3964665856,
			5905580032
		],
		[
			3964665856,
			5905580032
		],
		[
			3964665856,
			5905580032
		],
		[
			3964665856,
			5905580032
		],
		[
			3964665856,
			5905580032
		],
		[
			3964665856,
			5905580032
		],
		[
			3964665856,
			5905580032
		],
		[
			3964665856,
			5905580032
		],
		[
			3964665856,
			5905580032
		],
		[
			3964665856,
			5905580032
		],
		[
			3964665856,
			5905580032
		],
		[
			3964665856,
			5905580032
		],
		[
			3964665856,
			5905580032
		],
		[
			3964665856,
			5905580032
		],
		[
			3964665856,
			5905580032
		],
		[
			3964665856,
			5905580032
		],
		[
			3964665856,
			5905580032
		],
		[
			3964665856,
			5905580032
		],
		[
			3964665856,
			5905580032
		],
		[
			3964665856,
			5905580032
		],
		[
			3964665856,
			5905580032
		],
		[
			3964665856,
			5905580032
		],
		[
			3964665856,
			5905580032
		],
		[
			3964665856,
			5905580032
		],
		[
			3964665856,
			5905580032
		],
		[
			3964665856,
			5905580032
		],
		[
			3964665856,
			5905580032
		],
		[
			3964665856,
			5905580032
		],
		[
			3964665856,
			5905580032
		],
		[
			3964665856,
			5905580032
		],
		[
			3964665856,
			5905580032
		],
		[
			3964665856,
			5905580032
		],
		[
			3964665856,
			5905580032
		],
		[
			3964665856,
			5905580032
		],
		[
			3964665856,
			5905580032
		],
		[
			3964665856,
			5905580032
		],
		[
			3964665856,
			5905580032
		],
		[
			3964665856,
			5905580032
		],
		[
			3964665856,
			5905580032
		],
		[
			3964665856,
			5905580032
		],
		[
			3964665856,
			5905580032
		],
		[
			3964665856,
			5905580032
		],
		[
			3964665856,
			5905580032
		],
		[
			3964665856,
			5905580032
		],
		[
			3964665856,
			5905580032
		],
		[
			3964665856,
			5905580032
		],
		[
			3964665856,
			5905580032
		],
		[
			3964665856,
			5905580032
		],
		[
			3964665856,
			5905580032
		],
		[
			3964665856,
			5905580032
		],
		[
			3964665856,
			5905580032
		],
		[
			3964665856,
			5905580032
		]
	],
	"utilization": [
		14,
		4,
		4,
		14,
		14,
		12,
		12,
		9,
		9,
		13,
		13,
		15,
		15,
		8,
		8,
		15,
		15,
		8,
		8,
		15,
		15,
		8,
		8,
		15,
		15,
		10,
		10,
		12,
		12,
		15,
		15,
		8,
		8,
		15,
		15,
		8,
		8,
		15,
		15,
		8,
		8,
		15,
		15,
		11,
		11,
		11,
		11,
		15,
		15,
		7,
		7,
		15,
		15,
		8,
		8,
		15,
		15,
		9,
		9,
		14,
		14,
		15,
		15,
		7,
		7,
		15,
		15,
		7,
		7,
		15,
		15,
		8,
		8,
		15,
		15,
		14,
		14,
		8,
		8,
		15,
		15,
		7,
		7,
		15,
		15,
		8,
		8,
		15,
		15,
		8
	],
	"computation_proportion": 10,
	"extra_dict": {}
}