{
	"model_name": "MEALV2",
	"batch_size": 512,
	"duration_sec": 45,
	"mode": "train",
	"is_DDP": true,
	"process_group_backend": "gloo",
	"world_size": 1,
	"rank": 0,
	"local_rank": 0,
	"device_type": "gpu",
	"master_addr": "133.133.135.75",
	"master_port": 39920,
	"iteration_count": 88,
	"iteration_intervals": [
		1904765952,
		735514112,
		512627200,
		584436480,
		493517824,
		488921344,
		490712064,
		483117312,
		497242624,
		488800000,
		495735552,
		487186432,
		486127872,
		480841216,
		506227456,
		480919808,
		479712512,
		495868416,
		487636736,
		488536832,
		497014784,
		501740800,
		489338368,
		483506944,
		491980544,
		492971520,
		487279360,
		483986944,
		483082752,
		495375360,
		494593536,
		488903680,
		484236800,
		491924480,
		484744704,
		487844608,
		495495424,
		493773056,
		488863232,
		561006848,
		483044352,
		508140800,
		484539392,
		485939456,
		496863744,
		480379136,
		495099136,
		491992832,
		475092480,
		500948736,
		487716352,
		492814080,
		483790336,
		488391680,
		496975616,
		494279424,
		483052800,
		498331136,
		483737600,
		477169408,
		502100992,
		479683840,
		495202304,
		504120832,
		488686848,
		495494144,
		486618624,
		486425856,
		492820992,
		476064000,
		502199040,
		492685824,
		487065088,
		485577472,
		493927424,
		487698176,
		487612160,
		476633600,
		502622464,
		487219968,
		478610688,
		502723840,
		494241792,
		562740480,
		500292864,
		479694336,
		489875968,
		496178688
	],
	"iteration_intervals_avg": 491787550.8433735,
	"iteration_intervals_avg_second": 0.4917875508433735,
	"total_time_ns": 45050170368,
	"total_time_second": 45,
	"mem_infos": [
		[
			11266949120,
			11811160064
		],
		[
			10014949376,
			11811160064
		],
		[
			9788456960,
			11811160064
		],
		[
			1760559104,
			11811160064
		],
		[
			1280311296,
			11811160064
		],
		[
			793772032,
			11811160064
		],
		[
			793772032,
			11811160064
		],
		[
			793772032,
			11811160064
		],
		[
			793772032,
			11811160064
		],
		[
			793772032,
			11811160064
		],
		[
			793772032,
			11811160064
		],
		[
			793772032,
			11811160064
		],
		[
			793772032,
			11811160064
		],
		[
			793772032,
			11811160064
		],
		[
			793772032,
			11811160064
		],
		[
			793772032,
			11811160064
		],
		[
			793772032,
			11811160064
		],
		[
			793772032,
			11811160064
		],
		[
			793772032,
			11811160064
		],
		[
			793772032,
			11811160064
		],
		[
			793772032,
			11811160064
		],
		[
			793772032,
			11811160064
		],
		[
			793772032,
			11811160064
		],
		[
			793772032,
			11811160064
		],
		[
			793772032,
			11811160064
		],
		[
			793772032,
			11811160064
		],
		[
			793772032,
			11811160064
		],
		[
			793772032,
			11811160064
		],
		[
			793772032,
			11811160064
		],
		[
			793772032,
			11811160064
		],
		[
			793772032,
			11811160064
		],
		[
			793772032,
			11811160064
		],
		[
			793772032,
			11811160064
		],
		[
			793772032,
			11811160064
		],
		[
			793772032,
			11811160064
		],
		[
			793772032,
			11811160064
		],
		[
			793772032,
			11811160064
		],
		[
			793772032,
			11811160064
		],
		[
			793772032,
			11811160064
		],
		[
			793772032,
			11811160064
		],
		[
			793772032,
			11811160064
		],
		[
			793772032,
			11811160064
		],
		[
			793772032,
			11811160064
		],
		[
			793772032,
			11811160064
		],
		[
			793772032,
			11811160064
		],
		[
			793772032,
			11811160064
		],
		[
			793772032,
			11811160064
		],
		[
			793772032,
			11811160064
		],
		[
			793772032,
			11811160064
		],
		[
			793772032,
			11811160064
		],
		[
			793772032,
			11811160064
		],
		[
			793772032,
			11811160064
		],
		[
			793772032,
			11811160064
		],
		[
			793772032,
			11811160064
		],
		[
			793772032,
			11811160064
		],
		[
			793772032,
			11811160064
		],
		[
			793772032,
			11811160064
		],
		[
			793772032,
			11811160064
		],
		[
			793772032,
			11811160064
		],
		[
			793772032,
			11811160064
		],
		[
			793772032,
			11811160064
		],
		[
			793772032,
			11811160064
		],
		[
			793772032,
			11811160064
		],
		[
			793772032,
			11811160064
		],
		[
			793772032,
			11811160064
		],
		[
			793772032,
			11811160064
		],
		[
			793772032,
			11811160064
		],
		[
			793772032,
			11811160064
		],
		[
			793772032,
			11811160064
		],
		[
			793772032,
			11811160064
		],
		[
			793772032,
			11811160064
		],
		[
			793772032,
			11811160064
		],
		[
			793772032,
			11811160064
		],
		[
			793772032,
			11811160064
		],
		[
			793772032,
			11811160064
		],
		[
			793772032,
			11811160064
		],
		[
			793772032,
			11811160064
		],
		[
			793772032,
			11811160064
		],
		[
			793772032,
			11811160064
		],
		[
			793772032,
			11811160064
		],
		[
			793772032,
			11811160064
		],
		[
			793772032,
			11811160064
		],
		[
			793772032,
			11811160064
		],
		[
			793772032,
			11811160064
		],
		[
			793772032,
			11811160064
		],
		[
			793772032,
			11811160064
		],
		[
			793772032,
			11811160064
		],
		[
			793772032,
			11811160064
		],
		[
			793772032,
			11811160064
		],
		[
			793772032,
			11811160064
		]
	],
	"utilization": [
		3,
		3,
		5,
		5,
		20,
		20,
		31,
		31,
		38,
		38,
		39,
		39,
		40,
		40,
		42,
		42,
		39,
		39,
		39,
		39,
		40,
		40,
		42,
		42,
		41,
		41,
		39,
		39,
		40,
		40,
		42,
		42,
		41,
		41,
		39,
		39,
		41,
		41,
		42,
		42,
		39,
		39,
		39,
		39,
		39,
		39,
		41,
		41,
		40,
		40,
		40,
		40,
		42,
		42,
		39,
		39,
		39,
		39,
		40,
		40,
		41,
		41,
		41,
		41,
		39,
		39,
		40,
		40,
		42,
		42,
		41,
		41,
		39,
		39,
		40,
		40,
		42,
		42,
		40,
		40,
		39,
		39,
		42,
		42,
		39,
		39,
		39,
		39,
		39,
		39
	],
	"computation_proportion": 55,
	"extra_dict": {}
}