{
	"model_name": "YoloV5S",
	"batch_size": 32,
	"duration_sec": 45,
	"mode": "train",
	"is_DDP": true,
	"process_group_backend": "gloo",
	"world_size": 4,
	"rank": 1,
	"local_rank": 0,
	"device_type": "gpu",
	"master_addr": "133.133.135.75",
	"master_port": 39920,
	"iteration_count": 94,
	"iteration_intervals": [
		1944832256,
		486192384,
		483360256,
		464000512,
		464421120,
		465668352,
		459830784,
		464701952,
		462816000,
		472126976,
		466850816,
		460962816,
		464838656,
		470619392,
		463157760,
		468410112,
		466536192,
		474397184,
		466883072,
		465335296,
		453369088,
		478268928,
		464010752,
		465823488,
		464007168,
		466350336,
		462189056,
		473095168,
		467137280,
		457790464,
		482824448,
		461661696,
		468179968,
		462657536,
		472741888,
		465863680,
		456866304,
		472768000,
		496909056,
		464674816,
		462596864,
		470653440,
		465063424,
		469007616,
		460776960,
		466640640,
		462860800,
		465315584,
		466691584,
		485260032,
		461797376,
		468653824,
		471283456,
		466773760,
		466760448,
		463219968,
		464310016,
		462759168,
		466914048,
		463615232,
		464330496,
		465978368,
		466652672,
		462705152,
		460198400,
		472352768,
		460101888,
		476911872,
		460131328,
		466677760,
		466894080,
		469752832,
		466378240,
		463291136,
		470734848,
		467899392,
		463555584,
		470561536,
		463493888,
		463826432,
		497724160,
		464482816,
		463404288,
		464731904,
		458958080,
		470639872,
		473933824,
		468162560,
		461639424,
		465754880,
		466210560,
		464616960,
		469203968,
		456222976
	],
	"iteration_intervals_avg": 466847119.8202247,
	"iteration_intervals_avg_second": 0.4668471198202247,
	"total_time_ns": 45393220864,
	"total_time_second": 45,
	"mem_infos": [
		[
			5323620352,
			5905580032
		],
		[
			5036310528,
			5905580032
		],
		[
			4824498176,
			5905580032
		],
		[
			2725249024,
			5905580032
		],
		[
			2695888896,
			5905580032
		],
		[
			2695888896,
			5905580032
		],
		[
			2695888896,
			5905580032
		],
		[
			2695888896,
			5905580032
		],
		[
			2695888896,
			5905580032
		],
		[
			2695888896,
			5905580032
		],
		[
			2695888896,
			5905580032
		],
		[
			2695888896,
			5905580032
		],
		[
			2695888896,
			5905580032
		],
		[
			2695888896,
			5905580032
		],
		[
			2695888896,
			5905580032
		],
		[
			2695888896,
			5905580032
		],
		[
			2695888896,
			5905580032
		],
		[
			2695888896,
			5905580032
		],
		[
			2695888896,
			5905580032
		],
		[
			2695888896,
			5905580032
		],
		[
			2695888896,
			5905580032
		],
		[
			2695888896,
			5905580032
		],
		[
			2695888896,
			5905580032
		],
		[
			2695888896,
			5905580032
		],
		[
			2695888896,
			5905580032
		],
		[
			2695888896,
			5905580032
		],
		[
			2695888896,
			5905580032
		],
		[
			2695888896,
			5905580032
		],
		[
			2695888896,
			5905580032
		],
		[
			2695888896,
			5905580032
		],
		[
			2695888896,
			5905580032
		],
		[
			2695888896,
			5905580032
		],
		[
			2695888896,
			5905580032
		],
		[
			2695888896,
			5905580032
		],
		[
			2695888896,
			5905580032
		],
		[
			2695888896,
			5905580032
		],
		[
			2695888896,
			5905580032
		],
		[
			2695888896,
			5905580032
		],
		[
			2695888896,
			5905580032
		],
		[
			2695888896,
			5905580032
		],
		[
			2695888896,
			5905580032
		],
		[
			2695888896,
			5905580032
		],
		[
			2695888896,
			5905580032
		],
		[
			2695888896,
			5905580032
		],
		[
			2695888896,
			5905580032
		],
		[
			2695888896,
			5905580032
		],
		[
			2695888896,
			5905580032
		],
		[
			2695888896,
			5905580032
		],
		[
			2695888896,
			5905580032
		],
		[
			2695888896,
			5905580032
		],
		[
			2695888896,
			5905580032
		],
		[
			2695888896,
			5905580032
		],
		[
			2695888896,
			5905580032
		],
		[
			2695888896,
			5905580032
		],
		[
			2695888896,
			5905580032
		],
		[
			2695888896,
			5905580032
		],
		[
			2695888896,
			5905580032
		],
		[
			2695888896,
			5905580032
		],
		[
			2695888896,
			5905580032
		],
		[
			2695888896,
			5905580032
		],
		[
			2695888896,
			5905580032
		],
		[
			2695888896,
			5905580032
		],
		[
			2695888896,
			5905580032
		],
		[
			2695888896,
			5905580032
		],
		[
			2695888896,
			5905580032
		],
		[
			2695888896,
			5905580032
		],
		[
			2695888896,
			5905580032
		],
		[
			2695888896,
			5905580032
		],
		[
			2695888896,
			5905580032
		],
		[
			2695888896,
			5905580032
		],
		[
			2695888896,
			5905580032
		],
		[
			2695888896,
			5905580032
		],
		[
			2695888896,
			5905580032
		],
		[
			2695888896,
			5905580032
		],
		[
			2695888896,
			5905580032
		],
		[
			2695888896,
			5905580032
		],
		[
			2695888896,
			5905580032
		],
		[
			2695888896,
			5905580032
		],
		[
			2695888896,
			5905580032
		],
		[
			2695888896,
			5905580032
		],
		[
			2695888896,
			5905580032
		],
		[
			2695888896,
			5905580032
		],
		[
			2695888896,
			5905580032
		],
		[
			2695888896,
			5905580032
		],
		[
			2695888896,
			5905580032
		],
		[
			2695888896,
			5905580032
		],
		[
			2695888896,
			5905580032
		],
		[
			2695888896,
			5905580032
		],
		[
			2695888896,
			5905580032
		],
		[
			2695888896,
			5905580032
		]
	],
	"utilization": [
		8,
		8,
		12,
		12,
		24,
		24,
		31,
		31,
		29,
		29,
		26,
		26,
		26,
		26,
		26,
		26,
		28,
		28,
		32,
		32,
		29,
		29,
		25,
		25,
		24,
		24,
		25,
		25,
		26,
		26,
		30,
		30,
		31,
		31,
		27,
		27,
		26,
		26,
		25,
		25,
		24,
		24,
		26,
		26,
		31,
		31,
		31,
		31,
		26,
		26,
		24,
		24,
		25,
		25,
		25,
		26,
		26,
		32,
		32,
		32,
		32,
		26,
		26,
		26,
		26,
		25,
		25,
		26,
		26,
		30,
		30,
		32,
		32,
		26,
		26,
		25,
		25,
		25,
		25,
		26,
		26,
		27,
		27,
		32,
		32,
		30,
		30,
		25,
		25,
		26
	],
	"computation_proportion": 20,
	"extra_dict": {}
}