{
	"model_name": "ConvNeXtT",
	"batch_size": 4,
	"duration_sec": 45,
	"mode": "train",
	"is_DDP": true,
	"process_group_backend": "gloo",
	"world_size": 2,
	"rank": 1,
	"local_rank": 0,
	"device_type": "gpu",
	"master_addr": "133.133.135.74",
	"master_port": 39920,
	"iteration_count": 34,
	"iteration_intervals": [
		2316407552,
		1333597696,
		1321574656,
		1337632000,
		1321628672,
		1325833728,
		1331644672,
		1331618560,
		1339466752,
		1321392128,
		1345123072,
		1324926976,
		1327760640,
		1323152640,
		1323528704,
		1322448896,
		1325447424,
		1324012544,
		1327089152,
		1324297984,
		1327761408,
		1330896640,
		1327904256,
		1321633536,
		1326929408,
		1309252352,
		1336375040,
		1329241088,
		1324833280,
		1331744256,
		1337099008,
		1324877824,
		1333946368,
		1333779712
	],
	"iteration_intervals_avg": 1328069587.862069,
	"iteration_intervals_avg_second": 1.328069587862069,
	"total_time_ns": 46147118592,
	"total_time_second": 46,
	"mem_infos": [
		[
			10786701312,
			11811160064
		],
		[
			10574888960,
			11811160064
		],
		[
			9952034816,
			11811160064
		],
		[
			9891217408,
			11811160064
		],
		[
			9891217408,
			11811160064
		],
		[
			9582936064,
			11811160064
		],
		[
			9582936064,
			11811160064
		],
		[
			9582936064,
			11811160064
		],
		[
			9582936064,
			11811160064
		],
		[
			9582936064,
			11811160064
		],
		[
			9582936064,
			11811160064
		],
		[
			9582936064,
			11811160064
		],
		[
			9582936064,
			11811160064
		],
		[
			9582936064,
			11811160064
		],
		[
			9582936064,
			11811160064
		],
		[
			9582936064,
			11811160064
		],
		[
			9582936064,
			11811160064
		],
		[
			9582936064,
			11811160064
		],
		[
			9582936064,
			11811160064
		],
		[
			9582936064,
			11811160064
		],
		[
			9582936064,
			11811160064
		],
		[
			9582936064,
			11811160064
		],
		[
			9582936064,
			11811160064
		],
		[
			9582936064,
			11811160064
		],
		[
			9582936064,
			11811160064
		],
		[
			9582936064,
			11811160064
		],
		[
			9582936064,
			11811160064
		],
		[
			9582936064,
			11811160064
		],
		[
			9582936064,
			11811160064
		],
		[
			9582936064,
			11811160064
		],
		[
			9582936064,
			11811160064
		],
		[
			9582936064,
			11811160064
		],
		[
			9582936064,
			11811160064
		],
		[
			9582936064,
			11811160064
		],
		[
			9582936064,
			11811160064
		],
		[
			9582936064,
			11811160064
		],
		[
			9582936064,
			11811160064
		],
		[
			9582936064,
			11811160064
		],
		[
			9582936064,
			11811160064
		],
		[
			9582936064,
			11811160064
		],
		[
			9582936064,
			11811160064
		],
		[
			9582936064,
			11811160064
		],
		[
			9582936064,
			11811160064
		],
		[
			9582936064,
			11811160064
		],
		[
			9582936064,
			11811160064
		],
		[
			9582936064,
			11811160064
		],
		[
			9582936064,
			11811160064
		],
		[
			9582936064,
			11811160064
		],
		[
			9582936064,
			11811160064
		],
		[
			9582936064,
			11811160064
		],
		[
			9582936064,
			11811160064
		],
		[
			9582936064,
			11811160064
		],
		[
			9582936064,
			11811160064
		],
		[
			9582936064,
			11811160064
		],
		[
			9582936064,
			11811160064
		],
		[
			9582936064,
			11811160064
		],
		[
			9582936064,
			11811160064
		],
		[
			9582936064,
			11811160064
		],
		[
			9582936064,
			11811160064
		],
		[
			9582936064,
			11811160064
		],
		[
			9582936064,
			11811160064
		],
		[
			9582936064,
			11811160064
		],
		[
			9582936064,
			11811160064
		],
		[
			9582936064,
			11811160064
		],
		[
			9582936064,
			11811160064
		],
		[
			9582936064,
			11811160064
		],
		[
			9582936064,
			11811160064
		],
		[
			9582936064,
			11811160064
		],
		[
			9582936064,
			11811160064
		],
		[
			9582936064,
			11811160064
		],
		[
			9582936064,
			11811160064
		],
		[
			9582936064,
			11811160064
		],
		[
			9582936064,
			11811160064
		],
		[
			9582936064,
			11811160064
		],
		[
			9582936064,
			11811160064
		],
		[
			9582936064,
			11811160064
		],
		[
			9582936064,
			11811160064
		],
		[
			9582936064,
			11811160064
		],
		[
			9582936064,
			11811160064
		],
		[
			9582936064,
			11811160064
		],
		[
			9582936064,
			11811160064
		],
		[
			9582936064,
			11811160064
		],
		[
			9582936064,
			11811160064
		],
		[
			9582936064,
			11811160064
		],
		[
			9582936064,
			11811160064
		],
		[
			9582936064,
			11811160064
		],
		[
			9582936064,
			11811160064
		],
		[
			9582936064,
			11811160064
		],
		[
			9582936064,
			11811160064
		],
		[
			9582936064,
			11811160064
		]
	],
	"utilization": [
		8,
		1,
		1,
		11,
		11,
		4,
		4,
		6,
		6,
		6,
		6,
		6,
		6,
		1,
		6,
		6,
		6,
		6,
		6,
		6,
		0,
		0,
		6,
		6,
		6,
		6,
		6,
		6,
		0,
		0,
		6,
		6,
		6,
		6,
		6,
		6,
		0,
		0,
		6,
		6,
		6,
		6,
		6,
		6,
		0,
		0,
		6,
		6,
		6,
		6,
		6,
		6,
		0,
		0,
		6,
		6,
		6,
		6,
		6,
		6,
		0,
		0,
		6,
		6,
		6,
		6,
		6,
		6,
		1,
		1,
		6,
		6,
		6,
		6,
		6,
		6,
		1,
		1,
		5,
		5,
		6,
		6,
		6,
		6,
		3,
		3,
		4,
		4,
		6,
		6
	],
	"computation_proportion": 85,
	"extra_dict": {}
}