{
	"model_name": "YoloV5N",
	"batch_size": 32,
	"duration_sec": 45,
	"mode": "train",
	"is_DDP": true,
	"process_group_backend": "gloo",
	"world_size": 4,
	"rank": 1,
	"local_rank": 0,
	"device_type": "gpu",
	"master_addr": "133.133.135.75",
	"master_port": 39920,
	"iteration_count": 48,
	"iteration_intervals": [
		1456304896,
		203076352,
		1632145408,
		857010944,
		515153664,
		351567616,
		1254556416,
		720129536,
		386780160,
		2447934464,
		959431680,
		488994048,
		365538048,
		368932864,
		249853952,
		1926984960,
		1595505152,
		972611328,
		492382720,
		373033984,
		343218688,
		264550912,
		252100608,
		2055191808,
		787087616,
		2572743168,
		606356480,
		373954816,
		1949548800,
		605571072,
		371241728,
		2070500096,
		621040640,
		479473664,
		2820115712,
		615725568,
		373944832,
		372428800,
		1348555008,
		619393024,
		378892032,
		3155927040,
		505035520,
		476594944,
		1962144768,
		607405312,
		370760448,
		2924224000
	],
	"iteration_intervals_avg": 996231721.6744186,
	"iteration_intervals_avg_second": 0.9962317216744185,
	"total_time_ns": 47503857664,
	"total_time_second": 47,
	"mem_infos": [
		[
			5214568448,
			5905580032
		],
		[
			4977590272,
			5905580032
		],
		[
			4761583616,
			5905580032
		],
		[
			3811573760,
			5905580032
		],
		[
			3811573760,
			5905580032
		],
		[
			3811573760,
			5905580032
		],
		[
			3811573760,
			5905580032
		],
		[
			3811573760,
			5905580032
		],
		[
			3811573760,
			5905580032
		],
		[
			3811573760,
			5905580032
		],
		[
			3811573760,
			5905580032
		],
		[
			3811573760,
			5905580032
		],
		[
			3811573760,
			5905580032
		],
		[
			3811573760,
			5905580032
		],
		[
			3811573760,
			5905580032
		],
		[
			3811573760,
			5905580032
		],
		[
			3811573760,
			5905580032
		],
		[
			3811573760,
			5905580032
		],
		[
			3811573760,
			5905580032
		],
		[
			3811573760,
			5905580032
		],
		[
			3811573760,
			5905580032
		],
		[
			3811573760,
			5905580032
		],
		[
			3811573760,
			5905580032
		],
		[
			3811573760,
			5905580032
		],
		[
			3811573760,
			5905580032
		],
		[
			3811573760,
			5905580032
		],
		[
			3811573760,
			5905580032
		],
		[
			3811573760,
			5905580032
		],
		[
			3811573760,
			5905580032
		],
		[
			3811573760,
			5905580032
		],
		[
			3811573760,
			5905580032
		],
		[
			3811573760,
			5905580032
		],
		[
			3811573760,
			5905580032
		],
		[
			3811573760,
			5905580032
		],
		[
			3811573760,
			5905580032
		],
		[
			3811573760,
			5905580032
		],
		[
			3811573760,
			5905580032
		],
		[
			3811573760,
			5905580032
		],
		[
			3811573760,
			5905580032
		],
		[
			3811573760,
			5905580032
		],
		[
			3811573760,
			5905580032
		],
		[
			3811573760,
			5905580032
		],
		[
			3811573760,
			5905580032
		],
		[
			3811573760,
			5905580032
		],
		[
			3811573760,
			5905580032
		],
		[
			3811573760,
			5905580032
		],
		[
			3811573760,
			5905580032
		],
		[
			3811573760,
			5905580032
		],
		[
			3811573760,
			5905580032
		],
		[
			3811573760,
			5905580032
		],
		[
			3811573760,
			5905580032
		],
		[
			3811573760,
			5905580032
		],
		[
			3811573760,
			5905580032
		],
		[
			3811573760,
			5905580032
		],
		[
			3811573760,
			5905580032
		],
		[
			3811573760,
			5905580032
		],
		[
			3811573760,
			5905580032
		],
		[
			3811573760,
			5905580032
		],
		[
			3811573760,
			5905580032
		],
		[
			3811573760,
			5905580032
		],
		[
			3811573760,
			5905580032
		],
		[
			3811573760,
			5905580032
		],
		[
			3811573760,
			5905580032
		],
		[
			3811573760,
			5905580032
		],
		[
			3811573760,
			5905580032
		],
		[
			3811573760,
			5905580032
		],
		[
			3811573760,
			5905580032
		],
		[
			3811573760,
			5905580032
		],
		[
			3811573760,
			5905580032
		],
		[
			3811573760,
			5905580032
		],
		[
			3811573760,
			5905580032
		],
		[
			3811573760,
			5905580032
		],
		[
			3811573760,
			5905580032
		],
		[
			3811573760,
			5905580032
		],
		[
			3811573760,
			5905580032
		],
		[
			3811573760,
			5905580032
		],
		[
			3811573760,
			5905580032
		],
		[
			3811573760,
			5905580032
		],
		[
			3811573760,
			5905580032
		],
		[
			3811573760,
			5905580032
		],
		[
			3811573760,
			5905580032
		],
		[
			3811573760,
			5905580032
		],
		[
			3811573760,
			5905580032
		],
		[
			3811573760,
			5905580032
		],
		[
			3811573760,
			5905580032
		],
		[
			3811573760,
			5905580032
		],
		[
			3811573760,
			5905580032
		],
		[
			3811573760,
			5905580032
		],
		[
			3811573760,
			5905580032
		],
		[
			3811573760,
			5905580032
		]
	],
	"utilization": [
		38,
		38,
		34,
		34,
		39,
		39,
		4,
		4,
		6,
		6,
		14,
		14,
		13,
		13,
		9,
		9,
		16,
		16,
		0,
		0,
		0,
		0,
		8,
		8,
		25,
		25,
		14,
		14,
		2,
		2,
		9,
		9,
		0,
		0,
		10,
		10,
		23,
		23,
		23,
		23,
		0,
		0,
		7,
		7,
		7,
		7,
		0,
		0,
		2,
		2,
		17,
		17,
		6,
		6,
		2,
		2,
		18,
		18,
		5,
		5,
		2,
		2,
		15,
		15,
		6,
		6,
		0,
		0,
		5,
		5,
		17,
		17,
		14,
		14,
		9,
		9,
		17,
		17,
		0,
		0,
		0,
		0,
		9,
		9,
		16,
		16,
		0,
		0,
		9,
		9
	],
	"computation_proportion": 5,
	"extra_dict": {}
}