{
	"model_name": "ConvNeXtT",
	"batch_size": 16,
	"duration_sec": 45,
	"mode": "train",
	"is_DDP": true,
	"process_group_backend": "gloo",
	"world_size": 4,
	"rank": 0,
	"local_rank": 0,
	"device_type": "gpu",
	"master_addr": "133.133.135.75",
	"master_port": 39920,
	"iteration_count": 22,
	"iteration_intervals": [
		3168908800,
		2093358336,
		2071817984,
		2079257344,
		2077812992,
		2071938816,
		2068763392,
		2082505984,
		2073355264,
		2074529280,
		2088998144,
		2086790656,
		2071729408,
		2092900096,
		2058808576,
		2069873408,
		2095216640,
		2083588352,
		2103142400,
		2078226432,
		2077984256,
		2071501056
	],
	"iteration_intervals_avg": 2079403068.235294,
	"iteration_intervals_avg_second": 2.079403068235294,
	"total_time_ns": 46843183360,
	"total_time_second": 46,
	"mem_infos": [
		[
			4860149760,
			5905580032
		],
		[
			4648337408,
			5905580032
		],
		[
			4436525056,
			5905580032
		],
		[
			2496659456,
			5905580032
		],
		[
			2496659456,
			5905580032
		],
		[
			2496659456,
			5905580032
		],
		[
			2496659456,
			5905580032
		],
		[
			2255486976,
			5905580032
		],
		[
			2255486976,
			5905580032
		],
		[
			2255486976,
			5905580032
		],
		[
			2255486976,
			5905580032
		],
		[
			2255486976,
			5905580032
		],
		[
			2255486976,
			5905580032
		],
		[
			2255486976,
			5905580032
		],
		[
			2255486976,
			5905580032
		],
		[
			2255486976,
			5905580032
		],
		[
			2255486976,
			5905580032
		],
		[
			2255486976,
			5905580032
		],
		[
			2255486976,
			5905580032
		],
		[
			2255486976,
			5905580032
		],
		[
			2255486976,
			5905580032
		],
		[
			2255486976,
			5905580032
		],
		[
			2255486976,
			5905580032
		],
		[
			2255486976,
			5905580032
		],
		[
			2255486976,
			5905580032
		],
		[
			2255486976,
			5905580032
		],
		[
			2255486976,
			5905580032
		],
		[
			2255486976,
			5905580032
		],
		[
			2255486976,
			5905580032
		],
		[
			2255486976,
			5905580032
		],
		[
			2255486976,
			5905580032
		],
		[
			2255486976,
			5905580032
		],
		[
			2255486976,
			5905580032
		],
		[
			2255486976,
			5905580032
		],
		[
			2255486976,
			5905580032
		],
		[
			2255486976,
			5905580032
		],
		[
			2255486976,
			5905580032
		],
		[
			2255486976,
			5905580032
		],
		[
			2255486976,
			5905580032
		],
		[
			2255486976,
			5905580032
		],
		[
			2255486976,
			5905580032
		],
		[
			2255486976,
			5905580032
		],
		[
			2255486976,
			5905580032
		],
		[
			2255486976,
			5905580032
		],
		[
			2255486976,
			5905580032
		],
		[
			2255486976,
			5905580032
		],
		[
			2255486976,
			5905580032
		],
		[
			2255486976,
			5905580032
		],
		[
			2255486976,
			5905580032
		],
		[
			2255486976,
			5905580032
		],
		[
			2255486976,
			5905580032
		],
		[
			2255486976,
			5905580032
		],
		[
			2255486976,
			5905580032
		],
		[
			2255486976,
			5905580032
		],
		[
			2255486976,
			5905580032
		],
		[
			2255486976,
			5905580032
		],
		[
			2255486976,
			5905580032
		],
		[
			2255486976,
			5905580032
		],
		[
			2255486976,
			5905580032
		],
		[
			2255486976,
			5905580032
		],
		[
			2255486976,
			5905580032
		],
		[
			2255486976,
			5905580032
		],
		[
			2255486976,
			5905580032
		],
		[
			2255486976,
			5905580032
		],
		[
			2255486976,
			5905580032
		],
		[
			2255486976,
			5905580032
		],
		[
			2255486976,
			5905580032
		],
		[
			2255486976,
			5905580032
		],
		[
			2255486976,
			5905580032
		],
		[
			2255486976,
			5905580032
		],
		[
			2255486976,
			5905580032
		],
		[
			2255486976,
			5905580032
		],
		[
			2255486976,
			5905580032
		],
		[
			2255486976,
			5905580032
		],
		[
			2255486976,
			5905580032
		],
		[
			2255486976,
			5905580032
		],
		[
			2255486976,
			5905580032
		],
		[
			2255486976,
			5905580032
		],
		[
			2255486976,
			5905580032
		],
		[
			2255486976,
			5905580032
		],
		[
			2255486976,
			5905580032
		],
		[
			2255486976,
			5905580032
		],
		[
			2255486976,
			5905580032
		],
		[
			2255486976,
			5905580032
		],
		[
			2255486976,
			5905580032
		],
		[
			2255486976,
			5905580032
		],
		[
			2255486976,
			5905580032
		],
		[
			2255486976,
			5905580032
		],
		[
			2255486976,
			5905580032
		],
		[
			2255486976,
			5905580032
		]
	],
	"utilization": [
		0,
		17,
		17,
		55,
		55,
		1,
		1,
		26,
		26,
		3,
		3,
		21,
		21,
		11,
		11,
		14,
		14,
		15,
		15,
		8,
		8,
		25,
		25,
		1,
		1,
		31,
		31,
		1,
		1,
		27,
		27,
		1,
		1,
		29,
		29,
		1,
		1,
		31,
		31,
		1,
		1,
		27,
		27,
		1,
		1,
		29,
		29,
		1,
		1,
		32,
		32,
		1,
		1,
		28,
		28,
		1,
		1,
		32,
		32,
		1,
		1,
		28,
		28,
		1,
		1,
		28,
		28,
		1,
		1,
		24,
		24,
		7,
		7,
		18,
		18,
		14,
		14,
		10,
		10,
		19,
		19,
		4,
		4,
		30,
		30,
		1,
		1,
		28,
		28,
		1
	],
	"computation_proportion": 30,
	"extra_dict": {}
}