{
	"model_name": "ShuffleNet",
	"batch_size": 256,
	"duration_sec": 45,
	"mode": "train",
	"is_DDP": true,
	"process_group_backend": "gloo",
	"world_size": 2,
	"rank": 1,
	"local_rank": 0,
	"device_type": "gpu",
	"master_addr": "133.133.135.75",
	"master_port": 39920,
	"iteration_count": 150,
	"iteration_intervals": [
		1577741824,
		225069824,
		339946752,
		267723520,
		258071552,
		359450368,
		263399936,
		333588992,
		259953408,
		270047232,
		329778944,
		262655744,
		341880576,
		254803712,
		270292224,
		316879360,
		280164608,
		297610496,
		292165888,
		271637504,
		334720768,
		268962816,
		254267648,
		341713664,
		266511616,
		341144320,
		264152832,
		263431680,
		332350720,
		259013120,
		339401984,
		258586112,
		275438848,
		331896576,
		261872896,
		345128960,
		254523648,
		259949824,
		338862080,
		267446528,
		271398912,
		326238208,
		256797696,
		338703616,
		272710912,
		263279872,
		331506944,
		268429824,
		342808576,
		239122944,
		357086720,
		323950592,
		279409920,
		329238784,
		267735808,
		263513600,
		330024448,
		275975168,
		336088576,
		262142464,
		258455296,
		337785088,
		252468480,
		277969920,
		330802432,
		270915840,
		326030592,
		271704832,
		256355072,
		347283968,
		248033280,
		351532032,
		260464640,
		266820352,
		330405120,
		270126592,
		333214208,
		261473536,
		269892352,
		332866304,
		262331648,
		302288640,
		296540160,
		258303232,
		335088896,
		264863232,
		272477440,
		336758784,
		263934720,
		335590400,
		261989632,
		260132352,
		332283904,
		272480000,
		338297088,
		261824512,
		269651968,
		331397632,
		261411072,
		340384768,
		258331904,
		268779008,
		329076992,
		264775424,
		270063616,
		337597184,
		259329792,
		330073344,
		267177216,
		269437184,
		335273216,
		275653888,
		324268544,
		263365632,
		264837632,
		330584576,
		263651584,
		343077888,
		253767424,
		272815360,
		338830336,
		255396608,
		318579968,
		280034304,
		248201728,
		352990464,
		267139584,
		253030400,
		352190976,
		262649088,
		335988992,
		256700672,
		249425920,
		353800704,
		256084736,
		340185344,
		259009792,
		266141952,
		325964800,
		279074304,
		338425600,
		256252672,
		279457280,
		323068672,
		265913600,
		295330816,
		304109312,
		269088000,
		341421312,
		264488192
	],
	"iteration_intervals_avg": 292988915.6413793,
	"iteration_intervals_avg_second": 0.2929889156413793,
	"total_time_ns": 45152795392,
	"total_time_second": 45,
	"mem_infos": [
		[
			11269046272,
			11811160064
		],
		[
			10606346240,
			11811160064
		],
		[
			10390339584,
			11811160064
		],
		[
			3981443072,
			11811160064
		],
		[
			3973054464,
			11811160064
		],
		[
			3973054464,
			11811160064
		],
		[
			3973054464,
			11811160064
		],
		[
			3973054464,
			11811160064
		],
		[
			3973054464,
			11811160064
		],
		[
			3973054464,
			11811160064
		],
		[
			3973054464,
			11811160064
		],
		[
			3973054464,
			11811160064
		],
		[
			3973054464,
			11811160064
		],
		[
			3973054464,
			11811160064
		],
		[
			3973054464,
			11811160064
		],
		[
			3973054464,
			11811160064
		],
		[
			3973054464,
			11811160064
		],
		[
			3973054464,
			11811160064
		],
		[
			3973054464,
			11811160064
		],
		[
			3973054464,
			11811160064
		],
		[
			3973054464,
			11811160064
		],
		[
			3973054464,
			11811160064
		],
		[
			3973054464,
			11811160064
		],
		[
			3973054464,
			11811160064
		],
		[
			3973054464,
			11811160064
		],
		[
			3973054464,
			11811160064
		],
		[
			3973054464,
			11811160064
		],
		[
			3973054464,
			11811160064
		],
		[
			3973054464,
			11811160064
		],
		[
			3973054464,
			11811160064
		],
		[
			3973054464,
			11811160064
		],
		[
			3973054464,
			11811160064
		],
		[
			3973054464,
			11811160064
		],
		[
			3973054464,
			11811160064
		],
		[
			3973054464,
			11811160064
		],
		[
			3973054464,
			11811160064
		],
		[
			3973054464,
			11811160064
		],
		[
			3973054464,
			11811160064
		],
		[
			3973054464,
			11811160064
		],
		[
			3973054464,
			11811160064
		],
		[
			3973054464,
			11811160064
		],
		[
			3973054464,
			11811160064
		],
		[
			3973054464,
			11811160064
		],
		[
			3973054464,
			11811160064
		],
		[
			3973054464,
			11811160064
		],
		[
			3973054464,
			11811160064
		],
		[
			3973054464,
			11811160064
		],
		[
			3973054464,
			11811160064
		],
		[
			3973054464,
			11811160064
		],
		[
			3973054464,
			11811160064
		],
		[
			3973054464,
			11811160064
		],
		[
			3973054464,
			11811160064
		],
		[
			3973054464,
			11811160064
		],
		[
			3973054464,
			11811160064
		],
		[
			3973054464,
			11811160064
		],
		[
			3973054464,
			11811160064
		],
		[
			3973054464,
			11811160064
		],
		[
			3973054464,
			11811160064
		],
		[
			3973054464,
			11811160064
		],
		[
			3973054464,
			11811160064
		],
		[
			3973054464,
			11811160064
		],
		[
			3973054464,
			11811160064
		],
		[
			3973054464,
			11811160064
		],
		[
			3973054464,
			11811160064
		],
		[
			3973054464,
			11811160064
		],
		[
			3973054464,
			11811160064
		],
		[
			3973054464,
			11811160064
		],
		[
			3973054464,
			11811160064
		],
		[
			3973054464,
			11811160064
		],
		[
			3973054464,
			11811160064
		],
		[
			3973054464,
			11811160064
		],
		[
			3973054464,
			11811160064
		],
		[
			3973054464,
			11811160064
		],
		[
			3973054464,
			11811160064
		],
		[
			3973054464,
			11811160064
		],
		[
			3973054464,
			11811160064
		],
		[
			3973054464,
			11811160064
		],
		[
			3973054464,
			11811160064
		],
		[
			3973054464,
			11811160064
		],
		[
			3973054464,
			11811160064
		],
		[
			3973054464,
			11811160064
		],
		[
			3973054464,
			11811160064
		],
		[
			3973054464,
			11811160064
		],
		[
			3973054464,
			11811160064
		],
		[
			3973054464,
			11811160064
		],
		[
			3973054464,
			11811160064
		],
		[
			3973054464,
			11811160064
		],
		[
			3973054464,
			11811160064
		],
		[
			3973054464,
			11811160064
		],
		[
			3973054464,
			11811160064
		]
	],
	"utilization": [
		4,
		7,
		7,
		16,
		16,
		51,
		51,
		51,
		42,
		42,
		42,
		42,
		45,
		45,
		44,
		44,
		43,
		43,
		44,
		44,
		44,
		44,
		43,
		43,
		42,
		42,
		44,
		44,
		46,
		46,
		43,
		43,
		42,
		42,
		41,
		41,
		44,
		44,
		44,
		44,
		44,
		44,
		42,
		42,
		44,
		44,
		46,
		46,
		42,
		42,
		44,
		44,
		46,
		46,
		43,
		43,
		43,
		43,
		46,
		46,
		44,
		44,
		42,
		42,
		45,
		45,
		43,
		43,
		45,
		45,
		44,
		44,
		45,
		45,
		43,
		43,
		43,
		43,
		45,
		45,
		45,
		45,
		42,
		42,
		43,
		43,
		46,
		46,
		43,
		43
	],
	"computation_proportion": 60,
	"extra_dict": {}
}