{
	"model_name": "EfficientNet",
	"batch_size": 8,
	"duration_sec": 45,
	"mode": "train",
	"is_DDP": true,
	"process_group_backend": "gloo",
	"world_size": 4,
	"rank": 0,
	"local_rank": 0,
	"device_type": "gpu",
	"master_addr": "133.133.135.75",
	"master_port": 39920,
	"iteration_count": 94,
	"iteration_intervals": [
		1703119360,
		230453248,
		191827968,
		252981504,
		222588672,
		1552456704,
		490633984,
		367295232,
		231901952,
		377852416,
		228538112,
		233756928,
		206603008,
		217690368,
		214093568,
		171291904,
		198615040,
		182374144,
		215367424,
		209562112,
		175088384,
		917370880,
		620037120,
		371979264,
		363735552,
		355292928,
		2093960704,
		484424704,
		374783232,
		351388928,
		616471040,
		1713449728,
		973186048,
		604048640,
		373836288,
		231054848,
		238306560,
		236771072,
		191014144,
		238705920,
		204614400,
		204059136,
		211758592,
		1416809984,
		473684992,
		376086528,
		229765888,
		378531584,
		231832576,
		228483584,
		193290240,
		209137152,
		167285248,
		175410432,
		223737088,
		180578048,
		184629504,
		211776000,
		177243392,
		1989312000,
		603398144,
		363589376,
		363580416,
		351768320,
		1473389824,
		488516864,
		370130944,
		369133568,
		361778688,
		230166016,
		227674112,
		183121408,
		237873920,
		226685184,
		2196158976,
		612171264,
		357414656,
		354266112,
		378622720,
		1825748480,
		872324096,
		613647616,
		845884416,
		626050048,
		471845376,
		235918336,
		376525312,
		228385536,
		206475008,
		229100800,
		191463936,
		195776512,
		190697472,
		1326946560
	],
	"iteration_intervals_avg": 477271856.8988764,
	"iteration_intervals_avg_second": 0.4772718568988764,
	"total_time_ns": 45084816640,
	"total_time_second": 45,
	"mem_infos": [
		[
			5329911808,
			5905580032
		],
		[
			5164236800,
			5905580032
		],
		[
			4977590272,
			5905580032
		],
		[
			4052746240,
			5905580032
		],
		[
			3941597184,
			5905580032
		],
		[
			3941597184,
			5905580032
		],
		[
			3941597184,
			5905580032
		],
		[
			3941597184,
			5905580032
		],
		[
			3941597184,
			5905580032
		],
		[
			3941597184,
			5905580032
		],
		[
			3941597184,
			5905580032
		],
		[
			3941597184,
			5905580032
		],
		[
			3941597184,
			5905580032
		],
		[
			3941597184,
			5905580032
		],
		[
			3941597184,
			5905580032
		],
		[
			3941597184,
			5905580032
		],
		[
			3941597184,
			5905580032
		],
		[
			3941597184,
			5905580032
		],
		[
			3941597184,
			5905580032
		],
		[
			3941597184,
			5905580032
		],
		[
			3941597184,
			5905580032
		],
		[
			3941597184,
			5905580032
		],
		[
			3941597184,
			5905580032
		],
		[
			3941597184,
			5905580032
		],
		[
			3941597184,
			5905580032
		],
		[
			3941597184,
			5905580032
		],
		[
			3941597184,
			5905580032
		],
		[
			3941597184,
			5905580032
		],
		[
			3941597184,
			5905580032
		],
		[
			3941597184,
			5905580032
		],
		[
			3941597184,
			5905580032
		],
		[
			3941597184,
			5905580032
		],
		[
			3941597184,
			5905580032
		],
		[
			3941597184,
			5905580032
		],
		[
			3941597184,
			5905580032
		],
		[
			3941597184,
			5905580032
		],
		[
			3941597184,
			5905580032
		],
		[
			3941597184,
			5905580032
		],
		[
			3941597184,
			5905580032
		],
		[
			3941597184,
			5905580032
		],
		[
			3941597184,
			5905580032
		],
		[
			3941597184,
			5905580032
		],
		[
			3941597184,
			5905580032
		],
		[
			3941597184,
			5905580032
		],
		[
			3941597184,
			5905580032
		],
		[
			3941597184,
			5905580032
		],
		[
			3941597184,
			5905580032
		],
		[
			3941597184,
			5905580032
		],
		[
			3941597184,
			5905580032
		],
		[
			3941597184,
			5905580032
		],
		[
			3941597184,
			5905580032
		],
		[
			3941597184,
			5905580032
		],
		[
			3941597184,
			5905580032
		],
		[
			3941597184,
			5905580032
		],
		[
			3941597184,
			5905580032
		],
		[
			3941597184,
			5905580032
		],
		[
			3941597184,
			5905580032
		],
		[
			3941597184,
			5905580032
		],
		[
			3941597184,
			5905580032
		],
		[
			3941597184,
			5905580032
		],
		[
			3941597184,
			5905580032
		],
		[
			3941597184,
			5905580032
		],
		[
			3941597184,
			5905580032
		],
		[
			3941597184,
			5905580032
		],
		[
			3941597184,
			5905580032
		],
		[
			3941597184,
			5905580032
		],
		[
			3941597184,
			5905580032
		],
		[
			3941597184,
			5905580032
		],
		[
			3941597184,
			5905580032
		],
		[
			3941597184,
			5905580032
		],
		[
			3941597184,
			5905580032
		],
		[
			3941597184,
			5905580032
		],
		[
			3941597184,
			5905580032
		],
		[
			3941597184,
			5905580032
		],
		[
			3941597184,
			5905580032
		],
		[
			3941597184,
			5905580032
		],
		[
			3941597184,
			5905580032
		],
		[
			3941597184,
			5905580032
		],
		[
			3941597184,
			5905580032
		],
		[
			3941597184,
			5905580032
		],
		[
			3941597184,
			5905580032
		],
		[
			3941597184,
			5905580032
		],
		[
			3941597184,
			5905580032
		],
		[
			3941597184,
			5905580032
		],
		[
			3941597184,
			5905580032
		],
		[
			3941597184,
			5905580032
		],
		[
			3941597184,
			5905580032
		],
		[
			3941597184,
			5905580032
		],
		[
			3941597184,
			5905580032
		],
		[
			3941597184,
			5905580032
		]
	],
	"utilization": [
		3,
		15,
		15,
		12,
		12,
		32,
		32,
		12,
		12,
		10,
		10,
		20,
		20,
		25,
		25,
		35,
		35,
		24,
		24,
		9,
		9,
		24,
		24,
		11,
		11,
		0,
		0,
		17,
		17,
		16,
		16,
		7,
		7,
		8,
		8,
		8,
		8,
		19,
		19,
		33,
		33,
		17,
		17,
		9,
		9,
		20,
		20,
		27,
		27,
		34,
		34,
		25,
		25,
		0,
		0,
		9,
		9,
		25,
		25,
		9,
		9,
		8,
		8,
		24,
		24,
		29,
		29,
		16,
		16,
		0,
		0,
		8,
		8,
		25,
		25,
		8,
		8,
		0,
		0,
		13,
		13,
		11,
		11,
		11,
		11,
		19,
		19,
		35,
		35,
		15
	],
	"computation_proportion": 10,
	"extra_dict": {}
}