{
	"model_name": "ResNet50",
	"batch_size": 16,
	"duration_sec": 45,
	"mode": "train",
	"is_DDP": true,
	"process_group_backend": "gloo",
	"world_size": 4,
	"rank": 2,
	"local_rank": 0,
	"device_type": "gpu",
	"master_addr": "133.133.135.75",
	"master_port": 39920,
	"iteration_count": 113,
	"iteration_intervals": [
		1955412480,
		199138304,
		201800192,
		200205824,
		204362240,
		194215936,
		203123456,
		204856064,
		202808832,
		202676992,
		226361344,
		1878918656,
		322111232,
		248314368,
		191220736,
		197286400,
		204618240,
		209772032,
		215142144,
		212973824,
		205837056,
		187364096,
		583084544,
		296276480,
		1832879360,
		500995328,
		357828864,
		367907840,
		349414656,
		279515904,
		355988224,
		464638464,
		285924096,
		279336704,
		216432128,
		200520960,
		204399872,
		206778112,
		193915392,
		204451840,
		262513920,
		258566400,
		220632832,
		239799808,
		1719483648,
		476249088,
		238304000,
		246625792,
		244542720,
		251983360,
		280202752,
		1573022464,
		854160128,
		370275584,
		283545600,
		247227648,
		202199552,
		205322240,
		205569024,
		203453696,
		199130368,
		216379392,
		195981824,
		211346688,
		190274048,
		227383552,
		209193984,
		1748350464,
		303061760,
		239682048,
		229664000,
		239906560,
		211531008,
		249031936,
		245232128,
		1720271360,
		734598656,
		398297088,
		331445248,
		297378304,
		260209664,
		323102208,
		480304896,
		1343464960,
		487706880,
		249406720,
		209776640,
		198999040,
		203564544,
		216950528,
		203320832,
		195841792,
		199268864,
		219840768,
		204686080,
		1724717568,
		387054080,
		275318272,
		247632640,
		219924224,
		233310464,
		332273664,
		248793600,
		261140224,
		1817283584,
		512458752,
		267591936,
		254092544,
		244025344,
		220221184,
		240113408,
		236223232,
		193587968
	],
	"iteration_intervals_avg": 392425166.2222222,
	"iteration_intervals_avg_second": 0.39242516622222223,
	"total_time_ns": 45143737344,
	"total_time_second": 45,
	"mem_infos": [
		[
			5059379200,
			5905580032
		],
		[
			4786749440,
			5905580032
		],
		[
			4625268736,
			5905580032
		],
		[
			2752512000,
			5905580032
		],
		[
			2301624320,
			5905580032
		],
		[
			2301624320,
			5905580032
		],
		[
			2301624320,
			5905580032
		],
		[
			2301624320,
			5905580032
		],
		[
			2301624320,
			5905580032
		],
		[
			2301624320,
			5905580032
		],
		[
			2301624320,
			5905580032
		],
		[
			2301624320,
			5905580032
		],
		[
			2301624320,
			5905580032
		],
		[
			2301624320,
			5905580032
		],
		[
			2301624320,
			5905580032
		],
		[
			2301624320,
			5905580032
		],
		[
			2301624320,
			5905580032
		],
		[
			2301624320,
			5905580032
		],
		[
			2301624320,
			5905580032
		],
		[
			2301624320,
			5905580032
		],
		[
			2301624320,
			5905580032
		],
		[
			2301624320,
			5905580032
		],
		[
			2301624320,
			5905580032
		],
		[
			2301624320,
			5905580032
		],
		[
			2301624320,
			5905580032
		],
		[
			2301624320,
			5905580032
		],
		[
			2301624320,
			5905580032
		],
		[
			2301624320,
			5905580032
		],
		[
			2301624320,
			5905580032
		],
		[
			2301624320,
			5905580032
		],
		[
			2301624320,
			5905580032
		],
		[
			2301624320,
			5905580032
		],
		[
			2301624320,
			5905580032
		],
		[
			2301624320,
			5905580032
		],
		[
			2301624320,
			5905580032
		],
		[
			2301624320,
			5905580032
		],
		[
			2301624320,
			5905580032
		],
		[
			2301624320,
			5905580032
		],
		[
			2301624320,
			5905580032
		],
		[
			2301624320,
			5905580032
		],
		[
			2301624320,
			5905580032
		],
		[
			2301624320,
			5905580032
		],
		[
			2301624320,
			5905580032
		],
		[
			2301624320,
			5905580032
		],
		[
			2301624320,
			5905580032
		],
		[
			2301624320,
			5905580032
		],
		[
			2301624320,
			5905580032
		],
		[
			2301624320,
			5905580032
		],
		[
			2301624320,
			5905580032
		],
		[
			2301624320,
			5905580032
		],
		[
			2301624320,
			5905580032
		],
		[
			2301624320,
			5905580032
		],
		[
			2301624320,
			5905580032
		],
		[
			2301624320,
			5905580032
		],
		[
			2301624320,
			5905580032
		],
		[
			2301624320,
			5905580032
		],
		[
			2301624320,
			5905580032
		],
		[
			2301624320,
			5905580032
		],
		[
			2301624320,
			5905580032
		],
		[
			2301624320,
			5905580032
		],
		[
			2301624320,
			5905580032
		],
		[
			2301624320,
			5905580032
		],
		[
			2301624320,
			5905580032
		],
		[
			2301624320,
			5905580032
		],
		[
			2301624320,
			5905580032
		],
		[
			2301624320,
			5905580032
		],
		[
			2301624320,
			5905580032
		],
		[
			2301624320,
			5905580032
		],
		[
			2301624320,
			5905580032
		],
		[
			2301624320,
			5905580032
		],
		[
			2301624320,
			5905580032
		],
		[
			2301624320,
			5905580032
		],
		[
			2301624320,
			5905580032
		],
		[
			2301624320,
			5905580032
		],
		[
			2301624320,
			5905580032
		],
		[
			2301624320,
			5905580032
		],
		[
			2301624320,
			5905580032
		],
		[
			2301624320,
			5905580032
		],
		[
			2301624320,
			5905580032
		],
		[
			2301624320,
			5905580032
		],
		[
			2301624320,
			5905580032
		],
		[
			2301624320,
			5905580032
		],
		[
			2301624320,
			5905580032
		],
		[
			2301624320,
			5905580032
		],
		[
			2301624320,
			5905580032
		],
		[
			2301624320,
			5905580032
		],
		[
			2301624320,
			5905580032
		],
		[
			2301624320,
			5905580032
		],
		[
			2301624320,
			5905580032
		],
		[
			2301624320,
			5905580032
		]
	],
	"utilization": [
		6,
		21,
		21,
		16,
		16,
		58,
		58,
		94,
		94,
		74,
		74,
		0,
		0,
		44,
		44,
		92,
		92,
		81,
		81,
		29,
		29,
		17,
		17,
		28,
		28,
		66,
		66,
		62,
		62,
		80,
		80,
		94,
		94,
		72,
		72,
		0,
		0,
		41,
		41,
		82,
		82,
		30,
		30,
		11,
		11,
		40,
		40,
		80,
		80,
		93,
		93,
		80,
		80,
		1,
		1,
		49,
		49,
		88,
		88,
		28,
		28,
		12,
		12,
		32,
		32,
		75,
		75,
		40,
		40,
		20,
		20,
		59,
		59,
		93,
		93,
		69,
		69,
		0,
		0,
		50,
		50,
		79,
		79,
		55,
		55,
		1,
		1,
		40,
		40,
		86
	],
	"computation_proportion": 40,
	"extra_dict": {}
}