{
	"model_name": "MEALV2",
	"batch_size": 512,
	"duration_sec": 45,
	"mode": "train",
	"is_DDP": true,
	"process_group_backend": "gloo",
	"world_size": 1,
	"rank": 0,
	"local_rank": 0,
	"device_type": "gpu",
	"master_addr": "133.133.135.75",
	"master_port": 39920,
	"iteration_count": 89,
	"iteration_intervals": [
		1682545408,
		478231040,
		491321600,
		489436672,
		488667136,
		491497984,
		489129216,
		494873600,
		484494592,
		486759168,
		496305408,
		486818560,
		485788928,
		583589632,
		480182784,
		495909632,
		478796800,
		507535872,
		506501632,
		487280640,
		481940992,
		492491776,
		495139072,
		481071872,
		498674688,
		485388544,
		486423808,
		493926656,
		487077376,
		485190912,
		494845184,
		485152768,
		488258048,
		502414592,
		473836032,
		564891648,
		507653120,
		479705600,
		505112064,
		484936704,
		491859968,
		495977984,
		482646528,
		481728768,
		496937472,
		483296000,
		492302336,
		488327936,
		492505856,
		479690752,
		502045696,
		488550400,
		491213568,
		488059904,
		499140096,
		481217536,
		489564416,
		490222080,
		496805632,
		488603648,
		479689728,
		501542400,
		495018240,
		500927488,
		484523776,
		497598976,
		487141120,
		488168192,
		496131584,
		487577600,
		481345536,
		486622208,
		478430464,
		499078912,
		494160384,
		474696192,
		503240192,
		496565504,
		487948288,
		536393472,
		527933696,
		485605120,
		489512704,
		489083904,
		487481088,
		487596800,
		485162240,
		497714176,
		485841920
	],
	"iteration_intervals_avg": 493131242.6666667,
	"iteration_intervals_avg_second": 0.4931312426666667,
	"total_time_ns": 45054016256,
	"total_time_second": 45,
	"mem_infos": [
		[
			11266949120,
			11811160064
		],
		[
			10008657920,
			11811160064
		],
		[
			9792651264,
			11811160064
		],
		[
			1760559104,
			11811160064
		],
		[
			793772032,
			11811160064
		],
		[
			793772032,
			11811160064
		],
		[
			793772032,
			11811160064
		],
		[
			793772032,
			11811160064
		],
		[
			793772032,
			11811160064
		],
		[
			793772032,
			11811160064
		],
		[
			793772032,
			11811160064
		],
		[
			793772032,
			11811160064
		],
		[
			793772032,
			11811160064
		],
		[
			793772032,
			11811160064
		],
		[
			793772032,
			11811160064
		],
		[
			793772032,
			11811160064
		],
		[
			793772032,
			11811160064
		],
		[
			793772032,
			11811160064
		],
		[
			793772032,
			11811160064
		],
		[
			793772032,
			11811160064
		],
		[
			793772032,
			11811160064
		],
		[
			793772032,
			11811160064
		],
		[
			793772032,
			11811160064
		],
		[
			793772032,
			11811160064
		],
		[
			793772032,
			11811160064
		],
		[
			793772032,
			11811160064
		],
		[
			793772032,
			11811160064
		],
		[
			793772032,
			11811160064
		],
		[
			793772032,
			11811160064
		],
		[
			793772032,
			11811160064
		],
		[
			793772032,
			11811160064
		],
		[
			793772032,
			11811160064
		],
		[
			793772032,
			11811160064
		],
		[
			793772032,
			11811160064
		],
		[
			793772032,
			11811160064
		],
		[
			793772032,
			11811160064
		],
		[
			793772032,
			11811160064
		],
		[
			793772032,
			11811160064
		],
		[
			793772032,
			11811160064
		],
		[
			793772032,
			11811160064
		],
		[
			793772032,
			11811160064
		],
		[
			793772032,
			11811160064
		],
		[
			793772032,
			11811160064
		],
		[
			793772032,
			11811160064
		],
		[
			793772032,
			11811160064
		],
		[
			793772032,
			11811160064
		],
		[
			793772032,
			11811160064
		],
		[
			793772032,
			11811160064
		],
		[
			793772032,
			11811160064
		],
		[
			793772032,
			11811160064
		],
		[
			793772032,
			11811160064
		],
		[
			793772032,
			11811160064
		],
		[
			793772032,
			11811160064
		],
		[
			793772032,
			11811160064
		],
		[
			793772032,
			11811160064
		],
		[
			793772032,
			11811160064
		],
		[
			793772032,
			11811160064
		],
		[
			793772032,
			11811160064
		],
		[
			793772032,
			11811160064
		],
		[
			793772032,
			11811160064
		],
		[
			793772032,
			11811160064
		],
		[
			793772032,
			11811160064
		],
		[
			793772032,
			11811160064
		],
		[
			793772032,
			11811160064
		],
		[
			793772032,
			11811160064
		],
		[
			793772032,
			11811160064
		],
		[
			793772032,
			11811160064
		],
		[
			793772032,
			11811160064
		],
		[
			793772032,
			11811160064
		],
		[
			793772032,
			11811160064
		],
		[
			793772032,
			11811160064
		],
		[
			793772032,
			11811160064
		],
		[
			793772032,
			11811160064
		],
		[
			793772032,
			11811160064
		],
		[
			793772032,
			11811160064
		],
		[
			793772032,
			11811160064
		],
		[
			793772032,
			11811160064
		],
		[
			793772032,
			11811160064
		],
		[
			793772032,
			11811160064
		],
		[
			793772032,
			11811160064
		],
		[
			793772032,
			11811160064
		],
		[
			793772032,
			11811160064
		],
		[
			793772032,
			11811160064
		],
		[
			793772032,
			11811160064
		],
		[
			793772032,
			11811160064
		],
		[
			793772032,
			11811160064
		],
		[
			793772032,
			11811160064
		],
		[
			793772032,
			11811160064
		],
		[
			793772032,
			11811160064
		],
		[
			793772032,
			11811160064
		]
	],
	"utilization": [
		2,
		5,
		5,
		14,
		14,
		42,
		42,
		41,
		41,
		42,
		42,
		40,
		40,
		39,
		39,
		42,
		42,
		36,
		36,
		39,
		39,
		40,
		40,
		41,
		41,
		40,
		40,
		39,
		39,
		41,
		41,
		39,
		39,
		39,
		39,
		39,
		39,
		39,
		43,
		43,
		40,
		40,
		39,
		39,
		39,
		39,
		42,
		42,
		41,
		41,
		40,
		40,
		40,
		40,
		42,
		42,
		41,
		41,
		39,
		39,
		40,
		40,
		41,
		41,
		40,
		40,
		40,
		40,
		39,
		39,
		42,
		42,
		39,
		39,
		39,
		39,
		40,
		40,
		42,
		42,
		40,
		40,
		39,
		39,
		40,
		40,
		42,
		42,
		41,
		41
	],
	"computation_proportion": 85,
	"extra_dict": {}
}