{
	"model_name": "MEALV2",
	"batch_size": 64,
	"duration_sec": 45,
	"mode": "train",
	"is_DDP": true,
	"process_group_backend": "gloo",
	"world_size": 2,
	"rank": 0,
	"local_rank": 0,
	"device_type": "gpu",
	"master_addr": "133.133.135.75",
	"master_port": 39920,
	"iteration_count": 70,
	"iteration_intervals": [
		1383824384,
		76621568,
		1600620800,
		1224602880,
		612976896,
		492315392,
		475774720,
		369774848,
		491343104,
		729179392,
		864097024,
		613458432,
		488267520,
		371697920,
		480977408,
		495074304,
		841709056,
		867309824,
		609599744,
		492675328,
		488019968,
		488182272,
		603614720,
		1102108928,
		740551424,
		486699520,
		488205568,
		487728896,
		620311296,
		1217221376,
		729454592,
		493758976,
		485141248,
		613698560,
		856698112,
		1118017792,
		602020864,
		493222656,
		473937920,
		491236352,
		859429888,
		980926208,
		615901184,
		487268352,
		480401408,
		492180224,
		619820800,
		849878784,
		737744896,
		605849088,
		382732032,
		478272256,
		492657408,
		609180416,
		855202816,
		733447424,
		490208512,
		368713728,
		484075520,
		494376960,
		609210624,
		977739008,
		732903680,
		495892224,
		365662208,
		484258304,
		620104704,
		969895680,
		870100992,
		481330432
	],
	"iteration_intervals_avg": 622899243.323077,
	"iteration_intervals_avg_second": 0.622899243323077,
	"total_time_ns": 45387768832,
	"total_time_second": 45,
	"mem_infos": [
		[
			11266949120,
			11811160064
		],
		[
			10916724736,
			11811160064
		],
		[
			10696523776,
			11811160064
		],
		[
			9436135424,
			11811160064
		],
		[
			9436135424,
			11811160064
		],
		[
			9436135424,
			11811160064
		],
		[
			9436135424,
			11811160064
		],
		[
			9436135424,
			11811160064
		],
		[
			9436135424,
			11811160064
		],
		[
			9436135424,
			11811160064
		],
		[
			9436135424,
			11811160064
		],
		[
			9436135424,
			11811160064
		],
		[
			9436135424,
			11811160064
		],
		[
			9436135424,
			11811160064
		],
		[
			9436135424,
			11811160064
		],
		[
			9436135424,
			11811160064
		],
		[
			9436135424,
			11811160064
		],
		[
			9436135424,
			11811160064
		],
		[
			9436135424,
			11811160064
		],
		[
			9436135424,
			11811160064
		],
		[
			9436135424,
			11811160064
		],
		[
			9436135424,
			11811160064
		],
		[
			9436135424,
			11811160064
		],
		[
			9436135424,
			11811160064
		],
		[
			9436135424,
			11811160064
		],
		[
			9436135424,
			11811160064
		],
		[
			9436135424,
			11811160064
		],
		[
			9436135424,
			11811160064
		],
		[
			9436135424,
			11811160064
		],
		[
			9436135424,
			11811160064
		],
		[
			9436135424,
			11811160064
		],
		[
			9436135424,
			11811160064
		],
		[
			9436135424,
			11811160064
		],
		[
			9436135424,
			11811160064
		],
		[
			9436135424,
			11811160064
		],
		[
			9436135424,
			11811160064
		],
		[
			9436135424,
			11811160064
		],
		[
			9436135424,
			11811160064
		],
		[
			9436135424,
			11811160064
		],
		[
			9436135424,
			11811160064
		],
		[
			9436135424,
			11811160064
		],
		[
			9436135424,
			11811160064
		],
		[
			9436135424,
			11811160064
		],
		[
			9436135424,
			11811160064
		],
		[
			9436135424,
			11811160064
		],
		[
			9436135424,
			11811160064
		],
		[
			9436135424,
			11811160064
		],
		[
			9436135424,
			11811160064
		],
		[
			9436135424,
			11811160064
		],
		[
			9436135424,
			11811160064
		],
		[
			9436135424,
			11811160064
		],
		[
			9436135424,
			11811160064
		],
		[
			9436135424,
			11811160064
		],
		[
			9436135424,
			11811160064
		],
		[
			9436135424,
			11811160064
		],
		[
			9436135424,
			11811160064
		],
		[
			9436135424,
			11811160064
		],
		[
			9436135424,
			11811160064
		],
		[
			9436135424,
			11811160064
		],
		[
			9436135424,
			11811160064
		],
		[
			9436135424,
			11811160064
		],
		[
			9436135424,
			11811160064
		],
		[
			9436135424,
			11811160064
		],
		[
			9436135424,
			11811160064
		],
		[
			9436135424,
			11811160064
		],
		[
			9436135424,
			11811160064
		],
		[
			9436135424,
			11811160064
		],
		[
			9436135424,
			11811160064
		],
		[
			9436135424,
			11811160064
		],
		[
			9436135424,
			11811160064
		],
		[
			9436135424,
			11811160064
		],
		[
			9436135424,
			11811160064
		],
		[
			9436135424,
			11811160064
		],
		[
			9436135424,
			11811160064
		],
		[
			9436135424,
			11811160064
		],
		[
			9436135424,
			11811160064
		],
		[
			9436135424,
			11811160064
		],
		[
			9436135424,
			11811160064
		],
		[
			9436135424,
			11811160064
		],
		[
			9436135424,
			11811160064
		],
		[
			9436135424,
			11811160064
		],
		[
			9436135424,
			11811160064
		],
		[
			9436135424,
			11811160064
		],
		[
			9436135424,
			11811160064
		],
		[
			9436135424,
			11811160064
		],
		[
			9436135424,
			11811160064
		],
		[
			9436135424,
			11811160064
		],
		[
			9436135424,
			11811160064
		],
		[
			9436135424,
			11811160064
		],
		[
			9436135424,
			11811160064
		]
	],
	"utilization": [
		14,
		14,
		4,
		4,
		13,
		13,
		0,
		0,
		3,
		3,
		4,
		4,
		7,
		7,
		7,
		7,
		7,
		7,
		4,
		4,
		7,
		7,
		7,
		7,
		7,
		7,
		4,
		4,
		7,
		7,
		7,
		7,
		4,
		4,
		4,
		4,
		7,
		7,
		7,
		7,
		4,
		4,
		4,
		4,
		7,
		7,
		7,
		7,
		4,
		4,
		4,
		4,
		7,
		7,
		7,
		7,
		4,
		4,
		4,
		4,
		7,
		7,
		7,
		7,
		4,
		4,
		4,
		4,
		10,
		10,
		7,
		7,
		4,
		4,
		4,
		4,
		10,
		10,
		7,
		7,
		4,
		4,
		4,
		4,
		7,
		7,
		7,
		7,
		4,
		4
	],
	"computation_proportion": 5,
	"extra_dict": {}
}