{
	"model_name": "ResNet50",
	"batch_size": 4,
	"duration_sec": 45,
	"mode": "train",
	"is_DDP": true,
	"process_group_backend": "gloo",
	"world_size": 4,
	"rank": 0,
	"local_rank": 0,
	"device_type": "gpu",
	"master_addr": "133.133.135.75",
	"master_port": 39920,
	"iteration_count": 108,
	"iteration_intervals": [
		1707316480,
		196372224,
		150303488,
		146710272,
		125403904,
		146359552,
		127654144,
		131906560,
		132047104,
		123845376,
		1222935552,
		1063139584,
		494821376,
		363140096,
		244640512,
		164586496,
		199828224,
		155122432,
		185790976,
		150300160,
		126925568,
		1126015488,
		374923776,
		330980352,
		364750592,
		240094976,
		173522688,
		210327552,
		145309952,
		189156608,
		1643272448,
		499223296,
		353586432,
		317524736,
		348189696,
		449330944,
		2209473024,
		367583488,
		284910592,
		217251584,
		197228032,
		176986112,
		196204288,
		137796864,
		1858408192,
		869087232,
		618571776,
		514276608,
		584386304,
		728521216,
		411477504,
		323992320,
		215013120,
		290604032,
		1821353984,
		601669888,
		334141440,
		255794944,
		221576192,
		207260160,
		171551744,
		177278464,
		141730816,
		125718784,
		160219904,
		131882752,
		440167680,
		617984512,
		1185057536,
		375738112,
		363108608,
		238587392,
		171222272,
		196332800,
		893740032,
		613253120,
		449831424,
		614861056,
		374409728,
		249618432,
		225286912,
		208631552,
		180949760,
		146093056,
		1084650240,
		507966464,
		437175552,
		614283264,
		372678656,
		266680064,
		227501568,
		187415296,
		170238464,
		159267840,
		190323200,
		131077376,
		135635200,
		130213632,
		2431968000,
		363887872,
		249039616,
		239010048,
		155032320,
		213533184,
		156476672,
		124189696,
		176178944,
		134228224
	],
	"iteration_intervals_avg": 415094465.8640777,
	"iteration_intervals_avg_second": 0.41509446586407767,
	"total_time_ns": 45082251520,
	"total_time_second": 45,
	"mem_infos": [
		[
			5059379200,
			5905580032
		],
		[
			4864344064,
			5905580032
		],
		[
			4679794688,
			5905580032
		],
		[
			4050649088,
			5905580032
		],
		[
			3778019328,
			5905580032
		],
		[
			3778019328,
			5905580032
		],
		[
			3778019328,
			5905580032
		],
		[
			3778019328,
			5905580032
		],
		[
			3778019328,
			5905580032
		],
		[
			3778019328,
			5905580032
		],
		[
			3778019328,
			5905580032
		],
		[
			3778019328,
			5905580032
		],
		[
			3778019328,
			5905580032
		],
		[
			3778019328,
			5905580032
		],
		[
			3778019328,
			5905580032
		],
		[
			3778019328,
			5905580032
		],
		[
			3778019328,
			5905580032
		],
		[
			3778019328,
			5905580032
		],
		[
			3778019328,
			5905580032
		],
		[
			3778019328,
			5905580032
		],
		[
			3778019328,
			5905580032
		],
		[
			3778019328,
			5905580032
		],
		[
			3778019328,
			5905580032
		],
		[
			3778019328,
			5905580032
		],
		[
			3778019328,
			5905580032
		],
		[
			3778019328,
			5905580032
		],
		[
			3778019328,
			5905580032
		],
		[
			3778019328,
			5905580032
		],
		[
			3778019328,
			5905580032
		],
		[
			3778019328,
			5905580032
		],
		[
			3778019328,
			5905580032
		],
		[
			3778019328,
			5905580032
		],
		[
			3778019328,
			5905580032
		],
		[
			3778019328,
			5905580032
		],
		[
			3778019328,
			5905580032
		],
		[
			3778019328,
			5905580032
		],
		[
			3778019328,
			5905580032
		],
		[
			3778019328,
			5905580032
		],
		[
			3778019328,
			5905580032
		],
		[
			3778019328,
			5905580032
		],
		[
			3778019328,
			5905580032
		],
		[
			3778019328,
			5905580032
		],
		[
			3778019328,
			5905580032
		],
		[
			3778019328,
			5905580032
		],
		[
			3778019328,
			5905580032
		],
		[
			3778019328,
			5905580032
		],
		[
			3778019328,
			5905580032
		],
		[
			3778019328,
			5905580032
		],
		[
			3778019328,
			5905580032
		],
		[
			3778019328,
			5905580032
		],
		[
			3778019328,
			5905580032
		],
		[
			3778019328,
			5905580032
		],
		[
			3778019328,
			5905580032
		],
		[
			3778019328,
			5905580032
		],
		[
			3778019328,
			5905580032
		],
		[
			3778019328,
			5905580032
		],
		[
			3778019328,
			5905580032
		],
		[
			3778019328,
			5905580032
		],
		[
			3778019328,
			5905580032
		],
		[
			3778019328,
			5905580032
		],
		[
			3778019328,
			5905580032
		],
		[
			3778019328,
			5905580032
		],
		[
			3778019328,
			5905580032
		],
		[
			3778019328,
			5905580032
		],
		[
			3778019328,
			5905580032
		],
		[
			3778019328,
			5905580032
		],
		[
			3778019328,
			5905580032
		],
		[
			3778019328,
			5905580032
		],
		[
			3778019328,
			5905580032
		],
		[
			3778019328,
			5905580032
		],
		[
			3778019328,
			5905580032
		],
		[
			3778019328,
			5905580032
		],
		[
			3778019328,
			5905580032
		],
		[
			3778019328,
			5905580032
		],
		[
			3778019328,
			5905580032
		],
		[
			3778019328,
			5905580032
		],
		[
			3778019328,
			5905580032
		],
		[
			3778019328,
			5905580032
		],
		[
			3778019328,
			5905580032
		],
		[
			3778019328,
			5905580032
		],
		[
			3778019328,
			5905580032
		],
		[
			3778019328,
			5905580032
		],
		[
			3778019328,
			5905580032
		],
		[
			3778019328,
			5905580032
		],
		[
			3778019328,
			5905580032
		],
		[
			3778019328,
			5905580032
		],
		[
			3778019328,
			5905580032
		],
		[
			3778019328,
			5905580032
		],
		[
			3778019328,
			5905580032
		],
		[
			3778019328,
			5905580032
		]
	],
	"utilization": [
		17,
		14,
		14,
		12,
		12,
		53,
		53,
		44,
		44,
		6,
		6,
		12,
		12,
		31,
		31,
		55,
		55,
		5,
		5,
		28,
		28,
		45,
		45,
		12,
		12,
		8,
		8,
		29,
		29,
		20,
		20,
		0,
		0,
		10,
		10,
		40,
		40,
		29,
		29,
		1,
		1,
		10,
		10,
		18,
		18,
		23,
		23,
		16,
		16,
		39,
		39,
		2,
		2,
		9,
		9,
		30,
		30,
		55,
		55,
		25,
		25,
		13,
		13,
		18,
		18,
		41,
		41,
		7,
		7,
		20,
		20,
		31,
		31,
		42,
		42,
		6,
		6,
		20,
		20,
		31,
		31,
		52,
		52,
		19,
		19,
		0,
		0,
		18,
		18,
		45
	],
	"computation_proportion": 15,
	"extra_dict": {}
}