{
	"model_name": "ConvNeXtT",
	"batch_size": 4,
	"duration_sec": 45,
	"mode": "train",
	"is_DDP": true,
	"process_group_backend": "gloo",
	"world_size": 4,
	"rank": 0,
	"local_rank": 0,
	"device_type": "gpu",
	"master_addr": "133.133.135.75",
	"master_port": 39920,
	"iteration_count": 22,
	"iteration_intervals": [
		3098898944,
		2007200000,
		2008829952,
		2021985280,
		2012976384,
		2020358144,
		2009681664,
		2014750976,
		2009682176,
		2013354496,
		2010976000,
		2011897088,
		2013145856,
		2023215360,
		2006781696,
		2007113728,
		2018059520,
		2011482112,
		2012414720,
		2005095168,
		2013330944,
		2012638208
	],
	"iteration_intervals_avg": 2012586932.7058823,
	"iteration_intervals_avg_second": 2.0125869327058825,
	"total_time_ns": 45366103296,
	"total_time_second": 45,
	"mem_infos": [
		[
			4881121280,
			5905580032
		],
		[
			4669308928,
			5905580032
		],
		[
			4459593728,
			5905580032
		],
		[
			3985637376,
			5905580032
		],
		[
			3985637376,
			5905580032
		],
		[
			3985637376,
			5905580032
		],
		[
			3985637376,
			5905580032
		],
		[
			3677356032,
			5905580032
		],
		[
			3677356032,
			5905580032
		],
		[
			3677356032,
			5905580032
		],
		[
			3677356032,
			5905580032
		],
		[
			3677356032,
			5905580032
		],
		[
			3677356032,
			5905580032
		],
		[
			3677356032,
			5905580032
		],
		[
			3677356032,
			5905580032
		],
		[
			3677356032,
			5905580032
		],
		[
			3677356032,
			5905580032
		],
		[
			3677356032,
			5905580032
		],
		[
			3677356032,
			5905580032
		],
		[
			3677356032,
			5905580032
		],
		[
			3677356032,
			5905580032
		],
		[
			3677356032,
			5905580032
		],
		[
			3677356032,
			5905580032
		],
		[
			3677356032,
			5905580032
		],
		[
			3677356032,
			5905580032
		],
		[
			3677356032,
			5905580032
		],
		[
			3677356032,
			5905580032
		],
		[
			3677356032,
			5905580032
		],
		[
			3677356032,
			5905580032
		],
		[
			3677356032,
			5905580032
		],
		[
			3677356032,
			5905580032
		],
		[
			3677356032,
			5905580032
		],
		[
			3677356032,
			5905580032
		],
		[
			3677356032,
			5905580032
		],
		[
			3677356032,
			5905580032
		],
		[
			3677356032,
			5905580032
		],
		[
			3677356032,
			5905580032
		],
		[
			3677356032,
			5905580032
		],
		[
			3677356032,
			5905580032
		],
		[
			3677356032,
			5905580032
		],
		[
			3677356032,
			5905580032
		],
		[
			3677356032,
			5905580032
		],
		[
			3677356032,
			5905580032
		],
		[
			3677356032,
			5905580032
		],
		[
			3677356032,
			5905580032
		],
		[
			3677356032,
			5905580032
		],
		[
			3677356032,
			5905580032
		],
		[
			3677356032,
			5905580032
		],
		[
			3677356032,
			5905580032
		],
		[
			3677356032,
			5905580032
		],
		[
			3677356032,
			5905580032
		],
		[
			3677356032,
			5905580032
		],
		[
			3677356032,
			5905580032
		],
		[
			3677356032,
			5905580032
		],
		[
			3677356032,
			5905580032
		],
		[
			3677356032,
			5905580032
		],
		[
			3677356032,
			5905580032
		],
		[
			3677356032,
			5905580032
		],
		[
			3677356032,
			5905580032
		],
		[
			3677356032,
			5905580032
		],
		[
			3677356032,
			5905580032
		],
		[
			3677356032,
			5905580032
		],
		[
			3677356032,
			5905580032
		],
		[
			3677356032,
			5905580032
		],
		[
			3677356032,
			5905580032
		],
		[
			3677356032,
			5905580032
		],
		[
			3677356032,
			5905580032
		],
		[
			3677356032,
			5905580032
		],
		[
			3677356032,
			5905580032
		],
		[
			3677356032,
			5905580032
		],
		[
			3677356032,
			5905580032
		],
		[
			3677356032,
			5905580032
		],
		[
			3677356032,
			5905580032
		],
		[
			3677356032,
			5905580032
		],
		[
			3677356032,
			5905580032
		],
		[
			3677356032,
			5905580032
		],
		[
			3677356032,
			5905580032
		],
		[
			3677356032,
			5905580032
		],
		[
			3677356032,
			5905580032
		],
		[
			3677356032,
			5905580032
		],
		[
			3677356032,
			5905580032
		],
		[
			3677356032,
			5905580032
		],
		[
			3677356032,
			5905580032
		],
		[
			3677356032,
			5905580032
		],
		[
			3677356032,
			5905580032
		],
		[
			3677356032,
			5905580032
		],
		[
			3677356032,
			5905580032
		],
		[
			3677356032,
			5905580032
		],
		[
			3677356032,
			5905580032
		],
		[
			3677356032,
			5905580032
		]
	],
	"utilization": [
		0,
		0,
		43,
		43,
		15,
		15,
		1,
		1,
		14,
		14,
		1,
		1,
		13,
		13,
		1,
		1,
		13,
		13,
		1,
		1,
		13,
		13,
		1,
		1,
		13,
		13,
		1,
		1,
		13,
		13,
		1,
		1,
		13,
		13,
		1,
		1,
		13,
		13,
		1,
		1,
		13,
		13,
		1,
		1,
		13,
		13,
		1,
		1,
		13,
		13,
		1,
		1,
		13,
		13,
		1,
		1,
		13,
		13,
		1,
		1,
		13,
		13,
		1,
		1,
		13,
		13,
		1,
		1,
		12,
		12,
		1,
		1,
		13,
		13,
		1,
		1,
		12,
		12,
		1,
		1,
		13,
		13,
		1,
		1,
		13,
		13,
		1,
		1,
		13,
		13
	],
	"computation_proportion": 10,
	"extra_dict": {}
}