{
	"model_name": "MEALV2",
	"batch_size": 64,
	"duration_sec": 45,
	"mode": "train",
	"is_DDP": true,
	"process_group_backend": "gloo",
	"world_size": 2,
	"rank": 1,
	"local_rank": 0,
	"device_type": "gpu",
	"master_addr": "133.133.135.75",
	"master_port": 39920,
	"iteration_count": 138,
	"iteration_intervals": [
		1393729280,
		64666624,
		244615424,
		327592448,
		399091712,
		364142080,
		463717376,
		393882624,
		499408128,
		363761664,
		365008128,
		371057920,
		354966784,
		254197504,
		366379008,
		245690368,
		256567808,
		347959552,
		257657600,
		355660032,
		369164032,
		368891648,
		358575616,
		375098624,
		356336640,
		253338624,
		355505664,
		252532224,
		245452288,
		362783232,
		241876736,
		373875968,
		245925888,
		360494592,
		372143104,
		363420160,
		365775616,
		333468928,
		283380736,
		246290432,
		360017920,
		251673344,
		234841600,
		365246720,
		250941696,
		360335616,
		364513536,
		366006528,
		256923136,
		361287936,
		358153216,
		252996608,
		258422784,
		352446976,
		246384384,
		244947712,
		331703552,
		276238336,
		377872384,
		248837376,
		360197376,
		361203456,
		359790336,
		252783872,
		366386688,
		244070656,
		245411328,
		245172736,
		330469632,
		282588160,
		243928320,
		363393792,
		254862080,
		361756416,
		364221440,
		365786112,
		248794624,
		355373824,
		253729792,
		250315776,
		243125760,
		238909440,
		360891648,
		249290496,
		256086784,
		356433664,
		367141120,
		266156800,
		354155776,
		468641024,
		380643072,
		365910784,
		363518464,
		338638848,
		278285568,
		339050240,
		263101952,
		259366400,
		358863616,
		367739136,
		363431424,
		368843008,
		366198272,
		372434432,
		363153920,
		366097152,
		248733696,
		334222336,
		274710528,
		254970880,
		349129728,
		370144768,
		370460416,
		358091520,
		373144064,
		369211392,
		332628736,
		274491392,
		369724672,
		245111296,
		249851648,
		357500928,
		252599808,
		353187584,
		377138176,
		335606272,
		390543104,
		361982464,
		247327232,
		366708480,
		263916032,
		357096448,
		245790976,
		330352896,
		278365952,
		358273536,
		257930240,
		357614592
	],
	"iteration_intervals_avg": 322684854.85714287,
	"iteration_intervals_avg_second": 0.3226848548571429,
	"total_time_ns": 45347644160,
	"total_time_second": 45,
	"mem_infos": [
		[
			11266949120,
			11811160064
		],
		[
			10923016192,
			11811160064
		],
		[
			10700718080,
			11811160064
		],
		[
			9436135424,
			11811160064
		],
		[
			9436135424,
			11811160064
		],
		[
			9436135424,
			11811160064
		],
		[
			9436135424,
			11811160064
		],
		[
			9436135424,
			11811160064
		],
		[
			9436135424,
			11811160064
		],
		[
			9436135424,
			11811160064
		],
		[
			9436135424,
			11811160064
		],
		[
			9436135424,
			11811160064
		],
		[
			9436135424,
			11811160064
		],
		[
			9436135424,
			11811160064
		],
		[
			9436135424,
			11811160064
		],
		[
			9436135424,
			11811160064
		],
		[
			9436135424,
			11811160064
		],
		[
			9436135424,
			11811160064
		],
		[
			9436135424,
			11811160064
		],
		[
			9436135424,
			11811160064
		],
		[
			9436135424,
			11811160064
		],
		[
			9436135424,
			11811160064
		],
		[
			9436135424,
			11811160064
		],
		[
			9436135424,
			11811160064
		],
		[
			9436135424,
			11811160064
		],
		[
			9436135424,
			11811160064
		],
		[
			9436135424,
			11811160064
		],
		[
			9436135424,
			11811160064
		],
		[
			9436135424,
			11811160064
		],
		[
			9436135424,
			11811160064
		],
		[
			9436135424,
			11811160064
		],
		[
			9436135424,
			11811160064
		],
		[
			9436135424,
			11811160064
		],
		[
			9436135424,
			11811160064
		],
		[
			9436135424,
			11811160064
		],
		[
			9436135424,
			11811160064
		],
		[
			9436135424,
			11811160064
		],
		[
			9436135424,
			11811160064
		],
		[
			9436135424,
			11811160064
		],
		[
			9436135424,
			11811160064
		],
		[
			9436135424,
			11811160064
		],
		[
			9436135424,
			11811160064
		],
		[
			9436135424,
			11811160064
		],
		[
			9436135424,
			11811160064
		],
		[
			9436135424,
			11811160064
		],
		[
			9436135424,
			11811160064
		],
		[
			9436135424,
			11811160064
		],
		[
			9436135424,
			11811160064
		],
		[
			9436135424,
			11811160064
		],
		[
			9436135424,
			11811160064
		],
		[
			9436135424,
			11811160064
		],
		[
			9436135424,
			11811160064
		],
		[
			9436135424,
			11811160064
		],
		[
			9436135424,
			11811160064
		],
		[
			9436135424,
			11811160064
		],
		[
			9436135424,
			11811160064
		],
		[
			9436135424,
			11811160064
		],
		[
			9436135424,
			11811160064
		],
		[
			9436135424,
			11811160064
		],
		[
			9436135424,
			11811160064
		],
		[
			9436135424,
			11811160064
		],
		[
			9436135424,
			11811160064
		],
		[
			9436135424,
			11811160064
		],
		[
			9436135424,
			11811160064
		],
		[
			9436135424,
			11811160064
		],
		[
			9436135424,
			11811160064
		],
		[
			9436135424,
			11811160064
		],
		[
			9436135424,
			11811160064
		],
		[
			9436135424,
			11811160064
		],
		[
			9436135424,
			11811160064
		],
		[
			9436135424,
			11811160064
		],
		[
			9436135424,
			11811160064
		],
		[
			9436135424,
			11811160064
		],
		[
			9436135424,
			11811160064
		],
		[
			9436135424,
			11811160064
		],
		[
			9436135424,
			11811160064
		],
		[
			9436135424,
			11811160064
		],
		[
			9436135424,
			11811160064
		],
		[
			9436135424,
			11811160064
		],
		[
			9436135424,
			11811160064
		],
		[
			9436135424,
			11811160064
		],
		[
			9436135424,
			11811160064
		],
		[
			9436135424,
			11811160064
		],
		[
			9436135424,
			11811160064
		],
		[
			9436135424,
			11811160064
		],
		[
			9436135424,
			11811160064
		],
		[
			9436135424,
			11811160064
		],
		[
			9436135424,
			11811160064
		],
		[
			9436135424,
			11811160064
		],
		[
			9436135424,
			11811160064
		]
	],
	"utilization": [
		3,
		8,
		8,
		13,
		13,
		12,
		12,
		8,
		8,
		9,
		9,
		10,
		10,
		13,
		13,
		12,
		12,
		10,
		10,
		10,
		10,
		13,
		13,
		12,
		12,
		10,
		10,
		10,
		10,
		13,
		13,
		13,
		13,
		10,
		10,
		10,
		10,
		13,
		13,
		14,
		14,
		10,
		10,
		11,
		11,
		13,
		13,
		14,
		14,
		11,
		11,
		11,
		11,
		14,
		14,
		13,
		13,
		11,
		11,
		9,
		9,
		9,
		10,
		10,
		12,
		12,
		11,
		11,
		10,
		10,
		10,
		10,
		12,
		12,
		12,
		12,
		10,
		10,
		10,
		10,
		11,
		11,
		13,
		13,
		10,
		10,
		10,
		10,
		12,
		12
	],
	"computation_proportion": 10,
	"extra_dict": {}
}