{
	"model_name": "GhostNet",
	"batch_size": 16,
	"duration_sec": 45,
	"mode": "train",
	"is_DDP": true,
	"process_group_backend": "gloo",
	"world_size": 4,
	"rank": 0,
	"local_rank": 0,
	"device_type": "gpu",
	"master_addr": "133.133.135.75",
	"master_port": 39920,
	"iteration_count": 156,
	"iteration_intervals": [
		1401917184,
		105347840,
		99674112,
		101399808,
		113350912,
		134342144,
		138461440,
		222787584,
		355981056,
		1595486208,
		480903936,
		260929792,
		354396672,
		241874432,
		240749312,
		249782016,
		135102720,
		233047040,
		125714432,
		137581568,
		132781056,
		212647424,
		123058176,
		111939328,
		95939328,
		95528704,
		95973888,
		118707456,
		98491648,
		108123392,
		101020672,
		92084992,
		97106432,
		95211264,
		112796416,
		123366144,
		240202496,
		1830546944,
		379615744,
		238004224,
		242011648,
		240336640,
		129557248,
		141437440,
		132873472,
		122683136,
		122089472,
		230017280,
		232876288,
		251262976,
		727427328,
		863061760,
		487708160,
		370698240,
		241961728,
		151282432,
		224548608,
		149999360,
		214712576,
		129154304,
		117712128,
		120314368,
		128738304,
		120526592,
		119635968,
		117524736,
		103354112,
		146002944,
		120312832,
		249503488,
		367021824,
		1614183424,
		483567360,
		254754560,
		246742528,
		242898432,
		169421824,
		368513792,
		364423424,
		497804288,
		603781888,
		488805888,
		489823232,
		375948288,
		363586048,
		369163520,
		361944064,
		254162432,
		361222400,
		239532032,
		373512960,
		246251008,
		364404224,
		370938368,
		486044160,
		246210304,
		247676672,
		146834688,
		214508800,
		149463808,
		124992512,
		123359744,
		215680000,
		116126208,
		102727680,
		93850880,
		96159744,
		102799616,
		122999808,
		220327680,
		123147520,
		366105344,
		1474937344,
		480393472,
		250837504,
		243094016,
		133391360,
		235870464,
		125806336,
		144951296,
		124473856,
		190301184,
		480405504,
		1102746624,
		616768512,
		488749824,
		370793984,
		252023296,
		356058112,
		251776512,
		243258112,
		240937216,
		130464256,
		152688384,
		213656320,
		118850560,
		123736320,
		117068544,
		127022336,
		115976192,
		125333248,
		95923456,
		98093568,
		93557504,
		109772032,
		127998208,
		212153600,
		1848708608,
		491400960,
		360082944,
		258375424,
		243178496,
		251943168,
		246188800,
		362239744,
		238313728
	],
	"iteration_intervals_avg": 287426063.25827813,
	"iteration_intervals_avg_second": 0.28742606325827813,
	"total_time_ns": 45224264192,
	"total_time_second": 45,
	"mem_infos": [
		[
			5363466240,
			5905580032
		],
		[
			5065670656,
			5905580032
		],
		[
			4847566848,
			5905580032
		],
		[
			3979345920,
			5905580032
		],
		[
			3979345920,
			5905580032
		],
		[
			3979345920,
			5905580032
		],
		[
			3979345920,
			5905580032
		],
		[
			3979345920,
			5905580032
		],
		[
			3979345920,
			5905580032
		],
		[
			3979345920,
			5905580032
		],
		[
			3979345920,
			5905580032
		],
		[
			3979345920,
			5905580032
		],
		[
			3979345920,
			5905580032
		],
		[
			3979345920,
			5905580032
		],
		[
			3979345920,
			5905580032
		],
		[
			3979345920,
			5905580032
		],
		[
			3979345920,
			5905580032
		],
		[
			3979345920,
			5905580032
		],
		[
			3979345920,
			5905580032
		],
		[
			3979345920,
			5905580032
		],
		[
			3979345920,
			5905580032
		],
		[
			3979345920,
			5905580032
		],
		[
			3979345920,
			5905580032
		],
		[
			3979345920,
			5905580032
		],
		[
			3979345920,
			5905580032
		],
		[
			3979345920,
			5905580032
		],
		[
			3979345920,
			5905580032
		],
		[
			3979345920,
			5905580032
		],
		[
			3979345920,
			5905580032
		],
		[
			3979345920,
			5905580032
		],
		[
			3979345920,
			5905580032
		],
		[
			3979345920,
			5905580032
		],
		[
			3979345920,
			5905580032
		],
		[
			3979345920,
			5905580032
		],
		[
			3979345920,
			5905580032
		],
		[
			3979345920,
			5905580032
		],
		[
			3979345920,
			5905580032
		],
		[
			3979345920,
			5905580032
		],
		[
			3979345920,
			5905580032
		],
		[
			3979345920,
			5905580032
		],
		[
			3979345920,
			5905580032
		],
		[
			3979345920,
			5905580032
		],
		[
			3979345920,
			5905580032
		],
		[
			3979345920,
			5905580032
		],
		[
			3979345920,
			5905580032
		],
		[
			3979345920,
			5905580032
		],
		[
			3979345920,
			5905580032
		],
		[
			3979345920,
			5905580032
		],
		[
			3979345920,
			5905580032
		],
		[
			3979345920,
			5905580032
		],
		[
			3979345920,
			5905580032
		],
		[
			3979345920,
			5905580032
		],
		[
			3979345920,
			5905580032
		],
		[
			3979345920,
			5905580032
		],
		[
			3979345920,
			5905580032
		],
		[
			3979345920,
			5905580032
		],
		[
			3979345920,
			5905580032
		],
		[
			3979345920,
			5905580032
		],
		[
			3979345920,
			5905580032
		],
		[
			3979345920,
			5905580032
		],
		[
			3979345920,
			5905580032
		],
		[
			3979345920,
			5905580032
		],
		[
			3979345920,
			5905580032
		],
		[
			3979345920,
			5905580032
		],
		[
			3979345920,
			5905580032
		],
		[
			3979345920,
			5905580032
		],
		[
			3979345920,
			5905580032
		],
		[
			3979345920,
			5905580032
		],
		[
			3979345920,
			5905580032
		],
		[
			3979345920,
			5905580032
		],
		[
			3979345920,
			5905580032
		],
		[
			3979345920,
			5905580032
		],
		[
			3979345920,
			5905580032
		],
		[
			3979345920,
			5905580032
		],
		[
			3979345920,
			5905580032
		],
		[
			3979345920,
			5905580032
		],
		[
			3979345920,
			5905580032
		],
		[
			3979345920,
			5905580032
		],
		[
			3979345920,
			5905580032
		],
		[
			3979345920,
			5905580032
		],
		[
			3979345920,
			5905580032
		],
		[
			3979345920,
			5905580032
		],
		[
			3979345920,
			5905580032
		],
		[
			3979345920,
			5905580032
		],
		[
			3979345920,
			5905580032
		],
		[
			3979345920,
			5905580032
		],
		[
			3979345920,
			5905580032
		],
		[
			3979345920,
			5905580032
		],
		[
			3979345920,
			5905580032
		],
		[
			3979345920,
			5905580032
		]
	],
	"utilization": [
		2,
		11,
		11,
		13,
		13,
		43,
		43,
		11,
		11,
		0,
		0,
		19,
		19,
		25,
		25,
		34,
		34,
		51,
		51,
		26,
		26,
		0,
		0,
		12,
		12,
		35,
		35,
		23,
		23,
		5,
		5,
		11,
		11,
		22,
		22,
		39,
		39,
		29,
		29,
		3,
		3,
		6,
		6,
		22,
		22,
		19,
		19,
		12,
		12,
		11,
		11,
		12,
		12,
		18,
		18,
		21,
		21,
		12,
		12,
		28,
		28,
		41,
		41,
		24,
		24,
		0,
		0,
		11,
		11,
		32,
		32,
		13,
		13,
		5,
		5,
		11,
		11,
		17,
		17,
		28,
		28,
		41,
		41,
		23,
		23,
		0,
		0,
		10,
		10,
		18
	],
	"computation_proportion": 15,
	"extra_dict": {}
}