{
	"model_name": "YoloV5N",
	"batch_size": 32,
	"duration_sec": 45,
	"mode": "train",
	"is_DDP": true,
	"process_group_backend": "gloo",
	"world_size": 4,
	"rank": 2,
	"local_rank": 0,
	"device_type": "gpu",
	"master_addr": "133.133.135.75",
	"master_port": 39920,
	"iteration_count": 117,
	"iteration_intervals": [
		1447796480,
		200823040,
		1533669376,
		496587776,
		249524480,
		253252096,
		235333632,
		255030784,
		334682624,
		1718244352,
		726672896,
		483760896,
		373564160,
		196608512,
		189662464,
		192935936,
		188794880,
		190114048,
		189590528,
		187775744,
		188662272,
		180994816,
		190455296,
		192047104,
		198891776,
		191812352,
		1150894336,
		359294976,
		231646464,
		190950400,
		174820608,
		184815872,
		185250304,
		179726336,
		184237056,
		182214400,
		840855040,
		254279936,
		251534336,
		222776576,
		621647360,
		1221875968,
		849428736,
		494769152,
		380886528,
		474179840,
		488381696,
		381056000,
		344613376,
		203573248,
		201502976,
		191201792,
		193039872,
		200389120,
		192388864,
		192089856,
		172008960,
		188625664,
		182951680,
		190393856,
		184354816,
		193999104,
		189698048,
		192517632,
		199163648,
		183630080,
		993318656,
		370396160,
		244559872,
		873403136,
		609474048,
		389044736,
		344226304,
		186670336,
		189274880,
		184972288,
		186398208,
		237610496,
		1464086528,
		608433664,
		244861952,
		243525120,
		243638016,
		254827264,
		254574848,
		1196655872,
		857807616,
		495302656,
		372251136,
		362068736,
		241524992,
		198083328,
		188992512,
		190608896,
		192545792,
		180463872,
		182644992,
		1552259328,
		604605440,
		252038656,
		237764352,
		183911936,
		184836352,
		191159552,
		188935168,
		184947200,
		187032320,
		188844544,
		1136651776,
		266656000,
		241290240,
		249235712,
		222950656,
		244321280,
		199443200,
		294198272,
		1823555840
	],
	"iteration_intervals_avg": 369441396.5714286,
	"iteration_intervals_avg_second": 0.3694413965714286,
	"total_time_ns": 45308166656,
	"total_time_second": 45,
	"mem_infos": [
		[
			5214568448,
			5905580032
		],
		[
			4975493120,
			5905580032
		],
		[
			4765777920,
			5905580032
		],
		[
			3811573760,
			5905580032
		],
		[
			3811573760,
			5905580032
		],
		[
			3811573760,
			5905580032
		],
		[
			3811573760,
			5905580032
		],
		[
			3811573760,
			5905580032
		],
		[
			3811573760,
			5905580032
		],
		[
			3811573760,
			5905580032
		],
		[
			3811573760,
			5905580032
		],
		[
			3811573760,
			5905580032
		],
		[
			3811573760,
			5905580032
		],
		[
			3811573760,
			5905580032
		],
		[
			3811573760,
			5905580032
		],
		[
			3811573760,
			5905580032
		],
		[
			3811573760,
			5905580032
		],
		[
			3811573760,
			5905580032
		],
		[
			3811573760,
			5905580032
		],
		[
			3811573760,
			5905580032
		],
		[
			3811573760,
			5905580032
		],
		[
			3811573760,
			5905580032
		],
		[
			3811573760,
			5905580032
		],
		[
			3811573760,
			5905580032
		],
		[
			3811573760,
			5905580032
		],
		[
			3811573760,
			5905580032
		],
		[
			3811573760,
			5905580032
		],
		[
			3811573760,
			5905580032
		],
		[
			3811573760,
			5905580032
		],
		[
			3811573760,
			5905580032
		],
		[
			3811573760,
			5905580032
		],
		[
			3811573760,
			5905580032
		],
		[
			3811573760,
			5905580032
		],
		[
			3811573760,
			5905580032
		],
		[
			3811573760,
			5905580032
		],
		[
			3811573760,
			5905580032
		],
		[
			3811573760,
			5905580032
		],
		[
			3811573760,
			5905580032
		],
		[
			3811573760,
			5905580032
		],
		[
			3811573760,
			5905580032
		],
		[
			3811573760,
			5905580032
		],
		[
			3811573760,
			5905580032
		],
		[
			3811573760,
			5905580032
		],
		[
			3811573760,
			5905580032
		],
		[
			3811573760,
			5905580032
		],
		[
			3811573760,
			5905580032
		],
		[
			3811573760,
			5905580032
		],
		[
			3811573760,
			5905580032
		],
		[
			3811573760,
			5905580032
		],
		[
			3811573760,
			5905580032
		],
		[
			3811573760,
			5905580032
		],
		[
			3811573760,
			5905580032
		],
		[
			3811573760,
			5905580032
		],
		[
			3811573760,
			5905580032
		],
		[
			3811573760,
			5905580032
		],
		[
			3811573760,
			5905580032
		],
		[
			3811573760,
			5905580032
		],
		[
			3811573760,
			5905580032
		],
		[
			3811573760,
			5905580032
		],
		[
			3811573760,
			5905580032
		],
		[
			3811573760,
			5905580032
		],
		[
			3811573760,
			5905580032
		],
		[
			3811573760,
			5905580032
		],
		[
			3811573760,
			5905580032
		],
		[
			3811573760,
			5905580032
		],
		[
			3811573760,
			5905580032
		],
		[
			3811573760,
			5905580032
		],
		[
			3811573760,
			5905580032
		],
		[
			3811573760,
			5905580032
		],
		[
			3811573760,
			5905580032
		],
		[
			3811573760,
			5905580032
		],
		[
			3811573760,
			5905580032
		],
		[
			3811573760,
			5905580032
		],
		[
			3811573760,
			5905580032
		],
		[
			3811573760,
			5905580032
		],
		[
			3811573760,
			5905580032
		],
		[
			3811573760,
			5905580032
		],
		[
			3811573760,
			5905580032
		],
		[
			3811573760,
			5905580032
		],
		[
			3811573760,
			5905580032
		],
		[
			3811573760,
			5905580032
		],
		[
			3811573760,
			5905580032
		],
		[
			3811573760,
			5905580032
		],
		[
			3811573760,
			5905580032
		],
		[
			3811573760,
			5905580032
		],
		[
			3811573760,
			5905580032
		],
		[
			3811573760,
			5905580032
		],
		[
			3811573760,
			5905580032
		],
		[
			3811573760,
			5905580032
		],
		[
			3811573760,
			5905580032
		]
	],
	"utilization": [
		40,
		40,
		33,
		33,
		36,
		36,
		0,
		0,
		18,
		18,
		34,
		34,
		8,
		8,
		8,
		8,
		11,
		11,
		38,
		38,
		45,
		45,
		41,
		41,
		1,
		1,
		36,
		36,
		42,
		42,
		13,
		13,
		18,
		18,
		8,
		8,
		9,
		9,
		21,
		21,
		20,
		20,
		31,
		31,
		42,
		42,
		47,
		47,
		44,
		44,
		8,
		8,
		16,
		16,
		12,
		12,
		32,
		32,
		33,
		33,
		0,
		0,
		20,
		20,
		35,
		35,
		5,
		5,
		9,
		9,
		24,
		24,
		37,
		37,
		33,
		33,
		0,
		0,
		18,
		18,
		46,
		46,
		29,
		29,
		16,
		16,
		35,
		35,
		15,
		15
	],
	"computation_proportion": 15,
	"extra_dict": {}
}