{
	"model_name": "MobileNetV3S",
	"batch_size": 64,
	"duration_sec": 45,
	"mode": "train",
	"is_DDP": true,
	"process_group_backend": "gloo",
	"world_size": 4,
	"rank": 0,
	"local_rank": 0,
	"device_type": "gpu",
	"master_addr": "133.133.135.75",
	"master_port": 39920,
	"iteration_count": 76,
	"iteration_intervals": [
		1457082624,
		225401600,
		1650560768,
		826177024,
		498227200,
		731330560,
		733288960,
		489029376,
		617119488,
		735803136,
		360831232,
		254743808,
		239720192,
		238015488,
		220678912,
		216434176,
		223310336,
		220606464,
		215420928,
		217523968,
		899613440,
		615105024,
		377066240,
		944106240,
		487447808,
		366908672,
		359836672,
		263453696,
		476791040,
		1608042752,
		715388672,
		486902784,
		486097408,
		369202176,
		482870016,
		499851264,
		356981760,
		264334080,
		241718272,
		236110592,
		1345917952,
		600926208,
		386837504,
		479167744,
		491397888,
		1962430976,
		600294400,
		371458560,
		262264576,
		242541312,
		240375040,
		236474624,
		2196364800,
		609356800,
		379376640,
		364129792,
		356075520,
		1340027136,
		1340953088,
		736911104,
		609361920,
		483694080,
		371473920,
		487439104,
		2068996864,
		493073920,
		371864576,
		489571072,
		1337687040,
		863650304,
		473197824,
		502951424,
		352833280,
		252293120,
		242044672,
		218906112
	],
	"iteration_intervals_avg": 569211359.5492958,
	"iteration_intervals_avg_second": 0.5692113595492958,
	"total_time_ns": 45073780992,
	"total_time_second": 45,
	"mem_infos": [
		[
			5178916864,
			5905580032
		],
		[
			4944035840,
			5905580032
		],
		[
			4721737728,
			5905580032
		],
		[
			3444572160,
			5905580032
		],
		[
			3444572160,
			5905580032
		],
		[
			3444572160,
			5905580032
		],
		[
			3444572160,
			5905580032
		],
		[
			3444572160,
			5905580032
		],
		[
			3444572160,
			5905580032
		],
		[
			3444572160,
			5905580032
		],
		[
			3444572160,
			5905580032
		],
		[
			3444572160,
			5905580032
		],
		[
			3444572160,
			5905580032
		],
		[
			3444572160,
			5905580032
		],
		[
			3444572160,
			5905580032
		],
		[
			3444572160,
			5905580032
		],
		[
			3444572160,
			5905580032
		],
		[
			3444572160,
			5905580032
		],
		[
			3444572160,
			5905580032
		],
		[
			3444572160,
			5905580032
		],
		[
			3444572160,
			5905580032
		],
		[
			3444572160,
			5905580032
		],
		[
			3444572160,
			5905580032
		],
		[
			3444572160,
			5905580032
		],
		[
			3444572160,
			5905580032
		],
		[
			3444572160,
			5905580032
		],
		[
			3444572160,
			5905580032
		],
		[
			3444572160,
			5905580032
		],
		[
			3444572160,
			5905580032
		],
		[
			3444572160,
			5905580032
		],
		[
			3444572160,
			5905580032
		],
		[
			3444572160,
			5905580032
		],
		[
			3444572160,
			5905580032
		],
		[
			3444572160,
			5905580032
		],
		[
			3444572160,
			5905580032
		],
		[
			3444572160,
			5905580032
		],
		[
			3444572160,
			5905580032
		],
		[
			3444572160,
			5905580032
		],
		[
			3444572160,
			5905580032
		],
		[
			3444572160,
			5905580032
		],
		[
			3444572160,
			5905580032
		],
		[
			3444572160,
			5905580032
		],
		[
			3444572160,
			5905580032
		],
		[
			3444572160,
			5905580032
		],
		[
			3444572160,
			5905580032
		],
		[
			3444572160,
			5905580032
		],
		[
			3444572160,
			5905580032
		],
		[
			3444572160,
			5905580032
		],
		[
			3444572160,
			5905580032
		],
		[
			3444572160,
			5905580032
		],
		[
			3444572160,
			5905580032
		],
		[
			3444572160,
			5905580032
		],
		[
			3444572160,
			5905580032
		],
		[
			3444572160,
			5905580032
		],
		[
			3444572160,
			5905580032
		],
		[
			3444572160,
			5905580032
		],
		[
			3444572160,
			5905580032
		],
		[
			3444572160,
			5905580032
		],
		[
			3444572160,
			5905580032
		],
		[
			3444572160,
			5905580032
		],
		[
			3444572160,
			5905580032
		],
		[
			3444572160,
			5905580032
		],
		[
			3444572160,
			5905580032
		],
		[
			3444572160,
			5905580032
		],
		[
			3444572160,
			5905580032
		],
		[
			3444572160,
			5905580032
		],
		[
			3444572160,
			5905580032
		],
		[
			3444572160,
			5905580032
		],
		[
			3444572160,
			5905580032
		],
		[
			3444572160,
			5905580032
		],
		[
			3444572160,
			5905580032
		],
		[
			3444572160,
			5905580032
		],
		[
			3444572160,
			5905580032
		],
		[
			3444572160,
			5905580032
		],
		[
			3444572160,
			5905580032
		],
		[
			3444572160,
			5905580032
		],
		[
			3444572160,
			5905580032
		],
		[
			3444572160,
			5905580032
		],
		[
			3444572160,
			5905580032
		],
		[
			3444572160,
			5905580032
		],
		[
			3444572160,
			5905580032
		],
		[
			3444572160,
			5905580032
		],
		[
			3444572160,
			5905580032
		],
		[
			3444572160,
			5905580032
		],
		[
			3444572160,
			5905580032
		],
		[
			3444572160,
			5905580032
		],
		[
			3444572160,
			5905580032
		],
		[
			3444572160,
			5905580032
		],
		[
			3444572160,
			5905580032
		],
		[
			3444572160,
			5905580032
		]
	],
	"utilization": [
		27,
		31,
		31,
		42,
		42,
		14,
		14,
		1,
		1,
		13,
		13,
		10,
		10,
		14,
		14,
		14,
		14,
		14,
		14,
		37,
		37,
		33,
		33,
		15,
		15,
		15,
		15,
		9,
		9,
		18,
		18,
		23,
		23,
		2,
		2,
		9,
		9,
		16,
		16,
		21,
		21,
		19,
		19,
		25,
		25,
		8,
		8,
		16,
		16,
		16,
		16,
		0,
		0,
		8,
		8,
		21,
		21,
		29,
		29,
		0,
		0,
		8,
		8,
		17,
		17,
		16,
		16,
		8,
		8,
		0,
		0,
		11,
		11,
		14,
		14,
		24,
		24,
		0,
		0,
		2,
		2,
		23,
		23,
		8,
		8,
		8,
		8,
		9,
		9,
		24
	],
	"computation_proportion": 10,
	"extra_dict": {}
}