{
	"model_name": "MobileNetV2",
	"batch_size": 64,
	"duration_sec": 45,
	"mode": "train",
	"is_DDP": true,
	"process_group_backend": "gloo",
	"world_size": 1,
	"rank": 0,
	"local_rank": 0,
	"device_type": "gpu",
	"master_addr": "133.133.135.75",
	"master_port": 39920,
	"iteration_count": 125,
	"iteration_intervals": [
		1370076672,
		137394432,
		132429568,
		230908928,
		207684864,
		161845504,
		202735104,
		161309184,
		240155648,
		332522240,
		367909888,
		380297728,
		478571264,
		478904576,
		381660160,
		444475392,
		396595200,
		371155456,
		367420928,
		338360064,
		300465920,
		354381312,
		370589952,
		361568768,
		368710144,
		471211264,
		377178624,
		364125952,
		376732160,
		355821056,
		366212352,
		327714304,
		309897216,
		356626688,
		364360192,
		371358976,
		461621504,
		382957824,
		368572160,
		369665792,
		350059264,
		362048512,
		282084352,
		355030528,
		362094336,
		372816384,
		373307904,
		450123008,
		385937408,
		373516544,
		365263872,
		366650368,
		361812736,
		338258432,
		294738688,
		363721728,
		438923520,
		397319936,
		369264384,
		390675200,
		429349120,
		372289536,
		297720064,
		364210688,
		345751040,
		360850944,
		277539328,
		343396352,
		266206720,
		356755712,
		354362112,
		354369792,
		373615360,
		372701696,
		362011136,
		258997504,
		368999680,
		352655360,
		376080128,
		374740992,
		359768832,
		357646336,
		362008320,
		365890560,
		377381376,
		363748352,
		353116416,
		276398848,
		360434176,
		348702976,
		269335040,
		353059840,
		359952128,
		269895168,
		369825280,
		365942016,
		448437760,
		375459584,
		384774656,
		438935552,
		397541632,
		376162304,
		364045824,
		340878848,
		298224640,
		362512384,
		359603968,
		372529152,
		467308800,
		375421952,
		373043712,
		374609408,
		366579968,
		364495104,
		355529216,
		366265856,
		367198720,
		359747072,
		365560064,
		383220736,
		437289984,
		398464768,
		371815168,
		360201216,
		337024768
	],
	"iteration_intervals_avg": 360466077.8666667,
	"iteration_intervals_avg_second": 0.3604660778666667,
	"total_time_ns": 45335218176,
	"total_time_second": 45,
	"mem_infos": [
		[
			11250171904,
			11811160064
		],
		[
			10868490240,
			11811160064
		],
		[
			10641997824,
			11811160064
		],
		[
			4985978880,
			11811160064
		],
		[
			4985978880,
			11811160064
		],
		[
			4985978880,
			11811160064
		],
		[
			4985978880,
			11811160064
		],
		[
			4985978880,
			11811160064
		],
		[
			4985978880,
			11811160064
		],
		[
			4985978880,
			11811160064
		],
		[
			4985978880,
			11811160064
		],
		[
			4985978880,
			11811160064
		],
		[
			4985978880,
			11811160064
		],
		[
			4985978880,
			11811160064
		],
		[
			4985978880,
			11811160064
		],
		[
			4985978880,
			11811160064
		],
		[
			4985978880,
			11811160064
		],
		[
			4985978880,
			11811160064
		],
		[
			4985978880,
			11811160064
		],
		[
			4985978880,
			11811160064
		],
		[
			4985978880,
			11811160064
		],
		[
			4985978880,
			11811160064
		],
		[
			4985978880,
			11811160064
		],
		[
			4985978880,
			11811160064
		],
		[
			4985978880,
			11811160064
		],
		[
			4985978880,
			11811160064
		],
		[
			4985978880,
			11811160064
		],
		[
			4985978880,
			11811160064
		],
		[
			4985978880,
			11811160064
		],
		[
			4985978880,
			11811160064
		],
		[
			4985978880,
			11811160064
		],
		[
			4985978880,
			11811160064
		],
		[
			4985978880,
			11811160064
		],
		[
			4985978880,
			11811160064
		],
		[
			4985978880,
			11811160064
		],
		[
			4985978880,
			11811160064
		],
		[
			4985978880,
			11811160064
		],
		[
			4985978880,
			11811160064
		],
		[
			4985978880,
			11811160064
		],
		[
			4985978880,
			11811160064
		],
		[
			4985978880,
			11811160064
		],
		[
			4985978880,
			11811160064
		],
		[
			4985978880,
			11811160064
		],
		[
			4985978880,
			11811160064
		],
		[
			4985978880,
			11811160064
		],
		[
			4985978880,
			11811160064
		],
		[
			4985978880,
			11811160064
		],
		[
			4985978880,
			11811160064
		],
		[
			4985978880,
			11811160064
		],
		[
			4985978880,
			11811160064
		],
		[
			4985978880,
			11811160064
		],
		[
			4985978880,
			11811160064
		],
		[
			4985978880,
			11811160064
		],
		[
			4985978880,
			11811160064
		],
		[
			4985978880,
			11811160064
		],
		[
			4985978880,
			11811160064
		],
		[
			4985978880,
			11811160064
		],
		[
			4985978880,
			11811160064
		],
		[
			4985978880,
			11811160064
		],
		[
			4985978880,
			11811160064
		],
		[
			4985978880,
			11811160064
		],
		[
			4985978880,
			11811160064
		],
		[
			4985978880,
			11811160064
		],
		[
			4985978880,
			11811160064
		],
		[
			4985978880,
			11811160064
		],
		[
			4985978880,
			11811160064
		],
		[
			4985978880,
			11811160064
		],
		[
			4985978880,
			11811160064
		],
		[
			4985978880,
			11811160064
		],
		[
			4985978880,
			11811160064
		],
		[
			4985978880,
			11811160064
		],
		[
			4985978880,
			11811160064
		],
		[
			4985978880,
			11811160064
		],
		[
			4985978880,
			11811160064
		],
		[
			4985978880,
			11811160064
		],
		[
			4985978880,
			11811160064
		],
		[
			4985978880,
			11811160064
		],
		[
			4985978880,
			11811160064
		],
		[
			4985978880,
			11811160064
		],
		[
			4985978880,
			11811160064
		],
		[
			4985978880,
			11811160064
		],
		[
			4985978880,
			11811160064
		],
		[
			4985978880,
			11811160064
		],
		[
			4985978880,
			11811160064
		],
		[
			4985978880,
			11811160064
		],
		[
			4985978880,
			11811160064
		],
		[
			4985978880,
			11811160064
		],
		[
			4985978880,
			11811160064
		],
		[
			4985978880,
			11811160064
		],
		[
			4985978880,
			11811160064
		]
	],
	"utilization": [
		1,
		5,
		5,
		8,
		8,
		59,
		59,
		40,
		40,
		25,
		25,
		25,
		25,
		27,
		27,
		31,
		31,
		33,
		33,
		28,
		28,
		28,
		28,
		31,
		31,
		35,
		35,
		29,
		29,
		28,
		28,
		31,
		31,
		33,
		33,
		29,
		29,
		27,
		27,
		31,
		31,
		32,
		32,
		30,
		30,
		27,
		27,
		31,
		31,
		34,
		34,
		35,
		35,
		30,
		30,
		32,
		32,
		31,
		31,
		32,
		32,
		31,
		31,
		31,
		31,
		32,
		32,
		34,
		34,
		32,
		32,
		28,
		28,
		27,
		27,
		32,
		32,
		33,
		33,
		27,
		27,
		29,
		29,
		31,
		31,
		33,
		33,
		28,
		28,
		29
	],
	"computation_proportion": 30,
	"extra_dict": {}
}