{
	"model_name": "GhostNet",
	"batch_size": 64,
	"duration_sec": 45,
	"mode": "train",
	"is_DDP": true,
	"process_group_backend": "gloo",
	"world_size": 4,
	"rank": 1,
	"local_rank": 0,
	"device_type": "gpu",
	"master_addr": "133.133.135.75",
	"master_port": 39920,
	"iteration_count": 122,
	"iteration_intervals": [
		1529320960,
		227749888,
		243526144,
		248253952,
		244356096,
		193912832,
		302072320,
		242511360,
		378219008,
		721011712,
		383821568,
		376516352,
		343242496,
		362926592,
		365793024,
		368137216,
		367157504,
		385648896,
		354746624,
		257514752,
		239901952,
		242697728,
		233221120,
		246846464,
		244576512,
		256433664,
		239127296,
		244376064,
		360430592,
		609632000,
		1359527168,
		729641472,
		486537472,
		262896896,
		355123712,
		245728512,
		249572096,
		256532992,
		248276992,
		251175168,
		355251200,
		482256128,
		493035264,
		370793984,
		373940736,
		361552896,
		263314432,
		258352896,
		334873344,
		371794944,
		360151552,
		375118080,
		487569664,
		383785984,
		359565056,
		258500096,
		241563648,
		240194560,
		226490880,
		190288896,
		240541440,
		296608256,
		365822464,
		498275072,
		728821504,
		620347904,
		387011840,
		346696704,
		253475328,
		252141312,
		231347456,
		237457408,
		240676864,
		246539776,
		367423744,
		249083648,
		491023360,
		623919360,
		479545344,
		263211776,
		259188992,
		328696064,
		247725056,
		239751168,
		253938432,
		354432768,
		271504384,
		249572608,
		245585152,
		237117952,
		255553024,
		346423040,
		494188288,
		609017344,
		608662272,
		736984064,
		488348416,
		361551360,
		271387136,
		240717824,
		241287680,
		230931200,
		245212160,
		187122176,
		230320384,
		330693376,
		603098624,
		1101799168,
		979557120,
		623359232,
		497081088,
		356640512,
		264557568,
		256250368,
		228484352,
		238382080,
		226086144,
		203806464,
		286733824,
		375060736,
		490156800,
		364643072
	],
	"iteration_intervals_avg": 364405661.53846157,
	"iteration_intervals_avg_second": 0.36440566153846154,
	"total_time_ns": 45129937408,
	"total_time_second": 45,
	"mem_infos": [
		[
			5363466240,
			5905580032
		],
		[
			4837081088,
			5905580032
		],
		[
			4648337408,
			5905580032
		],
		[
			1471152128,
			5905580032
		],
		[
			1466957824,
			5905580032
		],
		[
			1466957824,
			5905580032
		],
		[
			1466957824,
			5905580032
		],
		[
			1466957824,
			5905580032
		],
		[
			1466957824,
			5905580032
		],
		[
			1466957824,
			5905580032
		],
		[
			1466957824,
			5905580032
		],
		[
			1466957824,
			5905580032
		],
		[
			1466957824,
			5905580032
		],
		[
			1466957824,
			5905580032
		],
		[
			1466957824,
			5905580032
		],
		[
			1466957824,
			5905580032
		],
		[
			1466957824,
			5905580032
		],
		[
			1466957824,
			5905580032
		],
		[
			1466957824,
			5905580032
		],
		[
			1466957824,
			5905580032
		],
		[
			1466957824,
			5905580032
		],
		[
			1466957824,
			5905580032
		],
		[
			1466957824,
			5905580032
		],
		[
			1466957824,
			5905580032
		],
		[
			1466957824,
			5905580032
		],
		[
			1466957824,
			5905580032
		],
		[
			1466957824,
			5905580032
		],
		[
			1466957824,
			5905580032
		],
		[
			1466957824,
			5905580032
		],
		[
			1466957824,
			5905580032
		],
		[
			1466957824,
			5905580032
		],
		[
			1466957824,
			5905580032
		],
		[
			1466957824,
			5905580032
		],
		[
			1466957824,
			5905580032
		],
		[
			1466957824,
			5905580032
		],
		[
			1466957824,
			5905580032
		],
		[
			1466957824,
			5905580032
		],
		[
			1466957824,
			5905580032
		],
		[
			1466957824,
			5905580032
		],
		[
			1466957824,
			5905580032
		],
		[
			1466957824,
			5905580032
		],
		[
			1466957824,
			5905580032
		],
		[
			1466957824,
			5905580032
		],
		[
			1466957824,
			5905580032
		],
		[
			1466957824,
			5905580032
		],
		[
			1466957824,
			5905580032
		],
		[
			1466957824,
			5905580032
		],
		[
			1466957824,
			5905580032
		],
		[
			1466957824,
			5905580032
		],
		[
			1466957824,
			5905580032
		],
		[
			1466957824,
			5905580032
		],
		[
			1466957824,
			5905580032
		],
		[
			1466957824,
			5905580032
		],
		[
			1466957824,
			5905580032
		],
		[
			1466957824,
			5905580032
		],
		[
			1466957824,
			5905580032
		],
		[
			1466957824,
			5905580032
		],
		[
			1466957824,
			5905580032
		],
		[
			1466957824,
			5905580032
		],
		[
			1466957824,
			5905580032
		],
		[
			1466957824,
			5905580032
		],
		[
			1466957824,
			5905580032
		],
		[
			1466957824,
			5905580032
		],
		[
			1466957824,
			5905580032
		],
		[
			1466957824,
			5905580032
		],
		[
			1466957824,
			5905580032
		],
		[
			1466957824,
			5905580032
		],
		[
			1466957824,
			5905580032
		],
		[
			1466957824,
			5905580032
		],
		[
			1466957824,
			5905580032
		],
		[
			1466957824,
			5905580032
		],
		[
			1466957824,
			5905580032
		],
		[
			1466957824,
			5905580032
		],
		[
			1466957824,
			5905580032
		],
		[
			1466957824,
			5905580032
		],
		[
			1466957824,
			5905580032
		],
		[
			1466957824,
			5905580032
		],
		[
			1466957824,
			5905580032
		],
		[
			1466957824,
			5905580032
		],
		[
			1466957824,
			5905580032
		],
		[
			1466957824,
			5905580032
		],
		[
			1466957824,
			5905580032
		],
		[
			1466957824,
			5905580032
		],
		[
			1466957824,
			5905580032
		],
		[
			1466957824,
			5905580032
		],
		[
			1466957824,
			5905580032
		],
		[
			1466957824,
			5905580032
		],
		[
			1466957824,
			5905580032
		],
		[
			1466957824,
			5905580032
		],
		[
			1466957824,
			5905580032
		]
	],
	"utilization": [
		11,
		11,
		11,
		11,
		11,
		54,
		54,
		64,
		64,
		37,
		37,
		31,
		31,
		48,
		48,
		44,
		44,
		49,
		49,
		61,
		61,
		60,
		60,
		29,
		29,
		4,
		4,
		30,
		30,
		39,
		39,
		63,
		63,
		40,
		40,
		40,
		40,
		45,
		45,
		49,
		49,
		31,
		31,
		47,
		47,
		69,
		69,
		49,
		49,
		19,
		19,
		31,
		31,
		60,
		60,
		60,
		60,
		43,
		43,
		24,
		24,
		55,
		55,
		56,
		56,
		57,
		57,
		41,
		41,
		28,
		28,
		23,
		23,
		40,
		40,
		63,
		63,
		59,
		59,
		16,
		16,
		15,
		15,
		16,
		16,
		40,
		40,
		65,
		65,
		53
	],
	"computation_proportion": 30,
	"extra_dict": {}
}