{
	"model_name": "InceptionV3",
	"batch_size": 32,
	"duration_sec": 45,
	"mode": "train",
	"is_DDP": true,
	"process_group_backend": "gloo",
	"world_size": 2,
	"rank": 0,
	"local_rank": 0,
	"device_type": "gpu",
	"master_addr": "133.133.135.74",
	"master_port": 39920,
	"iteration_count": 42,
	"iteration_intervals": [
		2472491264,
		1060579072,
		1033789440,
		1049771264,
		1052810496,
		1041603328,
		1036480000,
		1048108800,
		1039769856,
		1035253760,
		1038214656,
		1028510464,
		1050466816,
		1045500672,
		1035214848,
		1038544896,
		1044531712,
		1046579968,
		1039949312,
		1041300480,
		1059147776,
		1037914368,
		1038687744,
		1041490944,
		1030416128,
		1048039168,
		1049483264,
		1032265472,
		1042416384,
		1037809152,
		1037990912,
		1036409344,
		1043094272,
		1042499840,
		1032359168,
		1038207488,
		1027311360,
		1042883328,
		1039931392,
		1034640896,
		1048324096,
		1023302912
	],
	"iteration_intervals_avg": 1039855539.8918918,
	"iteration_intervals_avg_second": 1.0398555398918918,
	"total_time_ns": 45145082368,
	"total_time_second": 45,
	"mem_infos": [
		[
			11061428224,
			11811160064
		],
		[
			10713300992,
			11811160064
		],
		[
			10474225664,
			11811160064
		],
		[
			5839519744,
			11811160064
		],
		[
			5839519744,
			11811160064
		],
		[
			5759827968,
			11811160064
		],
		[
			5759827968,
			11811160064
		],
		[
			5759827968,
			11811160064
		],
		[
			5759827968,
			11811160064
		],
		[
			5759827968,
			11811160064
		],
		[
			5759827968,
			11811160064
		],
		[
			5759827968,
			11811160064
		],
		[
			5759827968,
			11811160064
		],
		[
			5759827968,
			11811160064
		],
		[
			5759827968,
			11811160064
		],
		[
			5759827968,
			11811160064
		],
		[
			5759827968,
			11811160064
		],
		[
			5759827968,
			11811160064
		],
		[
			5759827968,
			11811160064
		],
		[
			5759827968,
			11811160064
		],
		[
			5759827968,
			11811160064
		],
		[
			5759827968,
			11811160064
		],
		[
			5759827968,
			11811160064
		],
		[
			5759827968,
			11811160064
		],
		[
			5759827968,
			11811160064
		],
		[
			5759827968,
			11811160064
		],
		[
			5759827968,
			11811160064
		],
		[
			5759827968,
			11811160064
		],
		[
			5759827968,
			11811160064
		],
		[
			5759827968,
			11811160064
		],
		[
			5759827968,
			11811160064
		],
		[
			5759827968,
			11811160064
		],
		[
			5759827968,
			11811160064
		],
		[
			5759827968,
			11811160064
		],
		[
			5759827968,
			11811160064
		],
		[
			5759827968,
			11811160064
		],
		[
			5759827968,
			11811160064
		],
		[
			5759827968,
			11811160064
		],
		[
			5759827968,
			11811160064
		],
		[
			5759827968,
			11811160064
		],
		[
			5759827968,
			11811160064
		],
		[
			5759827968,
			11811160064
		],
		[
			5759827968,
			11811160064
		],
		[
			5759827968,
			11811160064
		],
		[
			5759827968,
			11811160064
		],
		[
			5759827968,
			11811160064
		],
		[
			5759827968,
			11811160064
		],
		[
			5759827968,
			11811160064
		],
		[
			5759827968,
			11811160064
		],
		[
			5759827968,
			11811160064
		],
		[
			5759827968,
			11811160064
		],
		[
			5759827968,
			11811160064
		],
		[
			5759827968,
			11811160064
		],
		[
			5759827968,
			11811160064
		],
		[
			5759827968,
			11811160064
		],
		[
			5759827968,
			11811160064
		],
		[
			5759827968,
			11811160064
		],
		[
			5759827968,
			11811160064
		],
		[
			5759827968,
			11811160064
		],
		[
			5759827968,
			11811160064
		],
		[
			5759827968,
			11811160064
		],
		[
			5759827968,
			11811160064
		],
		[
			5759827968,
			11811160064
		],
		[
			5759827968,
			11811160064
		],
		[
			5759827968,
			11811160064
		],
		[
			5759827968,
			11811160064
		],
		[
			5759827968,
			11811160064
		],
		[
			5759827968,
			11811160064
		],
		[
			5759827968,
			11811160064
		],
		[
			5759827968,
			11811160064
		],
		[
			5759827968,
			11811160064
		],
		[
			5759827968,
			11811160064
		],
		[
			5759827968,
			11811160064
		],
		[
			5759827968,
			11811160064
		],
		[
			5759827968,
			11811160064
		],
		[
			5759827968,
			11811160064
		],
		[
			5759827968,
			11811160064
		],
		[
			5759827968,
			11811160064
		],
		[
			5759827968,
			11811160064
		],
		[
			5759827968,
			11811160064
		],
		[
			5759827968,
			11811160064
		],
		[
			5759827968,
			11811160064
		],
		[
			5759827968,
			11811160064
		],
		[
			5759827968,
			11811160064
		],
		[
			5759827968,
			11811160064
		],
		[
			5759827968,
			11811160064
		],
		[
			5759827968,
			11811160064
		],
		[
			5759827968,
			11811160064
		],
		[
			5759827968,
			11811160064
		],
		[
			5759827968,
			11811160064
		]
	],
	"utilization": [
		3,
		3,
		4,
		4,
		23,
		23,
		19,
		19,
		19,
		19,
		18,
		18,
		16,
		16,
		14,
		14,
		16,
		16,
		15,
		15,
		16,
		16,
		18,
		18,
		19,
		19,
		19,
		19,
		19,
		19,
		19,
		19,
		19,
		19,
		19,
		19,
		19,
		19,
		19,
		19,
		19,
		19,
		18,
		18,
		19,
		19,
		18,
		18,
		19,
		19,
		19,
		19,
		19,
		19,
		19,
		19,
		19,
		19,
		19,
		19,
		19,
		19,
		19,
		19,
		19,
		19,
		19,
		19,
		18,
		18,
		17,
		17,
		13,
		13,
		17,
		17,
		16,
		16,
		15,
		15,
		16,
		16,
		18,
		18,
		18,
		18,
		19,
		19,
		19,
		19
	],
	"computation_proportion": 35,
	"extra_dict": {}
}