{
	"model_name": "GhostNet",
	"batch_size": 64,
	"duration_sec": 45,
	"mode": "train",
	"is_DDP": true,
	"process_group_backend": "gloo",
	"world_size": 4,
	"rank": 3,
	"local_rank": 0,
	"device_type": "gpu",
	"master_addr": "133.133.135.75",
	"master_port": 39920,
	"iteration_count": 36,
	"iteration_intervals": [
		1625877504,
		1702708480,
		2399348480,
		1223346432,
		1222925568,
		1244201216,
		740305152,
		636490240,
		486836224,
		488388608,
		2579026944,
		1231912448,
		1487998720,
		1728390400,
		1219983872,
		862316800,
		734105344,
		626202880,
		732616704,
		982321920,
		2197567488,
		874129152,
		1470598400,
		2546776320,
		1002877184,
		978363392,
		1105338112,
		1472391424,
		2207108352,
		1107860992,
		856959744,
		1220807680,
		1102221056,
		1115812864,
		1218618880,
		1973953280
	],
	"iteration_intervals_avg": 1233305864.2580645,
	"iteration_intervals_avg_second": 1.2333058642580645,
	"total_time_ns": 46407741696,
	"total_time_second": 46,
	"mem_infos": [
		[
			5363466240,
			5905580032
		],
		[
			4837081088,
			5905580032
		],
		[
			4652531712,
			5905580032
		],
		[
			2049966080,
			5905580032
		],
		[
			1454374912,
			5905580032
		],
		[
			1454374912,
			5905580032
		],
		[
			1454374912,
			5905580032
		],
		[
			1454374912,
			5905580032
		],
		[
			1454374912,
			5905580032
		],
		[
			1454374912,
			5905580032
		],
		[
			1454374912,
			5905580032
		],
		[
			1454374912,
			5905580032
		],
		[
			1454374912,
			5905580032
		],
		[
			1454374912,
			5905580032
		],
		[
			1454374912,
			5905580032
		],
		[
			1454374912,
			5905580032
		],
		[
			1454374912,
			5905580032
		],
		[
			1454374912,
			5905580032
		],
		[
			1454374912,
			5905580032
		],
		[
			1454374912,
			5905580032
		],
		[
			1454374912,
			5905580032
		],
		[
			1454374912,
			5905580032
		],
		[
			1454374912,
			5905580032
		],
		[
			1454374912,
			5905580032
		],
		[
			1454374912,
			5905580032
		],
		[
			1454374912,
			5905580032
		],
		[
			1454374912,
			5905580032
		],
		[
			1454374912,
			5905580032
		],
		[
			1454374912,
			5905580032
		],
		[
			1454374912,
			5905580032
		],
		[
			1454374912,
			5905580032
		],
		[
			1454374912,
			5905580032
		],
		[
			1454374912,
			5905580032
		],
		[
			1454374912,
			5905580032
		],
		[
			1454374912,
			5905580032
		],
		[
			1454374912,
			5905580032
		],
		[
			1454374912,
			5905580032
		],
		[
			1454374912,
			5905580032
		],
		[
			1454374912,
			5905580032
		],
		[
			1454374912,
			5905580032
		],
		[
			1454374912,
			5905580032
		],
		[
			1454374912,
			5905580032
		],
		[
			1454374912,
			5905580032
		],
		[
			1454374912,
			5905580032
		],
		[
			1454374912,
			5905580032
		],
		[
			1454374912,
			5905580032
		],
		[
			1454374912,
			5905580032
		],
		[
			1454374912,
			5905580032
		],
		[
			1454374912,
			5905580032
		],
		[
			1454374912,
			5905580032
		],
		[
			1454374912,
			5905580032
		],
		[
			1454374912,
			5905580032
		],
		[
			1454374912,
			5905580032
		],
		[
			1454374912,
			5905580032
		],
		[
			1454374912,
			5905580032
		],
		[
			1454374912,
			5905580032
		],
		[
			1454374912,
			5905580032
		],
		[
			1454374912,
			5905580032
		],
		[
			1454374912,
			5905580032
		],
		[
			1454374912,
			5905580032
		],
		[
			1454374912,
			5905580032
		],
		[
			1454374912,
			5905580032
		],
		[
			1454374912,
			5905580032
		],
		[
			1454374912,
			5905580032
		],
		[
			1454374912,
			5905580032
		],
		[
			1454374912,
			5905580032
		],
		[
			1454374912,
			5905580032
		],
		[
			1454374912,
			5905580032
		],
		[
			1454374912,
			5905580032
		],
		[
			1454374912,
			5905580032
		],
		[
			1454374912,
			5905580032
		],
		[
			1454374912,
			5905580032
		],
		[
			1454374912,
			5905580032
		],
		[
			1454374912,
			5905580032
		],
		[
			1454374912,
			5905580032
		],
		[
			1454374912,
			5905580032
		],
		[
			1454374912,
			5905580032
		],
		[
			1454374912,
			5905580032
		],
		[
			1454374912,
			5905580032
		],
		[
			1454374912,
			5905580032
		],
		[
			1454374912,
			5905580032
		],
		[
			1454374912,
			5905580032
		],
		[
			1454374912,
			5905580032
		],
		[
			1454374912,
			5905580032
		],
		[
			1454374912,
			5905580032
		],
		[
			1454374912,
			5905580032
		],
		[
			1454374912,
			5905580032
		],
		[
			1454374912,
			5905580032
		],
		[
			1454374912,
			5905580032
		],
		[
			1454374912,
			5905580032
		]
	],
	"utilization": [
		13,
		13,
		16,
		16,
		38,
		38,
		4,
		4,
		9,
		9,
		2,
		2,
		15,
		15,
		6,
		6,
		13,
		13,
		13,
		13,
		15,
		15,
		25,
		25,
		31,
		31,
		9,
		9,
		0,
		0,
		16,
		16,
		11,
		11,
		4,
		4,
		11,
		11,
		12,
		12,
		9,
		9,
		20,
		20,
		21,
		21,
		18,
		18,
		15,
		15,
		13,
		13,
		3,
		3,
		17,
		17,
		14,
		14,
		12,
		12,
		2,
		2,
		7,
		7,
		13,
		13,
		16,
		16,
		15,
		15,
		15,
		15,
		13,
		13,
		3,
		3,
		13,
		13,
		12,
		12,
		21,
		21,
		9,
		9,
		13,
		13,
		16,
		16,
		14,
		14
	],
	"computation_proportion": 10,
	"extra_dict": {}
}