{
	"model_name": "SqueezeNet",
	"batch_size": 64,
	"duration_sec": 45,
	"mode": "train",
	"is_DDP": true,
	"process_group_backend": "gloo",
	"world_size": 4,
	"rank": 3,
	"local_rank": 0,
	"device_type": "gpu",
	"master_addr": "133.133.135.75",
	"master_port": 39920,
	"iteration_count": 153,
	"iteration_intervals": [
		1470308608,
		216079872,
		244564992,
		240411648,
		243294720,
		239963904,
		253544960,
		243000576,
		291633152,
		247442432,
		257547520,
		351469312,
		369838848,
		361686528,
		372202240,
		257823488,
		244725504,
		236641536,
		321447424,
		255360000,
		356140544,
		257481472,
		363230464,
		243090432,
		271651072,
		238447104,
		254299392,
		259787776,
		344928000,
		259258368,
		356402944,
		263800576,
		359598592,
		256802816,
		245901568,
		264994304,
		283456512,
		240975872,
		238764288,
		244546560,
		244800512,
		243025920,
		258137344,
		250423040,
		262427136,
		243626496,
		238680576,
		230512640,
		263200000,
		257537792,
		266103552,
		344418304,
		266248960,
		355768832,
		377971200,
		351659264,
		239001344,
		206735104,
		245533696,
		240832000,
		239828992,
		239464960,
		251531520,
		237747200,
		304869888,
		251338496,
		355354112,
		241336832,
		204976384,
		256707072,
		258559488,
		352513536,
		360826624,
		370462720,
		359085824,
		369217536,
		375435264,
		258361600,
		243912192,
		240427264,
		230882560,
		224850432,
		242454528,
		245288704,
		243860736,
		295576064,
		251792384,
		251222528,
		360969984,
		365110784,
		363276288,
		385369856,
		465131008,
		369574400,
		369536256,
		361792256,
		374907904,
		361008384,
		383111936,
		350199040,
		261051904,
		375653376,
		345213952,
		263446528,
		195098880,
		238201600,
		247601664,
		239161344,
		253867776,
		234201344,
		246834944,
		242010112,
		241961728,
		259340544,
		284797952,
		260785152,
		350757632,
		253307392,
		258268160,
		321573888,
		367197184,
		475360768,
		368036608,
		387287040,
		345570816,
		250656512,
		222194688,
		243302400,
		241713664,
		244403200,
		248952064,
		245434368,
		292220160,
		267026944,
		348141568,
		206771200,
		255030784,
		355170304,
		268529152,
		367743744,
		361951488,
		375732480,
		370601472,
		364747008,
		354596608,
		246776832,
		238534912,
		213589504,
		239254272,
		240003584,
		254753024,
		243802624,
		242114048
	],
	"iteration_intervals_avg": 288396893.4054054,
	"iteration_intervals_avg_second": 0.2883968934054054,
	"total_time_ns": 45098396160,
	"total_time_second": 45,
	"mem_infos": [
		[
			5363466240,
			5905580032
		],
		[
			4816109568,
			5905580032
		],
		[
			4591714304,
			5905580032
		],
		[
			1466957824,
			5905580032
		],
		[
			1466957824,
			5905580032
		],
		[
			1466957824,
			5905580032
		],
		[
			1466957824,
			5905580032
		],
		[
			1466957824,
			5905580032
		],
		[
			1466957824,
			5905580032
		],
		[
			1466957824,
			5905580032
		],
		[
			1466957824,
			5905580032
		],
		[
			1466957824,
			5905580032
		],
		[
			1466957824,
			5905580032
		],
		[
			1466957824,
			5905580032
		],
		[
			1466957824,
			5905580032
		],
		[
			1466957824,
			5905580032
		],
		[
			1466957824,
			5905580032
		],
		[
			1466957824,
			5905580032
		],
		[
			1466957824,
			5905580032
		],
		[
			1466957824,
			5905580032
		],
		[
			1466957824,
			5905580032
		],
		[
			1466957824,
			5905580032
		],
		[
			1466957824,
			5905580032
		],
		[
			1466957824,
			5905580032
		],
		[
			1466957824,
			5905580032
		],
		[
			1466957824,
			5905580032
		],
		[
			1466957824,
			5905580032
		],
		[
			1466957824,
			5905580032
		],
		[
			1466957824,
			5905580032
		],
		[
			1466957824,
			5905580032
		],
		[
			1466957824,
			5905580032
		],
		[
			1466957824,
			5905580032
		],
		[
			1466957824,
			5905580032
		],
		[
			1466957824,
			5905580032
		],
		[
			1466957824,
			5905580032
		],
		[
			1466957824,
			5905580032
		],
		[
			1466957824,
			5905580032
		],
		[
			1466957824,
			5905580032
		],
		[
			1466957824,
			5905580032
		],
		[
			1466957824,
			5905580032
		],
		[
			1466957824,
			5905580032
		],
		[
			1466957824,
			5905580032
		],
		[
			1466957824,
			5905580032
		],
		[
			1466957824,
			5905580032
		],
		[
			1466957824,
			5905580032
		],
		[
			1466957824,
			5905580032
		],
		[
			1466957824,
			5905580032
		],
		[
			1466957824,
			5905580032
		],
		[
			1466957824,
			5905580032
		],
		[
			1466957824,
			5905580032
		],
		[
			1466957824,
			5905580032
		],
		[
			1466957824,
			5905580032
		],
		[
			1466957824,
			5905580032
		],
		[
			1466957824,
			5905580032
		],
		[
			1466957824,
			5905580032
		],
		[
			1466957824,
			5905580032
		],
		[
			1466957824,
			5905580032
		],
		[
			1466957824,
			5905580032
		],
		[
			1466957824,
			5905580032
		],
		[
			1466957824,
			5905580032
		],
		[
			1466957824,
			5905580032
		],
		[
			1466957824,
			5905580032
		],
		[
			1466957824,
			5905580032
		],
		[
			1466957824,
			5905580032
		],
		[
			1466957824,
			5905580032
		],
		[
			1466957824,
			5905580032
		],
		[
			1466957824,
			5905580032
		],
		[
			1466957824,
			5905580032
		],
		[
			1466957824,
			5905580032
		],
		[
			1466957824,
			5905580032
		],
		[
			1466957824,
			5905580032
		],
		[
			1466957824,
			5905580032
		],
		[
			1466957824,
			5905580032
		],
		[
			1466957824,
			5905580032
		],
		[
			1466957824,
			5905580032
		],
		[
			1466957824,
			5905580032
		],
		[
			1466957824,
			5905580032
		],
		[
			1466957824,
			5905580032
		],
		[
			1466957824,
			5905580032
		],
		[
			1466957824,
			5905580032
		],
		[
			1466957824,
			5905580032
		],
		[
			1466957824,
			5905580032
		],
		[
			1466957824,
			5905580032
		],
		[
			1466957824,
			5905580032
		],
		[
			1466957824,
			5905580032
		],
		[
			1466957824,
			5905580032
		],
		[
			1466957824,
			5905580032
		],
		[
			1466957824,
			5905580032
		],
		[
			1466957824,
			5905580032
		],
		[
			1466957824,
			5905580032
		]
	],
	"utilization": [
		3,
		10,
		10,
		14,
		14,
		63,
		63,
		63,
		63,
		56,
		56,
		41,
		41,
		54,
		54,
		50,
		50,
		51,
		51,
		59,
		59,
		51,
		51,
		55,
		55,
		60,
		60,
		62,
		62,
		60,
		60,
		59,
		59,
		44,
		44,
		55,
		55,
		63,
		63,
		61,
		61,
		57,
		57,
		48,
		48,
		41,
		41,
		59,
		59,
		64,
		64,
		59,
		59,
		43,
		43,
		33,
		33,
		40,
		40,
		43,
		43,
		43,
		43,
		53,
		53,
		62,
		62,
		62,
		62,
		53,
		53,
		60,
		60,
		31,
		31,
		46,
		46,
		68,
		68,
		56,
		56,
		59,
		59,
		47,
		47,
		46,
		46,
		49,
		49,
		63
	],
	"computation_proportion": 40,
	"extra_dict": {}
}