{
	"model_name": "ResNet18",
	"batch_size": 32,
	"duration_sec": 45,
	"mode": "train",
	"is_DDP": true,
	"process_group_backend": "gloo",
	"world_size": 1,
	"rank": 0,
	"local_rank": 0,
	"device_type": "gpu",
	"master_addr": "133.133.135.75",
	"master_port": 39920,
	"iteration_count": 41,
	"iteration_intervals": [
		1269023232,
		256005888,
		2209841920,
		1098091520,
		609605888,
		978908160,
		1957479680,
		729260288,
		730980096,
		2078409216,
		980364288,
		730179328,
		2079467264,
		1217103360,
		621137408,
		1824030208,
		1345448704,
		628592896,
		845129728,
		1959254272,
		847749120,
		617785344,
		849273856,
		1830114560,
		739866368,
		499279616,
		714738176,
		1597299712,
		871659520,
		594045440,
		733405952,
		1462720000,
		1224504064,
		609130752,
		608406528,
		1957489920,
		977323264,
		627461632,
		964085760,
		2205411072,
		733185536
	],
	"iteration_intervals_avg": 1110296696.8888888,
	"iteration_intervals_avg_second": 1.1102966968888888,
	"total_time_ns": 45414177536,
	"total_time_second": 45,
	"mem_infos": [
		[
			11130634240,
			11811160064
		],
		[
			10757341184,
			11811160064
		],
		[
			10528751616,
			11811160064
		],
		[
			9197060096,
			11811160064
		],
		[
			9197060096,
			11811160064
		],
		[
			9197060096,
			11811160064
		],
		[
			9197060096,
			11811160064
		],
		[
			9197060096,
			11811160064
		],
		[
			9197060096,
			11811160064
		],
		[
			9197060096,
			11811160064
		],
		[
			9197060096,
			11811160064
		],
		[
			9197060096,
			11811160064
		],
		[
			9197060096,
			11811160064
		],
		[
			9197060096,
			11811160064
		],
		[
			9197060096,
			11811160064
		],
		[
			9197060096,
			11811160064
		],
		[
			9197060096,
			11811160064
		],
		[
			9197060096,
			11811160064
		],
		[
			9197060096,
			11811160064
		],
		[
			9197060096,
			11811160064
		],
		[
			9197060096,
			11811160064
		],
		[
			9197060096,
			11811160064
		],
		[
			9197060096,
			11811160064
		],
		[
			9197060096,
			11811160064
		],
		[
			9197060096,
			11811160064
		],
		[
			9197060096,
			11811160064
		],
		[
			9197060096,
			11811160064
		],
		[
			9197060096,
			11811160064
		],
		[
			9197060096,
			11811160064
		],
		[
			9197060096,
			11811160064
		],
		[
			9197060096,
			11811160064
		],
		[
			9197060096,
			11811160064
		],
		[
			9197060096,
			11811160064
		],
		[
			9197060096,
			11811160064
		],
		[
			9197060096,
			11811160064
		],
		[
			9197060096,
			11811160064
		],
		[
			9197060096,
			11811160064
		],
		[
			9197060096,
			11811160064
		],
		[
			9197060096,
			11811160064
		],
		[
			9197060096,
			11811160064
		],
		[
			9197060096,
			11811160064
		],
		[
			9197060096,
			11811160064
		],
		[
			9197060096,
			11811160064
		],
		[
			9197060096,
			11811160064
		],
		[
			9197060096,
			11811160064
		],
		[
			9197060096,
			11811160064
		],
		[
			9197060096,
			11811160064
		],
		[
			9197060096,
			11811160064
		],
		[
			9197060096,
			11811160064
		],
		[
			9197060096,
			11811160064
		],
		[
			9197060096,
			11811160064
		],
		[
			9197060096,
			11811160064
		],
		[
			9197060096,
			11811160064
		],
		[
			9197060096,
			11811160064
		],
		[
			9197060096,
			11811160064
		],
		[
			9197060096,
			11811160064
		],
		[
			9197060096,
			11811160064
		],
		[
			9197060096,
			11811160064
		],
		[
			9197060096,
			11811160064
		],
		[
			9197060096,
			11811160064
		],
		[
			9197060096,
			11811160064
		],
		[
			9197060096,
			11811160064
		],
		[
			9197060096,
			11811160064
		],
		[
			9197060096,
			11811160064
		],
		[
			9197060096,
			11811160064
		],
		[
			9197060096,
			11811160064
		],
		[
			9197060096,
			11811160064
		],
		[
			9197060096,
			11811160064
		],
		[
			9197060096,
			11811160064
		],
		[
			9197060096,
			11811160064
		],
		[
			9197060096,
			11811160064
		],
		[
			9197060096,
			11811160064
		],
		[
			9197060096,
			11811160064
		],
		[
			9197060096,
			11811160064
		],
		[
			9197060096,
			11811160064
		],
		[
			9197060096,
			11811160064
		],
		[
			9197060096,
			11811160064
		],
		[
			9197060096,
			11811160064
		],
		[
			9197060096,
			11811160064
		],
		[
			9197060096,
			11811160064
		],
		[
			9197060096,
			11811160064
		],
		[
			9197060096,
			11811160064
		],
		[
			9197060096,
			11811160064
		],
		[
			9197060096,
			11811160064
		],
		[
			9197060096,
			11811160064
		],
		[
			9197060096,
			11811160064
		],
		[
			9197060096,
			11811160064
		],
		[
			9197060096,
			11811160064
		],
		[
			9197060096,
			11811160064
		],
		[
			9197060096,
			11811160064
		]
	],
	"utilization": [
		0,
		7,
		7,
		6,
		6,
		14,
		14,
		0,
		0,
		2,
		2,
		7,
		7,
		8,
		8,
		2,
		2,
		3,
		3,
		7,
		7,
		8,
		8,
		2,
		2,
		2,
		2,
		7,
		7,
		7,
		7,
		2,
		2,
		2,
		2,
		7,
		7,
		7,
		7,
		1,
		1,
		3,
		3,
		7,
		7,
		7,
		7,
		3,
		3,
		3,
		3,
		9,
		9,
		7,
		7,
		3,
		3,
		3,
		3,
		9,
		9,
		8,
		8,
		5,
		5,
		3,
		3,
		9,
		9,
		8,
		8,
		3,
		3,
		3,
		3,
		8,
		8,
		7,
		7,
		3,
		3,
		3,
		3,
		8,
		8,
		6,
		6,
		2,
		2,
		3
	],
	"computation_proportion": 5,
	"extra_dict": {}
}