{
	"model_name": "HarDNet",
	"batch_size": 32,
	"duration_sec": 45,
	"mode": "train",
	"is_DDP": true,
	"process_group_backend": "gloo",
	"world_size": 4,
	"rank": 1,
	"local_rank": 0,
	"device_type": "gpu",
	"master_addr": "133.133.135.75",
	"master_port": 39920,
	"iteration_count": 113,
	"iteration_intervals": [
		1445792768,
		201350400,
		385765376,
		246309376,
		254401280,
		241099776,
		237126912,
		237832448,
		138020096,
		226772992,
		136043008,
		240596736,
		484244224,
		1612631296,
		1352045568,
		616028160,
		486372864,
		490250240,
		492437248,
		607570432,
		495952384,
		481686016,
		247438336,
		365204224,
		241870848,
		147247616,
		225875456,
		230126848,
		140364288,
		127164928,
		232450048,
		127548160,
		130138624,
		229167616,
		2067082496,
		504206080,
		490998272,
		495269376,
		598116352,
		495603200,
		252784384,
		354006528,
		247256832,
		248549632,
		363544320,
		249907456,
		480457216,
		2090714880,
		486720000,
		498272512,
		365024256,
		488428800,
		492176128,
		370762496,
		363937024,
		261079040,
		248021504,
		235060992,
		242773248,
		138148352,
		226099456,
		258719232,
		369799424,
		2088277760,
		611766528,
		374767360,
		478329088,
		497227008,
		492488960,
		489462528,
		496250368,
		483844864,
		253229056,
		261586432,
		233659904,
		241485312,
		237201664,
		139965184,
		229850624,
		236189952,
		482957824,
		498585856,
		381494528,
		356777216,
		364290816,
		362282752,
		368769280,
		247123200,
		249368832,
		246847488,
		236148992,
		250657280,
		367648768,
		263161344,
		232852736,
		246362112,
		241021952,
		237083392,
		244796416,
		244657152,
		371928064,
		372851456,
		249190144,
		244526336,
		243902720,
		259655168,
		246448640,
		240679680,
		237430272,
		252157952,
		356836352,
		375331840,
		254187264
	],
	"iteration_intervals_avg": 395170586.0740741,
	"iteration_intervals_avg_second": 0.39517058607407407,
	"total_time_ns": 45212826624,
	"total_time_second": 45,
	"mem_infos": [
		[
			5363466240,
			5905580032
		],
		[
			4983881728,
			5905580032
		],
		[
			4774166528,
			5905580032
		],
		[
			3121610752,
			5905580032
		],
		[
			3121610752,
			5905580032
		],
		[
			3121610752,
			5905580032
		],
		[
			3121610752,
			5905580032
		],
		[
			3121610752,
			5905580032
		],
		[
			3121610752,
			5905580032
		],
		[
			3121610752,
			5905580032
		],
		[
			3121610752,
			5905580032
		],
		[
			3121610752,
			5905580032
		],
		[
			3121610752,
			5905580032
		],
		[
			3121610752,
			5905580032
		],
		[
			3121610752,
			5905580032
		],
		[
			3121610752,
			5905580032
		],
		[
			3121610752,
			5905580032
		],
		[
			3121610752,
			5905580032
		],
		[
			3121610752,
			5905580032
		],
		[
			3121610752,
			5905580032
		],
		[
			3121610752,
			5905580032
		],
		[
			3121610752,
			5905580032
		],
		[
			3121610752,
			5905580032
		],
		[
			3121610752,
			5905580032
		],
		[
			3121610752,
			5905580032
		],
		[
			3121610752,
			5905580032
		],
		[
			3121610752,
			5905580032
		],
		[
			3121610752,
			5905580032
		],
		[
			3121610752,
			5905580032
		],
		[
			3121610752,
			5905580032
		],
		[
			3121610752,
			5905580032
		],
		[
			3121610752,
			5905580032
		],
		[
			3121610752,
			5905580032
		],
		[
			3121610752,
			5905580032
		],
		[
			3121610752,
			5905580032
		],
		[
			3121610752,
			5905580032
		],
		[
			3121610752,
			5905580032
		],
		[
			3121610752,
			5905580032
		],
		[
			3121610752,
			5905580032
		],
		[
			3121610752,
			5905580032
		],
		[
			3121610752,
			5905580032
		],
		[
			3121610752,
			5905580032
		],
		[
			3121610752,
			5905580032
		],
		[
			3121610752,
			5905580032
		],
		[
			3121610752,
			5905580032
		],
		[
			3121610752,
			5905580032
		],
		[
			3121610752,
			5905580032
		],
		[
			3121610752,
			5905580032
		],
		[
			3121610752,
			5905580032
		],
		[
			3121610752,
			5905580032
		],
		[
			3121610752,
			5905580032
		],
		[
			3121610752,
			5905580032
		],
		[
			3121610752,
			5905580032
		],
		[
			3121610752,
			5905580032
		],
		[
			3121610752,
			5905580032
		],
		[
			3121610752,
			5905580032
		],
		[
			3121610752,
			5905580032
		],
		[
			3121610752,
			5905580032
		],
		[
			3121610752,
			5905580032
		],
		[
			3121610752,
			5905580032
		],
		[
			3121610752,
			5905580032
		],
		[
			3121610752,
			5905580032
		],
		[
			3121610752,
			5905580032
		],
		[
			3121610752,
			5905580032
		],
		[
			3121610752,
			5905580032
		],
		[
			3121610752,
			5905580032
		],
		[
			3121610752,
			5905580032
		],
		[
			3121610752,
			5905580032
		],
		[
			3121610752,
			5905580032
		],
		[
			3121610752,
			5905580032
		],
		[
			3121610752,
			5905580032
		],
		[
			3121610752,
			5905580032
		],
		[
			3121610752,
			5905580032
		],
		[
			3121610752,
			5905580032
		],
		[
			3121610752,
			5905580032
		],
		[
			3121610752,
			5905580032
		],
		[
			3121610752,
			5905580032
		],
		[
			3121610752,
			5905580032
		],
		[
			3121610752,
			5905580032
		],
		[
			3121610752,
			5905580032
		],
		[
			3121610752,
			5905580032
		],
		[
			3121610752,
			5905580032
		],
		[
			3121610752,
			5905580032
		],
		[
			3121610752,
			5905580032
		],
		[
			3121610752,
			5905580032
		],
		[
			3121610752,
			5905580032
		],
		[
			3121610752,
			5905580032
		],
		[
			3121610752,
			5905580032
		],
		[
			3121610752,
			5905580032
		],
		[
			3121610752,
			5905580032
		]
	],
	"utilization": [
		3,
		11,
		11,
		17,
		17,
		39,
		39,
		34,
		34,
		32,
		32,
		8,
		8,
		6,
		6,
		3,
		3,
		17,
		17,
		20,
		20,
		17,
		17,
		26,
		26,
		36,
		36,
		48,
		48,
		12,
		12,
		0,
		0,
		20,
		20,
		18,
		18,
		18,
		18,
		33,
		33,
		24,
		24,
		1,
		1,
		0,
		0,
		21,
		21,
		25,
		25,
		17,
		17,
		34,
		34,
		34,
		34,
		8,
		8,
		0,
		0,
		19,
		19,
		17,
		17,
		17,
		17,
		17,
		17,
		35,
		35,
		42,
		42,
		17,
		17,
		26,
		26,
		26,
		26,
		31,
		31,
		30,
		30,
		38,
		38,
		25,
		25,
		31,
		31,
		29
	],
	"computation_proportion": 15,
	"extra_dict": {}
}