{
	"model_name": "GhostNet",
	"batch_size": 64,
	"duration_sec": 45,
	"mode": "train",
	"is_DDP": true,
	"process_group_backend": "gloo",
	"world_size": 4,
	"rank": 3,
	"local_rank": 0,
	"device_type": "gpu",
	"master_addr": "133.133.135.75",
	"master_port": 39920,
	"iteration_count": 158,
	"iteration_intervals": [
		1505942272,
		236619008,
		245391104,
		246797056,
		251362816,
		238691840,
		245978624,
		246974208,
		236980224,
		249594880,
		296542208,
		258412544,
		254042880,
		339332608,
		361295616,
		372914176,
		368492288,
		262223104,
		259872256,
		245272576,
		225495552,
		230967808,
		243471616,
		242056448,
		202438144,
		243095552,
		286624512,
		247239168,
		264241152,
		302549248,
		364125184,
		367965184,
		368748800,
		367001856,
		377795072,
		475408128,
		369222656,
		257761792,
		250038784,
		236357888,
		234497280,
		249331712,
		242088448,
		243341568,
		250950144,
		244270848,
		298057216,
		241660672,
		266759168,
		345239808,
		370140416,
		362957824,
		374547456,
		363029760,
		378782720,
		260070400,
		254188032,
		238828032,
		235066624,
		221511680,
		219642368,
		214336000,
		250251776,
		252132352,
		283762176,
		246206976,
		263279872,
		359940864,
		367257856,
		366217984,
		260987648,
		257245184,
		232526848,
		228245760,
		233961216,
		218387200,
		241786880,
		237189120,
		253933312,
		284458496,
		263679488,
		364114176,
		249635328,
		240378112,
		231495680,
		252713984,
		195780608,
		238701056,
		244836864,
		244899840,
		240211968,
		255813888,
		278678016,
		245071616,
		242094592,
		223895552,
		225415168,
		224791296,
		302139648,
		250579200,
		260167936,
		354174976,
		241186048,
		238795264,
		206077184,
		231233280,
		259303424,
		238005248,
		231166464,
		249093120,
		248168448,
		249953536,
		258756608,
		350435328,
		359401984,
		370990848,
		371601408,
		372950016,
		372857344,
		348819456,
		305150208,
		365881088,
		370818560,
		360357120,
		369051392,
		270003456,
		237280256,
		239850496,
		236842752,
		222321152,
		235802112,
		229022208,
		248259840,
		239740416,
		234777344,
		254749696,
		295212544,
		246796032,
		270292736,
		365409024,
		335343104,
		278236672,
		368706816,
		356743936,
		241665536,
		207175936,
		229855488,
		239597056,
		249790720,
		249318144,
		235215616,
		244229376,
		287906304,
		260519424,
		260353536,
		348878848,
		363247616,
		364127232
	],
	"iteration_intervals_avg": 278777046.16993463,
	"iteration_intervals_avg_second": 0.27877704616993465,
	"total_time_ns": 45139950592,
	"total_time_second": 45,
	"mem_infos": [
		[
			5363466240,
			5905580032
		],
		[
			4822401024,
			5905580032
		],
		[
			4608491520,
			5905580032
		],
		[
			1466957824,
			5905580032
		],
		[
			1466957824,
			5905580032
		],
		[
			1466957824,
			5905580032
		],
		[
			1466957824,
			5905580032
		],
		[
			1466957824,
			5905580032
		],
		[
			1466957824,
			5905580032
		],
		[
			1466957824,
			5905580032
		],
		[
			1466957824,
			5905580032
		],
		[
			1466957824,
			5905580032
		],
		[
			1466957824,
			5905580032
		],
		[
			1466957824,
			5905580032
		],
		[
			1466957824,
			5905580032
		],
		[
			1466957824,
			5905580032
		],
		[
			1466957824,
			5905580032
		],
		[
			1466957824,
			5905580032
		],
		[
			1466957824,
			5905580032
		],
		[
			1466957824,
			5905580032
		],
		[
			1466957824,
			5905580032
		],
		[
			1466957824,
			5905580032
		],
		[
			1466957824,
			5905580032
		],
		[
			1466957824,
			5905580032
		],
		[
			1466957824,
			5905580032
		],
		[
			1466957824,
			5905580032
		],
		[
			1466957824,
			5905580032
		],
		[
			1466957824,
			5905580032
		],
		[
			1466957824,
			5905580032
		],
		[
			1466957824,
			5905580032
		],
		[
			1466957824,
			5905580032
		],
		[
			1466957824,
			5905580032
		],
		[
			1466957824,
			5905580032
		],
		[
			1466957824,
			5905580032
		],
		[
			1466957824,
			5905580032
		],
		[
			1466957824,
			5905580032
		],
		[
			1466957824,
			5905580032
		],
		[
			1466957824,
			5905580032
		],
		[
			1466957824,
			5905580032
		],
		[
			1466957824,
			5905580032
		],
		[
			1466957824,
			5905580032
		],
		[
			1466957824,
			5905580032
		],
		[
			1466957824,
			5905580032
		],
		[
			1466957824,
			5905580032
		],
		[
			1466957824,
			5905580032
		],
		[
			1466957824,
			5905580032
		],
		[
			1466957824,
			5905580032
		],
		[
			1466957824,
			5905580032
		],
		[
			1466957824,
			5905580032
		],
		[
			1466957824,
			5905580032
		],
		[
			1466957824,
			5905580032
		],
		[
			1466957824,
			5905580032
		],
		[
			1466957824,
			5905580032
		],
		[
			1466957824,
			5905580032
		],
		[
			1466957824,
			5905580032
		],
		[
			1466957824,
			5905580032
		],
		[
			1466957824,
			5905580032
		],
		[
			1466957824,
			5905580032
		],
		[
			1466957824,
			5905580032
		],
		[
			1466957824,
			5905580032
		],
		[
			1466957824,
			5905580032
		],
		[
			1466957824,
			5905580032
		],
		[
			1466957824,
			5905580032
		],
		[
			1466957824,
			5905580032
		],
		[
			1466957824,
			5905580032
		],
		[
			1466957824,
			5905580032
		],
		[
			1466957824,
			5905580032
		],
		[
			1466957824,
			5905580032
		],
		[
			1466957824,
			5905580032
		],
		[
			1466957824,
			5905580032
		],
		[
			1466957824,
			5905580032
		],
		[
			1466957824,
			5905580032
		],
		[
			1466957824,
			5905580032
		],
		[
			1466957824,
			5905580032
		],
		[
			1466957824,
			5905580032
		],
		[
			1466957824,
			5905580032
		],
		[
			1466957824,
			5905580032
		],
		[
			1466957824,
			5905580032
		],
		[
			1466957824,
			5905580032
		],
		[
			1466957824,
			5905580032
		],
		[
			1466957824,
			5905580032
		],
		[
			1466957824,
			5905580032
		],
		[
			1466957824,
			5905580032
		],
		[
			1466957824,
			5905580032
		],
		[
			1466957824,
			5905580032
		],
		[
			1466957824,
			5905580032
		],
		[
			1466957824,
			5905580032
		],
		[
			1466957824,
			5905580032
		],
		[
			1466957824,
			5905580032
		],
		[
			1466957824,
			5905580032
		]
	],
	"utilization": [
		8,
		10,
		10,
		26,
		26,
		61,
		61,
		63,
		63,
		55,
		55,
		44,
		44,
		44,
		54,
		54,
		68,
		68,
		62,
		62,
		45,
		45,
		42,
		42,
		35,
		35,
		54,
		54,
		60,
		60,
		58,
		58,
		47,
		47,
		44,
		44,
		49,
		49,
		68,
		68,
		56,
		56,
		50,
		50,
		50,
		50,
		67,
		67,
		59,
		59,
		51,
		51,
		67,
		67,
		59,
		59,
		62,
		62,
		59,
		59,
		54,
		54,
		65,
		65,
		61,
		61,
		44,
		44,
		39,
		39,
		44,
		44,
		41,
		41,
		57,
		57,
		63,
		63,
		65,
		65,
		56,
		56,
		42,
		42,
		56,
		56,
		67,
		67,
		59,
		59
	],
	"computation_proportion": 40,
	"extra_dict": {}
}