{
	"model_name": "SqueezeNet",
	"batch_size": 128,
	"duration_sec": 45,
	"mode": "train",
	"is_DDP": true,
	"process_group_backend": "gloo",
	"world_size": 1,
	"rank": 0,
	"local_rank": 0,
	"device_type": "gpu",
	"master_addr": "133.133.135.75",
	"master_port": 39920,
	"iteration_count": 102,
	"iteration_intervals": [
		1702543104,
		613058560,
		603640576,
		396014592,
		462866176,
		394453248,
		462219264,
		386209280,
		471015936,
		378153728,
		470534144,
		396398080,
		463569920,
		386924544,
		471956224,
		391239936,
		467832576,
		379832576,
		479409664,
		382424320,
		468285696,
		385116928,
		471420416,
		387591168,
		467665920,
		385145600,
		476591616,
		381325568,
		476966400,
		380500224,
		480596224,
		384883968,
		475095296,
		376764928,
		399697152,
		459613440,
		396375552,
		455668736,
		398912512,
		464311808,
		394889216,
		456357888,
		395817728,
		454555136,
		398767360,
		464385280,
		390081792,
		468201216,
		388520704,
		474854656,
		389400320,
		468643328,
		389605888,
		468939520,
		388300800,
		471288064,
		386305280,
		468217600,
		383971840,
		479145472,
		380573440,
		470914816,
		378374144,
		477871360,
		386931200,
		470764288,
		374804736,
		476539136,
		388711424,
		472020992,
		385804288,
		465872640,
		381158400,
		485277440,
		382570240,
		475814400,
		383681792,
		469979904,
		380794112,
		400901632,
		452507136,
		398415360,
		464601600,
		400775680,
		453764352,
		392712960,
		461776384,
		410400000,
		451425536,
		387630848,
		466492928,
		388397568,
		465779200,
		400796928,
		458740480,
		401878272,
		457905408,
		398251008,
		458904320,
		397000448,
		460451328,
		385616384
	],
	"iteration_intervals_avg": 427201404.0412371,
	"iteration_intervals_avg_second": 0.42720140404123713,
	"total_time_ns": 45217416448,
	"total_time_second": 45,
	"mem_infos": [
		[
			11269046272,
			11811160064
		],
		[
			10369368064,
			11811160064
		],
		[
			10140778496,
			11811160064
		],
		[
			5206179840,
			11811160064
		],
		[
			4027580416,
			11811160064
		],
		[
			4027580416,
			11811160064
		],
		[
			4027580416,
			11811160064
		],
		[
			4027580416,
			11811160064
		],
		[
			4027580416,
			11811160064
		],
		[
			4027580416,
			11811160064
		],
		[
			4027580416,
			11811160064
		],
		[
			4027580416,
			11811160064
		],
		[
			4027580416,
			11811160064
		],
		[
			4027580416,
			11811160064
		],
		[
			4027580416,
			11811160064
		],
		[
			4027580416,
			11811160064
		],
		[
			4027580416,
			11811160064
		],
		[
			4027580416,
			11811160064
		],
		[
			4027580416,
			11811160064
		],
		[
			4027580416,
			11811160064
		],
		[
			4027580416,
			11811160064
		],
		[
			4027580416,
			11811160064
		],
		[
			4027580416,
			11811160064
		],
		[
			4027580416,
			11811160064
		],
		[
			4027580416,
			11811160064
		],
		[
			4027580416,
			11811160064
		],
		[
			4027580416,
			11811160064
		],
		[
			4027580416,
			11811160064
		],
		[
			4027580416,
			11811160064
		],
		[
			4027580416,
			11811160064
		],
		[
			4027580416,
			11811160064
		],
		[
			4027580416,
			11811160064
		],
		[
			4027580416,
			11811160064
		],
		[
			4027580416,
			11811160064
		],
		[
			4027580416,
			11811160064
		],
		[
			4027580416,
			11811160064
		],
		[
			4027580416,
			11811160064
		],
		[
			4027580416,
			11811160064
		],
		[
			4027580416,
			11811160064
		],
		[
			4027580416,
			11811160064
		],
		[
			4027580416,
			11811160064
		],
		[
			4027580416,
			11811160064
		],
		[
			4027580416,
			11811160064
		],
		[
			4027580416,
			11811160064
		],
		[
			4027580416,
			11811160064
		],
		[
			4027580416,
			11811160064
		],
		[
			4027580416,
			11811160064
		],
		[
			4027580416,
			11811160064
		],
		[
			4027580416,
			11811160064
		],
		[
			4027580416,
			11811160064
		],
		[
			4027580416,
			11811160064
		],
		[
			4027580416,
			11811160064
		],
		[
			4027580416,
			11811160064
		],
		[
			4027580416,
			11811160064
		],
		[
			4027580416,
			11811160064
		],
		[
			4027580416,
			11811160064
		],
		[
			4027580416,
			11811160064
		],
		[
			4027580416,
			11811160064
		],
		[
			4027580416,
			11811160064
		],
		[
			4027580416,
			11811160064
		],
		[
			4027580416,
			11811160064
		],
		[
			4027580416,
			11811160064
		],
		[
			4027580416,
			11811160064
		],
		[
			4027580416,
			11811160064
		],
		[
			4027580416,
			11811160064
		],
		[
			4027580416,
			11811160064
		],
		[
			4027580416,
			11811160064
		],
		[
			4027580416,
			11811160064
		],
		[
			4027580416,
			11811160064
		],
		[
			4027580416,
			11811160064
		],
		[
			4027580416,
			11811160064
		],
		[
			4027580416,
			11811160064
		],
		[
			4027580416,
			11811160064
		],
		[
			4027580416,
			11811160064
		],
		[
			4027580416,
			11811160064
		],
		[
			4027580416,
			11811160064
		],
		[
			4027580416,
			11811160064
		],
		[
			4027580416,
			11811160064
		],
		[
			4027580416,
			11811160064
		],
		[
			4027580416,
			11811160064
		],
		[
			4027580416,
			11811160064
		],
		[
			4027580416,
			11811160064
		],
		[
			4027580416,
			11811160064
		],
		[
			4027580416,
			11811160064
		],
		[
			4027580416,
			11811160064
		],
		[
			4027580416,
			11811160064
		],
		[
			4027580416,
			11811160064
		],
		[
			4027580416,
			11811160064
		],
		[
			4027580416,
			11811160064
		],
		[
			4027580416,
			11811160064
		]
	],
	"utilization": [
		4,
		4,
		4,
		4,
		22,
		22,
		27,
		27,
		37,
		37,
		37,
		36,
		36,
		30,
		30,
		32,
		32,
		33,
		33,
		33,
		33,
		32,
		32,
		31,
		31,
		30,
		30,
		34,
		34,
		32,
		32,
		31,
		31,
		33,
		33,
		31,
		31,
		34,
		34,
		33,
		33,
		30,
		30,
		31,
		31,
		34,
		34,
		32,
		32,
		32,
		32,
		32,
		32,
		30,
		30,
		35,
		35,
		32,
		32,
		31,
		31,
		33,
		33,
		32,
		32,
		33,
		33,
		31,
		31,
		31,
		31,
		31,
		31,
		35,
		35,
		31,
		31,
		32,
		32,
		33,
		33,
		31,
		31,
		34,
		34,
		30,
		30,
		31,
		31,
		33
	],
	"computation_proportion": 65,
	"extra_dict": {}
}