{
	"model_name": "MobileNetV2",
	"batch_size": 16,
	"duration_sec": 45,
	"mode": "train",
	"is_DDP": true,
	"process_group_backend": "gloo",
	"world_size": 4,
	"rank": 0,
	"local_rank": 0,
	"device_type": "gpu",
	"master_addr": "133.133.135.75",
	"master_port": 39920,
	"iteration_count": 101,
	"iteration_intervals": [
		1638009600,
		248522240,
		232986880,
		234890240,
		236348416,
		226897920,
		236660992,
		1326388224,
		498047232,
		361070592,
		354561792,
		368599808,
		361368064,
		261103616,
		237565440,
		236776960,
		228419328,
		2103974144,
		614844672,
		376549888,
		361377792,
		361735168,
		2062519296,
		613178368,
		268553216,
		352704256,
		235246080,
		238465792,
		228699904,
		250107904,
		238615040,
		1134877184,
		368849408,
		360516096,
		251968256,
		238875392,
		353431040,
		1595171328,
		371859712,
		363871232,
		361656576,
		372881920,
		365879040,
		244588800,
		240543744,
		234933760,
		1352040192,
		373644800,
		370004736,
		246321408,
		241493248,
		262377472,
		239468544,
		237573632,
		238834176,
		234934016,
		238221312,
		1113375232,
		493423616,
		356177152,
		247597312,
		238599424,
		237646080,
		240610816,
		1104945920,
		504729856,
		357542144,
		256199168,
		361706496,
		597166080,
		1470360576,
		258712832,
		260452096,
		237156096,
		233261056,
		235356160,
		237780224,
		1227429120,
		489090304,
		248684544,
		358475520,
		249551872,
		253092096,
		228187136,
		244542720,
		236671232,
		237751296,
		234007808,
		1129945856,
		496047360,
		363031808,
		239616000,
		245883136,
		239394560,
		236904192,
		239346944,
		1358265600,
		258007040,
		257006592,
		251559680,
		237028864
	],
	"iteration_intervals_avg": 442720501.3333333,
	"iteration_intervals_avg_second": 0.4427205013333333,
	"total_time_ns": 45093009664,
	"total_time_second": 45,
	"mem_infos": [
		[
			5344591872,
			5905580032
		],
		[
			5120196608,
			5905580032
		],
		[
			4906287104,
			5905580032
		],
		[
			3337617408,
			5905580032
		],
		[
			3318743040,
			5905580032
		],
		[
			3318743040,
			5905580032
		],
		[
			3318743040,
			5905580032
		],
		[
			3318743040,
			5905580032
		],
		[
			3318743040,
			5905580032
		],
		[
			3318743040,
			5905580032
		],
		[
			3318743040,
			5905580032
		],
		[
			3318743040,
			5905580032
		],
		[
			3318743040,
			5905580032
		],
		[
			3318743040,
			5905580032
		],
		[
			3318743040,
			5905580032
		],
		[
			3318743040,
			5905580032
		],
		[
			3318743040,
			5905580032
		],
		[
			3318743040,
			5905580032
		],
		[
			3318743040,
			5905580032
		],
		[
			3318743040,
			5905580032
		],
		[
			3318743040,
			5905580032
		],
		[
			3318743040,
			5905580032
		],
		[
			3318743040,
			5905580032
		],
		[
			3318743040,
			5905580032
		],
		[
			3318743040,
			5905580032
		],
		[
			3318743040,
			5905580032
		],
		[
			3318743040,
			5905580032
		],
		[
			3318743040,
			5905580032
		],
		[
			3318743040,
			5905580032
		],
		[
			3318743040,
			5905580032
		],
		[
			3318743040,
			5905580032
		],
		[
			3318743040,
			5905580032
		],
		[
			3318743040,
			5905580032
		],
		[
			3318743040,
			5905580032
		],
		[
			3318743040,
			5905580032
		],
		[
			3318743040,
			5905580032
		],
		[
			3318743040,
			5905580032
		],
		[
			3318743040,
			5905580032
		],
		[
			3318743040,
			5905580032
		],
		[
			3318743040,
			5905580032
		],
		[
			3318743040,
			5905580032
		],
		[
			3318743040,
			5905580032
		],
		[
			3318743040,
			5905580032
		],
		[
			3318743040,
			5905580032
		],
		[
			3318743040,
			5905580032
		],
		[
			3318743040,
			5905580032
		],
		[
			3318743040,
			5905580032
		],
		[
			3318743040,
			5905580032
		],
		[
			3318743040,
			5905580032
		],
		[
			3318743040,
			5905580032
		],
		[
			3318743040,
			5905580032
		],
		[
			3318743040,
			5905580032
		],
		[
			3318743040,
			5905580032
		],
		[
			3318743040,
			5905580032
		],
		[
			3318743040,
			5905580032
		],
		[
			3318743040,
			5905580032
		],
		[
			3318743040,
			5905580032
		],
		[
			3318743040,
			5905580032
		],
		[
			3318743040,
			5905580032
		],
		[
			3318743040,
			5905580032
		],
		[
			3318743040,
			5905580032
		],
		[
			3318743040,
			5905580032
		],
		[
			3318743040,
			5905580032
		],
		[
			3318743040,
			5905580032
		],
		[
			3318743040,
			5905580032
		],
		[
			3318743040,
			5905580032
		],
		[
			3318743040,
			5905580032
		],
		[
			3318743040,
			5905580032
		],
		[
			3318743040,
			5905580032
		],
		[
			3318743040,
			5905580032
		],
		[
			3318743040,
			5905580032
		],
		[
			3318743040,
			5905580032
		],
		[
			3318743040,
			5905580032
		],
		[
			3318743040,
			5905580032
		],
		[
			3318743040,
			5905580032
		],
		[
			3318743040,
			5905580032
		],
		[
			3318743040,
			5905580032
		],
		[
			3318743040,
			5905580032
		],
		[
			3318743040,
			5905580032
		],
		[
			3318743040,
			5905580032
		],
		[
			3318743040,
			5905580032
		],
		[
			3318743040,
			5905580032
		],
		[
			3318743040,
			5905580032
		],
		[
			3318743040,
			5905580032
		],
		[
			3318743040,
			5905580032
		],
		[
			3318743040,
			5905580032
		],
		[
			3318743040,
			5905580032
		],
		[
			3318743040,
			5905580032
		],
		[
			3318743040,
			5905580032
		],
		[
			3318743040,
			5905580032
		]
	],
	"utilization": [
		2,
		4,
		4,
		5,
		5,
		14,
		14,
		14,
		14,
		0,
		0,
		11,
		11,
		9,
		9,
		16,
		16,
		0,
		0,
		0,
		0,
		7,
		7,
		10,
		10,
		0,
		0,
		4,
		4,
		8,
		8,
		18,
		18,
		4,
		4,
		7,
		7,
		14,
		14,
		0,
		0,
		7,
		7,
		11,
		11,
		11,
		11,
		3,
		3,
		7,
		7,
		15,
		15,
		15,
		15,
		4,
		4,
		8,
		8,
		17,
		17,
		0,
		0,
		11,
		11,
		7,
		7,
		4,
		4,
		7,
		7,
		15,
		15,
		4,
		4,
		8,
		8,
		14,
		14,
		15,
		15,
		4,
		4,
		7,
		7,
		17,
		17,
		5,
		5,
		7
	],
	"computation_proportion": 10,
	"extra_dict": {}
}