{
	"model_name": "YoloV5S",
	"batch_size": 32,
	"duration_sec": 45,
	"mode": "train",
	"is_DDP": true,
	"process_group_backend": "gloo",
	"world_size": 2,
	"rank": 1,
	"local_rank": 0,
	"device_type": "gpu",
	"master_addr": "133.133.135.74",
	"master_port": 39920,
	"iteration_count": 136,
	"iteration_intervals": [
		1658859520,
		319888128,
		319234048,
		319809024,
		316919552,
		324108288,
		318420736,
		319015680,
		322058752,
		323768576,
		322579968,
		316606976,
		320608256,
		325695488,
		327414528,
		319945472,
		322024448,
		322588416,
		323035392,
		319361280,
		327105536,
		317881856,
		320669440,
		319423488,
		324642560,
		333540608,
		320913664,
		328531712,
		322627072,
		324499200,
		319818496,
		318779392,
		325636864,
		318936832,
		321283072,
		320347136,
		314699520,
		321958656,
		321997056,
		316728832,
		323213056,
		321869056,
		319166976,
		319214848,
		322778880,
		315693568,
		321950208,
		318684160,
		322598656,
		328197376,
		318741248,
		318147584,
		326449920,
		326384128,
		321266432,
		318633472,
		328438528,
		318956544,
		329209600,
		319814656,
		319237632,
		319988736,
		317164032,
		319435008,
		323842816,
		318844672,
		319801088,
		318572032,
		318860032,
		322924544,
		318971392,
		318225152,
		319150336,
		317410304,
		320825600,
		317227776,
		319992832,
		317451264,
		319086592,
		332375296,
		321584640,
		317789184,
		321058304,
		316124416,
		321004800,
		321150976,
		317784064,
		319204608,
		318578944,
		318518272,
		321676032,
		334953984,
		317719040,
		321884672,
		319136256,
		319337216,
		318927360,
		320336128,
		322978560,
		331673344,
		336484864,
		327522048,
		325934080,
		320339712,
		316251904,
		322415616,
		322538752,
		323476736,
		322215680,
		321644800,
		318558464,
		328037376,
		306030592,
		331086848,
		319386624,
		318139392,
		321168896,
		323374848,
		321433600,
		325539328,
		324893696,
		319998464,
		325818880,
		321065728,
		326505984,
		320166912,
		329044224,
		317889024,
		323983872,
		321190144,
		318479104,
		318458624,
		318420992,
		321543680,
		320526336,
		316208896
	],
	"iteration_intervals_avg": 321551487.02290076,
	"iteration_intervals_avg_second": 0.32155148702290076,
	"total_time_ns": 45058961408,
	"total_time_second": 45,
	"mem_infos": [
		[
			11229200384,
			11811160064
		],
		[
			10910433280,
			11811160064
		],
		[
			10679746560,
			11811160064
		],
		[
			8630829056,
			11811160064
		],
		[
			8601468928,
			11811160064
		],
		[
			8601468928,
			11811160064
		],
		[
			8601468928,
			11811160064
		],
		[
			8601468928,
			11811160064
		],
		[
			8601468928,
			11811160064
		],
		[
			8601468928,
			11811160064
		],
		[
			8601468928,
			11811160064
		],
		[
			8601468928,
			11811160064
		],
		[
			8601468928,
			11811160064
		],
		[
			8601468928,
			11811160064
		],
		[
			8601468928,
			11811160064
		],
		[
			8601468928,
			11811160064
		],
		[
			8601468928,
			11811160064
		],
		[
			8601468928,
			11811160064
		],
		[
			8601468928,
			11811160064
		],
		[
			8601468928,
			11811160064
		],
		[
			8601468928,
			11811160064
		],
		[
			8601468928,
			11811160064
		],
		[
			8601468928,
			11811160064
		],
		[
			8601468928,
			11811160064
		],
		[
			8601468928,
			11811160064
		],
		[
			8601468928,
			11811160064
		],
		[
			8601468928,
			11811160064
		],
		[
			8601468928,
			11811160064
		],
		[
			8601468928,
			11811160064
		],
		[
			8601468928,
			11811160064
		],
		[
			8601468928,
			11811160064
		],
		[
			8601468928,
			11811160064
		],
		[
			8601468928,
			11811160064
		],
		[
			8601468928,
			11811160064
		],
		[
			8601468928,
			11811160064
		],
		[
			8601468928,
			11811160064
		],
		[
			8601468928,
			11811160064
		],
		[
			8601468928,
			11811160064
		],
		[
			8601468928,
			11811160064
		],
		[
			8601468928,
			11811160064
		],
		[
			8601468928,
			11811160064
		],
		[
			8601468928,
			11811160064
		],
		[
			8601468928,
			11811160064
		],
		[
			8601468928,
			11811160064
		],
		[
			8601468928,
			11811160064
		],
		[
			8601468928,
			11811160064
		],
		[
			8601468928,
			11811160064
		],
		[
			8601468928,
			11811160064
		],
		[
			8601468928,
			11811160064
		],
		[
			8601468928,
			11811160064
		],
		[
			8601468928,
			11811160064
		],
		[
			8601468928,
			11811160064
		],
		[
			8601468928,
			11811160064
		],
		[
			8601468928,
			11811160064
		],
		[
			8601468928,
			11811160064
		],
		[
			8601468928,
			11811160064
		],
		[
			8601468928,
			11811160064
		],
		[
			8601468928,
			11811160064
		],
		[
			8601468928,
			11811160064
		],
		[
			8601468928,
			11811160064
		],
		[
			8601468928,
			11811160064
		],
		[
			8601468928,
			11811160064
		],
		[
			8601468928,
			11811160064
		],
		[
			8601468928,
			11811160064
		],
		[
			8601468928,
			11811160064
		],
		[
			8601468928,
			11811160064
		],
		[
			8601468928,
			11811160064
		],
		[
			8601468928,
			11811160064
		],
		[
			8601468928,
			11811160064
		],
		[
			8601468928,
			11811160064
		],
		[
			8601468928,
			11811160064
		],
		[
			8601468928,
			11811160064
		],
		[
			8601468928,
			11811160064
		],
		[
			8601468928,
			11811160064
		],
		[
			8601468928,
			11811160064
		],
		[
			8601468928,
			11811160064
		],
		[
			8601468928,
			11811160064
		],
		[
			8601468928,
			11811160064
		],
		[
			8601468928,
			11811160064
		],
		[
			8601468928,
			11811160064
		],
		[
			8601468928,
			11811160064
		],
		[
			8601468928,
			11811160064
		],
		[
			8601468928,
			11811160064
		],
		[
			8601468928,
			11811160064
		],
		[
			8601468928,
			11811160064
		],
		[
			8601468928,
			11811160064
		],
		[
			8601468928,
			11811160064
		],
		[
			8601468928,
			11811160064
		],
		[
			8601468928,
			11811160064
		],
		[
			8601468928,
			11811160064
		]
	],
	"utilization": [
		2,
		4,
		4,
		6,
		6,
		18,
		18,
		20,
		20,
		20,
		20,
		23,
		23,
		23,
		23,
		20,
		20,
		20,
		20,
		20,
		20,
		20,
		20,
		20,
		20,
		20,
		20,
		22,
		22,
		25,
		25,
		20,
		20,
		20,
		20,
		20,
		20,
		20,
		20,
		20,
		20,
		20,
		20,
		23,
		23,
		23,
		23,
		20,
		20,
		20,
		20,
		20,
		20,
		20,
		20,
		20,
		20,
		23,
		23,
		23,
		23,
		20,
		20,
		20,
		20,
		20,
		20,
		20,
		20,
		20,
		20,
		20,
		20,
		22,
		22,
		24,
		24,
		21,
		21,
		20,
		20,
		20,
		20,
		20,
		20,
		20,
		20,
		20,
		20,
		22
	],
	"computation_proportion": 30,
	"extra_dict": {}
}