{
	"model_name": "YoloV5S",
	"batch_size": 32,
	"duration_sec": 45,
	"mode": "train",
	"is_DDP": true,
	"process_group_backend": "gloo",
	"world_size": 2,
	"rank": 0,
	"local_rank": 0,
	"device_type": "gpu",
	"master_addr": "133.133.135.74",
	"master_port": 39920,
	"iteration_count": 136,
	"iteration_intervals": [
		1673836288,
		318817280,
		316354560,
		322615808,
		318853888,
		319067392,
		321402880,
		320379392,
		318348032,
		326188032,
		319480576,
		320708864,
		323875584,
		330398208,
		316963840,
		320804608,
		323021568,
		318450944,
		326055680,
		318321152,
		328680192,
		316449536,
		319324416,
		322675456,
		327533568,
		329401344,
		320082176,
		331088896,
		322699776,
		324670720,
		317219072,
		319801600,
		322655232,
		323622912,
		317821184,
		320975616,
		319970048,
		318901504,
		319699200,
		317784320,
		317876992,
		326116864,
		321201408,
		316249088,
		317563648,
		326061312,
		318958080,
		317705216,
		323172096,
		329402880,
		317415168,
		319266048,
		318994688,
		335140608,
		317559552,
		322040576,
		323784192,
		321469696,
		331207424,
		315775232,
		321833216,
		318598912,
		319247616,
		318405120,
		323467520,
		321529088,
		316762112,
		320020736,
		316230400,
		324106752,
		320190208,
		317815808,
		318690304,
		320437760,
		316611840,
		309404672,
		327156480,
		320704768,
		306768640,
		341486592,
		322683136,
		322398464,
		304855296,
		331023872,
		319689984,
		316754944,
		321932544,
		317389568,
		319181056,
		320302336,
		317068800,
		335229440,
		320346368,
		322182912,
		319521792,
		317747200,
		320662272,
		321033984,
		322927616,
		330584064,
		330579712,
		332782592,
		325387520,
		320797696,
		320267776,
		318979840,
		323868416,
		321252608,
		321530112,
		319071488,
		322217472,
		328723200,
		318898432,
		318642432,
		309256704,
		329305856,
		318509824,
		322710784,
		330729216,
		319458560,
		323588864,
		317886464,
		323313664,
		321035264,
		330623232,
		317976832,
		331367424,
		320128256,
		323634688,
		319078400,
		317536768,
		319728896,
		316998144,
		324459008,
		313232384,
		324801792
	],
	"iteration_intervals_avg": 321548311.4503817,
	"iteration_intervals_avg_second": 0.3215483114503817,
	"total_time_ns": 45074118400,
	"total_time_second": 45,
	"mem_infos": [
		[
			11229200384,
			11811160064
		],
		[
			10918821888,
			11811160064
		],
		[
			10683940864,
			11811160064
		],
		[
			8630829056,
			11811160064
		],
		[
			8601468928,
			11811160064
		],
		[
			8601468928,
			11811160064
		],
		[
			8601468928,
			11811160064
		],
		[
			8601468928,
			11811160064
		],
		[
			8601468928,
			11811160064
		],
		[
			8601468928,
			11811160064
		],
		[
			8601468928,
			11811160064
		],
		[
			8601468928,
			11811160064
		],
		[
			8601468928,
			11811160064
		],
		[
			8601468928,
			11811160064
		],
		[
			8601468928,
			11811160064
		],
		[
			8601468928,
			11811160064
		],
		[
			8601468928,
			11811160064
		],
		[
			8601468928,
			11811160064
		],
		[
			8601468928,
			11811160064
		],
		[
			8601468928,
			11811160064
		],
		[
			8601468928,
			11811160064
		],
		[
			8601468928,
			11811160064
		],
		[
			8601468928,
			11811160064
		],
		[
			8601468928,
			11811160064
		],
		[
			8601468928,
			11811160064
		],
		[
			8601468928,
			11811160064
		],
		[
			8601468928,
			11811160064
		],
		[
			8601468928,
			11811160064
		],
		[
			8601468928,
			11811160064
		],
		[
			8601468928,
			11811160064
		],
		[
			8601468928,
			11811160064
		],
		[
			8601468928,
			11811160064
		],
		[
			8601468928,
			11811160064
		],
		[
			8601468928,
			11811160064
		],
		[
			8601468928,
			11811160064
		],
		[
			8601468928,
			11811160064
		],
		[
			8601468928,
			11811160064
		],
		[
			8601468928,
			11811160064
		],
		[
			8601468928,
			11811160064
		],
		[
			8601468928,
			11811160064
		],
		[
			8601468928,
			11811160064
		],
		[
			8601468928,
			11811160064
		],
		[
			8601468928,
			11811160064
		],
		[
			8601468928,
			11811160064
		],
		[
			8601468928,
			11811160064
		],
		[
			8601468928,
			11811160064
		],
		[
			8601468928,
			11811160064
		],
		[
			8601468928,
			11811160064
		],
		[
			8601468928,
			11811160064
		],
		[
			8601468928,
			11811160064
		],
		[
			8601468928,
			11811160064
		],
		[
			8601468928,
			11811160064
		],
		[
			8601468928,
			11811160064
		],
		[
			8601468928,
			11811160064
		],
		[
			8601468928,
			11811160064
		],
		[
			8601468928,
			11811160064
		],
		[
			8601468928,
			11811160064
		],
		[
			8601468928,
			11811160064
		],
		[
			8601468928,
			11811160064
		],
		[
			8601468928,
			11811160064
		],
		[
			8601468928,
			11811160064
		],
		[
			8601468928,
			11811160064
		],
		[
			8601468928,
			11811160064
		],
		[
			8601468928,
			11811160064
		],
		[
			8601468928,
			11811160064
		],
		[
			8601468928,
			11811160064
		],
		[
			8601468928,
			11811160064
		],
		[
			8601468928,
			11811160064
		],
		[
			8601468928,
			11811160064
		],
		[
			8601468928,
			11811160064
		],
		[
			8601468928,
			11811160064
		],
		[
			8601468928,
			11811160064
		],
		[
			8601468928,
			11811160064
		],
		[
			8601468928,
			11811160064
		],
		[
			8601468928,
			11811160064
		],
		[
			8601468928,
			11811160064
		],
		[
			8601468928,
			11811160064
		],
		[
			8601468928,
			11811160064
		],
		[
			8601468928,
			11811160064
		],
		[
			8601468928,
			11811160064
		],
		[
			8601468928,
			11811160064
		],
		[
			8601468928,
			11811160064
		],
		[
			8601468928,
			11811160064
		],
		[
			8601468928,
			11811160064
		],
		[
			8601468928,
			11811160064
		],
		[
			8601468928,
			11811160064
		],
		[
			8601468928,
			11811160064
		],
		[
			8601468928,
			11811160064
		],
		[
			8601468928,
			11811160064
		],
		[
			8601468928,
			11811160064
		]
	],
	"utilization": [
		4,
		4,
		4,
		4,
		9,
		9,
		20,
		20,
		22,
		22,
		24,
		24,
		20,
		20,
		20,
		20,
		20,
		20,
		20,
		20,
		20,
		20,
		20,
		20,
		21,
		21,
		24,
		24,
		21,
		21,
		20,
		20,
		20,
		20,
		20,
		20,
		20,
		20,
		20,
		20,
		22,
		22,
		24,
		24,
		20,
		20,
		20,
		20,
		20,
		20,
		20,
		20,
		21,
		21,
		23,
		23,
		22,
		22,
		20,
		20,
		20,
		20,
		20,
		20,
		20,
		20,
		20,
		20,
		20,
		20,
		23,
		23,
		23,
		23,
		20,
		20,
		20,
		20,
		20,
		20,
		20,
		20,
		20,
		20,
		21,
		21,
		23,
		23,
		23,
		23
	],
	"computation_proportion": 30,
	"extra_dict": {}
}