{
	"model_name": "ResNet18",
	"batch_size": 8,
	"duration_sec": 45,
	"mode": "train",
	"is_DDP": true,
	"process_group_backend": "gloo",
	"world_size": 2,
	"rank": 0,
	"local_rank": 0,
	"device_type": "gpu",
	"master_addr": "133.133.135.74",
	"master_port": 39920,
	"iteration_count": 101,
	"iteration_intervals": [
		1714137088,
		438947840,
		445686272,
		431869184,
		430573824,
		440132608,
		551396096,
		429396224,
		433376256,
		448681472,
		435042048,
		430881536,
		432378112,
		430348032,
		432023808,
		441652992,
		432933632,
		436554240,
		433970688,
		431907328,
		430042368,
		430114816,
		430606592,
		431812864,
		432653824,
		439848704,
		432306944,
		432991744,
		432192000,
		437761280,
		429094912,
		437863424,
		432449024,
		428743168,
		453802240,
		430789632,
		430530048,
		423452672,
		430126080,
		438111488,
		432641024,
		431917312,
		430359040,
		428826368,
		432043264,
		436520192,
		432414720,
		443066112,
		432536064,
		433095936,
		431010560,
		431631872,
		431278336,
		429631488,
		429483776,
		429786880,
		430531584,
		436638464,
		429285632,
		432151808,
		427934720,
		433651200,
		429514240,
		438231296,
		431375360,
		432459520,
		432680704,
		428518656,
		428705792,
		433536768,
		432429568,
		434900992,
		434550016,
		429884672,
		440076800,
		432844288,
		430686208,
		432660992,
		437006080,
		438712320,
		429838592,
		432255744,
		431569920,
		438370560,
		432156672,
		433670144,
		429417216,
		439912704,
		429088256,
		426285312,
		446096384,
		438159872,
		436446464,
		433204480,
		433263104,
		432637440,
		431914496,
		434708224,
		431533568,
		432592384,
		435962368
	],
	"iteration_intervals_avg": 434586077.3333333,
	"iteration_intervals_avg_second": 0.4345860773333333,
	"total_time_ns": 45182304000,
	"total_time_second": 45,
	"mem_infos": [
		[
			11130634240,
			11811160064
		],
		[
			10906238976,
			11811160064
		],
		[
			10660872192,
			11811160064
		],
		[
			10214178816,
			11811160064
		],
		[
			10155458560,
			11811160064
		],
		[
			10155458560,
			11811160064
		],
		[
			10155458560,
			11811160064
		],
		[
			10155458560,
			11811160064
		],
		[
			10155458560,
			11811160064
		],
		[
			10155458560,
			11811160064
		],
		[
			10155458560,
			11811160064
		],
		[
			10155458560,
			11811160064
		],
		[
			10155458560,
			11811160064
		],
		[
			10155458560,
			11811160064
		],
		[
			10155458560,
			11811160064
		],
		[
			10155458560,
			11811160064
		],
		[
			10155458560,
			11811160064
		],
		[
			10155458560,
			11811160064
		],
		[
			10155458560,
			11811160064
		],
		[
			10155458560,
			11811160064
		],
		[
			10155458560,
			11811160064
		],
		[
			10155458560,
			11811160064
		],
		[
			10155458560,
			11811160064
		],
		[
			10155458560,
			11811160064
		],
		[
			10155458560,
			11811160064
		],
		[
			10155458560,
			11811160064
		],
		[
			10155458560,
			11811160064
		],
		[
			10155458560,
			11811160064
		],
		[
			10155458560,
			11811160064
		],
		[
			10155458560,
			11811160064
		],
		[
			10155458560,
			11811160064
		],
		[
			10155458560,
			11811160064
		],
		[
			10155458560,
			11811160064
		],
		[
			10155458560,
			11811160064
		],
		[
			10155458560,
			11811160064
		],
		[
			10155458560,
			11811160064
		],
		[
			10155458560,
			11811160064
		],
		[
			10155458560,
			11811160064
		],
		[
			10155458560,
			11811160064
		],
		[
			10155458560,
			11811160064
		],
		[
			10155458560,
			11811160064
		],
		[
			10155458560,
			11811160064
		],
		[
			10155458560,
			11811160064
		],
		[
			10155458560,
			11811160064
		],
		[
			10155458560,
			11811160064
		],
		[
			10155458560,
			11811160064
		],
		[
			10155458560,
			11811160064
		],
		[
			10155458560,
			11811160064
		],
		[
			10155458560,
			11811160064
		],
		[
			10155458560,
			11811160064
		],
		[
			10155458560,
			11811160064
		],
		[
			10155458560,
			11811160064
		],
		[
			10155458560,
			11811160064
		],
		[
			10155458560,
			11811160064
		],
		[
			10155458560,
			11811160064
		],
		[
			10155458560,
			11811160064
		],
		[
			10155458560,
			11811160064
		],
		[
			10155458560,
			11811160064
		],
		[
			10155458560,
			11811160064
		],
		[
			10155458560,
			11811160064
		],
		[
			10155458560,
			11811160064
		],
		[
			10155458560,
			11811160064
		],
		[
			10155458560,
			11811160064
		],
		[
			10155458560,
			11811160064
		],
		[
			10155458560,
			11811160064
		],
		[
			10155458560,
			11811160064
		],
		[
			10155458560,
			11811160064
		],
		[
			10155458560,
			11811160064
		],
		[
			10155458560,
			11811160064
		],
		[
			10155458560,
			11811160064
		],
		[
			10155458560,
			11811160064
		],
		[
			10155458560,
			11811160064
		],
		[
			10155458560,
			11811160064
		],
		[
			10155458560,
			11811160064
		],
		[
			10155458560,
			11811160064
		],
		[
			10155458560,
			11811160064
		],
		[
			10155458560,
			11811160064
		],
		[
			10155458560,
			11811160064
		],
		[
			10155458560,
			11811160064
		],
		[
			10155458560,
			11811160064
		],
		[
			10155458560,
			11811160064
		],
		[
			10155458560,
			11811160064
		],
		[
			10155458560,
			11811160064
		],
		[
			10155458560,
			11811160064
		],
		[
			10155458560,
			11811160064
		],
		[
			10155458560,
			11811160064
		],
		[
			10155458560,
			11811160064
		],
		[
			10155458560,
			11811160064
		],
		[
			10155458560,
			11811160064
		],
		[
			10155458560,
			11811160064
		]
	],
	"utilization": [
		5,
		5,
		3,
		3,
		5,
		5,
		8,
		8,
		5,
		5,
		5,
		5,
		5,
		5,
		8,
		8,
		5,
		5,
		5,
		5,
		6,
		6,
		7,
		7,
		5,
		5,
		6,
		6,
		7,
		7,
		5,
		5,
		5,
		5,
		8,
		8,
		5,
		5,
		5,
		5,
		8,
		8,
		5,
		5,
		5,
		5,
		8,
		8,
		5,
		5,
		5,
		5,
		8,
		8,
		5,
		5,
		5,
		5,
		7,
		7,
		5,
		5,
		5,
		5,
		8,
		8,
		5,
		5,
		5,
		5,
		7,
		7,
		5,
		5,
		5,
		5,
		7,
		7,
		6,
		6,
		5,
		5,
		6,
		6,
		7,
		7,
		5,
		5,
		5,
		5
	],
	"computation_proportion": 55,
	"extra_dict": {}
}