{
	"model_name": "GhostNet",
	"batch_size": 256,
	"duration_sec": 45,
	"mode": "train",
	"is_DDP": true,
	"process_group_backend": "gloo",
	"world_size": 2,
	"rank": 0,
	"local_rank": 0,
	"device_type": "gpu",
	"master_addr": "133.133.135.75",
	"master_port": 39920,
	"iteration_count": 52,
	"iteration_intervals": [
		2074771200,
		833109760,
		845485312,
		854803712,
		852563712,
		854509312,
		854802176,
		866074368,
		856365056,
		856902912,
		856159744,
		850216960,
		852239360,
		852176896,
		858814208,
		859613440,
		844236544,
		759053824,
		852739584,
		860860416,
		853085952,
		845840640,
		855453184,
		853381376,
		856111616,
		863397120,
		844792832,
		855387136,
		852804608,
		857848064,
		860313344,
		842143232,
		854205696,
		864060416,
		844720128,
		861466880,
		746887680,
		857391872,
		850800640,
		867731712,
		846758656,
		854535168,
		847043072,
		860852736,
		851408384,
		860652544,
		850857216,
		861749504,
		849231872,
		861261312,
		848464640,
		855785216
	],
	"iteration_intervals_avg": 850450835.0638298,
	"iteration_intervals_avg_second": 0.8504508350638298,
	"total_time_ns": 45432816896,
	"total_time_second": 45,
	"mem_infos": [
		[
			11269046272,
			11811160064
		],
		[
			9717153792,
			11811160064
		],
		[
			9492758528,
			11811160064
		],
		[
			305135616,
			11811160064
		],
		[
			1204813824,
			11811160064
		],
		[
			441450496,
			11811160064
		],
		[
			441450496,
			11811160064
		],
		[
			441450496,
			11811160064
		],
		[
			441450496,
			11811160064
		],
		[
			441450496,
			11811160064
		],
		[
			441450496,
			11811160064
		],
		[
			441450496,
			11811160064
		],
		[
			441450496,
			11811160064
		],
		[
			441450496,
			11811160064
		],
		[
			441450496,
			11811160064
		],
		[
			441450496,
			11811160064
		],
		[
			441450496,
			11811160064
		],
		[
			441450496,
			11811160064
		],
		[
			441450496,
			11811160064
		],
		[
			441450496,
			11811160064
		],
		[
			441450496,
			11811160064
		],
		[
			441450496,
			11811160064
		],
		[
			441450496,
			11811160064
		],
		[
			441450496,
			11811160064
		],
		[
			441450496,
			11811160064
		],
		[
			441450496,
			11811160064
		],
		[
			441450496,
			11811160064
		],
		[
			441450496,
			11811160064
		],
		[
			441450496,
			11811160064
		],
		[
			441450496,
			11811160064
		],
		[
			441450496,
			11811160064
		],
		[
			441450496,
			11811160064
		],
		[
			441450496,
			11811160064
		],
		[
			441450496,
			11811160064
		],
		[
			441450496,
			11811160064
		],
		[
			441450496,
			11811160064
		],
		[
			441450496,
			11811160064
		],
		[
			441450496,
			11811160064
		],
		[
			441450496,
			11811160064
		],
		[
			441450496,
			11811160064
		],
		[
			441450496,
			11811160064
		],
		[
			441450496,
			11811160064
		],
		[
			441450496,
			11811160064
		],
		[
			441450496,
			11811160064
		],
		[
			441450496,
			11811160064
		],
		[
			441450496,
			11811160064
		],
		[
			441450496,
			11811160064
		],
		[
			441450496,
			11811160064
		],
		[
			441450496,
			11811160064
		],
		[
			441450496,
			11811160064
		],
		[
			441450496,
			11811160064
		],
		[
			441450496,
			11811160064
		],
		[
			441450496,
			11811160064
		],
		[
			441450496,
			11811160064
		],
		[
			441450496,
			11811160064
		],
		[
			441450496,
			11811160064
		],
		[
			441450496,
			11811160064
		],
		[
			441450496,
			11811160064
		],
		[
			441450496,
			11811160064
		],
		[
			441450496,
			11811160064
		],
		[
			441450496,
			11811160064
		],
		[
			441450496,
			11811160064
		],
		[
			441450496,
			11811160064
		],
		[
			441450496,
			11811160064
		],
		[
			441450496,
			11811160064
		],
		[
			441450496,
			11811160064
		],
		[
			441450496,
			11811160064
		],
		[
			441450496,
			11811160064
		],
		[
			441450496,
			11811160064
		],
		[
			441450496,
			11811160064
		],
		[
			441450496,
			11811160064
		],
		[
			441450496,
			11811160064
		],
		[
			441450496,
			11811160064
		],
		[
			441450496,
			11811160064
		],
		[
			441450496,
			11811160064
		],
		[
			441450496,
			11811160064
		],
		[
			441450496,
			11811160064
		],
		[
			441450496,
			11811160064
		],
		[
			441450496,
			11811160064
		],
		[
			441450496,
			11811160064
		],
		[
			441450496,
			11811160064
		],
		[
			441450496,
			11811160064
		],
		[
			441450496,
			11811160064
		],
		[
			441450496,
			11811160064
		],
		[
			441450496,
			11811160064
		],
		[
			441450496,
			11811160064
		],
		[
			441450496,
			11811160064
		],
		[
			441450496,
			11811160064
		],
		[
			441450496,
			11811160064
		],
		[
			441450496,
			11811160064
		]
	],
	"utilization": [
		3,
		3,
		4,
		4,
		38,
		38,
		28,
		28,
		29,
		29,
		30,
		30,
		34,
		34,
		33,
		33,
		33,
		33,
		30,
		30,
		32,
		32,
		31,
		31,
		31,
		31,
		32,
		32,
		36,
		36,
		30,
		30,
		30,
		30,
		31,
		31,
		34,
		34,
		34,
		34,
		33,
		33,
		29,
		29,
		32,
		32,
		34,
		34,
		32,
		32,
		31,
		31,
		34,
		34,
		30,
		30,
		31,
		31,
		33,
		33,
		35,
		35,
		31,
		31,
		30,
		30,
		31,
		31,
		34,
		34,
		35,
		35,
		33,
		33,
		29,
		29,
		32,
		32,
		34,
		34,
		34,
		34,
		31,
		31,
		32,
		32,
		32,
		32,
		31,
		31
	],
	"computation_proportion": 85,
	"extra_dict": {}
}