{
	"model_name": "ResNet18",
	"batch_size": 32,
	"duration_sec": 45,
	"mode": "train",
	"is_DDP": true,
	"process_group_backend": "gloo",
	"world_size": 2,
	"rank": 1,
	"local_rank": 0,
	"device_type": "gpu",
	"master_addr": "133.133.135.74",
	"master_port": 39920,
	"iteration_count": 99,
	"iteration_intervals": [
		1721044480,
		448994048,
		442715392,
		447278080,
		440483584,
		441269504,
		449999872,
		444076800,
		440558336,
		439586816,
		442270720,
		441601280,
		445158912,
		438137344,
		442480128,
		439841536,
		440725504,
		438668032,
		441190656,
		440296704,
		440262656,
		449393664,
		441661440,
		440467456,
		439352064,
		447203584,
		438884864,
		440459008,
		431788288,
		447111168,
		439119616,
		440162816,
		437747712,
		443125504,
		443696128,
		440459008,
		442253824,
		440139776,
		440454400,
		440679936,
		439765504,
		445198592,
		439798272,
		444253696,
		447502592,
		438438144,
		439743744,
		441010176,
		438659584,
		447021824,
		442653952,
		434773504,
		446186752,
		444147456,
		436470272,
		435325952,
		447376384,
		442369536,
		439940096,
		447852544,
		455754496,
		439797504,
		440730368,
		441014272,
		440398848,
		439142912,
		436284416,
		446685952,
		439319296,
		433660416,
		442593280,
		449782784,
		440387840,
		444360448,
		448100096,
		447133952,
		442863104,
		442572544,
		439162880,
		445862144,
		443364608,
		437002752,
		440844544,
		441186816,
		439882752,
		443128064,
		443769344,
		439659008,
		436802304,
		443010560,
		439906560,
		439902976,
		440083200,
		440084224,
		440261888,
		443755776,
		442457344,
		440461056,
		440004864
	],
	"iteration_intervals_avg": 441701593.87234044,
	"iteration_intervals_avg_second": 0.4417015938723404,
	"total_time_ns": 45021385984,
	"total_time_second": 45,
	"mem_infos": [
		[
			11130634240,
			11811160064
		],
		[
			10767826944,
			11811160064
		],
		[
			10528751616,
			11811160064
		],
		[
			9205448704,
			11811160064
		],
		[
			9197060096,
			11811160064
		],
		[
			9197060096,
			11811160064
		],
		[
			9197060096,
			11811160064
		],
		[
			9197060096,
			11811160064
		],
		[
			9197060096,
			11811160064
		],
		[
			9197060096,
			11811160064
		],
		[
			9197060096,
			11811160064
		],
		[
			9197060096,
			11811160064
		],
		[
			9197060096,
			11811160064
		],
		[
			9197060096,
			11811160064
		],
		[
			9197060096,
			11811160064
		],
		[
			9197060096,
			11811160064
		],
		[
			9197060096,
			11811160064
		],
		[
			9197060096,
			11811160064
		],
		[
			9197060096,
			11811160064
		],
		[
			9197060096,
			11811160064
		],
		[
			9197060096,
			11811160064
		],
		[
			9197060096,
			11811160064
		],
		[
			9197060096,
			11811160064
		],
		[
			9197060096,
			11811160064
		],
		[
			9197060096,
			11811160064
		],
		[
			9197060096,
			11811160064
		],
		[
			9197060096,
			11811160064
		],
		[
			9197060096,
			11811160064
		],
		[
			9197060096,
			11811160064
		],
		[
			9197060096,
			11811160064
		],
		[
			9197060096,
			11811160064
		],
		[
			9197060096,
			11811160064
		],
		[
			9197060096,
			11811160064
		],
		[
			9197060096,
			11811160064
		],
		[
			9197060096,
			11811160064
		],
		[
			9197060096,
			11811160064
		],
		[
			9197060096,
			11811160064
		],
		[
			9197060096,
			11811160064
		],
		[
			9197060096,
			11811160064
		],
		[
			9197060096,
			11811160064
		],
		[
			9197060096,
			11811160064
		],
		[
			9197060096,
			11811160064
		],
		[
			9197060096,
			11811160064
		],
		[
			9197060096,
			11811160064
		],
		[
			9197060096,
			11811160064
		],
		[
			9197060096,
			11811160064
		],
		[
			9197060096,
			11811160064
		],
		[
			9197060096,
			11811160064
		],
		[
			9197060096,
			11811160064
		],
		[
			9197060096,
			11811160064
		],
		[
			9197060096,
			11811160064
		],
		[
			9197060096,
			11811160064
		],
		[
			9197060096,
			11811160064
		],
		[
			9197060096,
			11811160064
		],
		[
			9197060096,
			11811160064
		],
		[
			9197060096,
			11811160064
		],
		[
			9197060096,
			11811160064
		],
		[
			9197060096,
			11811160064
		],
		[
			9197060096,
			11811160064
		],
		[
			9197060096,
			11811160064
		],
		[
			9197060096,
			11811160064
		],
		[
			9197060096,
			11811160064
		],
		[
			9197060096,
			11811160064
		],
		[
			9197060096,
			11811160064
		],
		[
			9197060096,
			11811160064
		],
		[
			9197060096,
			11811160064
		],
		[
			9197060096,
			11811160064
		],
		[
			9197060096,
			11811160064
		],
		[
			9197060096,
			11811160064
		],
		[
			9197060096,
			11811160064
		],
		[
			9197060096,
			11811160064
		],
		[
			9197060096,
			11811160064
		],
		[
			9197060096,
			11811160064
		],
		[
			9197060096,
			11811160064
		],
		[
			9197060096,
			11811160064
		],
		[
			9197060096,
			11811160064
		],
		[
			9197060096,
			11811160064
		],
		[
			9197060096,
			11811160064
		],
		[
			9197060096,
			11811160064
		],
		[
			9197060096,
			11811160064
		],
		[
			9197060096,
			11811160064
		],
		[
			9197060096,
			11811160064
		],
		[
			9197060096,
			11811160064
		],
		[
			9197060096,
			11811160064
		],
		[
			9197060096,
			11811160064
		],
		[
			9197060096,
			11811160064
		],
		[
			9197060096,
			11811160064
		],
		[
			9197060096,
			11811160064
		],
		[
			9197060096,
			11811160064
		],
		[
			9197060096,
			11811160064
		]
	],
	"utilization": [
		4,
		4,
		4,
		4,
		13,
		13,
		11,
		11,
		12,
		12,
		13,
		13,
		15,
		15,
		11,
		11,
		12,
		12,
		17,
		17,
		11,
		11,
		11,
		11,
		12,
		12,
		17,
		17,
		11,
		11,
		12,
		12,
		16,
		16,
		12,
		12,
		11,
		11,
		12,
		12,
		17,
		17,
		11,
		11,
		11,
		11,
		13,
		13,
		15,
		15,
		11,
		11,
		12,
		12,
		17,
		17,
		11,
		11,
		11,
		11,
		12,
		12,
		17,
		17,
		11,
		11,
		12,
		12,
		14,
		14,
		15,
		15,
		11,
		11,
		12,
		12,
		17,
		17,
		11,
		11,
		11,
		11,
		12,
		12,
		17,
		17,
		11,
		11,
		12,
		12
	],
	"computation_proportion": 15,
	"extra_dict": {}
}