{
	"model_name": "YoloV5N",
	"batch_size": 128,
	"duration_sec": 45,
	"mode": "train",
	"is_DDP": true,
	"process_group_backend": "gloo",
	"world_size": 1,
	"rank": 0,
	"local_rank": 0,
	"device_type": "gpu",
	"master_addr": "133.133.135.75",
	"master_port": 39920,
	"iteration_count": 22,
	"iteration_intervals": [
		1420679168,
		3183713536,
		1837451008,
		1793245184,
		2077673472,
		2109543168,
		3048049664,
		1590505216,
		3292675328,
		2052651520,
		1978475264,
		2067439616,
		1842206976,
		1945434624,
		2542419200,
		1961366784,
		970009088,
		2348990208,
		1668147200,
		2354904576,
		1590647808,
		1930643456
	],
	"iteration_intervals_avg": 2076124099.764706,
	"iteration_intervals_avg_second": 2.076124099764706,
	"total_time_ns": 45608768000,
	"total_time_second": 45,
	"mem_infos": [
		[
			11120148480,
			11811160064
		],
		[
			10667163648,
			11811160064
		],
		[
			7198474240,
			11811160064
		],
		[
			7018119168,
			11811160064
		],
		[
			7018119168,
			11811160064
		],
		[
			7018119168,
			11811160064
		],
		[
			7018119168,
			11811160064
		],
		[
			7018119168,
			11811160064
		],
		[
			7018119168,
			11811160064
		],
		[
			7018119168,
			11811160064
		],
		[
			7018119168,
			11811160064
		],
		[
			6883901440,
			11811160064
		],
		[
			6883901440,
			11811160064
		],
		[
			6883901440,
			11811160064
		],
		[
			6883901440,
			11811160064
		],
		[
			6883901440,
			11811160064
		],
		[
			6883901440,
			11811160064
		],
		[
			6883901440,
			11811160064
		],
		[
			6883901440,
			11811160064
		],
		[
			6883901440,
			11811160064
		],
		[
			6883901440,
			11811160064
		],
		[
			6883901440,
			11811160064
		],
		[
			6883901440,
			11811160064
		],
		[
			6883901440,
			11811160064
		],
		[
			6883901440,
			11811160064
		],
		[
			6883901440,
			11811160064
		],
		[
			6883901440,
			11811160064
		],
		[
			6883901440,
			11811160064
		],
		[
			6883901440,
			11811160064
		],
		[
			6883901440,
			11811160064
		],
		[
			6883901440,
			11811160064
		],
		[
			6883901440,
			11811160064
		],
		[
			6883901440,
			11811160064
		],
		[
			6883901440,
			11811160064
		],
		[
			6883901440,
			11811160064
		],
		[
			6883901440,
			11811160064
		],
		[
			6883901440,
			11811160064
		],
		[
			6883901440,
			11811160064
		],
		[
			6883901440,
			11811160064
		],
		[
			6883901440,
			11811160064
		],
		[
			6883901440,
			11811160064
		],
		[
			6883901440,
			11811160064
		],
		[
			6883901440,
			11811160064
		],
		[
			6883901440,
			11811160064
		],
		[
			6883901440,
			11811160064
		],
		[
			6883901440,
			11811160064
		],
		[
			6883901440,
			11811160064
		],
		[
			6883901440,
			11811160064
		],
		[
			6883901440,
			11811160064
		],
		[
			6883901440,
			11811160064
		],
		[
			6883901440,
			11811160064
		],
		[
			6883901440,
			11811160064
		],
		[
			6883901440,
			11811160064
		],
		[
			6883901440,
			11811160064
		],
		[
			6883901440,
			11811160064
		],
		[
			6883901440,
			11811160064
		],
		[
			6883901440,
			11811160064
		],
		[
			6883901440,
			11811160064
		],
		[
			6883901440,
			11811160064
		],
		[
			6883901440,
			11811160064
		],
		[
			6883901440,
			11811160064
		],
		[
			6883901440,
			11811160064
		],
		[
			6883901440,
			11811160064
		],
		[
			6883901440,
			11811160064
		],
		[
			6883901440,
			11811160064
		],
		[
			6883901440,
			11811160064
		],
		[
			6883901440,
			11811160064
		],
		[
			6883901440,
			11811160064
		],
		[
			6883901440,
			11811160064
		],
		[
			6883901440,
			11811160064
		],
		[
			6883901440,
			11811160064
		],
		[
			6883901440,
			11811160064
		],
		[
			6883901440,
			11811160064
		],
		[
			6883901440,
			11811160064
		],
		[
			6883901440,
			11811160064
		],
		[
			6883901440,
			11811160064
		],
		[
			6883901440,
			11811160064
		],
		[
			6883901440,
			11811160064
		],
		[
			6883901440,
			11811160064
		],
		[
			6883901440,
			11811160064
		],
		[
			6883901440,
			11811160064
		],
		[
			6883901440,
			11811160064
		],
		[
			6883901440,
			11811160064
		],
		[
			6883901440,
			11811160064
		],
		[
			6883901440,
			11811160064
		],
		[
			6883901440,
			11811160064
		],
		[
			6883901440,
			11811160064
		],
		[
			6883901440,
			11811160064
		],
		[
			6883901440,
			11811160064
		],
		[
			6883901440,
			11811160064
		]
	],
	"utilization": [
		5,
		11,
		11,
		18,
		18,
		1,
		1,
		2,
		2,
		6,
		6,
		6,
		6,
		7,
		7,
		6,
		6,
		9,
		9,
		7,
		7,
		3,
		3,
		3,
		3,
		7,
		7,
		7,
		7,
		3,
		3,
		3,
		3,
		6,
		6,
		8,
		8,
		1,
		1,
		1,
		1,
		8,
		8,
		4,
		4,
		7,
		7,
		4,
		4,
		7,
		7,
		3,
		3,
		7,
		7,
		5,
		5,
		7,
		7,
		4,
		4,
		8,
		8,
		6,
		6,
		2,
		2,
		4,
		4,
		6,
		6,
		12,
		12,
		8,
		8,
		3,
		3,
		4,
		4,
		7,
		7,
		7,
		7,
		4,
		4,
		5,
		5,
		7,
		7,
		9
	],
	"computation_proportion": 5,
	"extra_dict": {}
}