{
	"model_name": "MobileNetV2",
	"batch_size": 128,
	"duration_sec": 45,
	"mode": "train",
	"is_DDP": true,
	"process_group_backend": "gloo",
	"world_size": 1,
	"rank": 0,
	"local_rank": 0,
	"device_type": "gpu",
	"master_addr": "133.133.135.75",
	"master_port": 39920,
	"iteration_count": 34,
	"iteration_intervals": [
		1764981248,
		1188998656,
		2109319424,
		1342424576,
		1248330496,
		1219150336,
		1572911872,
		1477711360,
		1182307072,
		1096991744,
		1355922944,
		1270561536,
		1098621696,
		1425213440,
		1742537728,
		1470364672,
		1113762560,
		1238911744,
		1449462528,
		1361100544,
		1317364224,
		1118777856,
		1325471488,
		1732619008,
		1368484096,
		1184975104,
		1242583552,
		1469283584,
		1440196608,
		1265870080,
		1106157824,
		1419257088,
		1268372736,
		1118269440
	],
	"iteration_intervals_avg": 1325972912.5517242,
	"iteration_intervals_avg_second": 1.3259729125517241,
	"total_time_ns": 46108012032,
	"total_time_second": 46,
	"mem_infos": [
		[
			11250171904,
			11811160064
		],
		[
			10727981056,
			11811160064
		],
		[
			10482614272,
			11811160064
		],
		[
			3582984192,
			11811160064
		],
		[
			3568304128,
			11811160064
		],
		[
			292552704,
			11811160064
		],
		[
			292552704,
			11811160064
		],
		[
			292552704,
			11811160064
		],
		[
			292552704,
			11811160064
		],
		[
			292552704,
			11811160064
		],
		[
			292552704,
			11811160064
		],
		[
			292552704,
			11811160064
		],
		[
			292552704,
			11811160064
		],
		[
			292552704,
			11811160064
		],
		[
			292552704,
			11811160064
		],
		[
			292552704,
			11811160064
		],
		[
			292552704,
			11811160064
		],
		[
			292552704,
			11811160064
		],
		[
			292552704,
			11811160064
		],
		[
			292552704,
			11811160064
		],
		[
			292552704,
			11811160064
		],
		[
			292552704,
			11811160064
		],
		[
			292552704,
			11811160064
		],
		[
			292552704,
			11811160064
		],
		[
			292552704,
			11811160064
		],
		[
			292552704,
			11811160064
		],
		[
			292552704,
			11811160064
		],
		[
			292552704,
			11811160064
		],
		[
			292552704,
			11811160064
		],
		[
			292552704,
			11811160064
		],
		[
			292552704,
			11811160064
		],
		[
			292552704,
			11811160064
		],
		[
			292552704,
			11811160064
		],
		[
			292552704,
			11811160064
		],
		[
			292552704,
			11811160064
		],
		[
			292552704,
			11811160064
		],
		[
			292552704,
			11811160064
		],
		[
			292552704,
			11811160064
		],
		[
			292552704,
			11811160064
		],
		[
			292552704,
			11811160064
		],
		[
			292552704,
			11811160064
		],
		[
			292552704,
			11811160064
		],
		[
			292552704,
			11811160064
		],
		[
			292552704,
			11811160064
		],
		[
			292552704,
			11811160064
		],
		[
			292552704,
			11811160064
		],
		[
			292552704,
			11811160064
		],
		[
			292552704,
			11811160064
		],
		[
			292552704,
			11811160064
		],
		[
			292552704,
			11811160064
		],
		[
			292552704,
			11811160064
		],
		[
			292552704,
			11811160064
		],
		[
			292552704,
			11811160064
		],
		[
			292552704,
			11811160064
		],
		[
			292552704,
			11811160064
		],
		[
			292552704,
			11811160064
		],
		[
			292552704,
			11811160064
		],
		[
			292552704,
			11811160064
		],
		[
			292552704,
			11811160064
		],
		[
			292552704,
			11811160064
		],
		[
			292552704,
			11811160064
		],
		[
			292552704,
			11811160064
		],
		[
			292552704,
			11811160064
		],
		[
			292552704,
			11811160064
		],
		[
			292552704,
			11811160064
		],
		[
			292552704,
			11811160064
		],
		[
			292552704,
			11811160064
		],
		[
			292552704,
			11811160064
		],
		[
			292552704,
			11811160064
		],
		[
			292552704,
			11811160064
		],
		[
			292552704,
			11811160064
		],
		[
			292552704,
			11811160064
		],
		[
			292552704,
			11811160064
		],
		[
			292552704,
			11811160064
		],
		[
			292552704,
			11811160064
		],
		[
			292552704,
			11811160064
		],
		[
			292552704,
			11811160064
		],
		[
			292552704,
			11811160064
		],
		[
			292552704,
			11811160064
		],
		[
			292552704,
			11811160064
		],
		[
			292552704,
			11811160064
		],
		[
			292552704,
			11811160064
		],
		[
			292552704,
			11811160064
		],
		[
			292552704,
			11811160064
		],
		[
			292552704,
			11811160064
		],
		[
			292552704,
			11811160064
		],
		[
			292552704,
			11811160064
		],
		[
			292552704,
			11811160064
		],
		[
			292552704,
			11811160064
		],
		[
			292552704,
			11811160064
		]
	],
	"utilization": [
		1,
		6,
		6,
		12,
		12,
		29,
		29,
		13,
		13,
		8,
		8,
		14,
		14,
		19,
		19,
		16,
		16,
		16,
		16,
		17,
		17,
		15,
		15,
		13,
		13,
		16,
		16,
		20,
		20,
		21,
		21,
		16,
		16,
		15,
		15,
		17,
		17,
		19,
		19,
		18,
		18,
		11,
		11,
		13,
		13,
		15,
		15,
		17,
		17,
		21,
		21,
		15,
		15,
		17,
		17,
		15,
		15,
		14,
		14,
		20,
		20,
		19,
		19,
		17,
		17,
		11,
		11,
		15,
		15,
		15,
		15,
		18,
		18,
		17,
		17,
		15,
		15,
		17,
		17,
		15,
		15,
		13,
		13,
		19,
		19,
		21,
		21,
		15,
		15,
		15
	],
	"computation_proportion": 15,
	"extra_dict": {}
}