{
	"model_name": "GhostNet",
	"batch_size": 64,
	"duration_sec": 45,
	"mode": "train",
	"is_DDP": true,
	"process_group_backend": "gloo",
	"world_size": 4,
	"rank": 2,
	"local_rank": 0,
	"device_type": "gpu",
	"master_addr": "133.133.135.75",
	"master_port": 39920,
	"iteration_count": 122,
	"iteration_intervals": [
		1524325888,
		231629824,
		242005248,
		250493440,
		243821056,
		193856256,
		296967936,
		249924096,
		364650752,
		732040192,
		384692224,
		375529216,
		343868672,
		363003392,
		363761408,
		369771008,
		367633664,
		385293312,
		355017472,
		257590784,
		239566336,
		242873856,
		232911872,
		247212800,
		244289792,
		256363264,
		239655168,
		243819264,
		360712448,
		614942720,
		1357826304,
		726033920,
		486577664,
		257482240,
		360438272,
		239857664,
		248875520,
		258239488,
		251951104,
		251911424,
		357932032,
		480188928,
		493123584,
		370416384,
		373557248,
		361582336,
		263782912,
		257741312,
		335099904,
		371844096,
		360939776,
		374953472,
		487129088,
		380812800,
		362677760,
		257356288,
		242891520,
		240088832,
		226159104,
		195715328,
		240537600,
		291443712,
		366403328,
		497257216,
		729029888,
		620550656,
		382784512,
		351012352,
		253497600,
		253094912,
		230057216,
		237984256,
		240278016,
		246803456,
		367718400,
		248071936,
		492329216,
		622640896,
		475553792,
		267878656,
		260703488,
		326932736,
		247503616,
		240760832,
		258960384,
		348524032,
		271824896,
		255186688,
		243678720,
		236118016,
		249013248,
		350128640,
		489141504,
		614241792,
		608217088,
		737127424,
		488825856,
		361356288,
		276443904,
		241317376,
		241767168,
		234237440,
		236410368,
		191845888,
		223283712,
		332076800,
		603553792,
		1098494976,
		976928000,
		629263360,
		500971264,
		352888320,
		264103936,
		254444800,
		234989568,
		244557056,
		216389888,
		223094272,
		265848576,
		375310592,
		489572608,
		364940544
	],
	"iteration_intervals_avg": 364402062.2222222,
	"iteration_intervals_avg_second": 0.3644020622222222,
	"total_time_ns": 45128446208,
	"total_time_second": 45,
	"mem_infos": [
		[
			5363466240,
			5905580032
		],
		[
			4830789632,
			5905580032
		],
		[
			4631560192,
			5905580032
		],
		[
			1469054976,
			5905580032
		],
		[
			1466957824,
			5905580032
		],
		[
			1466957824,
			5905580032
		],
		[
			1466957824,
			5905580032
		],
		[
			1466957824,
			5905580032
		],
		[
			1466957824,
			5905580032
		],
		[
			1466957824,
			5905580032
		],
		[
			1466957824,
			5905580032
		],
		[
			1466957824,
			5905580032
		],
		[
			1466957824,
			5905580032
		],
		[
			1466957824,
			5905580032
		],
		[
			1466957824,
			5905580032
		],
		[
			1466957824,
			5905580032
		],
		[
			1466957824,
			5905580032
		],
		[
			1466957824,
			5905580032
		],
		[
			1466957824,
			5905580032
		],
		[
			1466957824,
			5905580032
		],
		[
			1466957824,
			5905580032
		],
		[
			1466957824,
			5905580032
		],
		[
			1466957824,
			5905580032
		],
		[
			1466957824,
			5905580032
		],
		[
			1466957824,
			5905580032
		],
		[
			1466957824,
			5905580032
		],
		[
			1466957824,
			5905580032
		],
		[
			1466957824,
			5905580032
		],
		[
			1466957824,
			5905580032
		],
		[
			1466957824,
			5905580032
		],
		[
			1466957824,
			5905580032
		],
		[
			1466957824,
			5905580032
		],
		[
			1466957824,
			5905580032
		],
		[
			1466957824,
			5905580032
		],
		[
			1466957824,
			5905580032
		],
		[
			1466957824,
			5905580032
		],
		[
			1466957824,
			5905580032
		],
		[
			1466957824,
			5905580032
		],
		[
			1466957824,
			5905580032
		],
		[
			1466957824,
			5905580032
		],
		[
			1466957824,
			5905580032
		],
		[
			1466957824,
			5905580032
		],
		[
			1466957824,
			5905580032
		],
		[
			1466957824,
			5905580032
		],
		[
			1466957824,
			5905580032
		],
		[
			1466957824,
			5905580032
		],
		[
			1466957824,
			5905580032
		],
		[
			1466957824,
			5905580032
		],
		[
			1466957824,
			5905580032
		],
		[
			1466957824,
			5905580032
		],
		[
			1466957824,
			5905580032
		],
		[
			1466957824,
			5905580032
		],
		[
			1466957824,
			5905580032
		],
		[
			1466957824,
			5905580032
		],
		[
			1466957824,
			5905580032
		],
		[
			1466957824,
			5905580032
		],
		[
			1466957824,
			5905580032
		],
		[
			1466957824,
			5905580032
		],
		[
			1466957824,
			5905580032
		],
		[
			1466957824,
			5905580032
		],
		[
			1466957824,
			5905580032
		],
		[
			1466957824,
			5905580032
		],
		[
			1466957824,
			5905580032
		],
		[
			1466957824,
			5905580032
		],
		[
			1466957824,
			5905580032
		],
		[
			1466957824,
			5905580032
		],
		[
			1466957824,
			5905580032
		],
		[
			1466957824,
			5905580032
		],
		[
			1466957824,
			5905580032
		],
		[
			1466957824,
			5905580032
		],
		[
			1466957824,
			5905580032
		],
		[
			1466957824,
			5905580032
		],
		[
			1466957824,
			5905580032
		],
		[
			1466957824,
			5905580032
		],
		[
			1466957824,
			5905580032
		],
		[
			1466957824,
			5905580032
		],
		[
			1466957824,
			5905580032
		],
		[
			1466957824,
			5905580032
		],
		[
			1466957824,
			5905580032
		],
		[
			1466957824,
			5905580032
		],
		[
			1466957824,
			5905580032
		],
		[
			1466957824,
			5905580032
		],
		[
			1466957824,
			5905580032
		],
		[
			1466957824,
			5905580032
		],
		[
			1466957824,
			5905580032
		],
		[
			1466957824,
			5905580032
		],
		[
			1466957824,
			5905580032
		],
		[
			1466957824,
			5905580032
		],
		[
			1466957824,
			5905580032
		],
		[
			1466957824,
			5905580032
		]
	],
	"utilization": [
		16,
		16,
		17,
		17,
		55,
		55,
		64,
		64,
		38,
		38,
		31,
		31,
		46,
		46,
		42,
		42,
		48,
		48,
		48,
		64,
		64,
		61,
		61,
		25,
		25,
		5,
		5,
		26,
		26,
		43,
		43,
		62,
		62,
		41,
		41,
		39,
		39,
		47,
		47,
		47,
		47,
		35,
		35,
		45,
		45,
		64,
		64,
		51,
		51,
		22,
		22,
		32,
		32,
		56,
		56,
		64,
		64,
		40,
		40,
		27,
		27,
		55,
		55,
		59,
		59,
		65,
		65,
		41,
		41,
		24,
		24,
		27,
		27,
		39,
		39,
		69,
		69,
		49,
		49,
		16,
		16,
		15,
		15,
		25,
		25,
		41,
		41,
		66,
		66,
		55
	],
	"computation_proportion": 30,
	"extra_dict": {}
}