{
	"model_name": "YoloV5S",
	"batch_size": 16,
	"duration_sec": 45,
	"mode": "train",
	"is_DDP": true,
	"process_group_backend": "gloo",
	"world_size": 2,
	"rank": 0,
	"local_rank": 0,
	"device_type": "gpu",
	"master_addr": "133.133.135.75",
	"master_port": 39920,
	"iteration_count": 62,
	"iteration_intervals": [
		1408532480,
		101560320,
		95175936,
		225420032,
		2080603648,
		729198336,
		385799168,
		467918080,
		489141760,
		1216732160,
		1102839296,
		485052416,
		375373056,
		478384128,
		615600384,
		1831717376,
		614013184,
		479259136,
		395037696,
		832239104,
		1831758080,
		613035520,
		372984064,
		491945728,
		970267136,
		1706704896,
		503864576,
		485345280,
		478160896,
		1589180672,
		973953792,
		495122176,
		367461888,
		487656960,
		597747456,
		1599125248,
		608880640,
		489005312,
		372961024,
		380838144,
		708553216,
		1334165504,
		604947712,
		406844672,
		372433408,
		455052800,
		607689728,
		1839940608,
		612673024,
		488059648,
		367601408,
		604028672,
		1346783232,
		859545856,
		492431360,
		381578752,
		459999488,
		492814336,
		1220538112,
		858234112,
		477309952,
		404665600
	],
	"iteration_intervals_avg": 724740280.1403508,
	"iteration_intervals_avg_second": 0.7247402801403509,
	"total_time_ns": 45222446592,
	"total_time_second": 45,
	"mem_infos": [
		[
			11229200384,
			11811160064
		],
		[
			10962862080,
			11811160064
		],
		[
			10738466816,
			11811160064
		],
		[
			9721348096,
			11811160064
		],
		[
			9719250944,
			11811160064
		],
		[
			9719250944,
			11811160064
		],
		[
			9719250944,
			11811160064
		],
		[
			9719250944,
			11811160064
		],
		[
			9719250944,
			11811160064
		],
		[
			9719250944,
			11811160064
		],
		[
			9719250944,
			11811160064
		],
		[
			9719250944,
			11811160064
		],
		[
			9719250944,
			11811160064
		],
		[
			9719250944,
			11811160064
		],
		[
			9719250944,
			11811160064
		],
		[
			9719250944,
			11811160064
		],
		[
			9719250944,
			11811160064
		],
		[
			9719250944,
			11811160064
		],
		[
			9719250944,
			11811160064
		],
		[
			9719250944,
			11811160064
		],
		[
			9719250944,
			11811160064
		],
		[
			9719250944,
			11811160064
		],
		[
			9719250944,
			11811160064
		],
		[
			9719250944,
			11811160064
		],
		[
			9719250944,
			11811160064
		],
		[
			9719250944,
			11811160064
		],
		[
			9719250944,
			11811160064
		],
		[
			9719250944,
			11811160064
		],
		[
			9719250944,
			11811160064
		],
		[
			9719250944,
			11811160064
		],
		[
			9719250944,
			11811160064
		],
		[
			9719250944,
			11811160064
		],
		[
			9719250944,
			11811160064
		],
		[
			9719250944,
			11811160064
		],
		[
			9719250944,
			11811160064
		],
		[
			9719250944,
			11811160064
		],
		[
			9719250944,
			11811160064
		],
		[
			9719250944,
			11811160064
		],
		[
			9719250944,
			11811160064
		],
		[
			9719250944,
			11811160064
		],
		[
			9719250944,
			11811160064
		],
		[
			9719250944,
			11811160064
		],
		[
			9719250944,
			11811160064
		],
		[
			9719250944,
			11811160064
		],
		[
			9719250944,
			11811160064
		],
		[
			9719250944,
			11811160064
		],
		[
			9719250944,
			11811160064
		],
		[
			9719250944,
			11811160064
		],
		[
			9719250944,
			11811160064
		],
		[
			9719250944,
			11811160064
		],
		[
			9719250944,
			11811160064
		],
		[
			9719250944,
			11811160064
		],
		[
			9719250944,
			11811160064
		],
		[
			9719250944,
			11811160064
		],
		[
			9719250944,
			11811160064
		],
		[
			9719250944,
			11811160064
		],
		[
			9719250944,
			11811160064
		],
		[
			9719250944,
			11811160064
		],
		[
			9719250944,
			11811160064
		],
		[
			9719250944,
			11811160064
		],
		[
			9719250944,
			11811160064
		],
		[
			9719250944,
			11811160064
		],
		[
			9719250944,
			11811160064
		],
		[
			9719250944,
			11811160064
		],
		[
			9719250944,
			11811160064
		],
		[
			9719250944,
			11811160064
		],
		[
			9719250944,
			11811160064
		],
		[
			9719250944,
			11811160064
		],
		[
			9719250944,
			11811160064
		],
		[
			9719250944,
			11811160064
		],
		[
			9719250944,
			11811160064
		],
		[
			9719250944,
			11811160064
		],
		[
			9719250944,
			11811160064
		],
		[
			9719250944,
			11811160064
		],
		[
			9719250944,
			11811160064
		],
		[
			9719250944,
			11811160064
		],
		[
			9719250944,
			11811160064
		],
		[
			9719250944,
			11811160064
		],
		[
			9719250944,
			11811160064
		],
		[
			9719250944,
			11811160064
		],
		[
			9719250944,
			11811160064
		],
		[
			9719250944,
			11811160064
		],
		[
			9719250944,
			11811160064
		],
		[
			9719250944,
			11811160064
		],
		[
			9719250944,
			11811160064
		],
		[
			9719250944,
			11811160064
		],
		[
			9719250944,
			11811160064
		],
		[
			9719250944,
			11811160064
		],
		[
			9719250944,
			11811160064
		],
		[
			9719250944,
			11811160064
		]
	],
	"utilization": [
		1,
		5,
		5,
		4,
		4,
		20,
		20,
		0,
		0,
		4,
		4,
		5,
		5,
		11,
		11,
		0,
		0,
		4,
		4,
		8,
		8,
		8,
		8,
		4,
		4,
		1,
		1,
		8,
		8,
		8,
		8,
		4,
		4,
		0,
		0,
		8,
		8,
		8,
		8,
		1,
		1,
		3,
		3,
		8,
		8,
		8,
		8,
		0,
		0,
		4,
		4,
		8,
		8,
		8,
		8,
		4,
		4,
		4,
		4,
		8,
		8,
		8,
		8,
		4,
		4,
		4,
		4,
		8,
		8,
		8,
		8,
		4,
		4,
		1,
		1,
		8,
		8,
		8,
		8,
		4,
		4,
		4,
		4,
		8,
		8,
		9,
		9,
		4,
		4,
		4
	],
	"computation_proportion": 5,
	"extra_dict": {}
}