{
	"model_name": "YoloV5S",
	"batch_size": 32,
	"duration_sec": 45,
	"mode": "train",
	"is_DDP": true,
	"process_group_backend": "gloo",
	"world_size": 2,
	"rank": 0,
	"local_rank": 0,
	"device_type": "gpu",
	"master_addr": "133.133.135.75",
	"master_port": 39920,
	"iteration_count": 139,
	"iteration_intervals": [
		1522153984,
		104441344,
		103018496,
		95780096,
		86445824,
		93441536,
		91452416,
		81915392,
		112098304,
		72326400,
		101361152,
		90064896,
		121954304,
		210460928,
		344936448,
		2455681536,
		491120128,
		349810176,
		271061504,
		246300928,
		261454848,
		240759808,
		336605696,
		238324736,
		279207936,
		339527680,
		269678336,
		353617920,
		356377088,
		373588480,
		379057152,
		455628800,
		368016640,
		283381504,
		333008896,
		271415808,
		337136640,
		271456000,
		351212288,
		357081344,
		352115968,
		271369728,
		342279680,
		261324800,
		361674752,
		263357952,
		349644032,
		394218752,
		362413056,
		373464320,
		358523904,
		355959552,
		356826112,
		263408128,
		336742144,
		260217600,
		355668224,
		265222144,
		356139264,
		364743424,
		371823360,
		364465152,
		360897536,
		362563328,
		267772672,
		339264768,
		273497856,
		247579136,
		340822016,
		273562112,
		353620224,
		343317504,
		369889024,
		377622272,
		363910400,
		346385152,
		274063872,
		341223424,
		256324096,
		260536576,
		342868736,
		262211840,
		345447168,
		280903680,
		353562880,
		373646080,
		364321024,
		343795456,
		354379264,
		270958592,
		250259968,
		347897088,
		257165312,
		248976128,
		341657088,
		274281216,
		355404032,
		346223872,
		371103744,
		359104000,
		271729920,
		342540800,
		275157760,
		342392320,
		232030720,
		268903680,
		251917056,
		344005888,
		243498752,
		374240512,
		352528640,
		363688448,
		359149056,
		273396736,
		336476928,
		270793728,
		248913408,
		345468416,
		242877184,
		249968384,
		262414592,
		337752320,
		359241472,
		275468800,
		365562880,
		352484352,
		361730816,
		265042176,
		340391936,
		260792320,
		255981312,
		333239040,
		254561792,
		274930176,
		325895680,
		276496896,
		344029952,
		366452992,
		360700416
	],
	"iteration_intervals_avg": 321582037.9701493,
	"iteration_intervals_avg_second": 0.3215820379701493,
	"total_time_ns": 45004669952,
	"total_time_second": 45,
	"mem_infos": [
		[
			11229200384,
			11811160064
		],
		[
			10929307648,
			11811160064
		],
		[
			10723786752,
			11811160064
		],
		[
			8601468928,
			11811160064
		],
		[
			8601468928,
			11811160064
		],
		[
			8601468928,
			11811160064
		],
		[
			8601468928,
			11811160064
		],
		[
			8601468928,
			11811160064
		],
		[
			8601468928,
			11811160064
		],
		[
			8601468928,
			11811160064
		],
		[
			8601468928,
			11811160064
		],
		[
			8601468928,
			11811160064
		],
		[
			8601468928,
			11811160064
		],
		[
			8601468928,
			11811160064
		],
		[
			8601468928,
			11811160064
		],
		[
			8601468928,
			11811160064
		],
		[
			8601468928,
			11811160064
		],
		[
			8601468928,
			11811160064
		],
		[
			8601468928,
			11811160064
		],
		[
			8601468928,
			11811160064
		],
		[
			8601468928,
			11811160064
		],
		[
			8601468928,
			11811160064
		],
		[
			8601468928,
			11811160064
		],
		[
			8601468928,
			11811160064
		],
		[
			8601468928,
			11811160064
		],
		[
			8601468928,
			11811160064
		],
		[
			8601468928,
			11811160064
		],
		[
			8601468928,
			11811160064
		],
		[
			8601468928,
			11811160064
		],
		[
			8601468928,
			11811160064
		],
		[
			8601468928,
			11811160064
		],
		[
			8601468928,
			11811160064
		],
		[
			8601468928,
			11811160064
		],
		[
			8601468928,
			11811160064
		],
		[
			8601468928,
			11811160064
		],
		[
			8601468928,
			11811160064
		],
		[
			8601468928,
			11811160064
		],
		[
			8601468928,
			11811160064
		],
		[
			8601468928,
			11811160064
		],
		[
			8601468928,
			11811160064
		],
		[
			8601468928,
			11811160064
		],
		[
			8601468928,
			11811160064
		],
		[
			8601468928,
			11811160064
		],
		[
			8601468928,
			11811160064
		],
		[
			8601468928,
			11811160064
		],
		[
			8601468928,
			11811160064
		],
		[
			8601468928,
			11811160064
		],
		[
			8601468928,
			11811160064
		],
		[
			8601468928,
			11811160064
		],
		[
			8601468928,
			11811160064
		],
		[
			8601468928,
			11811160064
		],
		[
			8601468928,
			11811160064
		],
		[
			8601468928,
			11811160064
		],
		[
			8601468928,
			11811160064
		],
		[
			8601468928,
			11811160064
		],
		[
			8601468928,
			11811160064
		],
		[
			8601468928,
			11811160064
		],
		[
			8601468928,
			11811160064
		],
		[
			8601468928,
			11811160064
		],
		[
			8601468928,
			11811160064
		],
		[
			8601468928,
			11811160064
		],
		[
			8601468928,
			11811160064
		],
		[
			8601468928,
			11811160064
		],
		[
			8601468928,
			11811160064
		],
		[
			8601468928,
			11811160064
		],
		[
			8601468928,
			11811160064
		],
		[
			8601468928,
			11811160064
		],
		[
			8601468928,
			11811160064
		],
		[
			8601468928,
			11811160064
		],
		[
			8601468928,
			11811160064
		],
		[
			8601468928,
			11811160064
		],
		[
			8601468928,
			11811160064
		],
		[
			8601468928,
			11811160064
		],
		[
			8601468928,
			11811160064
		],
		[
			8601468928,
			11811160064
		],
		[
			8601468928,
			11811160064
		],
		[
			8601468928,
			11811160064
		],
		[
			8601468928,
			11811160064
		],
		[
			8601468928,
			11811160064
		],
		[
			8601468928,
			11811160064
		],
		[
			8601468928,
			11811160064
		],
		[
			8601468928,
			11811160064
		],
		[
			8601468928,
			11811160064
		],
		[
			8601468928,
			11811160064
		],
		[
			8601468928,
			11811160064
		],
		[
			8601468928,
			11811160064
		],
		[
			8601468928,
			11811160064
		],
		[
			8601468928,
			11811160064
		],
		[
			8601468928,
			11811160064
		],
		[
			8601468928,
			11811160064
		]
	],
	"utilization": [
		1,
		5,
		5,
		4,
		4,
		49,
		49,
		37,
		37,
		5,
		5,
		0,
		0,
		9,
		9,
		24,
		24,
		27,
		27,
		20,
		20,
		20,
		20,
		14,
		14,
		20,
		20,
		26,
		26,
		20,
		20,
		20,
		20,
		20,
		20,
		14,
		14,
		26,
		26,
		20,
		20,
		20,
		20,
		20,
		20,
		20,
		20,
		21,
		21,
		20,
		20,
		20,
		20,
		20,
		20,
		26,
		26,
		20,
		20,
		20,
		20,
		20,
		20,
		22,
		22,
		23,
		23,
		15,
		15,
		26,
		26,
		22,
		22,
		24,
		24,
		21,
		21,
		20,
		20,
		24,
		24,
		22,
		22,
		20,
		20,
		20,
		20,
		27,
		27,
		20
	],
	"computation_proportion": 20,
	"extra_dict": {}
}