{
	"model_name": "GhostNet",
	"batch_size": 256,
	"duration_sec": 45,
	"mode": "train",
	"is_DDP": true,
	"process_group_backend": "gloo",
	"world_size": 1,
	"rank": 0,
	"local_rank": 0,
	"device_type": "gpu",
	"master_addr": "133.133.135.75",
	"master_port": 39920,
	"iteration_count": 52,
	"iteration_intervals": [
		2117440768,
		876093184,
		844170240,
		850226176,
		862640640,
		861107456,
		857110784,
		851769088,
		854318592,
		858869248,
		851199744,
		858480128,
		862824448,
		843788800,
		860151552,
		853254912,
		852444416,
		854720512,
		747827968,
		859443968,
		857263104,
		857932288,
		843110656,
		852739328,
		852466176,
		861818368,
		856858112,
		855912704,
		847926528,
		858269696,
		867592192,
		853412608,
		845741312,
		856654848,
		853990144,
		857062656,
		851228928,
		756548864,
		851130624,
		848648448,
		857745152,
		845561088,
		860293632,
		850810368,
		863244288,
		850304256,
		857502208,
		855615744,
		857472512,
		858403328,
		856185856,
		848679424
	],
	"iteration_intervals_avg": 850541213.9574468,
	"iteration_intervals_avg_second": 0.8505412139574469,
	"total_time_ns": 45526983424,
	"total_time_second": 45,
	"mem_infos": [
		[
			11269046272,
			11811160064
		],
		[
			9710862336,
			11811160064
		],
		[
			9482272768,
			11811160064
		],
		[
			1102053376,
			11811160064
		],
		[
			1204813824,
			11811160064
		],
		[
			1196425216,
			11811160064
		],
		[
			441450496,
			11811160064
		],
		[
			441450496,
			11811160064
		],
		[
			441450496,
			11811160064
		],
		[
			441450496,
			11811160064
		],
		[
			441450496,
			11811160064
		],
		[
			441450496,
			11811160064
		],
		[
			441450496,
			11811160064
		],
		[
			441450496,
			11811160064
		],
		[
			441450496,
			11811160064
		],
		[
			441450496,
			11811160064
		],
		[
			441450496,
			11811160064
		],
		[
			441450496,
			11811160064
		],
		[
			441450496,
			11811160064
		],
		[
			441450496,
			11811160064
		],
		[
			441450496,
			11811160064
		],
		[
			441450496,
			11811160064
		],
		[
			441450496,
			11811160064
		],
		[
			441450496,
			11811160064
		],
		[
			441450496,
			11811160064
		],
		[
			441450496,
			11811160064
		],
		[
			441450496,
			11811160064
		],
		[
			441450496,
			11811160064
		],
		[
			441450496,
			11811160064
		],
		[
			441450496,
			11811160064
		],
		[
			441450496,
			11811160064
		],
		[
			441450496,
			11811160064
		],
		[
			441450496,
			11811160064
		],
		[
			441450496,
			11811160064
		],
		[
			441450496,
			11811160064
		],
		[
			441450496,
			11811160064
		],
		[
			441450496,
			11811160064
		],
		[
			441450496,
			11811160064
		],
		[
			441450496,
			11811160064
		],
		[
			441450496,
			11811160064
		],
		[
			441450496,
			11811160064
		],
		[
			441450496,
			11811160064
		],
		[
			441450496,
			11811160064
		],
		[
			441450496,
			11811160064
		],
		[
			441450496,
			11811160064
		],
		[
			441450496,
			11811160064
		],
		[
			441450496,
			11811160064
		],
		[
			441450496,
			11811160064
		],
		[
			441450496,
			11811160064
		],
		[
			441450496,
			11811160064
		],
		[
			441450496,
			11811160064
		],
		[
			441450496,
			11811160064
		],
		[
			441450496,
			11811160064
		],
		[
			441450496,
			11811160064
		],
		[
			441450496,
			11811160064
		],
		[
			441450496,
			11811160064
		],
		[
			441450496,
			11811160064
		],
		[
			441450496,
			11811160064
		],
		[
			441450496,
			11811160064
		],
		[
			441450496,
			11811160064
		],
		[
			441450496,
			11811160064
		],
		[
			441450496,
			11811160064
		],
		[
			441450496,
			11811160064
		],
		[
			441450496,
			11811160064
		],
		[
			441450496,
			11811160064
		],
		[
			441450496,
			11811160064
		],
		[
			441450496,
			11811160064
		],
		[
			441450496,
			11811160064
		],
		[
			441450496,
			11811160064
		],
		[
			441450496,
			11811160064
		],
		[
			441450496,
			11811160064
		],
		[
			441450496,
			11811160064
		],
		[
			441450496,
			11811160064
		],
		[
			441450496,
			11811160064
		],
		[
			441450496,
			11811160064
		],
		[
			441450496,
			11811160064
		],
		[
			441450496,
			11811160064
		],
		[
			441450496,
			11811160064
		],
		[
			441450496,
			11811160064
		],
		[
			441450496,
			11811160064
		],
		[
			441450496,
			11811160064
		],
		[
			441450496,
			11811160064
		],
		[
			441450496,
			11811160064
		],
		[
			441450496,
			11811160064
		],
		[
			441450496,
			11811160064
		],
		[
			441450496,
			11811160064
		],
		[
			441450496,
			11811160064
		],
		[
			441450496,
			11811160064
		],
		[
			441450496,
			11811160064
		],
		[
			441450496,
			11811160064
		]
	],
	"utilization": [
		3,
		3,
		4,
		4,
		20,
		20,
		37,
		37,
		34,
		34,
		32,
		32,
		29,
		29,
		33,
		33,
		34,
		34,
		33,
		33,
		31,
		31,
		33,
		33,
		31,
		31,
		31,
		31,
		33,
		33,
		34,
		34,
		32,
		32,
		30,
		30,
		31,
		31,
		34,
		34,
		33,
		33,
		34,
		34,
		29,
		29,
		31,
		31,
		34,
		34,
		34,
		34,
		31,
		31,
		31,
		31,
		33,
		33,
		31,
		31,
		33,
		33,
		33,
		33,
		31,
		31,
		32,
		32,
		31,
		31,
		32,
		32,
		34,
		34,
		36,
		36,
		29,
		29,
		30,
		30,
		33,
		33,
		36,
		36,
		31,
		31,
		31,
		31,
		32,
		32
	],
	"computation_proportion": 75,
	"extra_dict": {}
}