{
	"model_name": "ResNet50",
	"batch_size": 4,
	"duration_sec": 45,
	"mode": "train",
	"is_DDP": true,
	"process_group_backend": "gloo",
	"world_size": 2,
	"rank": 0,
	"local_rank": 0,
	"device_type": "gpu",
	"master_addr": "133.133.135.74",
	"master_port": 39920,
	"iteration_count": 47,
	"iteration_intervals": [
		2304485120,
		947287552,
		942787584,
		946519040,
		950589184,
		941887744,
		932257024,
		937031168,
		929044224,
		945214208,
		944873472,
		931996160,
		932704000,
		954899456,
		932437504,
		937195008,
		932618240,
		925564416,
		959265024,
		939518208,
		928359168,
		944470016,
		933589248,
		937925632,
		934066688,
		950127360,
		948698624,
		936209152,
		934609920,
		953859840,
		940835584,
		937333504,
		934560000,
		942426624,
		941355776,
		938457600,
		931901184,
		939223040,
		945862144,
		931593216,
		946676480,
		935062016,
		937188352,
		936072448,
		953334016,
		932539392,
		938604800
	],
	"iteration_intervals_avg": 939082087.6190476,
	"iteration_intervals_avg_second": 0.9390820876190477,
	"total_time_ns": 45533988352,
	"total_time_second": 45,
	"mem_infos": [
		[
			10964959232,
			11811160064
		],
		[
			10734272512,
			11811160064
		],
		[
			10480517120,
			11811160064
		],
		[
			9956229120,
			11811160064
		],
		[
			9956229120,
			11811160064
		],
		[
			9683599360,
			11811160064
		],
		[
			9683599360,
			11811160064
		],
		[
			9683599360,
			11811160064
		],
		[
			9683599360,
			11811160064
		],
		[
			9683599360,
			11811160064
		],
		[
			9683599360,
			11811160064
		],
		[
			9683599360,
			11811160064
		],
		[
			9683599360,
			11811160064
		],
		[
			9683599360,
			11811160064
		],
		[
			9683599360,
			11811160064
		],
		[
			9683599360,
			11811160064
		],
		[
			9683599360,
			11811160064
		],
		[
			9683599360,
			11811160064
		],
		[
			9683599360,
			11811160064
		],
		[
			9683599360,
			11811160064
		],
		[
			9683599360,
			11811160064
		],
		[
			9683599360,
			11811160064
		],
		[
			9683599360,
			11811160064
		],
		[
			9683599360,
			11811160064
		],
		[
			9683599360,
			11811160064
		],
		[
			9683599360,
			11811160064
		],
		[
			9683599360,
			11811160064
		],
		[
			9683599360,
			11811160064
		],
		[
			9683599360,
			11811160064
		],
		[
			9683599360,
			11811160064
		],
		[
			9683599360,
			11811160064
		],
		[
			9683599360,
			11811160064
		],
		[
			9683599360,
			11811160064
		],
		[
			9683599360,
			11811160064
		],
		[
			9683599360,
			11811160064
		],
		[
			9683599360,
			11811160064
		],
		[
			9683599360,
			11811160064
		],
		[
			9683599360,
			11811160064
		],
		[
			9683599360,
			11811160064
		],
		[
			9683599360,
			11811160064
		],
		[
			9683599360,
			11811160064
		],
		[
			9683599360,
			11811160064
		],
		[
			9683599360,
			11811160064
		],
		[
			9683599360,
			11811160064
		],
		[
			9683599360,
			11811160064
		],
		[
			9683599360,
			11811160064
		],
		[
			9683599360,
			11811160064
		],
		[
			9683599360,
			11811160064
		],
		[
			9683599360,
			11811160064
		],
		[
			9683599360,
			11811160064
		],
		[
			9683599360,
			11811160064
		],
		[
			9683599360,
			11811160064
		],
		[
			9683599360,
			11811160064
		],
		[
			9683599360,
			11811160064
		],
		[
			9683599360,
			11811160064
		],
		[
			9683599360,
			11811160064
		],
		[
			9683599360,
			11811160064
		],
		[
			9683599360,
			11811160064
		],
		[
			9683599360,
			11811160064
		],
		[
			9683599360,
			11811160064
		],
		[
			9683599360,
			11811160064
		],
		[
			9683599360,
			11811160064
		],
		[
			9683599360,
			11811160064
		],
		[
			9683599360,
			11811160064
		],
		[
			9683599360,
			11811160064
		],
		[
			9683599360,
			11811160064
		],
		[
			9683599360,
			11811160064
		],
		[
			9683599360,
			11811160064
		],
		[
			9683599360,
			11811160064
		],
		[
			9683599360,
			11811160064
		],
		[
			9683599360,
			11811160064
		],
		[
			9683599360,
			11811160064
		],
		[
			9683599360,
			11811160064
		],
		[
			9683599360,
			11811160064
		],
		[
			9683599360,
			11811160064
		],
		[
			9683599360,
			11811160064
		],
		[
			9683599360,
			11811160064
		],
		[
			9683599360,
			11811160064
		],
		[
			9683599360,
			11811160064
		],
		[
			9683599360,
			11811160064
		],
		[
			9683599360,
			11811160064
		],
		[
			9683599360,
			11811160064
		],
		[
			9683599360,
			11811160064
		],
		[
			9683599360,
			11811160064
		],
		[
			9683599360,
			11811160064
		],
		[
			9683599360,
			11811160064
		],
		[
			9683599360,
			11811160064
		],
		[
			9683599360,
			11811160064
		],
		[
			9683599360,
			11811160064
		],
		[
			9683599360,
			11811160064
		]
	],
	"utilization": [
		3,
		3,
		3,
		3,
		7,
		7,
		5,
		5,
		5,
		5,
		5,
		5,
		5,
		5,
		5,
		5,
		5,
		5,
		5,
		5,
		5,
		5,
		5,
		5,
		5,
		5,
		5,
		5,
		7,
		7,
		7,
		7,
		5,
		5,
		5,
		5,
		5,
		5,
		5,
		5,
		5,
		5,
		5,
		5,
		5,
		5,
		5,
		5,
		5,
		5,
		5,
		5,
		5,
		5,
		5,
		5,
		6,
		6,
		8,
		8,
		5,
		5,
		5,
		5,
		5,
		5,
		5,
		5,
		5,
		5,
		5,
		5,
		5,
		5,
		5,
		5,
		5,
		5,
		5,
		5,
		5,
		5,
		5,
		5,
		5,
		5,
		7,
		7,
		6,
		6
	],
	"computation_proportion": 30,
	"extra_dict": {}
}