{
	"model_name": "ShuffleNet",
	"batch_size": 32,
	"duration_sec": 45,
	"mode": "train",
	"is_DDP": true,
	"process_group_backend": "gloo",
	"world_size": 1,
	"rank": 0,
	"local_rank": 0,
	"device_type": "gpu",
	"master_addr": "133.133.135.75",
	"master_port": 39920,
	"iteration_count": 113,
	"iteration_intervals": [
		1298809856,
		55427584,
		53896448,
		111730688,
		241184768,
		140432384,
		237030912,
		240128256,
		1591097344,
		727215616,
		380116480,
		367160576,
		363387904,
		255271936,
		245725952,
		354972416,
		249241344,
		361750016,
		488470016,
		730672128,
		582918656,
		392828672,
		354434560,
		267826432,
		244913408,
		361382656,
		251331584,
		481265152,
		486054144,
		741195008,
		489602560,
		363860992,
		339961344,
		279787776,
		247545088,
		244614656,
		363319296,
		367135744,
		464144896,
		635723776,
		490892544,
		374585600,
		363729920,
		246281216,
		255696896,
		318383872,
		276258816,
		249477888,
		360080896,
		467757056,
		513003520,
		497759232,
		454658816,
		281021952,
		331260928,
		265827584,
		252143872,
		248093952,
		336291072,
		273627648,
		488888064,
		606400000,
		603336448,
		375945728,
		369469952,
		254227968,
		251215104,
		247128576,
		350773760,
		370025216,
		370249216,
		611066880,
		612418560,
		370108160,
		359115520,
		258083072,
		357023232,
		243027200,
		246911488,
		249851904,
		359353344,
		372506880,
		582317824,
		513429248,
		467127808,
		280693248,
		359274752,
		242638080,
		248185088,
		250864384,
		243302400,
		245723904,
		363588608,
		457672448,
		513337856,
		496800000,
		363384320,
		370908416,
		464291328,
		514176256,
		374300416,
		363132416,
		368457728,
		481514752,
		610917632,
		1100757504,
		617279744,
		374929152,
		370650368,
		363393792,
		455385600,
		611170560,
		1253562368
	],
	"iteration_intervals_avg": 409255992.8888889,
	"iteration_intervals_avg_second": 0.4092559928888889,
	"total_time_ns": 45961788928,
	"total_time_second": 45,
	"mem_infos": [
		[
			11269046272,
			11811160064
		],
		[
			10979639296,
			11811160064
		],
		[
			10742661120,
			11811160064
		],
		[
			9840885760,
			11811160064
		],
		[
			9840885760,
			11811160064
		],
		[
			9840885760,
			11811160064
		],
		[
			9840885760,
			11811160064
		],
		[
			9840885760,
			11811160064
		],
		[
			9840885760,
			11811160064
		],
		[
			9840885760,
			11811160064
		],
		[
			9840885760,
			11811160064
		],
		[
			9840885760,
			11811160064
		],
		[
			9840885760,
			11811160064
		],
		[
			9840885760,
			11811160064
		],
		[
			9840885760,
			11811160064
		],
		[
			9840885760,
			11811160064
		],
		[
			9840885760,
			11811160064
		],
		[
			9840885760,
			11811160064
		],
		[
			9840885760,
			11811160064
		],
		[
			9840885760,
			11811160064
		],
		[
			9840885760,
			11811160064
		],
		[
			9840885760,
			11811160064
		],
		[
			9840885760,
			11811160064
		],
		[
			9840885760,
			11811160064
		],
		[
			9840885760,
			11811160064
		],
		[
			9840885760,
			11811160064
		],
		[
			9840885760,
			11811160064
		],
		[
			9840885760,
			11811160064
		],
		[
			9840885760,
			11811160064
		],
		[
			9840885760,
			11811160064
		],
		[
			9840885760,
			11811160064
		],
		[
			9840885760,
			11811160064
		],
		[
			9840885760,
			11811160064
		],
		[
			9840885760,
			11811160064
		],
		[
			9840885760,
			11811160064
		],
		[
			9840885760,
			11811160064
		],
		[
			9840885760,
			11811160064
		],
		[
			9840885760,
			11811160064
		],
		[
			9840885760,
			11811160064
		],
		[
			9840885760,
			11811160064
		],
		[
			9840885760,
			11811160064
		],
		[
			9840885760,
			11811160064
		],
		[
			9840885760,
			11811160064
		],
		[
			9840885760,
			11811160064
		],
		[
			9840885760,
			11811160064
		],
		[
			9840885760,
			11811160064
		],
		[
			9840885760,
			11811160064
		],
		[
			9840885760,
			11811160064
		],
		[
			9840885760,
			11811160064
		],
		[
			9840885760,
			11811160064
		],
		[
			9840885760,
			11811160064
		],
		[
			9840885760,
			11811160064
		],
		[
			9840885760,
			11811160064
		],
		[
			9840885760,
			11811160064
		],
		[
			9840885760,
			11811160064
		],
		[
			9840885760,
			11811160064
		],
		[
			9840885760,
			11811160064
		],
		[
			9840885760,
			11811160064
		],
		[
			9840885760,
			11811160064
		],
		[
			9840885760,
			11811160064
		],
		[
			9840885760,
			11811160064
		],
		[
			9840885760,
			11811160064
		],
		[
			9840885760,
			11811160064
		],
		[
			9840885760,
			11811160064
		],
		[
			9840885760,
			11811160064
		],
		[
			9840885760,
			11811160064
		],
		[
			9840885760,
			11811160064
		],
		[
			9840885760,
			11811160064
		],
		[
			9840885760,
			11811160064
		],
		[
			9840885760,
			11811160064
		],
		[
			9840885760,
			11811160064
		],
		[
			9840885760,
			11811160064
		],
		[
			9840885760,
			11811160064
		],
		[
			9840885760,
			11811160064
		],
		[
			9840885760,
			11811160064
		],
		[
			9840885760,
			11811160064
		],
		[
			9840885760,
			11811160064
		],
		[
			9840885760,
			11811160064
		],
		[
			9840885760,
			11811160064
		],
		[
			9840885760,
			11811160064
		],
		[
			9840885760,
			11811160064
		],
		[
			9840885760,
			11811160064
		],
		[
			9840885760,
			11811160064
		],
		[
			9840885760,
			11811160064
		],
		[
			9840885760,
			11811160064
		],
		[
			9840885760,
			11811160064
		],
		[
			9840885760,
			11811160064
		],
		[
			9840885760,
			11811160064
		],
		[
			9840885760,
			11811160064
		],
		[
			9840885760,
			11811160064
		]
	],
	"utilization": [
		0,
		5,
		5,
		5,
		5,
		18,
		18,
		3,
		3,
		2,
		2,
		5,
		5,
		9,
		9,
		8,
		8,
		5,
		5,
		5,
		5,
		8,
		8,
		8,
		8,
		4,
		4,
		5,
		5,
		9,
		9,
		8,
		8,
		5,
		5,
		5,
		5,
		9,
		9,
		9,
		9,
		5,
		5,
		6,
		6,
		9,
		9,
		9,
		9,
		5,
		5,
		5,
		5,
		9,
		9,
		8,
		8,
		5,
		5,
		5,
		5,
		9,
		9,
		9,
		9,
		5,
		5,
		5,
		5,
		9,
		9,
		10,
		10,
		6,
		6,
		6,
		6,
		5,
		5,
		7,
		7,
		6,
		6,
		3,
		3,
		3,
		3,
		7,
		7,
		6
	],
	"computation_proportion": 5,
	"extra_dict": {}
}