{
	"model_name": "ConvNeXtT",
	"batch_size": 16,
	"duration_sec": 45,
	"mode": "train",
	"is_DDP": true,
	"process_group_backend": "gloo",
	"world_size": 2,
	"rank": 1,
	"local_rank": 0,
	"device_type": "gpu",
	"master_addr": "133.133.135.75",
	"master_port": 39920,
	"iteration_count": 27,
	"iteration_intervals": [
		5227839488,
		1723101952,
		1338617600,
		1335025920,
		1825229568,
		1470066176,
		1465640448,
		1459594496,
		1832216320,
		1455021824,
		1705331200,
		1471364352,
		1226755584,
		1210095104,
		1586712064,
		1466294016,
		1470215424,
		1703499008,
		1598445568,
		1577045248,
		1829504768,
		1707266560,
		1465246720,
		1957918720,
		1588489728,
		1214846464,
		1834360832
	],
	"iteration_intervals_avg": 1558905937.4545455,
	"iteration_intervals_avg_second": 1.5589059374545455,
	"total_time_ns": 45747989504,
	"total_time_second": 45,
	"mem_infos": [
		[
			10765729792,
			11811160064
		],
		[
			10541334528,
			11811160064
		],
		[
			9807331328,
			11811160064
		],
		[
			9807331328,
			11811160064
		],
		[
			9729736704,
			11811160064
		],
		[
			9564061696,
			11811160064
		],
		[
			8943304704,
			11811160064
		],
		[
			8523874304,
			11811160064
		],
		[
			8402239488,
			11811160064
		],
		[
			8391753728,
			11811160064
		],
		[
			8389656576,
			11811160064
		],
		[
			8389656576,
			11811160064
		],
		[
			8387559424,
			11811160064
		],
		[
			8161067008,
			11811160064
		],
		[
			8161067008,
			11811160064
		],
		[
			8161067008,
			11811160064
		],
		[
			8161067008,
			11811160064
		],
		[
			8161067008,
			11811160064
		],
		[
			8161067008,
			11811160064
		],
		[
			8161067008,
			11811160064
		],
		[
			8161067008,
			11811160064
		],
		[
			8161067008,
			11811160064
		],
		[
			8161067008,
			11811160064
		],
		[
			8161067008,
			11811160064
		],
		[
			8161067008,
			11811160064
		],
		[
			8161067008,
			11811160064
		],
		[
			8161067008,
			11811160064
		],
		[
			8161067008,
			11811160064
		],
		[
			8161067008,
			11811160064
		],
		[
			8161067008,
			11811160064
		],
		[
			8161067008,
			11811160064
		],
		[
			8161067008,
			11811160064
		],
		[
			8161067008,
			11811160064
		],
		[
			8161067008,
			11811160064
		],
		[
			8161067008,
			11811160064
		],
		[
			8161067008,
			11811160064
		],
		[
			8161067008,
			11811160064
		],
		[
			8161067008,
			11811160064
		],
		[
			8161067008,
			11811160064
		],
		[
			8161067008,
			11811160064
		],
		[
			8161067008,
			11811160064
		],
		[
			8161067008,
			11811160064
		],
		[
			8161067008,
			11811160064
		],
		[
			8161067008,
			11811160064
		],
		[
			8161067008,
			11811160064
		],
		[
			8161067008,
			11811160064
		],
		[
			8161067008,
			11811160064
		],
		[
			8161067008,
			11811160064
		],
		[
			8161067008,
			11811160064
		],
		[
			8161067008,
			11811160064
		],
		[
			8161067008,
			11811160064
		],
		[
			8161067008,
			11811160064
		],
		[
			8161067008,
			11811160064
		],
		[
			8161067008,
			11811160064
		],
		[
			8161067008,
			11811160064
		],
		[
			8161067008,
			11811160064
		],
		[
			8161067008,
			11811160064
		],
		[
			8161067008,
			11811160064
		],
		[
			8161067008,
			11811160064
		],
		[
			8161067008,
			11811160064
		],
		[
			8161067008,
			11811160064
		],
		[
			8161067008,
			11811160064
		],
		[
			8161067008,
			11811160064
		],
		[
			8161067008,
			11811160064
		],
		[
			8161067008,
			11811160064
		],
		[
			8161067008,
			11811160064
		],
		[
			8161067008,
			11811160064
		],
		[
			8161067008,
			11811160064
		],
		[
			8161067008,
			11811160064
		],
		[
			8161067008,
			11811160064
		],
		[
			8161067008,
			11811160064
		],
		[
			8161067008,
			11811160064
		],
		[
			8161067008,
			11811160064
		],
		[
			8161067008,
			11811160064
		],
		[
			8161067008,
			11811160064
		],
		[
			8161067008,
			11811160064
		],
		[
			8161067008,
			11811160064
		],
		[
			8161067008,
			11811160064
		],
		[
			8161067008,
			11811160064
		],
		[
			8161067008,
			11811160064
		],
		[
			8161067008,
			11811160064
		],
		[
			8161067008,
			11811160064
		],
		[
			8161067008,
			11811160064
		],
		[
			8161067008,
			11811160064
		],
		[
			8161067008,
			11811160064
		],
		[
			8161067008,
			11811160064
		],
		[
			8161067008,
			11811160064
		],
		[
			8161067008,
			11811160064
		],
		[
			8161067008,
			11811160064
		],
		[
			8161067008,
			11811160064
		]
	],
	"utilization": [
		13,
		13,
		14,
		14,
		4,
		4,
		1,
		1,
		12,
		12,
		5,
		5,
		1,
		1,
		12,
		12,
		8,
		8,
		14,
		14,
		17,
		17,
		9,
		9,
		9,
		9,
		16,
		16,
		7,
		7,
		12,
		12,
		16,
		16,
		2,
		2,
		16,
		16,
		15,
		15,
		4,
		4,
		16,
		16,
		9,
		9,
		10,
		10,
		16,
		16,
		16,
		16,
		9,
		9,
		9,
		9,
		16,
		16,
		13,
		13,
		5,
		5,
		16,
		16,
		5,
		5,
		14,
		14,
		14,
		14,
		4,
		4,
		16,
		16,
		5,
		5,
		14,
		14,
		15,
		15,
		3,
		3,
		16,
		16,
		3,
		3,
		15,
		15,
		17,
		17
	],
	"computation_proportion": 10,
	"extra_dict": {}
}