{
	"model_name": "ResNet50",
	"batch_size": 8,
	"duration_sec": 45,
	"mode": "train",
	"is_DDP": true,
	"process_group_backend": "gloo",
	"world_size": 4,
	"rank": 0,
	"local_rank": 0,
	"device_type": "gpu",
	"master_addr": "133.133.135.75",
	"master_port": 39920,
	"iteration_count": 32,
	"iteration_intervals": [
		2790311936,
		1381814528,
		1395460352,
		1378925824,
		1403264512,
		1395624192,
		1411703040,
		1393278464,
		1392857600,
		1420750592,
		1392114688,
		1378853120,
		1381536000,
		1395346688,
		1392720128,
		1386158592,
		1547494912,
		1386932992,
		1398480384,
		1389703936,
		1393072128,
		1391770368,
		1390749696,
		1368467456,
		1404970496,
		1386979328,
		1399664384,
		1420514304,
		1382918656,
		1395109120,
		1396928000,
		1403798784
	],
	"iteration_intervals_avg": 1399944372.148148,
	"iteration_intervals_avg_second": 1.3999443721481482,
	"total_time_ns": 46149166592,
	"total_time_second": 46,
	"mem_infos": [
		[
			5059379200,
			5905580032
		],
		[
			4845469696,
			5905580032
		],
		[
			4618977280,
			5905580032
		],
		[
			3515875328,
			5905580032
		],
		[
			3515875328,
			5905580032
		],
		[
			3515875328,
			5905580032
		],
		[
			3310354432,
			5905580032
		],
		[
			3310354432,
			5905580032
		],
		[
			3310354432,
			5905580032
		],
		[
			3262119936,
			5905580032
		],
		[
			3262119936,
			5905580032
		],
		[
			3262119936,
			5905580032
		],
		[
			3262119936,
			5905580032
		],
		[
			3262119936,
			5905580032
		],
		[
			3262119936,
			5905580032
		],
		[
			3262119936,
			5905580032
		],
		[
			3262119936,
			5905580032
		],
		[
			3262119936,
			5905580032
		],
		[
			3262119936,
			5905580032
		],
		[
			3262119936,
			5905580032
		],
		[
			3262119936,
			5905580032
		],
		[
			3262119936,
			5905580032
		],
		[
			3262119936,
			5905580032
		],
		[
			3262119936,
			5905580032
		],
		[
			3262119936,
			5905580032
		],
		[
			3262119936,
			5905580032
		],
		[
			3262119936,
			5905580032
		],
		[
			3262119936,
			5905580032
		],
		[
			3262119936,
			5905580032
		],
		[
			3262119936,
			5905580032
		],
		[
			3262119936,
			5905580032
		],
		[
			3262119936,
			5905580032
		],
		[
			3262119936,
			5905580032
		],
		[
			3262119936,
			5905580032
		],
		[
			3262119936,
			5905580032
		],
		[
			3262119936,
			5905580032
		],
		[
			3262119936,
			5905580032
		],
		[
			3262119936,
			5905580032
		],
		[
			3262119936,
			5905580032
		],
		[
			3262119936,
			5905580032
		],
		[
			3262119936,
			5905580032
		],
		[
			3262119936,
			5905580032
		],
		[
			3262119936,
			5905580032
		],
		[
			3262119936,
			5905580032
		],
		[
			3262119936,
			5905580032
		],
		[
			3262119936,
			5905580032
		],
		[
			3262119936,
			5905580032
		],
		[
			3262119936,
			5905580032
		],
		[
			3262119936,
			5905580032
		],
		[
			3262119936,
			5905580032
		],
		[
			3262119936,
			5905580032
		],
		[
			3262119936,
			5905580032
		],
		[
			3262119936,
			5905580032
		],
		[
			3262119936,
			5905580032
		],
		[
			3262119936,
			5905580032
		],
		[
			3262119936,
			5905580032
		],
		[
			3262119936,
			5905580032
		],
		[
			3262119936,
			5905580032
		],
		[
			3262119936,
			5905580032
		],
		[
			3262119936,
			5905580032
		],
		[
			3262119936,
			5905580032
		],
		[
			3262119936,
			5905580032
		],
		[
			3262119936,
			5905580032
		],
		[
			3262119936,
			5905580032
		],
		[
			3262119936,
			5905580032
		],
		[
			3262119936,
			5905580032
		],
		[
			3262119936,
			5905580032
		],
		[
			3262119936,
			5905580032
		],
		[
			3262119936,
			5905580032
		],
		[
			3262119936,
			5905580032
		],
		[
			3262119936,
			5905580032
		],
		[
			3262119936,
			5905580032
		],
		[
			3262119936,
			5905580032
		],
		[
			3262119936,
			5905580032
		],
		[
			3262119936,
			5905580032
		],
		[
			3262119936,
			5905580032
		],
		[
			3262119936,
			5905580032
		],
		[
			3262119936,
			5905580032
		],
		[
			3262119936,
			5905580032
		],
		[
			3262119936,
			5905580032
		],
		[
			3262119936,
			5905580032
		],
		[
			3262119936,
			5905580032
		],
		[
			3262119936,
			5905580032
		],
		[
			3262119936,
			5905580032
		],
		[
			3262119936,
			5905580032
		],
		[
			3262119936,
			5905580032
		],
		[
			3262119936,
			5905580032
		],
		[
			3262119936,
			5905580032
		],
		[
			3262119936,
			5905580032
		],
		[
			3262119936,
			5905580032
		]
	],
	"utilization": [
		0,
		0,
		9,
		9,
		21,
		21,
		0,
		0,
		14,
		14,
		12,
		12,
		3,
		3,
		10,
		10,
		10,
		10,
		13,
		13,
		1,
		1,
		11,
		11,
		11,
		11,
		9,
		9,
		4,
		4,
		12,
		12,
		12,
		12,
		1,
		1,
		11,
		11,
		11,
		11,
		12,
		12,
		1,
		1,
		14,
		14,
		14,
		14,
		1,
		1,
		14,
		14,
		13,
		13,
		6,
		6,
		7,
		7,
		12,
		12,
		13,
		13,
		1,
		1,
		12,
		12,
		12,
		12,
		12,
		12,
		1,
		1,
		12,
		12,
		14,
		14,
		1,
		1,
		14,
		14,
		12,
		12,
		13,
		13,
		1,
		1,
		12,
		12,
		12,
		12
	],
	"computation_proportion": 45,
	"extra_dict": {}
}