{
	"model_name": "GhostNet",
	"batch_size": 128,
	"duration_sec": 45,
	"mode": "train",
	"is_DDP": true,
	"process_group_backend": "gloo",
	"world_size": 2,
	"rank": 1,
	"local_rank": 0,
	"device_type": "gpu",
	"master_addr": "133.133.135.75",
	"master_port": 39920,
	"iteration_count": 103,
	"iteration_intervals": [
		1540982272,
		455713024,
		385011200,
		472813056,
		371615488,
		476706304,
		382099712,
		487739904,
		364880128,
		475633920,
		379905024,
		475060992,
		378697728,
		490002688,
		375123200,
		475279872,
		374981120,
		477124864,
		380848384,
		474428160,
		376627200,
		401829376,
		450537728,
		394771200,
		458026752,
		396849664,
		465628672,
		396104704,
		454887680,
		389251840,
		466685184,
		394950144,
		462811136,
		390114304,
		461569024,
		390202624,
		466630912,
		397495040,
		457563648,
		384598528,
		467766784,
		394162688,
		465249280,
		388954624,
		467774976,
		380422656,
		471122176,
		380899584,
		481187840,
		384088832,
		464783360,
		394519808,
		470780672,
		373506304,
		475423488,
		382524672,
		477018880,
		375353088,
		486435584,
		373529088,
		617942784,
		372551936,
		481264640,
		379535360,
		475238656,
		373356032,
		401893888,
		473353728,
		389341952,
		467154432,
		387369216,
		455621120,
		398957824,
		463133440,
		398557696,
		450827520,
		389261824,
		464097792,
		391938304,
		459262208,
		403964160,
		466031616,
		381199104,
		462152192,
		385585408,
		470007808,
		387731968,
		467948800,
		387370752,
		474652160,
		371289088,
		473433344,
		385447424,
		473048064,
		378941440,
		470212096,
		384563712,
		472776192,
		379488000,
		474835968,
		381273344,
		473700608,
		370828288
	],
	"iteration_intervals_avg": 428043812.5714286,
	"iteration_intervals_avg_second": 0.4280438125714286,
	"total_time_ns": 45175446528,
	"total_time_second": 45,
	"mem_infos": [
		[
			11269046272,
			11811160064
		],
		[
			10400825344,
			11811160064
		],
		[
			10180624384,
			11811160064
		],
		[
			4035969024,
			11811160064
		],
		[
			4027580416,
			11811160064
		],
		[
			4027580416,
			11811160064
		],
		[
			4027580416,
			11811160064
		],
		[
			4027580416,
			11811160064
		],
		[
			4027580416,
			11811160064
		],
		[
			4027580416,
			11811160064
		],
		[
			4027580416,
			11811160064
		],
		[
			4027580416,
			11811160064
		],
		[
			4027580416,
			11811160064
		],
		[
			4027580416,
			11811160064
		],
		[
			4027580416,
			11811160064
		],
		[
			4027580416,
			11811160064
		],
		[
			4027580416,
			11811160064
		],
		[
			4027580416,
			11811160064
		],
		[
			4027580416,
			11811160064
		],
		[
			4027580416,
			11811160064
		],
		[
			4027580416,
			11811160064
		],
		[
			4027580416,
			11811160064
		],
		[
			4027580416,
			11811160064
		],
		[
			4027580416,
			11811160064
		],
		[
			4027580416,
			11811160064
		],
		[
			4027580416,
			11811160064
		],
		[
			4027580416,
			11811160064
		],
		[
			4027580416,
			11811160064
		],
		[
			4027580416,
			11811160064
		],
		[
			4027580416,
			11811160064
		],
		[
			4027580416,
			11811160064
		],
		[
			4027580416,
			11811160064
		],
		[
			4027580416,
			11811160064
		],
		[
			4027580416,
			11811160064
		],
		[
			4027580416,
			11811160064
		],
		[
			4027580416,
			11811160064
		],
		[
			4027580416,
			11811160064
		],
		[
			4027580416,
			11811160064
		],
		[
			4027580416,
			11811160064
		],
		[
			4027580416,
			11811160064
		],
		[
			4027580416,
			11811160064
		],
		[
			4027580416,
			11811160064
		],
		[
			4027580416,
			11811160064
		],
		[
			4027580416,
			11811160064
		],
		[
			4027580416,
			11811160064
		],
		[
			4027580416,
			11811160064
		],
		[
			4027580416,
			11811160064
		],
		[
			4027580416,
			11811160064
		],
		[
			4027580416,
			11811160064
		],
		[
			4027580416,
			11811160064
		],
		[
			4027580416,
			11811160064
		],
		[
			4027580416,
			11811160064
		],
		[
			4027580416,
			11811160064
		],
		[
			4027580416,
			11811160064
		],
		[
			4027580416,
			11811160064
		],
		[
			4027580416,
			11811160064
		],
		[
			4027580416,
			11811160064
		],
		[
			4027580416,
			11811160064
		],
		[
			4027580416,
			11811160064
		],
		[
			4027580416,
			11811160064
		],
		[
			4027580416,
			11811160064
		],
		[
			4027580416,
			11811160064
		],
		[
			4027580416,
			11811160064
		],
		[
			4027580416,
			11811160064
		],
		[
			4027580416,
			11811160064
		],
		[
			4027580416,
			11811160064
		],
		[
			4027580416,
			11811160064
		],
		[
			4027580416,
			11811160064
		],
		[
			4027580416,
			11811160064
		],
		[
			4027580416,
			11811160064
		],
		[
			4027580416,
			11811160064
		],
		[
			4027580416,
			11811160064
		],
		[
			4027580416,
			11811160064
		],
		[
			4027580416,
			11811160064
		],
		[
			4027580416,
			11811160064
		],
		[
			4027580416,
			11811160064
		],
		[
			4027580416,
			11811160064
		],
		[
			4027580416,
			11811160064
		],
		[
			4027580416,
			11811160064
		],
		[
			4027580416,
			11811160064
		],
		[
			4027580416,
			11811160064
		],
		[
			4027580416,
			11811160064
		],
		[
			4027580416,
			11811160064
		],
		[
			4027580416,
			11811160064
		],
		[
			4027580416,
			11811160064
		],
		[
			4027580416,
			11811160064
		],
		[
			4027580416,
			11811160064
		],
		[
			4027580416,
			11811160064
		],
		[
			4027580416,
			11811160064
		],
		[
			4027580416,
			11811160064
		]
	],
	"utilization": [
		6,
		6,
		7,
		7,
		31,
		31,
		31,
		31,
		31,
		31,
		34,
		34,
		32,
		32,
		32,
		32,
		31,
		31,
		34,
		34,
		33,
		33,
		30,
		30,
		31,
		31,
		34,
		34,
		32,
		32,
		32,
		32,
		33,
		33,
		33,
		33,
		32,
		32,
		32,
		32,
		32,
		32,
		34,
		34,
		31,
		31,
		31,
		31,
		31,
		34,
		34,
		32,
		32,
		32,
		32,
		27,
		27,
		32,
		32,
		34,
		34,
		33,
		33,
		30,
		30,
		32,
		32,
		34,
		34,
		31,
		31,
		32,
		32,
		34,
		34,
		32,
		32,
		33,
		33,
		32,
		32,
		33,
		33,
		34,
		34,
		31,
		31,
		31,
		31,
		35
	],
	"computation_proportion": 75,
	"extra_dict": {}
}