{
	"model_name": "HarDNet",
	"batch_size": 64,
	"duration_sec": 45,
	"mode": "train",
	"is_DDP": true,
	"process_group_backend": "gloo",
	"world_size": 2,
	"rank": 0,
	"local_rank": 0,
	"device_type": "gpu",
	"master_addr": "133.133.135.74",
	"master_port": 39920,
	"iteration_count": 60,
	"iteration_intervals": [
		1489013760,
		771114752,
		858589184,
		860004352,
		728197376,
		740543488,
		735682816,
		735658752,
		723048192,
		737817344,
		858427392,
		859054080,
		735574784,
		723028480,
		621027072,
		602820864,
		731324928,
		735850752,
		742577408,
		612186112,
		853063936,
		735927040,
		851058944,
		739490816,
		722758144,
		737548288,
		738473728,
		854866432,
		811433984,
		663067136,
		725149184,
		811719168,
		658467328,
		821406208,
		764871424,
		615201280,
		618187264,
		725593856,
		617133312,
		849676800,
		728826624,
		860520448,
		736992256,
		731829248,
		726257920,
		739129344,
		854747648,
		740801792,
		730663168,
		727168512,
		736395008,
		688094208,
		658678272,
		741121280,
		723843328,
		734526720,
		739215360,
		805593600,
		776868608,
		616733184
	],
	"iteration_intervals_avg": 738322241.1636363,
	"iteration_intervals_avg_second": 0.7383222411636363,
	"total_time_ns": 45315472896,
	"total_time_second": 45,
	"mem_infos": [
		[
			11269046272,
			11811160064
		],
		[
			10700718080,
			11811160064
		],
		[
			10453254144,
			11811160064
		],
		[
			7372537856,
			11811160064
		],
		[
			7372537856,
			11811160064
		],
		[
			7372537856,
			11811160064
		],
		[
			7372537856,
			11811160064
		],
		[
			7372537856,
			11811160064
		],
		[
			7372537856,
			11811160064
		],
		[
			7372537856,
			11811160064
		],
		[
			7372537856,
			11811160064
		],
		[
			7372537856,
			11811160064
		],
		[
			7372537856,
			11811160064
		],
		[
			7372537856,
			11811160064
		],
		[
			7372537856,
			11811160064
		],
		[
			7372537856,
			11811160064
		],
		[
			7372537856,
			11811160064
		],
		[
			7372537856,
			11811160064
		],
		[
			7372537856,
			11811160064
		],
		[
			7372537856,
			11811160064
		],
		[
			7372537856,
			11811160064
		],
		[
			7372537856,
			11811160064
		],
		[
			7372537856,
			11811160064
		],
		[
			7372537856,
			11811160064
		],
		[
			7372537856,
			11811160064
		],
		[
			7372537856,
			11811160064
		],
		[
			7372537856,
			11811160064
		],
		[
			7372537856,
			11811160064
		],
		[
			7372537856,
			11811160064
		],
		[
			7372537856,
			11811160064
		],
		[
			7372537856,
			11811160064
		],
		[
			7372537856,
			11811160064
		],
		[
			7372537856,
			11811160064
		],
		[
			7372537856,
			11811160064
		],
		[
			7372537856,
			11811160064
		],
		[
			7372537856,
			11811160064
		],
		[
			7372537856,
			11811160064
		],
		[
			7372537856,
			11811160064
		],
		[
			7372537856,
			11811160064
		],
		[
			7372537856,
			11811160064
		],
		[
			7372537856,
			11811160064
		],
		[
			7372537856,
			11811160064
		],
		[
			7372537856,
			11811160064
		],
		[
			7372537856,
			11811160064
		],
		[
			7372537856,
			11811160064
		],
		[
			7372537856,
			11811160064
		],
		[
			7372537856,
			11811160064
		],
		[
			7372537856,
			11811160064
		],
		[
			7372537856,
			11811160064
		],
		[
			7372537856,
			11811160064
		],
		[
			7372537856,
			11811160064
		],
		[
			7372537856,
			11811160064
		],
		[
			7372537856,
			11811160064
		],
		[
			7372537856,
			11811160064
		],
		[
			7372537856,
			11811160064
		],
		[
			7372537856,
			11811160064
		],
		[
			7372537856,
			11811160064
		],
		[
			7372537856,
			11811160064
		],
		[
			7372537856,
			11811160064
		],
		[
			7372537856,
			11811160064
		],
		[
			7372537856,
			11811160064
		],
		[
			7372537856,
			11811160064
		],
		[
			7372537856,
			11811160064
		],
		[
			7372537856,
			11811160064
		],
		[
			7372537856,
			11811160064
		],
		[
			7372537856,
			11811160064
		],
		[
			7372537856,
			11811160064
		],
		[
			7372537856,
			11811160064
		],
		[
			7372537856,
			11811160064
		],
		[
			7372537856,
			11811160064
		],
		[
			7372537856,
			11811160064
		],
		[
			7372537856,
			11811160064
		],
		[
			7372537856,
			11811160064
		],
		[
			7372537856,
			11811160064
		],
		[
			7372537856,
			11811160064
		],
		[
			7372537856,
			11811160064
		],
		[
			7372537856,
			11811160064
		],
		[
			7372537856,
			11811160064
		],
		[
			7372537856,
			11811160064
		],
		[
			7372537856,
			11811160064
		],
		[
			7372537856,
			11811160064
		],
		[
			7372537856,
			11811160064
		],
		[
			7372537856,
			11811160064
		],
		[
			7372537856,
			11811160064
		],
		[
			7372537856,
			11811160064
		],
		[
			7372537856,
			11811160064
		],
		[
			7372537856,
			11811160064
		],
		[
			7372537856,
			11811160064
		],
		[
			7372537856,
			11811160064
		],
		[
			7372537856,
			11811160064
		]
	],
	"utilization": [
		0,
		5,
		5,
		7,
		7,
		11,
		11,
		10,
		10,
		9,
		9,
		11,
		11,
		10,
		10,
		11,
		11,
		11,
		11,
		9,
		9,
		9,
		9,
		11,
		11,
		13,
		13,
		12,
		12,
		11,
		11,
		11,
		11,
		12,
		12,
		10,
		10,
		9,
		9,
		11,
		11,
		12,
		12,
		10,
		10,
		9,
		9,
		12,
		12,
		11,
		11,
		11,
		11,
		11,
		11,
		10,
		10,
		13,
		13,
		12,
		12,
		12,
		12,
		10,
		10,
		9,
		9,
		11,
		11,
		11,
		11,
		9,
		9,
		10,
		10,
		13,
		13,
		10,
		10,
		12,
		12,
		10,
		10,
		12,
		12,
		11,
		11,
		10,
		10,
		11
	],
	"computation_proportion": 10,
	"extra_dict": {}
}