{
	"model_name": "ResNet50",
	"batch_size": 32,
	"duration_sec": 45,
	"mode": "train",
	"is_DDP": true,
	"process_group_backend": "gloo",
	"world_size": 2,
	"rank": 0,
	"local_rank": 0,
	"device_type": "gpu",
	"master_addr": "133.133.135.74",
	"master_port": 39920,
	"iteration_count": 28,
	"iteration_intervals": [
		2405726464,
		976568832,
		972944384,
		1034396672,
		1446526208,
		1645755136,
		1954277120,
		1405353472,
		1247119616,
		1739245056,
		1834570240,
		1458910720,
		1210410496,
		1482481664,
		1590215680,
		1953786112,
		1949644032,
		1949201408,
		1839925248,
		1821557248,
		1543305472,
		1631368960,
		1709976832,
		1463280640,
		1959878912,
		1953526016,
		1952188672,
		1416132864
	],
	"iteration_intervals_avg": 1683135287.652174,
	"iteration_intervals_avg_second": 1.683135287652174,
	"total_time_ns": 45549055744,
	"total_time_second": 45,
	"mem_infos": [
		[
			10964959232,
			11811160064
		],
		[
			10602151936,
			11811160064
		],
		[
			10360979456,
			11811160064
		],
		[
			5885657088,
			11811160064
		],
		[
			5885657088,
			11811160064
		],
		[
			5847908352,
			11811160064
		],
		[
			5847908352,
			11811160064
		],
		[
			5847908352,
			11811160064
		],
		[
			5847908352,
			11811160064
		],
		[
			5847908352,
			11811160064
		],
		[
			5847908352,
			11811160064
		],
		[
			5847908352,
			11811160064
		],
		[
			5847908352,
			11811160064
		],
		[
			5847908352,
			11811160064
		],
		[
			5847908352,
			11811160064
		],
		[
			5847908352,
			11811160064
		],
		[
			5847908352,
			11811160064
		],
		[
			5847908352,
			11811160064
		],
		[
			5847908352,
			11811160064
		],
		[
			5847908352,
			11811160064
		],
		[
			5847908352,
			11811160064
		],
		[
			5847908352,
			11811160064
		],
		[
			5847908352,
			11811160064
		],
		[
			5847908352,
			11811160064
		],
		[
			5847908352,
			11811160064
		],
		[
			5847908352,
			11811160064
		],
		[
			5847908352,
			11811160064
		],
		[
			5847908352,
			11811160064
		],
		[
			5847908352,
			11811160064
		],
		[
			5847908352,
			11811160064
		],
		[
			5847908352,
			11811160064
		],
		[
			5847908352,
			11811160064
		],
		[
			5847908352,
			11811160064
		],
		[
			5847908352,
			11811160064
		],
		[
			5847908352,
			11811160064
		],
		[
			5847908352,
			11811160064
		],
		[
			5847908352,
			11811160064
		],
		[
			5847908352,
			11811160064
		],
		[
			5847908352,
			11811160064
		],
		[
			5847908352,
			11811160064
		],
		[
			5847908352,
			11811160064
		],
		[
			5847908352,
			11811160064
		],
		[
			5847908352,
			11811160064
		],
		[
			5847908352,
			11811160064
		],
		[
			5847908352,
			11811160064
		],
		[
			5847908352,
			11811160064
		],
		[
			5847908352,
			11811160064
		],
		[
			5847908352,
			11811160064
		],
		[
			5847908352,
			11811160064
		],
		[
			5847908352,
			11811160064
		],
		[
			5847908352,
			11811160064
		],
		[
			5847908352,
			11811160064
		],
		[
			5847908352,
			11811160064
		],
		[
			5847908352,
			11811160064
		],
		[
			5847908352,
			11811160064
		],
		[
			5847908352,
			11811160064
		],
		[
			5847908352,
			11811160064
		],
		[
			5847908352,
			11811160064
		],
		[
			5847908352,
			11811160064
		],
		[
			5847908352,
			11811160064
		],
		[
			5847908352,
			11811160064
		],
		[
			5847908352,
			11811160064
		],
		[
			5847908352,
			11811160064
		],
		[
			5847908352,
			11811160064
		],
		[
			5847908352,
			11811160064
		],
		[
			5847908352,
			11811160064
		],
		[
			5847908352,
			11811160064
		],
		[
			5847908352,
			11811160064
		],
		[
			5847908352,
			11811160064
		],
		[
			5847908352,
			11811160064
		],
		[
			5847908352,
			11811160064
		],
		[
			5847908352,
			11811160064
		],
		[
			5847908352,
			11811160064
		],
		[
			5847908352,
			11811160064
		],
		[
			5847908352,
			11811160064
		],
		[
			5847908352,
			11811160064
		],
		[
			5847908352,
			11811160064
		],
		[
			5847908352,
			11811160064
		],
		[
			5847908352,
			11811160064
		],
		[
			5847908352,
			11811160064
		],
		[
			5847908352,
			11811160064
		],
		[
			5847908352,
			11811160064
		],
		[
			5847908352,
			11811160064
		],
		[
			5847908352,
			11811160064
		],
		[
			5847908352,
			11811160064
		],
		[
			5847908352,
			11811160064
		],
		[
			5847908352,
			11811160064
		],
		[
			5847908352,
			11811160064
		],
		[
			5847908352,
			11811160064
		],
		[
			5847908352,
			11811160064
		]
	],
	"utilization": [
		2,
		2,
		4,
		4,
		19,
		19,
		15,
		15,
		15,
		15,
		14,
		14,
		10,
		10,
		13,
		13,
		12,
		12,
		8,
		8,
		11,
		11,
		9,
		9,
		15,
		15,
		15,
		15,
		12,
		12,
		8,
		8,
		8,
		8,
		11,
		11,
		16,
		16,
		15,
		15,
		9,
		9,
		13,
		13,
		14,
		14,
		7,
		7,
		12,
		12,
		6,
		6,
		14,
		14,
		6,
		6,
		13,
		13,
		6,
		6,
		13,
		13,
		9,
		9,
		10,
		10,
		13,
		13,
		12,
		12,
		11,
		11,
		9,
		9,
		11,
		11,
		15,
		15,
		7,
		7,
		12,
		12,
		6,
		6,
		12,
		12,
		9,
		9,
		10,
		10
	],
	"computation_proportion": 10,
	"extra_dict": {}
}