{
	"model_name": "InceptionV3",
	"batch_size": 16,
	"duration_sec": 45,
	"mode": "train",
	"is_DDP": true,
	"process_group_backend": "gloo",
	"world_size": 4,
	"rank": 2,
	"local_rank": 0,
	"device_type": "gpu",
	"master_addr": "133.133.135.75",
	"master_port": 39920,
	"iteration_count": 29,
	"iteration_intervals": [
		3006689024,
		1525167104,
		1506633728,
		1544824576,
		1489081600,
		1503407616,
		1521658112,
		1495245568,
		1511914240,
		1545428736,
		1490132992,
		1515728384,
		1507216640,
		1509883648,
		1511652352,
		1504615936,
		1506589440,
		1505178880,
		1507407360,
		1503848704,
		1513829888,
		1518609408,
		1508237824,
		1512609536,
		1514834688,
		1537188608,
		1501777408,
		1510371840,
		1512581376
	],
	"iteration_intervals_avg": 1511247882.6666667,
	"iteration_intervals_avg_second": 1.5112478826666667,
	"total_time_ns": 45343318784,
	"total_time_second": 45,
	"mem_infos": [
		[
			5046796288,
			5905580032
		],
		[
			4834983936,
			5905580032
		],
		[
			4616880128,
			5905580032
		],
		[
			2557476864,
			5905580032
		],
		[
			2557476864,
			5905580032
		],
		[
			2557476864,
			5905580032
		],
		[
			2477785088,
			5905580032
		],
		[
			2232418304,
			5905580032
		],
		[
			2232418304,
			5905580032
		],
		[
			2232418304,
			5905580032
		],
		[
			2232418304,
			5905580032
		],
		[
			2232418304,
			5905580032
		],
		[
			2232418304,
			5905580032
		],
		[
			2232418304,
			5905580032
		],
		[
			2232418304,
			5905580032
		],
		[
			2232418304,
			5905580032
		],
		[
			2232418304,
			5905580032
		],
		[
			2232418304,
			5905580032
		],
		[
			2232418304,
			5905580032
		],
		[
			2232418304,
			5905580032
		],
		[
			2232418304,
			5905580032
		],
		[
			2232418304,
			5905580032
		],
		[
			2232418304,
			5905580032
		],
		[
			2232418304,
			5905580032
		],
		[
			2232418304,
			5905580032
		],
		[
			2232418304,
			5905580032
		],
		[
			2232418304,
			5905580032
		],
		[
			2232418304,
			5905580032
		],
		[
			2232418304,
			5905580032
		],
		[
			2232418304,
			5905580032
		],
		[
			2232418304,
			5905580032
		],
		[
			2232418304,
			5905580032
		],
		[
			2232418304,
			5905580032
		],
		[
			2232418304,
			5905580032
		],
		[
			2232418304,
			5905580032
		],
		[
			2232418304,
			5905580032
		],
		[
			2232418304,
			5905580032
		],
		[
			2232418304,
			5905580032
		],
		[
			2232418304,
			5905580032
		],
		[
			2232418304,
			5905580032
		],
		[
			2232418304,
			5905580032
		],
		[
			2232418304,
			5905580032
		],
		[
			2232418304,
			5905580032
		],
		[
			2232418304,
			5905580032
		],
		[
			2232418304,
			5905580032
		],
		[
			2232418304,
			5905580032
		],
		[
			2232418304,
			5905580032
		],
		[
			2232418304,
			5905580032
		],
		[
			2232418304,
			5905580032
		],
		[
			2232418304,
			5905580032
		],
		[
			2232418304,
			5905580032
		],
		[
			2232418304,
			5905580032
		],
		[
			2232418304,
			5905580032
		],
		[
			2232418304,
			5905580032
		],
		[
			2232418304,
			5905580032
		],
		[
			2232418304,
			5905580032
		],
		[
			2232418304,
			5905580032
		],
		[
			2232418304,
			5905580032
		],
		[
			2232418304,
			5905580032
		],
		[
			2232418304,
			5905580032
		],
		[
			2232418304,
			5905580032
		],
		[
			2232418304,
			5905580032
		],
		[
			2232418304,
			5905580032
		],
		[
			2232418304,
			5905580032
		],
		[
			2232418304,
			5905580032
		],
		[
			2232418304,
			5905580032
		],
		[
			2232418304,
			5905580032
		],
		[
			2232418304,
			5905580032
		],
		[
			2232418304,
			5905580032
		],
		[
			2232418304,
			5905580032
		],
		[
			2232418304,
			5905580032
		],
		[
			2232418304,
			5905580032
		],
		[
			2232418304,
			5905580032
		],
		[
			2232418304,
			5905580032
		],
		[
			2232418304,
			5905580032
		],
		[
			2232418304,
			5905580032
		],
		[
			2232418304,
			5905580032
		],
		[
			2232418304,
			5905580032
		],
		[
			2232418304,
			5905580032
		],
		[
			2232418304,
			5905580032
		],
		[
			2232418304,
			5905580032
		],
		[
			2232418304,
			5905580032
		],
		[
			2232418304,
			5905580032
		],
		[
			2232418304,
			5905580032
		],
		[
			2232418304,
			5905580032
		],
		[
			2232418304,
			5905580032
		],
		[
			2232418304,
			5905580032
		],
		[
			2232418304,
			5905580032
		],
		[
			2232418304,
			5905580032
		],
		[
			2232418304,
			5905580032
		]
	],
	"utilization": [
		0,
		0,
		10,
		10,
		31,
		31,
		0,
		0,
		23,
		23,
		14,
		14,
		10,
		10,
		21,
		21,
		12,
		12,
		13,
		13,
		22,
		22,
		11,
		11,
		12,
		12,
		22,
		22,
		12,
		12,
		11,
		11,
		22,
		22,
		9,
		9,
		15,
		15,
		21,
		21,
		8,
		8,
		15,
		15,
		22,
		22,
		9,
		9,
		15,
		15,
		22,
		22,
		8,
		8,
		15,
		15,
		22,
		22,
		8,
		8,
		15,
		15,
		22,
		22,
		8,
		8,
		15,
		15,
		22,
		22,
		8,
		8,
		16,
		16,
		22,
		22,
		6,
		6,
		17,
		17,
		22,
		22,
		3,
		3,
		21,
		21,
		21,
		21,
		3,
		3
	],
	"computation_proportion": 20,
	"extra_dict": {}
}