{
	"model_name": "EfficientNet",
	"batch_size": 32,
	"duration_sec": 45,
	"mode": "train",
	"is_DDP": true,
	"process_group_backend": "gloo",
	"world_size": 2,
	"rank": 1,
	"local_rank": 0,
	"device_type": "gpu",
	"master_addr": "133.133.135.74",
	"master_port": 39920,
	"iteration_count": 152,
	"iteration_intervals": [
		1568404992,
		338784000,
		311825152,
		281650944,
		312870656,
		300731648,
		318330880,
		289809152,
		321093632,
		293047808,
		308266240,
		289702400,
		315524096,
		310363392,
		303479808,
		305022720,
		301393408,
		319826432,
		286941184,
		309005568,
		297275904,
		304488192,
		300921344,
		313877760,
		294871040,
		320898048,
		287421696,
		310375424,
		293852416,
		321085184,
		293139712,
		316379904,
		289896192,
		314495744,
		292326912,
		311618048,
		293886208,
		323319808,
		282445568,
		324796416,
		281950976,
		341410048,
		262929920,
		261805312,
		307244544,
		282161664,
		248936192,
		263610624,
		308508928,
		275030784,
		258503680,
		313421568,
		275341568,
		257692160,
		326115584,
		257851904,
		267207424,
		323755008,
		260836352,
		261182208,
		254368256,
		311130112,
		264583680,
		254394112,
		257137152,
		250591232,
		318888960,
		249677568,
		263135232,
		247872000,
		251145984,
		252080128,
		332845056,
		249779712,
		255248384,
		256346112,
		328726016,
		260158464,
		246546432,
		269259520,
		318497280,
		242257920,
		249730304,
		267748352,
		257509888,
		315522048,
		249640448,
		252292096,
		261203200,
		255572992,
		322910208,
		265609984,
		270578432,
		314473984,
		260508928,
		263619584,
		324139264,
		250196224,
		264835328,
		245646592,
		320598272,
		262514432,
		246314240,
		265408512,
		315964416,
		256819200,
		267435264,
		252354560,
		315097088,
		279634432,
		248877568,
		318751232,
		280127232,
		249026048,
		329904128,
		260987136,
		263400192,
		318654464,
		278469888,
		261111040,
		312903680,
		280413952,
		258391552,
		308415744,
		284805888,
		257131520,
		312760064,
		284255488,
		313933824,
		294783744,
		316333568,
		287843328,
		313597696,
		298489600,
		311588352,
		298909440,
		313076224,
		284873984,
		314892288,
		297995776,
		317730048,
		300499968,
		303396864,
		302703104,
		303485696,
		301271296,
		312582400,
		298177536,
		312299776,
		289133056,
		300403200,
		309362944
	],
	"iteration_intervals_avg": 287821118.6938776,
	"iteration_intervals_avg_second": 0.28782111869387755,
	"total_time_ns": 45124638208,
	"total_time_second": 45,
	"mem_infos": [
		[
			11235491840,
			11811160064
		],
		[
			10927210496,
			11811160064
		],
		[
			10688135168,
			11811160064
		],
		[
			7374635008,
			11811160064
		],
		[
			7345274880,
			11811160064
		],
		[
			7345274880,
			11811160064
		],
		[
			7345274880,
			11811160064
		],
		[
			7345274880,
			11811160064
		],
		[
			7345274880,
			11811160064
		],
		[
			7345274880,
			11811160064
		],
		[
			7345274880,
			11811160064
		],
		[
			7345274880,
			11811160064
		],
		[
			7345274880,
			11811160064
		],
		[
			7345274880,
			11811160064
		],
		[
			7345274880,
			11811160064
		],
		[
			7345274880,
			11811160064
		],
		[
			7345274880,
			11811160064
		],
		[
			7345274880,
			11811160064
		],
		[
			7345274880,
			11811160064
		],
		[
			7345274880,
			11811160064
		],
		[
			7345274880,
			11811160064
		],
		[
			7345274880,
			11811160064
		],
		[
			7345274880,
			11811160064
		],
		[
			7345274880,
			11811160064
		],
		[
			7345274880,
			11811160064
		],
		[
			7345274880,
			11811160064
		],
		[
			7345274880,
			11811160064
		],
		[
			7345274880,
			11811160064
		],
		[
			7345274880,
			11811160064
		],
		[
			7345274880,
			11811160064
		],
		[
			7345274880,
			11811160064
		],
		[
			7345274880,
			11811160064
		],
		[
			7345274880,
			11811160064
		],
		[
			7345274880,
			11811160064
		],
		[
			7345274880,
			11811160064
		],
		[
			7345274880,
			11811160064
		],
		[
			7345274880,
			11811160064
		],
		[
			7345274880,
			11811160064
		],
		[
			7345274880,
			11811160064
		],
		[
			7345274880,
			11811160064
		],
		[
			7345274880,
			11811160064
		],
		[
			7345274880,
			11811160064
		],
		[
			7345274880,
			11811160064
		],
		[
			7345274880,
			11811160064
		],
		[
			7345274880,
			11811160064
		],
		[
			7345274880,
			11811160064
		],
		[
			7345274880,
			11811160064
		],
		[
			7345274880,
			11811160064
		],
		[
			7345274880,
			11811160064
		],
		[
			7345274880,
			11811160064
		],
		[
			7345274880,
			11811160064
		],
		[
			7345274880,
			11811160064
		],
		[
			7345274880,
			11811160064
		],
		[
			7345274880,
			11811160064
		],
		[
			7345274880,
			11811160064
		],
		[
			7345274880,
			11811160064
		],
		[
			7345274880,
			11811160064
		],
		[
			7345274880,
			11811160064
		],
		[
			7345274880,
			11811160064
		],
		[
			7345274880,
			11811160064
		],
		[
			7345274880,
			11811160064
		],
		[
			7345274880,
			11811160064
		],
		[
			7345274880,
			11811160064
		],
		[
			7345274880,
			11811160064
		],
		[
			7345274880,
			11811160064
		],
		[
			7345274880,
			11811160064
		],
		[
			7345274880,
			11811160064
		],
		[
			7345274880,
			11811160064
		],
		[
			7345274880,
			11811160064
		],
		[
			7345274880,
			11811160064
		],
		[
			7345274880,
			11811160064
		],
		[
			7345274880,
			11811160064
		],
		[
			7345274880,
			11811160064
		],
		[
			7345274880,
			11811160064
		],
		[
			7345274880,
			11811160064
		],
		[
			7345274880,
			11811160064
		],
		[
			7345274880,
			11811160064
		],
		[
			7345274880,
			11811160064
		],
		[
			7345274880,
			11811160064
		],
		[
			7345274880,
			11811160064
		],
		[
			7345274880,
			11811160064
		],
		[
			7345274880,
			11811160064
		],
		[
			7345274880,
			11811160064
		],
		[
			7345274880,
			11811160064
		],
		[
			7345274880,
			11811160064
		],
		[
			7345274880,
			11811160064
		],
		[
			7345274880,
			11811160064
		],
		[
			7345274880,
			11811160064
		],
		[
			7345274880,
			11811160064
		],
		[
			7345274880,
			11811160064
		]
	],
	"utilization": [
		4,
		4,
		4,
		4,
		13,
		13,
		31,
		31,
		24,
		24,
		24,
		24,
		30,
		30,
		27,
		27,
		24,
		24,
		29,
		29,
		29,
		29,
		24,
		24,
		26,
		26,
		29,
		29,
		25,
		25,
		31,
		31,
		26,
		26,
		32,
		32,
		25,
		25,
		32,
		32,
		28,
		28,
		30,
		30,
		31,
		31,
		32,
		32,
		28,
		28,
		29,
		29,
		32,
		32,
		32,
		32,
		27,
		27,
		30,
		30,
		32,
		32,
		25,
		25,
		31,
		31,
		32,
		32,
		24,
		24,
		31,
		31,
		25,
		25,
		32,
		32,
		25,
		25,
		30,
		30,
		26,
		26,
		25,
		25,
		31,
		31,
		27,
		27,
		25,
		25
	],
	"computation_proportion": 90,
	"extra_dict": {}
}