{
	"model_name": "ShuffleNet",
	"batch_size": 128,
	"duration_sec": 45,
	"mode": "train",
	"is_DDP": true,
	"process_group_backend": "gloo",
	"world_size": 4,
	"rank": 0,
	"local_rank": 0,
	"device_type": "gpu",
	"master_addr": "133.133.135.75",
	"master_port": 39920,
	"iteration_count": 95,
	"iteration_intervals": [
		1645041920,
		248616448,
		234785280,
		232516608,
		229502976,
		251487744,
		251854080,
		252470528,
		346477312,
		737701120,
		1384201984,
		497714688,
		353080576,
		253371392,
		242771200,
		232802048,
		232766720,
		241184512,
		253509120,
		2193511424,
		614039552,
		365568512,
		374621440,
		361401600,
		484071424,
		490903040,
		620366592,
		610721536,
		379543808,
		347228672,
		261197056,
		264837120,
		342541312,
		354108928,
		492603904,
		1346419456,
		753129216,
		485996800,
		267057152,
		333104128,
		229950720,
		235202560,
		231793920,
		233812736,
		232096512,
		1770693888,
		878788608,
		479681792,
		258702592,
		353390848,
		365563904,
		367657216,
		253304832,
		255205376,
		239435776,
		461926400,
		511457792,
		482364672,
		355041024,
		504648448,
		474891520,
		254972928,
		256059136,
		252149760,
		366653184,
		264622592,
		443649024,
		854124544,
		479290624,
		770353408,
		729705216,
		617694720,
		611289088,
		499648512,
		362727936,
		255059200,
		248616704,
		254883840,
		339830272,
		260234496,
		347001344,
		1560611584,
		1353192192,
		488766464,
		484709888,
		366209024,
		376420096,
		475117312,
		488321280,
		619786240,
		366498048,
		264206080,
		337521920,
		263168768,
		352517888
	],
	"iteration_intervals_avg": 474617668.26666665,
	"iteration_intervals_avg_second": 0.4746176682666666,
	"total_time_ns": 45307319040,
	"total_time_second": 45,
	"mem_infos": [
		[
			5363466240,
			5905580032
		],
		[
			4925161472,
			5905580032
		],
		[
			4700766208,
			5905580032
		],
		[
			1351614464,
			5905580032
		],
		[
			1343225856,
			5905580032
		],
		[
			1343225856,
			5905580032
		],
		[
			1343225856,
			5905580032
		],
		[
			1343225856,
			5905580032
		],
		[
			1343225856,
			5905580032
		],
		[
			1343225856,
			5905580032
		],
		[
			1343225856,
			5905580032
		],
		[
			1343225856,
			5905580032
		],
		[
			1343225856,
			5905580032
		],
		[
			1343225856,
			5905580032
		],
		[
			1343225856,
			5905580032
		],
		[
			1343225856,
			5905580032
		],
		[
			1343225856,
			5905580032
		],
		[
			1343225856,
			5905580032
		],
		[
			1343225856,
			5905580032
		],
		[
			1343225856,
			5905580032
		],
		[
			1343225856,
			5905580032
		],
		[
			1343225856,
			5905580032
		],
		[
			1343225856,
			5905580032
		],
		[
			1343225856,
			5905580032
		],
		[
			1343225856,
			5905580032
		],
		[
			1343225856,
			5905580032
		],
		[
			1343225856,
			5905580032
		],
		[
			1343225856,
			5905580032
		],
		[
			1343225856,
			5905580032
		],
		[
			1343225856,
			5905580032
		],
		[
			1343225856,
			5905580032
		],
		[
			1343225856,
			5905580032
		],
		[
			1343225856,
			5905580032
		],
		[
			1343225856,
			5905580032
		],
		[
			1343225856,
			5905580032
		],
		[
			1343225856,
			5905580032
		],
		[
			1343225856,
			5905580032
		],
		[
			1343225856,
			5905580032
		],
		[
			1343225856,
			5905580032
		],
		[
			1343225856,
			5905580032
		],
		[
			1343225856,
			5905580032
		],
		[
			1343225856,
			5905580032
		],
		[
			1343225856,
			5905580032
		],
		[
			1343225856,
			5905580032
		],
		[
			1343225856,
			5905580032
		],
		[
			1343225856,
			5905580032
		],
		[
			1343225856,
			5905580032
		],
		[
			1343225856,
			5905580032
		],
		[
			1343225856,
			5905580032
		],
		[
			1343225856,
			5905580032
		],
		[
			1343225856,
			5905580032
		],
		[
			1343225856,
			5905580032
		],
		[
			1343225856,
			5905580032
		],
		[
			1343225856,
			5905580032
		],
		[
			1343225856,
			5905580032
		],
		[
			1343225856,
			5905580032
		],
		[
			1343225856,
			5905580032
		],
		[
			1343225856,
			5905580032
		],
		[
			1343225856,
			5905580032
		],
		[
			1343225856,
			5905580032
		],
		[
			1343225856,
			5905580032
		],
		[
			1343225856,
			5905580032
		],
		[
			1343225856,
			5905580032
		],
		[
			1343225856,
			5905580032
		],
		[
			1343225856,
			5905580032
		],
		[
			1343225856,
			5905580032
		],
		[
			1343225856,
			5905580032
		],
		[
			1343225856,
			5905580032
		],
		[
			1343225856,
			5905580032
		],
		[
			1343225856,
			5905580032
		],
		[
			1343225856,
			5905580032
		],
		[
			1343225856,
			5905580032
		],
		[
			1343225856,
			5905580032
		],
		[
			1343225856,
			5905580032
		],
		[
			1343225856,
			5905580032
		],
		[
			1343225856,
			5905580032
		],
		[
			1343225856,
			5905580032
		],
		[
			1343225856,
			5905580032
		],
		[
			1343225856,
			5905580032
		],
		[
			1343225856,
			5905580032
		],
		[
			1343225856,
			5905580032
		],
		[
			1343225856,
			5905580032
		],
		[
			1343225856,
			5905580032
		],
		[
			1343225856,
			5905580032
		],
		[
			1343225856,
			5905580032
		],
		[
			1343225856,
			5905580032
		],
		[
			1343225856,
			5905580032
		],
		[
			1343225856,
			5905580032
		],
		[
			1343225856,
			5905580032
		],
		[
			1343225856,
			5905580032
		]
	],
	"utilization": [
		10,
		10,
		11,
		11,
		34,
		34,
		65,
		65,
		58,
		58,
		20,
		20,
		0,
		0,
		47,
		47,
		64,
		64,
		28,
		28,
		0,
		0,
		17,
		17,
		44,
		44,
		31,
		31,
		26,
		26,
		34,
		34,
		51,
		51,
		35,
		35,
		4,
		4,
		25,
		25,
		40,
		40,
		69,
		69,
		17,
		17,
		8,
		8,
		21,
		21,
		49,
		49,
		48,
		48,
		42,
		42,
		33,
		33,
		32,
		32,
		62,
		62,
		45,
		45,
		18,
		18,
		18,
		18,
		24,
		24,
		26,
		26,
		40,
		40,
		60,
		60,
		34,
		34,
		0,
		0,
		15,
		15,
		31,
		31,
		31,
		31,
		33,
		33,
		33,
		33
	],
	"computation_proportion": 25,
	"extra_dict": {}
}