{
	"model_name": "GhostNet",
	"batch_size": 32,
	"duration_sec": 45,
	"mode": "train",
	"is_DDP": true,
	"process_group_backend": "gloo",
	"world_size": 2,
	"rank": 0,
	"local_rank": 0,
	"device_type": "gpu",
	"master_addr": "133.133.135.74",
	"master_port": 39920,
	"iteration_count": 115,
	"iteration_intervals": [
		1263806464,
		260367360,
		496138752,
		482163456,
		371454720,
		483437568,
		365014272,
		369356800,
		363159040,
		368775680,
		373508096,
		372009472,
		484286208,
		486933248,
		359015424,
		382177024,
		365255168,
		365625856,
		373514496,
		358383104,
		365474048,
		482701568,
		363568384,
		261656064,
		365459200,
		363742720,
		483795456,
		367791616,
		365660672,
		324770304,
		301775360,
		436143872,
		401194752,
		378485504,
		484018176,
		368070656,
		373562368,
		363821824,
		374914560,
		359321088,
		353870336,
		378404096,
		368861440,
		367420160,
		483638272,
		370114560,
		368046080,
		479579648,
		367659264,
		257978624,
		361826048,
		370144512,
		360031744,
		382389760,
		473023232,
		371800320,
		481738496,
		368703488,
		368935680,
		369922304,
		365938944,
		365624832,
		369955584,
		361077760,
		379725056,
		482713856,
		373043456,
		481887744,
		370352640,
		369274624,
		358048000,
		368620544,
		367002368,
		369198592,
		375485696,
		484201472,
		479769088,
		373604864,
		373187584,
		479296000,
		329782528,
		299953920,
		361520384,
		354206464,
		259477760,
		359673600,
		364955136,
		367201024,
		366064128,
		366661888,
		377064960,
		481837568,
		370581760,
		482045184,
		365618688,
		377340416,
		359101952,
		366098688,
		369108224,
		367001856,
		368063744,
		392782336,
		470066944,
		369190400,
		437477376,
		412751104,
		370359296,
		249781760,
		364123648,
		372600832,
		362386432,
		375100416,
		473597696,
		372450560,
		483279360
	],
	"iteration_intervals_avg": 384798040.43636364,
	"iteration_intervals_avg_second": 0.3847980404363636,
	"total_time_ns": 45202781952,
	"total_time_second": 45,
	"mem_infos": [
		[
			11269046272,
			11811160064
		],
		[
			10868490240,
			11811160064
		],
		[
			10631512064,
			11811160064
		],
		[
			9027190784,
			11811160064
		],
		[
			9027190784,
			11811160064
		],
		[
			9027190784,
			11811160064
		],
		[
			9027190784,
			11811160064
		],
		[
			9027190784,
			11811160064
		],
		[
			9027190784,
			11811160064
		],
		[
			9027190784,
			11811160064
		],
		[
			9027190784,
			11811160064
		],
		[
			9027190784,
			11811160064
		],
		[
			9027190784,
			11811160064
		],
		[
			9027190784,
			11811160064
		],
		[
			9027190784,
			11811160064
		],
		[
			9027190784,
			11811160064
		],
		[
			9027190784,
			11811160064
		],
		[
			9027190784,
			11811160064
		],
		[
			9027190784,
			11811160064
		],
		[
			9027190784,
			11811160064
		],
		[
			9027190784,
			11811160064
		],
		[
			9027190784,
			11811160064
		],
		[
			9027190784,
			11811160064
		],
		[
			9027190784,
			11811160064
		],
		[
			9027190784,
			11811160064
		],
		[
			9027190784,
			11811160064
		],
		[
			9027190784,
			11811160064
		],
		[
			9027190784,
			11811160064
		],
		[
			9027190784,
			11811160064
		],
		[
			9027190784,
			11811160064
		],
		[
			9027190784,
			11811160064
		],
		[
			9027190784,
			11811160064
		],
		[
			9027190784,
			11811160064
		],
		[
			9027190784,
			11811160064
		],
		[
			9027190784,
			11811160064
		],
		[
			9027190784,
			11811160064
		],
		[
			9027190784,
			11811160064
		],
		[
			9027190784,
			11811160064
		],
		[
			9027190784,
			11811160064
		],
		[
			9027190784,
			11811160064
		],
		[
			9027190784,
			11811160064
		],
		[
			9027190784,
			11811160064
		],
		[
			9027190784,
			11811160064
		],
		[
			9027190784,
			11811160064
		],
		[
			9027190784,
			11811160064
		],
		[
			9027190784,
			11811160064
		],
		[
			9027190784,
			11811160064
		],
		[
			9027190784,
			11811160064
		],
		[
			9027190784,
			11811160064
		],
		[
			9027190784,
			11811160064
		],
		[
			9027190784,
			11811160064
		],
		[
			9027190784,
			11811160064
		],
		[
			9027190784,
			11811160064
		],
		[
			9027190784,
			11811160064
		],
		[
			9027190784,
			11811160064
		],
		[
			9027190784,
			11811160064
		],
		[
			9027190784,
			11811160064
		],
		[
			9027190784,
			11811160064
		],
		[
			9027190784,
			11811160064
		],
		[
			9027190784,
			11811160064
		],
		[
			9027190784,
			11811160064
		],
		[
			9027190784,
			11811160064
		],
		[
			9027190784,
			11811160064
		],
		[
			9027190784,
			11811160064
		],
		[
			9027190784,
			11811160064
		],
		[
			9027190784,
			11811160064
		],
		[
			9027190784,
			11811160064
		],
		[
			9027190784,
			11811160064
		],
		[
			9027190784,
			11811160064
		],
		[
			9027190784,
			11811160064
		],
		[
			9027190784,
			11811160064
		],
		[
			9027190784,
			11811160064
		],
		[
			9027190784,
			11811160064
		],
		[
			9027190784,
			11811160064
		],
		[
			9027190784,
			11811160064
		],
		[
			9027190784,
			11811160064
		],
		[
			9027190784,
			11811160064
		],
		[
			9027190784,
			11811160064
		],
		[
			9027190784,
			11811160064
		],
		[
			9027190784,
			11811160064
		],
		[
			9027190784,
			11811160064
		],
		[
			9027190784,
			11811160064
		],
		[
			9027190784,
			11811160064
		],
		[
			9027190784,
			11811160064
		],
		[
			9027190784,
			11811160064
		],
		[
			9027190784,
			11811160064
		],
		[
			9027190784,
			11811160064
		],
		[
			9027190784,
			11811160064
		],
		[
			9027190784,
			11811160064
		],
		[
			9027190784,
			11811160064
		]
	],
	"utilization": [
		0,
		5,
		5,
		7,
		7,
		11,
		11,
		10,
		10,
		12,
		12,
		11,
		11,
		9,
		9,
		10,
		10,
		12,
		12,
		11,
		11,
		12,
		12,
		10,
		10,
		12,
		12,
		12,
		12,
		10,
		10,
		10,
		10,
		11,
		11,
		13,
		13,
		10,
		10,
		10,
		10,
		11,
		11,
		13,
		13,
		10,
		10,
		10,
		10,
		11,
		11,
		11,
		11,
		10,
		10,
		10,
		10,
		11,
		11,
		11,
		11,
		10,
		10,
		10,
		10,
		11,
		11,
		12,
		12,
		14,
		14,
		11,
		11,
		9,
		9,
		10,
		10,
		12,
		12,
		11,
		11,
		10,
		10,
		10,
		10,
		12,
		12,
		12,
		12,
		10
	],
	"computation_proportion": 10,
	"extra_dict": {}
}