{
	"model_name": "ConvNeXtS",
	"batch_size": 8,
	"duration_sec": 45,
	"mode": "train",
	"is_DDP": true,
	"process_group_backend": "gloo",
	"world_size": 4,
	"rank": 3,
	"local_rank": 0,
	"device_type": "gpu",
	"master_addr": "133.133.135.75",
	"master_port": 39920,
	"iteration_count": 17,
	"iteration_intervals": [
		3113032704,
		4185947136,
		2027582720,
		2015086080,
		4332201472,
		2022696448,
		2024818432,
		3330755072,
		2056017408,
		2021258240,
		4348489728,
		2022067456,
		2025983488,
		4425645568,
		2022368768,
		2525791232,
		2834296576
	],
	"iteration_intervals_avg": 2638349034.6666665,
	"iteration_intervals_avg_second": 2.6383490346666667,
	"total_time_ns": 47336028672,
	"total_time_second": 47,
	"mem_infos": [
		[
			4881121280,
			5905580032
		],
		[
			4663017472,
			5905580032
		],
		[
			4449107968,
			5905580032
		],
		[
			3455057920,
			5905580032
		],
		[
			3455057920,
			5905580032
		],
		[
			3455057920,
			5905580032
		],
		[
			3455057920,
			5905580032
		],
		[
			3209691136,
			5905580032
		],
		[
			3209691136,
			5905580032
		],
		[
			3209691136,
			5905580032
		],
		[
			3209691136,
			5905580032
		],
		[
			3209691136,
			5905580032
		],
		[
			3209691136,
			5905580032
		],
		[
			3209691136,
			5905580032
		],
		[
			3209691136,
			5905580032
		],
		[
			3209691136,
			5905580032
		],
		[
			3209691136,
			5905580032
		],
		[
			3209691136,
			5905580032
		],
		[
			3209691136,
			5905580032
		],
		[
			3209691136,
			5905580032
		],
		[
			3209691136,
			5905580032
		],
		[
			3209691136,
			5905580032
		],
		[
			3209691136,
			5905580032
		],
		[
			3209691136,
			5905580032
		],
		[
			3209691136,
			5905580032
		],
		[
			3209691136,
			5905580032
		],
		[
			3209691136,
			5905580032
		],
		[
			3209691136,
			5905580032
		],
		[
			3209691136,
			5905580032
		],
		[
			3209691136,
			5905580032
		],
		[
			3209691136,
			5905580032
		],
		[
			3209691136,
			5905580032
		],
		[
			3209691136,
			5905580032
		],
		[
			3209691136,
			5905580032
		],
		[
			3209691136,
			5905580032
		],
		[
			3209691136,
			5905580032
		],
		[
			3209691136,
			5905580032
		],
		[
			3209691136,
			5905580032
		],
		[
			3209691136,
			5905580032
		],
		[
			3209691136,
			5905580032
		],
		[
			3209691136,
			5905580032
		],
		[
			3209691136,
			5905580032
		],
		[
			3209691136,
			5905580032
		],
		[
			3209691136,
			5905580032
		],
		[
			3209691136,
			5905580032
		],
		[
			3209691136,
			5905580032
		],
		[
			3209691136,
			5905580032
		],
		[
			3209691136,
			5905580032
		],
		[
			3209691136,
			5905580032
		],
		[
			3209691136,
			5905580032
		],
		[
			3209691136,
			5905580032
		],
		[
			3209691136,
			5905580032
		],
		[
			3209691136,
			5905580032
		],
		[
			3209691136,
			5905580032
		],
		[
			3209691136,
			5905580032
		],
		[
			3209691136,
			5905580032
		],
		[
			3209691136,
			5905580032
		],
		[
			3209691136,
			5905580032
		],
		[
			3209691136,
			5905580032
		],
		[
			3209691136,
			5905580032
		],
		[
			3209691136,
			5905580032
		],
		[
			3209691136,
			5905580032
		],
		[
			3209691136,
			5905580032
		],
		[
			3209691136,
			5905580032
		],
		[
			3209691136,
			5905580032
		],
		[
			3209691136,
			5905580032
		],
		[
			3209691136,
			5905580032
		],
		[
			3209691136,
			5905580032
		],
		[
			3209691136,
			5905580032
		],
		[
			3209691136,
			5905580032
		],
		[
			3209691136,
			5905580032
		],
		[
			3209691136,
			5905580032
		],
		[
			3209691136,
			5905580032
		],
		[
			3209691136,
			5905580032
		],
		[
			3209691136,
			5905580032
		],
		[
			3209691136,
			5905580032
		],
		[
			3209691136,
			5905580032
		],
		[
			3209691136,
			5905580032
		],
		[
			3209691136,
			5905580032
		],
		[
			3209691136,
			5905580032
		],
		[
			3209691136,
			5905580032
		],
		[
			3209691136,
			5905580032
		],
		[
			3209691136,
			5905580032
		],
		[
			3209691136,
			5905580032
		],
		[
			3209691136,
			5905580032
		],
		[
			3209691136,
			5905580032
		],
		[
			3209691136,
			5905580032
		],
		[
			3209691136,
			5905580032
		],
		[
			3209691136,
			5905580032
		],
		[
			3209691136,
			5905580032
		]
	],
	"utilization": [
		0,
		0,
		44,
		44,
		18,
		18,
		1,
		1,
		19,
		19,
		0,
		0,
		0,
		0,
		1,
		1,
		21,
		21,
		1,
		1,
		21,
		21,
		1,
		1,
		21,
		21,
		0,
		0,
		0,
		0,
		1,
		1,
		19,
		19,
		1,
		1,
		20,
		20,
		1,
		1,
		10,
		10,
		1,
		1,
		6,
		6,
		5,
		5,
		14,
		14,
		1,
		1,
		18,
		18,
		1,
		1,
		11,
		11,
		2,
		2,
		5,
		5,
		1,
		1,
		20,
		20,
		1,
		1,
		20,
		20,
		1,
		1,
		12,
		12,
		0,
		0,
		3,
		3,
		5,
		5,
		19,
		19,
		1,
		1,
		13,
		13,
		1,
		1,
		5,
		5
	],
	"computation_proportion": 5,
	"extra_dict": {}
}