{
	"model_name": "InceptionV3",
	"batch_size": 4,
	"duration_sec": 45,
	"mode": "train",
	"is_DDP": true,
	"process_group_backend": "gloo",
	"world_size": 4,
	"rank": 1,
	"local_rank": 0,
	"device_type": "gpu",
	"master_addr": "133.133.135.75",
	"master_port": 39920,
	"iteration_count": 109,
	"iteration_intervals": [
		1768322048,
		309447680,
		164849920,
		156570368,
		166535680,
		166600192,
		162743808,
		169966336,
		146410240,
		957273344,
		339429632,
		267143168,
		265002496,
		386637824,
		333022208,
		1369453312,
		356487936,
		251348224,
		212485632,
		155767296,
		184487168,
		155595008,
		169195008,
		165114880,
		178802432,
		1313551104,
		294629632,
		281698304,
		244546048,
		211710720,
		253620224,
		1664226304,
		599151104,
		501365504,
		383828992,
		464431360,
		629805312,
		435350528,
		233964288,
		205619968,
		194945792,
		351332352,
		1841729536,
		380114688,
		275487488,
		233672704,
		174767616,
		169181952,
		149573888,
		150994176,
		248657920,
		1434818560,
		330974208,
		275733248,
		261771008,
		324481280,
		261806080,
		242120704,
		212699648,
		165478912,
		183930880,
		157910528,
		1101207040,
		500766208,
		310360832,
		532817664,
		279800064,
		294232576,
		212480768,
		154154496,
		186129152,
		158063872,
		145407744,
		188830208,
		157491456,
		1336199680,
		391781888,
		252814848,
		262259968,
		273500672,
		326192384,
		1939687680,
		507184640,
		281776640,
		238618112,
		194205696,
		225697280,
		297941248,
		1299665920,
		988875008,
		372876032,
		256100352,
		218288128,
		205409792,
		139034112,
		170579968,
		150383104,
		155795456,
		164501248,
		169292544,
		151207936,
		1345478144,
		302475520,
		309758208,
		240983296,
		255031808,
		296433152,
		1656343808,
		739332608
	],
	"iteration_intervals_avg": 408366323.6923077,
	"iteration_intervals_avg_second": 0.4083663236923077,
	"total_time_ns": 45036483072,
	"total_time_second": 45,
	"mem_infos": [
		[
			5155848192,
			5905580032
		],
		[
			4944035840,
			5905580032
		],
		[
			4744806400,
			5905580032
		],
		[
			4048551936,
			5905580032
		],
		[
			3803185152,
			5905580032
		],
		[
			3803185152,
			5905580032
		],
		[
			3803185152,
			5905580032
		],
		[
			3803185152,
			5905580032
		],
		[
			3803185152,
			5905580032
		],
		[
			3803185152,
			5905580032
		],
		[
			3803185152,
			5905580032
		],
		[
			3803185152,
			5905580032
		],
		[
			3803185152,
			5905580032
		],
		[
			3803185152,
			5905580032
		],
		[
			3803185152,
			5905580032
		],
		[
			3803185152,
			5905580032
		],
		[
			3803185152,
			5905580032
		],
		[
			3803185152,
			5905580032
		],
		[
			3803185152,
			5905580032
		],
		[
			3803185152,
			5905580032
		],
		[
			3803185152,
			5905580032
		],
		[
			3803185152,
			5905580032
		],
		[
			3803185152,
			5905580032
		],
		[
			3803185152,
			5905580032
		],
		[
			3803185152,
			5905580032
		],
		[
			3803185152,
			5905580032
		],
		[
			3803185152,
			5905580032
		],
		[
			3803185152,
			5905580032
		],
		[
			3803185152,
			5905580032
		],
		[
			3803185152,
			5905580032
		],
		[
			3803185152,
			5905580032
		],
		[
			3803185152,
			5905580032
		],
		[
			3803185152,
			5905580032
		],
		[
			3803185152,
			5905580032
		],
		[
			3803185152,
			5905580032
		],
		[
			3803185152,
			5905580032
		],
		[
			3803185152,
			5905580032
		],
		[
			3803185152,
			5905580032
		],
		[
			3803185152,
			5905580032
		],
		[
			3803185152,
			5905580032
		],
		[
			3803185152,
			5905580032
		],
		[
			3803185152,
			5905580032
		],
		[
			3803185152,
			5905580032
		],
		[
			3803185152,
			5905580032
		],
		[
			3803185152,
			5905580032
		],
		[
			3803185152,
			5905580032
		],
		[
			3803185152,
			5905580032
		],
		[
			3803185152,
			5905580032
		],
		[
			3803185152,
			5905580032
		],
		[
			3803185152,
			5905580032
		],
		[
			3803185152,
			5905580032
		],
		[
			3803185152,
			5905580032
		],
		[
			3803185152,
			5905580032
		],
		[
			3803185152,
			5905580032
		],
		[
			3803185152,
			5905580032
		],
		[
			3803185152,
			5905580032
		],
		[
			3803185152,
			5905580032
		],
		[
			3803185152,
			5905580032
		],
		[
			3803185152,
			5905580032
		],
		[
			3803185152,
			5905580032
		],
		[
			3803185152,
			5905580032
		],
		[
			3803185152,
			5905580032
		],
		[
			3803185152,
			5905580032
		],
		[
			3803185152,
			5905580032
		],
		[
			3803185152,
			5905580032
		],
		[
			3803185152,
			5905580032
		],
		[
			3803185152,
			5905580032
		],
		[
			3803185152,
			5905580032
		],
		[
			3803185152,
			5905580032
		],
		[
			3803185152,
			5905580032
		],
		[
			3803185152,
			5905580032
		],
		[
			3803185152,
			5905580032
		],
		[
			3803185152,
			5905580032
		],
		[
			3803185152,
			5905580032
		],
		[
			3803185152,
			5905580032
		],
		[
			3803185152,
			5905580032
		],
		[
			3803185152,
			5905580032
		],
		[
			3803185152,
			5905580032
		],
		[
			3803185152,
			5905580032
		],
		[
			3803185152,
			5905580032
		],
		[
			3803185152,
			5905580032
		],
		[
			3803185152,
			5905580032
		],
		[
			3803185152,
			5905580032
		],
		[
			3803185152,
			5905580032
		],
		[
			3803185152,
			5905580032
		],
		[
			3803185152,
			5905580032
		],
		[
			3803185152,
			5905580032
		],
		[
			3803185152,
			5905580032
		],
		[
			3803185152,
			5905580032
		],
		[
			3803185152,
			5905580032
		]
	],
	"utilization": [
		7,
		14,
		14,
		14,
		14,
		56,
		56,
		56,
		56,
		20,
		20,
		44,
		44,
		12,
		12,
		20,
		20,
		62,
		62,
		33,
		33,
		16,
		16,
		48,
		48,
		11,
		11,
		12,
		12,
		26,
		26,
		26,
		26,
		35,
		35,
		39,
		39,
		0,
		0,
		26,
		26,
		58,
		58,
		18,
		18,
		18,
		18,
		43,
		43,
		57,
		57,
		17,
		17,
		26,
		26,
		34,
		34,
		66,
		66,
		25,
		25,
		21,
		21,
		47,
		47,
		14,
		14,
		4,
		4,
		37,
		37,
		45,
		45,
		8,
		8,
		13,
		13,
		48,
		48,
		70,
		70,
		22,
		22,
		23,
		23,
		47,
		47,
		10,
		10,
		9
	],
	"computation_proportion": 20,
	"extra_dict": {}
}