{
	"model_name": "MEALV2",
	"batch_size": 64,
	"duration_sec": 45,
	"mode": "train",
	"is_DDP": true,
	"process_group_backend": "gloo",
	"world_size": 4,
	"rank": 2,
	"local_rank": 0,
	"device_type": "gpu",
	"master_addr": "133.133.135.75",
	"master_port": 39920,
	"iteration_count": 123,
	"iteration_intervals": [
		1526649344,
		160584192,
		165457920,
		159389184,
		164350720,
		158490112,
		162639616,
		166120960,
		166314752,
		142937088,
		161512192,
		156970240,
		155711744,
		1985190656,
		369068800,
		363120640,
		252424448,
		240849408,
		162550784,
		201747456,
		163056128,
		157990656,
		153871360,
		171956992,
		161694720,
		161208576,
		159022080,
		155783936,
		157331200,
		1980569088,
		488079872,
		255770368,
		361589248,
		345672960,
		264695040,
		361680640,
		483556864,
		609467904,
		603974400,
		377051392,
		252103680,
		248425216,
		241405952,
		245464320,
		355909632,
		248500992,
		610211328,
		1832373504,
		382255360,
		348672768,
		243305728,
		158616576,
		203852032,
		168545792,
		151279872,
		172089344,
		194618880,
		2330103808,
		374020352,
		253840896,
		356502784,
		251932160,
		350531840,
		161820672,
		222727936,
		177511424,
		180568320,
		163813376,
		160797440,
		152971776,
		162579712,
		158464000,
		161994496,
		154601984,
		879765504,
		1071523328,
		874237952,
		374493184,
		362852864,
		249887488,
		235826432,
		241857792,
		248163328,
		245433088,
		484333568,
		1851642368,
		604190208,
		362290176,
		259917056,
		364518400,
		369668864,
		257102080,
		250488064,
		234144256,
		233212928,
		157659392,
		149135616,
		167413504,
		160248832,
		164291328,
		159959552,
		154904320,
		158957056,
		2026048256,
		511421696,
		361146624,
		260811008,
		239781376,
		230394112,
		154188288,
		212369152,
		248629248,
		250489600,
		358966272,
		251347456,
		242427648,
		238635264,
		154220800,
		157100032,
		191818496,
		237638656,
		483741952,
		1842929664
	],
	"iteration_intervals_avg": 374867037.2881356,
	"iteration_intervals_avg_second": 0.3748670372881356,
	"total_time_ns": 46411884544,
	"total_time_second": 46,
	"mem_infos": [
		[
			5361369088,
			5905580032
		],
		[
			5019533312,
			5905580032
		],
		[
			4790943744,
			5905580032
		],
		[
			3538944000,
			5905580032
		],
		[
			3530555392,
			5905580032
		],
		[
			3530555392,
			5905580032
		],
		[
			3530555392,
			5905580032
		],
		[
			3530555392,
			5905580032
		],
		[
			3530555392,
			5905580032
		],
		[
			3530555392,
			5905580032
		],
		[
			3530555392,
			5905580032
		],
		[
			3530555392,
			5905580032
		],
		[
			3530555392,
			5905580032
		],
		[
			3530555392,
			5905580032
		],
		[
			3530555392,
			5905580032
		],
		[
			3530555392,
			5905580032
		],
		[
			3530555392,
			5905580032
		],
		[
			3530555392,
			5905580032
		],
		[
			3530555392,
			5905580032
		],
		[
			3530555392,
			5905580032
		],
		[
			3530555392,
			5905580032
		],
		[
			3530555392,
			5905580032
		],
		[
			3530555392,
			5905580032
		],
		[
			3530555392,
			5905580032
		],
		[
			3530555392,
			5905580032
		],
		[
			3530555392,
			5905580032
		],
		[
			3530555392,
			5905580032
		],
		[
			3530555392,
			5905580032
		],
		[
			3530555392,
			5905580032
		],
		[
			3530555392,
			5905580032
		],
		[
			3530555392,
			5905580032
		],
		[
			3530555392,
			5905580032
		],
		[
			3530555392,
			5905580032
		],
		[
			3530555392,
			5905580032
		],
		[
			3530555392,
			5905580032
		],
		[
			3530555392,
			5905580032
		],
		[
			3530555392,
			5905580032
		],
		[
			3530555392,
			5905580032
		],
		[
			3530555392,
			5905580032
		],
		[
			3530555392,
			5905580032
		],
		[
			3530555392,
			5905580032
		],
		[
			3530555392,
			5905580032
		],
		[
			3530555392,
			5905580032
		],
		[
			3530555392,
			5905580032
		],
		[
			3530555392,
			5905580032
		],
		[
			3530555392,
			5905580032
		],
		[
			3530555392,
			5905580032
		],
		[
			3530555392,
			5905580032
		],
		[
			3530555392,
			5905580032
		],
		[
			3530555392,
			5905580032
		],
		[
			3530555392,
			5905580032
		],
		[
			3530555392,
			5905580032
		],
		[
			3530555392,
			5905580032
		],
		[
			3530555392,
			5905580032
		],
		[
			3530555392,
			5905580032
		],
		[
			3530555392,
			5905580032
		],
		[
			3530555392,
			5905580032
		],
		[
			3530555392,
			5905580032
		],
		[
			3530555392,
			5905580032
		],
		[
			3530555392,
			5905580032
		],
		[
			3530555392,
			5905580032
		],
		[
			3530555392,
			5905580032
		],
		[
			3530555392,
			5905580032
		],
		[
			3530555392,
			5905580032
		],
		[
			3530555392,
			5905580032
		],
		[
			3530555392,
			5905580032
		],
		[
			3530555392,
			5905580032
		],
		[
			3530555392,
			5905580032
		],
		[
			3530555392,
			5905580032
		],
		[
			3530555392,
			5905580032
		],
		[
			3530555392,
			5905580032
		],
		[
			3530555392,
			5905580032
		],
		[
			3530555392,
			5905580032
		],
		[
			3530555392,
			5905580032
		],
		[
			3530555392,
			5905580032
		],
		[
			3530555392,
			5905580032
		],
		[
			3530555392,
			5905580032
		],
		[
			3530555392,
			5905580032
		],
		[
			3530555392,
			5905580032
		],
		[
			3530555392,
			5905580032
		],
		[
			3530555392,
			5905580032
		],
		[
			3530555392,
			5905580032
		],
		[
			3530555392,
			5905580032
		],
		[
			3530555392,
			5905580032
		],
		[
			3530555392,
			5905580032
		],
		[
			3530555392,
			5905580032
		],
		[
			3530555392,
			5905580032
		],
		[
			3530555392,
			5905580032
		],
		[
			3530555392,
			5905580032
		],
		[
			3530555392,
			5905580032
		]
	],
	"utilization": [
		12,
		12,
		10,
		10,
		30,
		30,
		45,
		45,
		34,
		34,
		0,
		0,
		13,
		13,
		32,
		32,
		46,
		46,
		34,
		34,
		0,
		0,
		10,
		10,
		25,
		25,
		24,
		24,
		15,
		15,
		21,
		21,
		31,
		31,
		22,
		22,
		0,
		0,
		10,
		10,
		34,
		34,
		38,
		38,
		0,
		0,
		0,
		0,
		26,
		26,
		32,
		32,
		45,
		45,
		29,
		29,
		7,
		7,
		9,
		9,
		17,
		17,
		32,
		32,
		24,
		24,
		0,
		0,
		9,
		9,
		26,
		26,
		25,
		25,
		42,
		42,
		42,
		42,
		0,
		0,
		8,
		8,
		25,
		25,
		33,
		33,
		28,
		28,
		38,
		38
	],
	"computation_proportion": 15,
	"extra_dict": {}
}