{
	"model_name": "YoloV5N",
	"batch_size": 8,
	"duration_sec": 45,
	"mode": "train",
	"is_DDP": true,
	"process_group_backend": "gloo",
	"world_size": 2,
	"rank": 1,
	"local_rank": 0,
	"device_type": "gpu",
	"master_addr": "133.133.135.75",
	"master_port": 39920,
	"iteration_count": 154,
	"iteration_intervals": [
		1183969280,
		80680192,
		76717056,
		71782912,
		91241216,
		74012416,
		77873152,
		73674752,
		1484117760,
		370008064,
		243837440,
		220107008,
		161507328,
		127082752,
		197975552,
		137843456,
		121420288,
		133173760,
		131989760,
		120562432,
		228634368,
		239964416,
		246712064,
		1090504960,
		473697280,
		268443648,
		243703296,
		141596672,
		217705984,
		138985984,
		136400896,
		116569088,
		128192256,
		130355968,
		209413632,
		134391040,
		224654336,
		236462848,
		1201548032,
		480602112,
		280712448,
		228026880,
		156520448,
		206516224,
		140105728,
		134172672,
		134890240,
		1806707712,
		491433984,
		251932416,
		244802560,
		137814016,
		215047680,
		145276672,
		123199488,
		141400064,
		194159360,
		138236672,
		226027776,
		149529856,
		337939200,
		607736832,
		981603328,
		271321856,
		238040832,
		238127872,
		132588544,
		214286848,
		140248064,
		129984768,
		105972224,
		237550336,
		140422656,
		225710592,
		242949888,
		371825664,
		1214574592,
		364230144,
		243273728,
		150818816,
		232969472,
		131884032,
		187793920,
		1006012416,
		373719040,
		263274240,
		232488448,
		209315328,
		152202752,
		139111936,
		126568960,
		131324416,
		169508096,
		161788672,
		144431872,
		229482752,
		353585408,
		1334163968,
		380903168,
		249688320,
		243346176,
		227230976,
		133077248,
		129516544,
		140315648,
		130628864,
		164171520,
		150610176,
		136293632,
		135359488,
		231047424,
		240888320,
		569868544,
		1001406720,
		272777216,
		240813056,
		230100992,
		142676992,
		198276864,
		148169984,
		125102336,
		130320640,
		129288448,
		126038528,
		207069184,
		142129664,
		240626432,
		327768064,
		1126786304,
		375068160,
		263450112,
		230534400,
		224341248,
		148199168,
		130319616,
		128913664,
		135239168,
		164131840,
		1987073280,
		263256832,
		246178560,
		231229696,
		140825856,
		218864896,
		124634112,
		138081792,
		119981312,
		141632512,
		216942848,
		229433088,
		238835968,
		373588992,
		1090853632,
		373096448
	],
	"iteration_intervals_avg": 293060905.23489934,
	"iteration_intervals_avg_second": 0.29306090523489936,
	"total_time_ns": 45172452096,
	"total_time_second": 45,
	"mem_infos": [
		[
			11120148480,
			11811160064
		],
		[
			10891558912,
			11811160064
		],
		[
			10545528832,
			11811160064
		],
		[
			10402922496,
			11811160064
		],
		[
			10402922496,
			11811160064
		],
		[
			10402922496,
			11811160064
		],
		[
			10402922496,
			11811160064
		],
		[
			10402922496,
			11811160064
		],
		[
			10402922496,
			11811160064
		],
		[
			10402922496,
			11811160064
		],
		[
			10402922496,
			11811160064
		],
		[
			10402922496,
			11811160064
		],
		[
			10402922496,
			11811160064
		],
		[
			10402922496,
			11811160064
		],
		[
			10402922496,
			11811160064
		],
		[
			10402922496,
			11811160064
		],
		[
			10402922496,
			11811160064
		],
		[
			10402922496,
			11811160064
		],
		[
			10402922496,
			11811160064
		],
		[
			10402922496,
			11811160064
		],
		[
			10402922496,
			11811160064
		],
		[
			10402922496,
			11811160064
		],
		[
			10402922496,
			11811160064
		],
		[
			10402922496,
			11811160064
		],
		[
			10402922496,
			11811160064
		],
		[
			10402922496,
			11811160064
		],
		[
			10402922496,
			11811160064
		],
		[
			10402922496,
			11811160064
		],
		[
			10402922496,
			11811160064
		],
		[
			10402922496,
			11811160064
		],
		[
			10402922496,
			11811160064
		],
		[
			10402922496,
			11811160064
		],
		[
			10402922496,
			11811160064
		],
		[
			10402922496,
			11811160064
		],
		[
			10402922496,
			11811160064
		],
		[
			10402922496,
			11811160064
		],
		[
			10402922496,
			11811160064
		],
		[
			10402922496,
			11811160064
		],
		[
			10402922496,
			11811160064
		],
		[
			10402922496,
			11811160064
		],
		[
			10402922496,
			11811160064
		],
		[
			10402922496,
			11811160064
		],
		[
			10402922496,
			11811160064
		],
		[
			10402922496,
			11811160064
		],
		[
			10402922496,
			11811160064
		],
		[
			10402922496,
			11811160064
		],
		[
			10402922496,
			11811160064
		],
		[
			10402922496,
			11811160064
		],
		[
			10402922496,
			11811160064
		],
		[
			10402922496,
			11811160064
		],
		[
			10402922496,
			11811160064
		],
		[
			10402922496,
			11811160064
		],
		[
			10402922496,
			11811160064
		],
		[
			10402922496,
			11811160064
		],
		[
			10402922496,
			11811160064
		],
		[
			10402922496,
			11811160064
		],
		[
			10402922496,
			11811160064
		],
		[
			10402922496,
			11811160064
		],
		[
			10402922496,
			11811160064
		],
		[
			10402922496,
			11811160064
		],
		[
			10402922496,
			11811160064
		],
		[
			10402922496,
			11811160064
		],
		[
			10402922496,
			11811160064
		],
		[
			10402922496,
			11811160064
		],
		[
			10402922496,
			11811160064
		],
		[
			10402922496,
			11811160064
		],
		[
			10402922496,
			11811160064
		],
		[
			10402922496,
			11811160064
		],
		[
			10402922496,
			11811160064
		],
		[
			10402922496,
			11811160064
		],
		[
			10402922496,
			11811160064
		],
		[
			10402922496,
			11811160064
		],
		[
			10402922496,
			11811160064
		],
		[
			10402922496,
			11811160064
		],
		[
			10402922496,
			11811160064
		],
		[
			10402922496,
			11811160064
		],
		[
			10402922496,
			11811160064
		],
		[
			10402922496,
			11811160064
		],
		[
			10402922496,
			11811160064
		],
		[
			10402922496,
			11811160064
		],
		[
			10402922496,
			11811160064
		],
		[
			10402922496,
			11811160064
		],
		[
			10402922496,
			11811160064
		],
		[
			10402922496,
			11811160064
		],
		[
			10402922496,
			11811160064
		],
		[
			10402922496,
			11811160064
		],
		[
			10402922496,
			11811160064
		],
		[
			10402922496,
			11811160064
		],
		[
			10402922496,
			11811160064
		],
		[
			10402922496,
			11811160064
		]
	],
	"utilization": [
		11,
		11,
		13,
		13,
		18,
		18,
		2,
		2,
		4,
		4,
		11,
		11,
		12,
		12,
		3,
		3,
		4,
		4,
		11,
		11,
		12,
		12,
		2,
		2,
		4,
		4,
		11,
		11,
		3,
		3,
		1,
		1,
		7,
		7,
		13,
		13,
		6,
		6,
		2,
		2,
		7,
		7,
		12,
		12,
		6,
		6,
		1,
		1,
		8,
		8,
		5,
		5,
		4,
		4,
		11,
		11,
		10,
		10,
		1,
		1,
		4,
		4,
		11,
		11,
		12,
		12,
		3,
		3,
		4,
		4,
		10,
		10,
		12,
		12,
		3,
		3,
		4,
		4,
		11,
		11,
		4,
		4,
		1,
		1,
		7,
		7,
		12,
		12,
		6,
		6
	],
	"computation_proportion": 5,
	"extra_dict": {}
}