{
	"model_name": "YoloV5N",
	"batch_size": 256,
	"duration_sec": 45,
	"mode": "train",
	"is_DDP": true,
	"process_group_backend": "gloo",
	"world_size": 1,
	"rank": 0,
	"local_rank": 0,
	"device_type": "gpu",
	"master_addr": "133.133.135.75",
	"master_port": 39920,
	"iteration_count": 141,
	"iteration_intervals": [
		1296301056,
		317866752,
		335486464,
		290669824,
		319988992,
		298358784,
		331830784,
		281872128,
		335467008,
		328111104,
		294597376,
		332361984,
		286364416,
		330258944,
		292377088,
		324880128,
		341788160,
		286187264,
		324564480,
		299152128,
		325799424,
		293406720,
		323627776,
		342444288,
		290290688,
		317180416,
		297921280,
		322337280,
		298811904,
		331369984,
		315751424,
		302339840,
		329319680,
		296164096,
		321280512,
		291147776,
		329599744,
		332353280,
		295123968,
		323393024,
		293132032,
		328918528,
		293219328,
		334349312,
		334676224,
		281539072,
		327438080,
		287090176,
		335329536,
		300786944,
		312642304,
		353543168,
		285105408,
		321816832,
		300572160,
		327055104,
		292290560,
		326760192,
		335257600,
		287212032,
		333394688,
		294508544,
		326128384,
		290882048,
		332388352,
		332167168,
		286348800,
		323291904,
		295162880,
		334171904,
		283321600,
		336995328,
		325805568,
		295582208,
		330431744,
		283115264,
		329859584,
		294299136,
		336724736,
		331670784,
		286252032,
		325393408,
		297607936,
		314536448,
		303222272,
		337969920,
		323887360,
		296273408,
		330260224,
		292281856,
		325074944,
		296159488,
		316873472,
		342472960,
		288911360,
		325959680,
		276108032,
		347011328,
		294566912,
		329867008,
		336507648,
		283001088,
		323025664,
		297412608,
		328660736,
		296663808,
		329422336,
		324845056,
		279105280,
		336519424,
		299188224,
		320796928,
		296672512,
		327499776,
		340154624,
		285846016,
		330028288,
		299158528,
		339404032,
		317738240,
		287574272,
		341446656,
		290076672,
		329275136,
		293904128,
		330756352,
		332674304,
		286471168,
		329890304,
		300222208,
		337047040,
		332959744,
		292848384,
		321821952,
		291471616,
		325650944,
		292708608,
		331595264,
		333608704,
		292034304,
		324651264
	],
	"iteration_intervals_avg": 313704779.2941176,
	"iteration_intervals_avg_second": 0.3137047792941176,
	"total_time_ns": 45226073088,
	"total_time_second": 45,
	"mem_infos": [
		[
			11120148480,
			11811160064
		],
		[
			10432282624,
			11811160064
		],
		[
			3742367744,
			11811160064
		],
		[
			3415212032,
			11811160064
		],
		[
			3146776576,
			11811160064
		],
		[
			3146776576,
			11811160064
		],
		[
			3146776576,
			11811160064
		],
		[
			3146776576,
			11811160064
		],
		[
			3146776576,
			11811160064
		],
		[
			3146776576,
			11811160064
		],
		[
			3146776576,
			11811160064
		],
		[
			3146776576,
			11811160064
		],
		[
			3146776576,
			11811160064
		],
		[
			3146776576,
			11811160064
		],
		[
			3146776576,
			11811160064
		],
		[
			3146776576,
			11811160064
		],
		[
			3146776576,
			11811160064
		],
		[
			3146776576,
			11811160064
		],
		[
			3146776576,
			11811160064
		],
		[
			3146776576,
			11811160064
		],
		[
			3146776576,
			11811160064
		],
		[
			3146776576,
			11811160064
		],
		[
			3146776576,
			11811160064
		],
		[
			3146776576,
			11811160064
		],
		[
			3146776576,
			11811160064
		],
		[
			3146776576,
			11811160064
		],
		[
			3146776576,
			11811160064
		],
		[
			3146776576,
			11811160064
		],
		[
			3146776576,
			11811160064
		],
		[
			3146776576,
			11811160064
		],
		[
			3146776576,
			11811160064
		],
		[
			3146776576,
			11811160064
		],
		[
			3146776576,
			11811160064
		],
		[
			3146776576,
			11811160064
		],
		[
			3146776576,
			11811160064
		],
		[
			3146776576,
			11811160064
		],
		[
			3146776576,
			11811160064
		],
		[
			3146776576,
			11811160064
		],
		[
			3146776576,
			11811160064
		],
		[
			3146776576,
			11811160064
		],
		[
			3146776576,
			11811160064
		],
		[
			3146776576,
			11811160064
		],
		[
			3146776576,
			11811160064
		],
		[
			3146776576,
			11811160064
		],
		[
			3146776576,
			11811160064
		],
		[
			3146776576,
			11811160064
		],
		[
			3146776576,
			11811160064
		],
		[
			3146776576,
			11811160064
		],
		[
			3146776576,
			11811160064
		],
		[
			3146776576,
			11811160064
		],
		[
			3146776576,
			11811160064
		],
		[
			3146776576,
			11811160064
		],
		[
			3146776576,
			11811160064
		],
		[
			3146776576,
			11811160064
		],
		[
			3146776576,
			11811160064
		],
		[
			3146776576,
			11811160064
		],
		[
			3146776576,
			11811160064
		],
		[
			3146776576,
			11811160064
		],
		[
			3146776576,
			11811160064
		],
		[
			3146776576,
			11811160064
		],
		[
			3146776576,
			11811160064
		],
		[
			3146776576,
			11811160064
		],
		[
			3146776576,
			11811160064
		],
		[
			3146776576,
			11811160064
		],
		[
			3146776576,
			11811160064
		],
		[
			3146776576,
			11811160064
		],
		[
			3146776576,
			11811160064
		],
		[
			3146776576,
			11811160064
		],
		[
			3146776576,
			11811160064
		],
		[
			3146776576,
			11811160064
		],
		[
			3146776576,
			11811160064
		],
		[
			3146776576,
			11811160064
		],
		[
			3146776576,
			11811160064
		],
		[
			3146776576,
			11811160064
		],
		[
			3146776576,
			11811160064
		],
		[
			3146776576,
			11811160064
		],
		[
			3146776576,
			11811160064
		],
		[
			3146776576,
			11811160064
		],
		[
			3146776576,
			11811160064
		],
		[
			3146776576,
			11811160064
		],
		[
			3146776576,
			11811160064
		],
		[
			3146776576,
			11811160064
		],
		[
			3146776576,
			11811160064
		],
		[
			3146776576,
			11811160064
		],
		[
			3146776576,
			11811160064
		],
		[
			3146776576,
			11811160064
		],
		[
			3146776576,
			11811160064
		],
		[
			3146776576,
			11811160064
		],
		[
			3146776576,
			11811160064
		],
		[
			3146776576,
			11811160064
		]
	],
	"utilization": [
		7,
		11,
		11,
		38,
		38,
		59,
		59,
		61,
		61,
		61,
		56,
		56,
		57,
		57,
		60,
		60,
		58,
		58,
		59,
		59,
		59,
		59,
		60,
		60,
		58,
		58,
		61,
		61,
		57,
		57,
		57,
		57,
		59,
		59,
		60,
		60,
		56,
		56,
		60,
		60,
		60,
		60,
		59,
		59,
		59,
		59,
		59,
		59,
		58,
		58,
		61,
		61,
		58,
		58,
		56,
		56,
		60,
		60,
		58,
		58,
		60,
		60,
		60,
		60,
		61,
		61,
		59,
		59,
		61,
		61,
		59,
		59,
		59,
		59,
		59,
		59,
		62,
		62,
		57,
		57,
		60,
		60,
		62,
		62,
		57,
		57,
		62,
		62,
		60,
		60
	],
	"computation_proportion": 80,
	"extra_dict": {}
}