{
	"model_name": "ConvNeXtS",
	"batch_size": 4,
	"duration_sec": 45,
	"mode": "train",
	"is_DDP": true,
	"process_group_backend": "gloo",
	"world_size": 4,
	"rank": 2,
	"local_rank": 0,
	"device_type": "gpu",
	"master_addr": "133.133.135.75",
	"master_port": 39920,
	"iteration_count": 86,
	"iteration_intervals": [
		1419955712,
		165493760,
		270547968,
		1805974272,
		450023936,
		376927488,
		370199808,
		591740160,
		1283503616,
		422298112,
		282862848,
		260928768,
		220923136,
		205459968,
		172153088,
		192402688,
		142607616,
		147524864,
		417923840,
		278142976,
		1835021568,
		393551360,
		405625088,
		389840640,
		406632704,
		833779456,
		1834118400,
		614062336,
		334863104,
		276609024,
		250968064,
		224275712,
		1117643264,
		601962240,
		977588992,
		1095295232,
		736200448,
		539841280,
		506447616,
		359691264,
		290674176,
		239815936,
		203778048,
		181224960,
		1502770944,
		463133184,
		356666880,
		336855296,
		333949184,
		2299818240,
		491994880,
		322879744,
		267969536,
		228253184,
		225077248,
		162071552,
		1325299968,
		561467136,
		388219136,
		272594688,
		230246912,
		236746496,
		179674880,
		190608384,
		148676608,
		691214592,
		613292288,
		376259840,
		897607680,
		494550784,
		336577024,
		271549184,
		304897024,
		1957638400,
		487334656,
		371453952,
		243753728,
		245711104,
		250040320,
		150878208,
		203759616,
		149111552,
		142647040,
		1101893632,
		646621440,
		423673856
	],
	"iteration_intervals_avg": 504945060.345679,
	"iteration_intervals_avg_second": 0.504945060345679,
	"total_time_ns": 45013923072,
	"total_time_second": 45,
	"mem_infos": [
		[
			4881121280,
			5905580032
		],
		[
			4681891840,
			5905580032
		],
		[
			4476370944,
			5905580032
		],
		[
			3677356032,
			5905580032
		],
		[
			3677356032,
			5905580032
		],
		[
			3677356032,
			5905580032
		],
		[
			3677356032,
			5905580032
		],
		[
			3677356032,
			5905580032
		],
		[
			3677356032,
			5905580032
		],
		[
			3677356032,
			5905580032
		],
		[
			3677356032,
			5905580032
		],
		[
			3677356032,
			5905580032
		],
		[
			3677356032,
			5905580032
		],
		[
			3677356032,
			5905580032
		],
		[
			3677356032,
			5905580032
		],
		[
			3677356032,
			5905580032
		],
		[
			3677356032,
			5905580032
		],
		[
			3677356032,
			5905580032
		],
		[
			3677356032,
			5905580032
		],
		[
			3677356032,
			5905580032
		],
		[
			3677356032,
			5905580032
		],
		[
			3677356032,
			5905580032
		],
		[
			3677356032,
			5905580032
		],
		[
			3677356032,
			5905580032
		],
		[
			3677356032,
			5905580032
		],
		[
			3677356032,
			5905580032
		],
		[
			3677356032,
			5905580032
		],
		[
			3677356032,
			5905580032
		],
		[
			3677356032,
			5905580032
		],
		[
			3677356032,
			5905580032
		],
		[
			3677356032,
			5905580032
		],
		[
			3677356032,
			5905580032
		],
		[
			3677356032,
			5905580032
		],
		[
			3677356032,
			5905580032
		],
		[
			3677356032,
			5905580032
		],
		[
			3677356032,
			5905580032
		],
		[
			3677356032,
			5905580032
		],
		[
			3677356032,
			5905580032
		],
		[
			3677356032,
			5905580032
		],
		[
			3677356032,
			5905580032
		],
		[
			3677356032,
			5905580032
		],
		[
			3677356032,
			5905580032
		],
		[
			3677356032,
			5905580032
		],
		[
			3677356032,
			5905580032
		],
		[
			3677356032,
			5905580032
		],
		[
			3677356032,
			5905580032
		],
		[
			3677356032,
			5905580032
		],
		[
			3677356032,
			5905580032
		],
		[
			3677356032,
			5905580032
		],
		[
			3677356032,
			5905580032
		],
		[
			3677356032,
			5905580032
		],
		[
			3677356032,
			5905580032
		],
		[
			3677356032,
			5905580032
		],
		[
			3677356032,
			5905580032
		],
		[
			3677356032,
			5905580032
		],
		[
			3677356032,
			5905580032
		],
		[
			3677356032,
			5905580032
		],
		[
			3677356032,
			5905580032
		],
		[
			3677356032,
			5905580032
		],
		[
			3677356032,
			5905580032
		],
		[
			3677356032,
			5905580032
		],
		[
			3677356032,
			5905580032
		],
		[
			3677356032,
			5905580032
		],
		[
			3677356032,
			5905580032
		],
		[
			3677356032,
			5905580032
		],
		[
			3677356032,
			5905580032
		],
		[
			3677356032,
			5905580032
		],
		[
			3677356032,
			5905580032
		],
		[
			3677356032,
			5905580032
		],
		[
			3677356032,
			5905580032
		],
		[
			3677356032,
			5905580032
		],
		[
			3677356032,
			5905580032
		],
		[
			3677356032,
			5905580032
		],
		[
			3677356032,
			5905580032
		],
		[
			3677356032,
			5905580032
		],
		[
			3677356032,
			5905580032
		],
		[
			3677356032,
			5905580032
		],
		[
			3677356032,
			5905580032
		],
		[
			3677356032,
			5905580032
		],
		[
			3677356032,
			5905580032
		],
		[
			3677356032,
			5905580032
		],
		[
			3677356032,
			5905580032
		],
		[
			3677356032,
			5905580032
		],
		[
			3677356032,
			5905580032
		],
		[
			3677356032,
			5905580032
		],
		[
			3677356032,
			5905580032
		],
		[
			3677356032,
			5905580032
		],
		[
			3677356032,
			5905580032
		],
		[
			3677356032,
			5905580032
		],
		[
			3677356032,
			5905580032
		]
	],
	"utilization": [
		43,
		43,
		36,
		36,
		53,
		53,
		7,
		7,
		15,
		15,
		36,
		36,
		22,
		22,
		13,
		13,
		45,
		45,
		70,
		70,
		28,
		28,
		4,
		4,
		29,
		29,
		29,
		29,
		20,
		20,
		4,
		4,
		16,
		16,
		39,
		39,
		24,
		24,
		17,
		17,
		18,
		18,
		13,
		13,
		25,
		25,
		23,
		23,
		40,
		40,
		19,
		19,
		14,
		14,
		42,
		42,
		11,
		11,
		0,
		0,
		28,
		28,
		49,
		49,
		17,
		17,
		19,
		19,
		49,
		49,
		62,
		62,
		15,
		15,
		18,
		18,
		26,
		26,
		36,
		36,
		3,
		3,
		19,
		19,
		46,
		46,
		66,
		66,
		12,
		12
	],
	"computation_proportion": 15,
	"extra_dict": {}
}