{
	"model_name": "InceptionV3",
	"batch_size": 32,
	"duration_sec": 45,
	"mode": "train",
	"is_DDP": true,
	"process_group_backend": "gloo",
	"world_size": 2,
	"rank": 0,
	"local_rank": 0,
	"device_type": "gpu",
	"master_addr": "133.133.135.75",
	"master_port": 39920,
	"iteration_count": 31,
	"iteration_intervals": [
		1597827072,
		850053632,
		1711657216,
		1479443456,
		1336623360,
		1727363584,
		1331941888,
		1601184512,
		1687520256,
		1227779072,
		1099071744,
		1478311424,
		1716545536,
		1333654272,
		1471625984,
		1092602880,
		1216710912,
		1474646784,
		1712729088,
		1334143488,
		1350833920,
		1468940032,
		1829506816,
		1346782464,
		1461172480,
		1578400768,
		1728985600,
		1326019328,
		1364479488,
		1344570624,
		1810925312
	],
	"iteration_intervals_avg": 1466017240.6153846,
	"iteration_intervals_avg_second": 1.4660172406153846,
	"total_time_ns": 45092728064,
	"total_time_second": 45,
	"mem_infos": [
		[
			11061428224,
			11811160064
		],
		[
			10702815232,
			11811160064
		],
		[
			10486808576,
			11811160064
		],
		[
			5839519744,
			11811160064
		],
		[
			5759827968,
			11811160064
		],
		[
			5759827968,
			11811160064
		],
		[
			5759827968,
			11811160064
		],
		[
			5759827968,
			11811160064
		],
		[
			5759827968,
			11811160064
		],
		[
			5759827968,
			11811160064
		],
		[
			5759827968,
			11811160064
		],
		[
			5759827968,
			11811160064
		],
		[
			5759827968,
			11811160064
		],
		[
			5759827968,
			11811160064
		],
		[
			5759827968,
			11811160064
		],
		[
			5759827968,
			11811160064
		],
		[
			5759827968,
			11811160064
		],
		[
			5759827968,
			11811160064
		],
		[
			5759827968,
			11811160064
		],
		[
			5759827968,
			11811160064
		],
		[
			5759827968,
			11811160064
		],
		[
			5759827968,
			11811160064
		],
		[
			5759827968,
			11811160064
		],
		[
			5759827968,
			11811160064
		],
		[
			5759827968,
			11811160064
		],
		[
			5759827968,
			11811160064
		],
		[
			5759827968,
			11811160064
		],
		[
			5759827968,
			11811160064
		],
		[
			5759827968,
			11811160064
		],
		[
			5759827968,
			11811160064
		],
		[
			5759827968,
			11811160064
		],
		[
			5759827968,
			11811160064
		],
		[
			5759827968,
			11811160064
		],
		[
			5759827968,
			11811160064
		],
		[
			5759827968,
			11811160064
		],
		[
			5759827968,
			11811160064
		],
		[
			5759827968,
			11811160064
		],
		[
			5759827968,
			11811160064
		],
		[
			5759827968,
			11811160064
		],
		[
			5759827968,
			11811160064
		],
		[
			5759827968,
			11811160064
		],
		[
			5759827968,
			11811160064
		],
		[
			5759827968,
			11811160064
		],
		[
			5759827968,
			11811160064
		],
		[
			5759827968,
			11811160064
		],
		[
			5759827968,
			11811160064
		],
		[
			5759827968,
			11811160064
		],
		[
			5759827968,
			11811160064
		],
		[
			5759827968,
			11811160064
		],
		[
			5759827968,
			11811160064
		],
		[
			5759827968,
			11811160064
		],
		[
			5759827968,
			11811160064
		],
		[
			5759827968,
			11811160064
		],
		[
			5759827968,
			11811160064
		],
		[
			5759827968,
			11811160064
		],
		[
			5759827968,
			11811160064
		],
		[
			5759827968,
			11811160064
		],
		[
			5759827968,
			11811160064
		],
		[
			5759827968,
			11811160064
		],
		[
			5759827968,
			11811160064
		],
		[
			5759827968,
			11811160064
		],
		[
			5759827968,
			11811160064
		],
		[
			5759827968,
			11811160064
		],
		[
			5759827968,
			11811160064
		],
		[
			5759827968,
			11811160064
		],
		[
			5759827968,
			11811160064
		],
		[
			5759827968,
			11811160064
		],
		[
			5759827968,
			11811160064
		],
		[
			5759827968,
			11811160064
		],
		[
			5759827968,
			11811160064
		],
		[
			5759827968,
			11811160064
		],
		[
			5759827968,
			11811160064
		],
		[
			5759827968,
			11811160064
		],
		[
			5759827968,
			11811160064
		],
		[
			5759827968,
			11811160064
		],
		[
			5759827968,
			11811160064
		],
		[
			5759827968,
			11811160064
		],
		[
			5759827968,
			11811160064
		],
		[
			5759827968,
			11811160064
		],
		[
			5759827968,
			11811160064
		],
		[
			5759827968,
			11811160064
		],
		[
			5759827968,
			11811160064
		],
		[
			5759827968,
			11811160064
		],
		[
			5759827968,
			11811160064
		],
		[
			5759827968,
			11811160064
		],
		[
			5759827968,
			11811160064
		],
		[
			5759827968,
			11811160064
		],
		[
			5759827968,
			11811160064
		],
		[
			5759827968,
			11811160064
		],
		[
			5759827968,
			11811160064
		]
	],
	"utilization": [
		3,
		7,
		7,
		23,
		23,
		20,
		20,
		18,
		18,
		18,
		18,
		1,
		1,
		18,
		18,
		18,
		18,
		1,
		1,
		18,
		18,
		18,
		18,
		1,
		1,
		18,
		18,
		15,
		15,
		5,
		5,
		18,
		18,
		18,
		18,
		18,
		18,
		1,
		1,
		18,
		18,
		18,
		18,
		1,
		1,
		18,
		18,
		18,
		18,
		18,
		18,
		1,
		1,
		18,
		18,
		18,
		18,
		2,
		2,
		18,
		18,
		18,
		18,
		16,
		16,
		2,
		2,
		18,
		18,
		13,
		13,
		6,
		6,
		6,
		18,
		1,
		1,
		1,
		18,
		18,
		18,
		4,
		4,
		4,
		15,
		18,
		18,
		18,
		18,
		1
	],
	"computation_proportion": 15,
	"extra_dict": {}
}