{
	"model_name": "ConvNeXtT",
	"batch_size": 16,
	"duration_sec": 45,
	"mode": "train",
	"is_DDP": true,
	"process_group_backend": "gloo",
	"world_size": 4,
	"rank": 3,
	"local_rank": 0,
	"device_type": "gpu",
	"master_addr": "133.133.135.75",
	"master_port": 39920,
	"iteration_count": 104,
	"iteration_intervals": [
		1541490688,
		322295296,
		345106176,
		273595904,
		343837696,
		274363392,
		349786880,
		267041792,
		336439552,
		348381696,
		281718784,
		327708672,
		342533120,
		443393792,
		483803136,
		386979072,
		321793280,
		342962432,
		285434880,
		325253888,
		347782912,
		274121472,
		354906880,
		280261888,
		345182720,
		335911936,
		273788160,
		321454848,
		339943936,
		464058624,
		315403520,
		351497984,
		353222912,
		674830336,
		1094195200,
		634713088,
		350649856,
		322356480,
		359484672,
		292702208,
		322114560,
		331682304,
		281946624,
		341992960,
		425049856,
		2070068736,
		421147136,
		302444032,
		346228224,
		292117760,
		334236928,
		267148544,
		341116928,
		266942976,
		357954304,
		1214154496,
		1346450432,
		449435392,
		328274944,
		301201408,
		335987456,
		293835520,
		335205888,
		291130112,
		315298816,
		301722368,
		369064448,
		488025344,
		1211132160,
		857588224,
		400412160,
		317572096,
		342746880,
		288985344,
		332757248,
		342253824,
		290447616,
		328489984,
		319113216,
		305483520,
		761177856,
		1120389632,
		591718912,
		719268608,
		377050368,
		343043584,
		355994880,
		357870336,
		281559808,
		332185600,
		287844864,
		340486400,
		331218432,
		312452864,
		595410432,
		862623232,
		419764736,
		326799872,
		318584832,
		369754112,
		343344640,
		276788224,
		358588672,
		356918016
	],
	"iteration_intervals_avg": 427816804.8484849,
	"iteration_intervals_avg_second": 0.4278168048484849,
	"total_time_ns": 45182390272,
	"total_time_second": 45,
	"mem_infos": [
		[
			4860149760,
			5905580032
		],
		[
			4658823168,
			5905580032
		],
		[
			4453302272,
			5905580032
		],
		[
			2484076544,
			5905580032
		],
		[
			2255486976,
			5905580032
		],
		[
			2255486976,
			5905580032
		],
		[
			2255486976,
			5905580032
		],
		[
			2255486976,
			5905580032
		],
		[
			2255486976,
			5905580032
		],
		[
			2255486976,
			5905580032
		],
		[
			2255486976,
			5905580032
		],
		[
			2255486976,
			5905580032
		],
		[
			2255486976,
			5905580032
		],
		[
			2255486976,
			5905580032
		],
		[
			2255486976,
			5905580032
		],
		[
			2255486976,
			5905580032
		],
		[
			2255486976,
			5905580032
		],
		[
			2255486976,
			5905580032
		],
		[
			2255486976,
			5905580032
		],
		[
			2255486976,
			5905580032
		],
		[
			2255486976,
			5905580032
		],
		[
			2255486976,
			5905580032
		],
		[
			2255486976,
			5905580032
		],
		[
			2255486976,
			5905580032
		],
		[
			2255486976,
			5905580032
		],
		[
			2255486976,
			5905580032
		],
		[
			2255486976,
			5905580032
		],
		[
			2255486976,
			5905580032
		],
		[
			2255486976,
			5905580032
		],
		[
			2255486976,
			5905580032
		],
		[
			2255486976,
			5905580032
		],
		[
			2255486976,
			5905580032
		],
		[
			2255486976,
			5905580032
		],
		[
			2255486976,
			5905580032
		],
		[
			2255486976,
			5905580032
		],
		[
			2255486976,
			5905580032
		],
		[
			2255486976,
			5905580032
		],
		[
			2255486976,
			5905580032
		],
		[
			2255486976,
			5905580032
		],
		[
			2255486976,
			5905580032
		],
		[
			2255486976,
			5905580032
		],
		[
			2255486976,
			5905580032
		],
		[
			2255486976,
			5905580032
		],
		[
			2255486976,
			5905580032
		],
		[
			2255486976,
			5905580032
		],
		[
			2255486976,
			5905580032
		],
		[
			2255486976,
			5905580032
		],
		[
			2255486976,
			5905580032
		],
		[
			2255486976,
			5905580032
		],
		[
			2255486976,
			5905580032
		],
		[
			2255486976,
			5905580032
		],
		[
			2255486976,
			5905580032
		],
		[
			2255486976,
			5905580032
		],
		[
			2255486976,
			5905580032
		],
		[
			2255486976,
			5905580032
		],
		[
			2255486976,
			5905580032
		],
		[
			2255486976,
			5905580032
		],
		[
			2255486976,
			5905580032
		],
		[
			2255486976,
			5905580032
		],
		[
			2255486976,
			5905580032
		],
		[
			2255486976,
			5905580032
		],
		[
			2255486976,
			5905580032
		],
		[
			2255486976,
			5905580032
		],
		[
			2255486976,
			5905580032
		],
		[
			2255486976,
			5905580032
		],
		[
			2255486976,
			5905580032
		],
		[
			2255486976,
			5905580032
		],
		[
			2255486976,
			5905580032
		],
		[
			2255486976,
			5905580032
		],
		[
			2255486976,
			5905580032
		],
		[
			2255486976,
			5905580032
		],
		[
			2255486976,
			5905580032
		],
		[
			2255486976,
			5905580032
		],
		[
			2255486976,
			5905580032
		],
		[
			2255486976,
			5905580032
		],
		[
			2255486976,
			5905580032
		],
		[
			2255486976,
			5905580032
		],
		[
			2255486976,
			5905580032
		],
		[
			2255486976,
			5905580032
		],
		[
			2255486976,
			5905580032
		],
		[
			2255486976,
			5905580032
		],
		[
			2255486976,
			5905580032
		],
		[
			2255486976,
			5905580032
		],
		[
			2255486976,
			5905580032
		],
		[
			2255486976,
			5905580032
		],
		[
			2255486976,
			5905580032
		],
		[
			2255486976,
			5905580032
		],
		[
			2255486976,
			5905580032
		],
		[
			2255486976,
			5905580032
		],
		[
			2255486976,
			5905580032
		]
	],
	"utilization": [
		19,
		43,
		43,
		43,
		43,
		77,
		77,
		89,
		89,
		88,
		88,
		87,
		87,
		70,
		70,
		74,
		74,
		93,
		93,
		89,
		89,
		88,
		88,
		78,
		78,
		81,
		81,
		47,
		47,
		25,
		25,
		62,
		62,
		88,
		88,
		90,
		90,
		44,
		44,
		1,
		1,
		53,
		53,
		86,
		86,
		94,
		94,
		55,
		55,
		18,
		18,
		28,
		28,
		75,
		75,
		89,
		89,
		90,
		90,
		68,
		68,
		16,
		16,
		47,
		47,
		84,
		84,
		91,
		91,
		91,
		91,
		46,
		46,
		26,
		26,
		41,
		41,
		71,
		71,
		90,
		90,
		91,
		91,
		72,
		72,
		43,
		43,
		79,
		79,
		89
	],
	"computation_proportion": 50,
	"extra_dict": {}
}