{
	"model_name": "EfficientNet",
	"batch_size": 4,
	"duration_sec": 45,
	"mode": "train",
	"is_DDP": true,
	"process_group_backend": "gloo",
	"world_size": 4,
	"rank": 3,
	"local_rank": 0,
	"device_type": "gpu",
	"master_addr": "133.133.135.75",
	"master_port": 39920,
	"iteration_count": 126,
	"iteration_intervals": [
		1691677952,
		372938496,
		334835712,
		338381056,
		341516544,
		344936960,
		350637312,
		349806336,
		341512448,
		336973824,
		341318400,
		343578368,
		348791296,
		338654976,
		353505536,
		348049920,
		345772032,
		341281536,
		343451392,
		338373632,
		346120960,
		354291200,
		344589056,
		341334016,
		346181632,
		350860800,
		332242944,
		342129664,
		339159296,
		347419392,
		334522624,
		363024384,
		337544704,
		334577408,
		344076800,
		365764608,
		354265856,
		341001984,
		339163648,
		329661696,
		365141248,
		357642240,
		345060608,
		348189440,
		347310848,
		348141056,
		347419648,
		336828416,
		345527296,
		334753280,
		348955904,
		338881280,
		352809472,
		339017472,
		345238528,
		345949696,
		348060160,
		343713280,
		339358208,
		358321664,
		336207872,
		361948672,
		348419584,
		343332864,
		362625792,
		344212992,
		371052288,
		342807040,
		356861696,
		340531712,
		338362624,
		386056960,
		338526976,
		343731968,
		350695936,
		342977536,
		346143232,
		354778112,
		336947200,
		345344512,
		337695232,
		367419904,
		348950784,
		340634112,
		337435904,
		355045632,
		343316992,
		346145280,
		379301888,
		335907072,
		366882816,
		334418176,
		362830080,
		344007680,
		336317696,
		367865600,
		339997696,
		354642944,
		330162432,
		325068544,
		358377984,
		344300032,
		335070720,
		339629312,
		338848512,
		350365952,
		347169792,
		352529408,
		336349184,
		353836800,
		340967680,
		366658816,
		342096896,
		333489920,
		364954880,
		345579520,
		344265984,
		330589184,
		345379328,
		364759040,
		350913024,
		347642880,
		334069760,
		364002816,
		413399808,
		350531072
	],
	"iteration_intervals_avg": 347374270.41322315,
	"iteration_intervals_avg_second": 0.34737427041322316,
	"total_time_ns": 45112705536,
	"total_time_second": 45,
	"mem_infos": [
		[
			5329911808,
			5905580032
		],
		[
			5124390912,
			5905580032
		],
		[
			4902092800,
			5905580032
		],
		[
			4361027584,
			5905580032
		],
		[
			4302307328,
			5905580032
		],
		[
			4302307328,
			5905580032
		],
		[
			4302307328,
			5905580032
		],
		[
			4302307328,
			5905580032
		],
		[
			4302307328,
			5905580032
		],
		[
			4302307328,
			5905580032
		],
		[
			4302307328,
			5905580032
		],
		[
			4302307328,
			5905580032
		],
		[
			4302307328,
			5905580032
		],
		[
			4302307328,
			5905580032
		],
		[
			4302307328,
			5905580032
		],
		[
			4302307328,
			5905580032
		],
		[
			4302307328,
			5905580032
		],
		[
			4302307328,
			5905580032
		],
		[
			4302307328,
			5905580032
		],
		[
			4302307328,
			5905580032
		],
		[
			4302307328,
			5905580032
		],
		[
			4302307328,
			5905580032
		],
		[
			4302307328,
			5905580032
		],
		[
			4302307328,
			5905580032
		],
		[
			4302307328,
			5905580032
		],
		[
			4302307328,
			5905580032
		],
		[
			4302307328,
			5905580032
		],
		[
			4302307328,
			5905580032
		],
		[
			4302307328,
			5905580032
		],
		[
			4302307328,
			5905580032
		],
		[
			4302307328,
			5905580032
		],
		[
			4302307328,
			5905580032
		],
		[
			4302307328,
			5905580032
		],
		[
			4302307328,
			5905580032
		],
		[
			4302307328,
			5905580032
		],
		[
			4302307328,
			5905580032
		],
		[
			4302307328,
			5905580032
		],
		[
			4302307328,
			5905580032
		],
		[
			4302307328,
			5905580032
		],
		[
			4302307328,
			5905580032
		],
		[
			4302307328,
			5905580032
		],
		[
			4302307328,
			5905580032
		],
		[
			4302307328,
			5905580032
		],
		[
			4302307328,
			5905580032
		],
		[
			4302307328,
			5905580032
		],
		[
			4302307328,
			5905580032
		],
		[
			4302307328,
			5905580032
		],
		[
			4302307328,
			5905580032
		],
		[
			4302307328,
			5905580032
		],
		[
			4302307328,
			5905580032
		],
		[
			4302307328,
			5905580032
		],
		[
			4302307328,
			5905580032
		],
		[
			4302307328,
			5905580032
		],
		[
			4302307328,
			5905580032
		],
		[
			4302307328,
			5905580032
		],
		[
			4302307328,
			5905580032
		],
		[
			4302307328,
			5905580032
		],
		[
			4302307328,
			5905580032
		],
		[
			4302307328,
			5905580032
		],
		[
			4302307328,
			5905580032
		],
		[
			4302307328,
			5905580032
		],
		[
			4302307328,
			5905580032
		],
		[
			4302307328,
			5905580032
		],
		[
			4302307328,
			5905580032
		],
		[
			4302307328,
			5905580032
		],
		[
			4302307328,
			5905580032
		],
		[
			4302307328,
			5905580032
		],
		[
			4302307328,
			5905580032
		],
		[
			4302307328,
			5905580032
		],
		[
			4302307328,
			5905580032
		],
		[
			4302307328,
			5905580032
		],
		[
			4302307328,
			5905580032
		],
		[
			4302307328,
			5905580032
		],
		[
			4302307328,
			5905580032
		],
		[
			4302307328,
			5905580032
		],
		[
			4302307328,
			5905580032
		],
		[
			4302307328,
			5905580032
		],
		[
			4302307328,
			5905580032
		],
		[
			4302307328,
			5905580032
		],
		[
			4302307328,
			5905580032
		],
		[
			4302307328,
			5905580032
		],
		[
			4302307328,
			5905580032
		],
		[
			4302307328,
			5905580032
		],
		[
			4302307328,
			5905580032
		],
		[
			4302307328,
			5905580032
		],
		[
			4302307328,
			5905580032
		],
		[
			4302307328,
			5905580032
		],
		[
			4302307328,
			5905580032
		],
		[
			4302307328,
			5905580032
		],
		[
			4302307328,
			5905580032
		]
	],
	"utilization": [
		8,
		9,
		9,
		15,
		15,
		17,
		17,
		18,
		18,
		20,
		20,
		19,
		19,
		18,
		18,
		18,
		18,
		19,
		19,
		19,
		19,
		18,
		18,
		18,
		18,
		16,
		16,
		19,
		19,
		19,
		19,
		20,
		20,
		20,
		20,
		19,
		19,
		18,
		18,
		19,
		19,
		19,
		19,
		20,
		20,
		15,
		15,
		17,
		17,
		18,
		18,
		20,
		20,
		20,
		20,
		19,
		19,
		19,
		19,
		18,
		18,
		16,
		16,
		17,
		17,
		19,
		19,
		20,
		20,
		19,
		19,
		19,
		19,
		18,
		18,
		17,
		17,
		18,
		18,
		19,
		19,
		15,
		15,
		16,
		16,
		20,
		20,
		19,
		19,
		19
	],
	"computation_proportion": 20,
	"extra_dict": {}
}