{
	"model_name": "ConvNeXtS",
	"batch_size": 16,
	"duration_sec": 45,
	"mode": "train",
	"is_DDP": true,
	"process_group_backend": "gloo",
	"world_size": 4,
	"rank": 1,
	"local_rank": 0,
	"device_type": "gpu",
	"master_addr": "133.133.135.75",
	"master_port": 39920,
	"iteration_count": 96,
	"iteration_intervals": [
		1512247552,
		289196800,
		336624896,
		285117696,
		319440128,
		281754368,
		330943488,
		286841856,
		321410304,
		457297152,
		361325056,
		292130048,
		352244992,
		664567296,
		644471040,
		380023040,
		290329344,
		332976384,
		277087744,
		334640384,
		284545024,
		336211712,
		1630824960,
		634969344,
		373812224,
		306252288,
		333777664,
		293089280,
		322072576,
		413882624,
		508294400,
		310696704,
		313155584,
		314274048,
		343070720,
		275880192,
		341714176,
		340720384,
		1702707456,
		491954432,
		364867840,
		305636352,
		346707712,
		353241088,
		312868608,
		314906368,
		283183616,
		464594688,
		1845382656,
		650321408,
		456636928,
		391289600,
		358601984,
		337635840,
		333755136,
		286927616,
		337052416,
		313869312,
		394383360,
		1170070272,
		1488182272,
		494693888,
		358389248,
		312632832,
		325517824,
		264705792,
		287558144,
		327464704,
		362213376,
		2059852544,
		444811520,
		313171456,
		351829248,
		335731712,
		313570048,
		327805696,
		300688896,
		323798016,
		358817024,
		282993152,
		320922368,
		425541888,
		1844125440,
		476885760,
		322187008,
		324369920,
		277109760,
		287750656,
		334829056,
		889646848,
		434936576,
		340736000,
		279743232,
		352182016,
		298161664,
		318958080
	],
	"iteration_intervals_avg": 464443898.37362635,
	"iteration_intervals_avg_second": 0.4644438983736264,
	"total_time_ns": 45009534464,
	"total_time_second": 45,
	"mem_infos": [
		[
			4881121280,
			5905580032
		],
		[
			4700766208,
			5905580032
		],
		[
			4497342464,
			5905580032
		],
		[
			2484076544,
			5905580032
		],
		[
			2255486976,
			5905580032
		],
		[
			2255486976,
			5905580032
		],
		[
			2255486976,
			5905580032
		],
		[
			2255486976,
			5905580032
		],
		[
			2255486976,
			5905580032
		],
		[
			2255486976,
			5905580032
		],
		[
			2255486976,
			5905580032
		],
		[
			2255486976,
			5905580032
		],
		[
			2255486976,
			5905580032
		],
		[
			2255486976,
			5905580032
		],
		[
			2255486976,
			5905580032
		],
		[
			2255486976,
			5905580032
		],
		[
			2255486976,
			5905580032
		],
		[
			2255486976,
			5905580032
		],
		[
			2255486976,
			5905580032
		],
		[
			2255486976,
			5905580032
		],
		[
			2255486976,
			5905580032
		],
		[
			2255486976,
			5905580032
		],
		[
			2255486976,
			5905580032
		],
		[
			2255486976,
			5905580032
		],
		[
			2255486976,
			5905580032
		],
		[
			2255486976,
			5905580032
		],
		[
			2255486976,
			5905580032
		],
		[
			2255486976,
			5905580032
		],
		[
			2255486976,
			5905580032
		],
		[
			2255486976,
			5905580032
		],
		[
			2255486976,
			5905580032
		],
		[
			2255486976,
			5905580032
		],
		[
			2255486976,
			5905580032
		],
		[
			2255486976,
			5905580032
		],
		[
			2255486976,
			5905580032
		],
		[
			2255486976,
			5905580032
		],
		[
			2255486976,
			5905580032
		],
		[
			2255486976,
			5905580032
		],
		[
			2255486976,
			5905580032
		],
		[
			2255486976,
			5905580032
		],
		[
			2255486976,
			5905580032
		],
		[
			2255486976,
			5905580032
		],
		[
			2255486976,
			5905580032
		],
		[
			2255486976,
			5905580032
		],
		[
			2255486976,
			5905580032
		],
		[
			2255486976,
			5905580032
		],
		[
			2255486976,
			5905580032
		],
		[
			2255486976,
			5905580032
		],
		[
			2255486976,
			5905580032
		],
		[
			2255486976,
			5905580032
		],
		[
			2255486976,
			5905580032
		],
		[
			2255486976,
			5905580032
		],
		[
			2255486976,
			5905580032
		],
		[
			2255486976,
			5905580032
		],
		[
			2255486976,
			5905580032
		],
		[
			2255486976,
			5905580032
		],
		[
			2255486976,
			5905580032
		],
		[
			2255486976,
			5905580032
		],
		[
			2255486976,
			5905580032
		],
		[
			2255486976,
			5905580032
		],
		[
			2255486976,
			5905580032
		],
		[
			2255486976,
			5905580032
		],
		[
			2255486976,
			5905580032
		],
		[
			2255486976,
			5905580032
		],
		[
			2255486976,
			5905580032
		],
		[
			2255486976,
			5905580032
		],
		[
			2255486976,
			5905580032
		],
		[
			2255486976,
			5905580032
		],
		[
			2255486976,
			5905580032
		],
		[
			2255486976,
			5905580032
		],
		[
			2255486976,
			5905580032
		],
		[
			2255486976,
			5905580032
		],
		[
			2255486976,
			5905580032
		],
		[
			2255486976,
			5905580032
		],
		[
			2255486976,
			5905580032
		],
		[
			2255486976,
			5905580032
		],
		[
			2255486976,
			5905580032
		],
		[
			2255486976,
			5905580032
		],
		[
			2255486976,
			5905580032
		],
		[
			2255486976,
			5905580032
		],
		[
			2255486976,
			5905580032
		],
		[
			2255486976,
			5905580032
		],
		[
			2255486976,
			5905580032
		],
		[
			2255486976,
			5905580032
		],
		[
			2255486976,
			5905580032
		],
		[
			2255486976,
			5905580032
		],
		[
			2255486976,
			5905580032
		],
		[
			2255486976,
			5905580032
		],
		[
			2255486976,
			5905580032
		],
		[
			2255486976,
			5905580032
		]
	],
	"utilization": [
		23,
		16,
		16,
		43,
		43,
		83,
		83,
		87,
		87,
		90,
		90,
		74,
		74,
		50,
		50,
		56,
		56,
		85,
		85,
		83,
		83,
		2,
		2,
		37,
		37,
		83,
		83,
		75,
		75,
		74,
		74,
		87,
		87,
		76,
		76,
		1,
		1,
		49,
		49,
		84,
		84,
		86,
		86,
		46,
		46,
		9,
		9,
		31,
		31,
		64,
		64,
		83,
		83,
		88,
		88,
		34,
		34,
		14,
		14,
		32,
		32,
		71,
		71,
		88,
		88,
		67,
		67,
		0,
		0,
		34,
		34,
		86,
		86,
		84,
		84,
		86,
		86,
		58,
		58,
		2,
		2,
		43,
		43,
		91,
		91,
		53,
		53,
		56,
		56,
		87
	],
	"computation_proportion": 45,
	"extra_dict": {}
}