{
	"model_name": "SqueezeNet",
	"batch_size": 256,
	"duration_sec": 45,
	"mode": "train",
	"is_DDP": true,
	"process_group_backend": "gloo",
	"world_size": 1,
	"rank": 0,
	"local_rank": 0,
	"device_type": "gpu",
	"master_addr": "133.133.135.75",
	"master_port": 39920,
	"iteration_count": 52,
	"iteration_intervals": [
		2248762624,
		848210944,
		852125952,
		746525696,
		861980160,
		851001600,
		861219072,
		841336832,
		858391296,
		852178432,
		850952448,
		863730432,
		855055872,
		845932800,
		853859328,
		861167872,
		855438336,
		855326208,
		848964096,
		858722048,
		856550144,
		859330816,
		741514496,
		863248384,
		854598400,
		861584896,
		856093696,
		844366592,
		854629120,
		850178816,
		856408576,
		860229120,
		849971968,
		850909696,
		858678016,
		854908416,
		863157504,
		846585344,
		861710592,
		848408064,
		863386368,
		822681088,
		782720000,
		851786496,
		859941888,
		860384512,
		913523712,
		853531648,
		855565824,
		854997248,
		860392960,
		851340032
	],
	"iteration_intervals_avg": 851842363.9148936,
	"iteration_intervals_avg_second": 0.8518423639148937,
	"total_time_ns": 45594928640,
	"total_time_second": 45,
	"mem_infos": [
		[
			11269046272,
			11811160064
		],
		[
			9712959488,
			11811160064
		],
		[
			9490661376,
			11811160064
		],
		[
			1880096768,
			11811160064
		],
		[
			2372927488,
			11811160064
		],
		[
			1196425216,
			11811160064
		],
		[
			441450496,
			11811160064
		],
		[
			441450496,
			11811160064
		],
		[
			441450496,
			11811160064
		],
		[
			441450496,
			11811160064
		],
		[
			441450496,
			11811160064
		],
		[
			441450496,
			11811160064
		],
		[
			441450496,
			11811160064
		],
		[
			441450496,
			11811160064
		],
		[
			441450496,
			11811160064
		],
		[
			441450496,
			11811160064
		],
		[
			441450496,
			11811160064
		],
		[
			441450496,
			11811160064
		],
		[
			441450496,
			11811160064
		],
		[
			441450496,
			11811160064
		],
		[
			441450496,
			11811160064
		],
		[
			441450496,
			11811160064
		],
		[
			441450496,
			11811160064
		],
		[
			441450496,
			11811160064
		],
		[
			441450496,
			11811160064
		],
		[
			441450496,
			11811160064
		],
		[
			441450496,
			11811160064
		],
		[
			441450496,
			11811160064
		],
		[
			441450496,
			11811160064
		],
		[
			441450496,
			11811160064
		],
		[
			441450496,
			11811160064
		],
		[
			441450496,
			11811160064
		],
		[
			441450496,
			11811160064
		],
		[
			441450496,
			11811160064
		],
		[
			441450496,
			11811160064
		],
		[
			441450496,
			11811160064
		],
		[
			441450496,
			11811160064
		],
		[
			441450496,
			11811160064
		],
		[
			441450496,
			11811160064
		],
		[
			441450496,
			11811160064
		],
		[
			441450496,
			11811160064
		],
		[
			441450496,
			11811160064
		],
		[
			441450496,
			11811160064
		],
		[
			441450496,
			11811160064
		],
		[
			441450496,
			11811160064
		],
		[
			441450496,
			11811160064
		],
		[
			441450496,
			11811160064
		],
		[
			441450496,
			11811160064
		],
		[
			441450496,
			11811160064
		],
		[
			441450496,
			11811160064
		],
		[
			441450496,
			11811160064
		],
		[
			441450496,
			11811160064
		],
		[
			441450496,
			11811160064
		],
		[
			441450496,
			11811160064
		],
		[
			441450496,
			11811160064
		],
		[
			441450496,
			11811160064
		],
		[
			441450496,
			11811160064
		],
		[
			441450496,
			11811160064
		],
		[
			441450496,
			11811160064
		],
		[
			441450496,
			11811160064
		],
		[
			441450496,
			11811160064
		],
		[
			441450496,
			11811160064
		],
		[
			441450496,
			11811160064
		],
		[
			441450496,
			11811160064
		],
		[
			441450496,
			11811160064
		],
		[
			441450496,
			11811160064
		],
		[
			441450496,
			11811160064
		],
		[
			441450496,
			11811160064
		],
		[
			441450496,
			11811160064
		],
		[
			441450496,
			11811160064
		],
		[
			441450496,
			11811160064
		],
		[
			441450496,
			11811160064
		],
		[
			441450496,
			11811160064
		],
		[
			441450496,
			11811160064
		],
		[
			441450496,
			11811160064
		],
		[
			441450496,
			11811160064
		],
		[
			441450496,
			11811160064
		],
		[
			441450496,
			11811160064
		],
		[
			441450496,
			11811160064
		],
		[
			441450496,
			11811160064
		],
		[
			441450496,
			11811160064
		],
		[
			441450496,
			11811160064
		],
		[
			441450496,
			11811160064
		],
		[
			441450496,
			11811160064
		],
		[
			441450496,
			11811160064
		],
		[
			441450496,
			11811160064
		],
		[
			441450496,
			11811160064
		],
		[
			441450496,
			11811160064
		],
		[
			441450496,
			11811160064
		],
		[
			441450496,
			11811160064
		]
	],
	"utilization": [
		3,
		3,
		4,
		4,
		14,
		14,
		38,
		38,
		35,
		35,
		33,
		33,
		29,
		29,
		33,
		33,
		33,
		33,
		32,
		32,
		32,
		32,
		33,
		33,
		30,
		30,
		31,
		31,
		33,
		33,
		35,
		35,
		31,
		31,
		30,
		30,
		31,
		31,
		33,
		33,
		36,
		36,
		33,
		33,
		29,
		29,
		32,
		32,
		34,
		34,
		33,
		33,
		33,
		33,
		32,
		32,
		31,
		31,
		31,
		31,
		34,
		34,
		33,
		33,
		33,
		33,
		30,
		30,
		31,
		31,
		32,
		32,
		36,
		36,
		33,
		33,
		30,
		30,
		30,
		30,
		33,
		33,
		30,
		30,
		34,
		34,
		35,
		35,
		29,
		29
	],
	"computation_proportion": 75,
	"extra_dict": {}
}