{
	"model_name": "ShuffleNet",
	"batch_size": 256,
	"duration_sec": 45,
	"mode": "train",
	"is_DDP": true,
	"process_group_backend": "gloo",
	"world_size": 1,
	"rank": 0,
	"local_rank": 0,
	"device_type": "gpu",
	"master_addr": "133.133.135.75",
	"master_port": 39920,
	"iteration_count": 148,
	"iteration_intervals": [
		1641063424,
		388254976,
		481324288,
		462831616,
		287194112,
		340492032,
		273556992,
		334347520,
		272269056,
		333730048,
		272748800,
		261712384,
		327307520,
		268316160,
		342482176,
		255473664,
		271038208,
		328770048,
		267883008,
		337174016,
		265411328,
		286344704,
		324405248,
		270974976,
		307261440,
		291127552,
		263504640,
		334164224,
		266222848,
		260138752,
		340466688,
		266939648,
		331390720,
		263088896,
		271296256,
		325137408,
		271588864,
		343416320,
		245940736,
		283507456,
		320836096,
		266042368,
		347040768,
		254537728,
		263437824,
		332240384,
		265873408,
		271949312,
		331894272,
		261088000,
		336397312,
		270105088,
		261835008,
		326868480,
		261547520,
		343492864,
		269600256,
		265273600,
		328814592,
		268006144,
		334981376,
		265424896,
		261201408,
		339294464,
		267584768,
		329581312,
		272163072,
		258690560,
		335567360,
		266490880,
		262458880,
		331686400,
		262309376,
		338479104,
		261825792,
		270353408,
		325496064,
		273654784,
		333020672,
		260217600,
		273499904,
		325143808,
		282938112,
		338115840,
		256671232,
		268728064,
		327531776,
		266803968,
		307244800,
		296529408,
		266546432,
		331758336,
		261655296,
		266646528,
		331802368,
		271056128,
		332456192,
		270288896,
		263376384,
		329244160,
		263230464,
		344623616,
		259467008,
		248771072,
		344511232,
		263936000,
		345992960,
		263653632,
		268421632,
		323117312,
		251698176,
		291651584,
		319715072,
		273674752,
		333647360,
		266595840,
		259647744,
		329799680,
		274981888,
		334053120,
		266040576,
		261314560,
		324969472,
		270088448,
		344084992,
		252269312,
		270062848,
		337020928,
		260236032,
		346338816,
		261577984,
		260518912,
		333734400,
		265076736,
		265117952,
		331310080,
		256992256,
		349954304,
		261565952,
		272372736,
		325812736,
		276535808,
		332769792,
		257991424,
		270462208,
		327289600,
		252776448,
		348223232
	],
	"iteration_intervals_avg": 293068040.951049,
	"iteration_intervals_avg_second": 0.293068040951049,
	"total_time_ns": 45170222336,
	"total_time_second": 45,
	"mem_infos": [
		[
			11269046272,
			11811160064
		],
		[
			10568597504,
			11811160064
		],
		[
			10323230720,
			11811160064
		],
		[
			3981443072,
			11811160064
		],
		[
			3973054464,
			11811160064
		],
		[
			3973054464,
			11811160064
		],
		[
			3973054464,
			11811160064
		],
		[
			3973054464,
			11811160064
		],
		[
			3973054464,
			11811160064
		],
		[
			3973054464,
			11811160064
		],
		[
			3973054464,
			11811160064
		],
		[
			3973054464,
			11811160064
		],
		[
			3973054464,
			11811160064
		],
		[
			3973054464,
			11811160064
		],
		[
			3973054464,
			11811160064
		],
		[
			3973054464,
			11811160064
		],
		[
			3973054464,
			11811160064
		],
		[
			3973054464,
			11811160064
		],
		[
			3973054464,
			11811160064
		],
		[
			3973054464,
			11811160064
		],
		[
			3973054464,
			11811160064
		],
		[
			3973054464,
			11811160064
		],
		[
			3973054464,
			11811160064
		],
		[
			3973054464,
			11811160064
		],
		[
			3973054464,
			11811160064
		],
		[
			3973054464,
			11811160064
		],
		[
			3973054464,
			11811160064
		],
		[
			3973054464,
			11811160064
		],
		[
			3973054464,
			11811160064
		],
		[
			3973054464,
			11811160064
		],
		[
			3973054464,
			11811160064
		],
		[
			3973054464,
			11811160064
		],
		[
			3973054464,
			11811160064
		],
		[
			3973054464,
			11811160064
		],
		[
			3973054464,
			11811160064
		],
		[
			3973054464,
			11811160064
		],
		[
			3973054464,
			11811160064
		],
		[
			3973054464,
			11811160064
		],
		[
			3973054464,
			11811160064
		],
		[
			3973054464,
			11811160064
		],
		[
			3973054464,
			11811160064
		],
		[
			3973054464,
			11811160064
		],
		[
			3973054464,
			11811160064
		],
		[
			3973054464,
			11811160064
		],
		[
			3973054464,
			11811160064
		],
		[
			3973054464,
			11811160064
		],
		[
			3973054464,
			11811160064
		],
		[
			3973054464,
			11811160064
		],
		[
			3973054464,
			11811160064
		],
		[
			3973054464,
			11811160064
		],
		[
			3973054464,
			11811160064
		],
		[
			3973054464,
			11811160064
		],
		[
			3973054464,
			11811160064
		],
		[
			3973054464,
			11811160064
		],
		[
			3973054464,
			11811160064
		],
		[
			3973054464,
			11811160064
		],
		[
			3973054464,
			11811160064
		],
		[
			3973054464,
			11811160064
		],
		[
			3973054464,
			11811160064
		],
		[
			3973054464,
			11811160064
		],
		[
			3973054464,
			11811160064
		],
		[
			3973054464,
			11811160064
		],
		[
			3973054464,
			11811160064
		],
		[
			3973054464,
			11811160064
		],
		[
			3973054464,
			11811160064
		],
		[
			3973054464,
			11811160064
		],
		[
			3973054464,
			11811160064
		],
		[
			3973054464,
			11811160064
		],
		[
			3973054464,
			11811160064
		],
		[
			3973054464,
			11811160064
		],
		[
			3973054464,
			11811160064
		],
		[
			3973054464,
			11811160064
		],
		[
			3973054464,
			11811160064
		],
		[
			3973054464,
			11811160064
		],
		[
			3973054464,
			11811160064
		],
		[
			3973054464,
			11811160064
		],
		[
			3973054464,
			11811160064
		],
		[
			3973054464,
			11811160064
		],
		[
			3973054464,
			11811160064
		],
		[
			3973054464,
			11811160064
		],
		[
			3973054464,
			11811160064
		],
		[
			3973054464,
			11811160064
		],
		[
			3973054464,
			11811160064
		],
		[
			3973054464,
			11811160064
		],
		[
			3973054464,
			11811160064
		],
		[
			3973054464,
			11811160064
		],
		[
			3973054464,
			11811160064
		],
		[
			3973054464,
			11811160064
		],
		[
			3973054464,
			11811160064
		],
		[
			3973054464,
			11811160064
		]
	],
	"utilization": [
		0,
		5,
		5,
		5,
		5,
		29,
		29,
		31,
		31,
		40,
		40,
		45,
		45,
		44,
		44,
		42,
		42,
		42,
		42,
		44,
		44,
		43,
		43,
		44,
		44,
		42,
		42,
		44,
		44,
		44,
		44,
		43,
		43,
		43,
		43,
		46,
		46,
		42,
		42,
		42,
		42,
		45,
		45,
		42,
		42,
		44,
		44,
		43,
		43,
		45,
		45,
		43,
		43,
		42,
		42,
		44,
		44,
		45,
		45,
		43,
		43,
		41,
		41,
		46,
		46,
		44,
		44,
		42,
		42,
		43,
		43,
		45,
		45,
		43,
		43,
		42,
		42,
		43,
		43,
		46,
		46,
		43,
		43,
		41,
		41,
		46,
		46,
		44,
		44,
		43
	],
	"computation_proportion": 65,
	"extra_dict": {}
}