{
	"model_name": "YoloV5S",
	"batch_size": 64,
	"duration_sec": 45,
	"mode": "train",
	"is_DDP": true,
	"process_group_backend": "gloo",
	"world_size": 2,
	"rank": 1,
	"local_rank": 0,
	"device_type": "gpu",
	"master_addr": "133.133.135.74",
	"master_port": 39920,
	"iteration_count": 126,
	"iteration_intervals": [
		1683488000,
		358158848,
		362293760,
		345205760,
		345981952,
		345812992,
		351134976,
		348741632,
		344927744,
		350342912,
		346396160,
		344710144,
		346053120,
		345934080,
		349191168,
		340251648,
		347364864,
		344602880,
		349102848,
		347418880,
		347916800,
		344506624,
		334977792,
		354054144,
		349612288,
		345220352,
		347946240,
		348322560,
		352276736,
		346015488,
		349684992,
		347010048,
		344679936,
		343947776,
		345086720,
		348710144,
		345425664,
		346359296,
		349912320,
		346417920,
		346198016,
		349554944,
		345061376,
		348591616,
		348753664,
		347183616,
		347321088,
		344721920,
		345542400,
		350813184,
		343954688,
		348831488,
		345798912,
		345490688,
		344851968,
		349898752,
		347094528,
		347511552,
		346079744,
		383005184,
		350643968,
		346487296,
		344878080,
		345352448,
		358561280,
		347150848,
		347985408,
		346461184,
		349091072,
		347058944,
		347896064,
		345430784,
		352356864,
		345173760,
		345655808,
		345514752,
		346304000,
		345538560,
		345225984,
		342299136,
		351265792,
		350154240,
		347064576,
		345740288,
		344327424,
		343667456,
		344021760,
		343249408,
		353011712,
		344413184,
		344571392,
		349024512,
		351588608,
		348043520,
		348715264,
		343263488,
		349217536,
		346564096,
		343759616,
		348739840,
		346222336,
		345417472,
		343932160,
		351265280,
		345870080,
		352197376,
		344798976,
		344634880,
		350318336,
		345271296,
		343908864,
		346885632,
		351232000,
		344969216,
		348516096,
		347123968,
		354643712,
		344489728,
		344273408,
		348487680,
		346122240,
		350021120,
		346953984,
		344769536,
		345509376,
		344188160
	],
	"iteration_intervals_avg": 347304314.7107438,
	"iteration_intervals_avg_second": 0.3473043147107438,
	"total_time_ns": 45120005888,
	"total_time_second": 45,
	"mem_infos": [
		[
			11229200384,
			11811160064
		],
		[
			10824450048,
			11811160064
		],
		[
			10587471872,
			11811160064
		],
		[
			7108296704,
			11811160064
		],
		[
			7078936576,
			11811160064
		],
		[
			7078936576,
			11811160064
		],
		[
			7078936576,
			11811160064
		],
		[
			7078936576,
			11811160064
		],
		[
			7078936576,
			11811160064
		],
		[
			7078936576,
			11811160064
		],
		[
			7078936576,
			11811160064
		],
		[
			7078936576,
			11811160064
		],
		[
			7078936576,
			11811160064
		],
		[
			7078936576,
			11811160064
		],
		[
			7078936576,
			11811160064
		],
		[
			7078936576,
			11811160064
		],
		[
			7078936576,
			11811160064
		],
		[
			7078936576,
			11811160064
		],
		[
			7078936576,
			11811160064
		],
		[
			7078936576,
			11811160064
		],
		[
			7078936576,
			11811160064
		],
		[
			7078936576,
			11811160064
		],
		[
			7078936576,
			11811160064
		],
		[
			7078936576,
			11811160064
		],
		[
			7078936576,
			11811160064
		],
		[
			7078936576,
			11811160064
		],
		[
			7078936576,
			11811160064
		],
		[
			7078936576,
			11811160064
		],
		[
			7078936576,
			11811160064
		],
		[
			7078936576,
			11811160064
		],
		[
			7078936576,
			11811160064
		],
		[
			7078936576,
			11811160064
		],
		[
			7078936576,
			11811160064
		],
		[
			7078936576,
			11811160064
		],
		[
			7078936576,
			11811160064
		],
		[
			7078936576,
			11811160064
		],
		[
			7078936576,
			11811160064
		],
		[
			7078936576,
			11811160064
		],
		[
			7078936576,
			11811160064
		],
		[
			7078936576,
			11811160064
		],
		[
			7078936576,
			11811160064
		],
		[
			7078936576,
			11811160064
		],
		[
			7078936576,
			11811160064
		],
		[
			7078936576,
			11811160064
		],
		[
			7078936576,
			11811160064
		],
		[
			7078936576,
			11811160064
		],
		[
			7078936576,
			11811160064
		],
		[
			7078936576,
			11811160064
		],
		[
			7078936576,
			11811160064
		],
		[
			7078936576,
			11811160064
		],
		[
			7078936576,
			11811160064
		],
		[
			7078936576,
			11811160064
		],
		[
			7078936576,
			11811160064
		],
		[
			7078936576,
			11811160064
		],
		[
			7078936576,
			11811160064
		],
		[
			7078936576,
			11811160064
		],
		[
			7078936576,
			11811160064
		],
		[
			7078936576,
			11811160064
		],
		[
			7078936576,
			11811160064
		],
		[
			7078936576,
			11811160064
		],
		[
			7078936576,
			11811160064
		],
		[
			7078936576,
			11811160064
		],
		[
			7078936576,
			11811160064
		],
		[
			7078936576,
			11811160064
		],
		[
			7078936576,
			11811160064
		],
		[
			7078936576,
			11811160064
		],
		[
			7078936576,
			11811160064
		],
		[
			7078936576,
			11811160064
		],
		[
			7078936576,
			11811160064
		],
		[
			7078936576,
			11811160064
		],
		[
			7078936576,
			11811160064
		],
		[
			7078936576,
			11811160064
		],
		[
			7078936576,
			11811160064
		],
		[
			7078936576,
			11811160064
		],
		[
			7078936576,
			11811160064
		],
		[
			7078936576,
			11811160064
		],
		[
			7078936576,
			11811160064
		],
		[
			7078936576,
			11811160064
		],
		[
			7078936576,
			11811160064
		],
		[
			7078936576,
			11811160064
		],
		[
			7078936576,
			11811160064
		],
		[
			7078936576,
			11811160064
		],
		[
			7078936576,
			11811160064
		],
		[
			7078936576,
			11811160064
		],
		[
			7078936576,
			11811160064
		],
		[
			7078936576,
			11811160064
		],
		[
			7078936576,
			11811160064
		],
		[
			7078936576,
			11811160064
		],
		[
			7078936576,
			11811160064
		],
		[
			7078936576,
			11811160064
		]
	],
	"utilization": [
		5,
		5,
		4,
		4,
		24,
		24,
		29,
		29,
		29,
		29,
		26,
		26,
		27,
		27,
		28,
		28,
		29,
		29,
		30,
		30,
		30,
		30,
		30,
		30,
		30,
		30,
		30,
		30,
		30,
		30,
		28,
		28,
		26,
		26,
		27,
		27,
		29,
		29,
		30,
		30,
		30,
		30,
		30,
		30,
		30,
		30,
		29,
		29,
		30,
		30,
		27,
		27,
		26,
		26,
		28,
		28,
		30,
		30,
		30,
		30,
		30,
		30,
		30,
		30,
		30,
		30,
		30,
		30,
		30,
		30,
		28,
		28,
		27,
		27,
		27,
		27,
		27,
		27,
		30,
		30,
		30,
		30,
		30,
		30,
		30,
		30,
		30,
		30,
		30,
		30
	],
	"computation_proportion": 60,
	"extra_dict": {}
}