{
	"model_name": "HarDNet",
	"batch_size": 256,
	"duration_sec": 45,
	"mode": "train",
	"is_DDP": true,
	"process_group_backend": "gloo",
	"world_size": 2,
	"rank": 1,
	"local_rank": 0,
	"device_type": "gpu",
	"master_addr": "133.133.135.74",
	"master_port": 39920,
	"iteration_count": 52,
	"iteration_intervals": [
		1997584128,
		917854208,
		855230208,
		853342208,
		848550144,
		859293952,
		855038720,
		792623360,
		853332224,
		861366016,
		851912192,
		855905792,
		855074304,
		856045312,
		853495040,
		859662848,
		860894976,
		850724864,
		859965440,
		855313664,
		859514880,
		857822976,
		861350400,
		854325504,
		854266112,
		858160128,
		803665408,
		858363904,
		856548096,
		862407168,
		840253696,
		857657344,
		863556096,
		850553856,
		855324928,
		855979520,
		856314368,
		858589184,
		850890496,
		858317312,
		854473728,
		849099520,
		864767744,
		854750208,
		853996288,
		835003904,
		855236352,
		854309376,
		855868416,
		773667840,
		849734912,
		855553280
	],
	"iteration_intervals_avg": 851297269.106383,
	"iteration_intervals_avg_second": 0.8512972691063829,
	"total_time_ns": 45484461824,
	"total_time_second": 45,
	"mem_infos": [
		[
			11269046272,
			11811160064
		],
		[
			9708765184,
			11811160064
		],
		[
			9471787008,
			11811160064
		],
		[
			305135616,
			11811160064
		],
		[
			1196425216,
			11811160064
		],
		[
			441450496,
			11811160064
		],
		[
			441450496,
			11811160064
		],
		[
			441450496,
			11811160064
		],
		[
			441450496,
			11811160064
		],
		[
			441450496,
			11811160064
		],
		[
			441450496,
			11811160064
		],
		[
			441450496,
			11811160064
		],
		[
			441450496,
			11811160064
		],
		[
			441450496,
			11811160064
		],
		[
			441450496,
			11811160064
		],
		[
			441450496,
			11811160064
		],
		[
			441450496,
			11811160064
		],
		[
			441450496,
			11811160064
		],
		[
			441450496,
			11811160064
		],
		[
			441450496,
			11811160064
		],
		[
			441450496,
			11811160064
		],
		[
			441450496,
			11811160064
		],
		[
			441450496,
			11811160064
		],
		[
			441450496,
			11811160064
		],
		[
			441450496,
			11811160064
		],
		[
			441450496,
			11811160064
		],
		[
			441450496,
			11811160064
		],
		[
			441450496,
			11811160064
		],
		[
			441450496,
			11811160064
		],
		[
			441450496,
			11811160064
		],
		[
			441450496,
			11811160064
		],
		[
			441450496,
			11811160064
		],
		[
			441450496,
			11811160064
		],
		[
			441450496,
			11811160064
		],
		[
			441450496,
			11811160064
		],
		[
			441450496,
			11811160064
		],
		[
			441450496,
			11811160064
		],
		[
			441450496,
			11811160064
		],
		[
			441450496,
			11811160064
		],
		[
			441450496,
			11811160064
		],
		[
			441450496,
			11811160064
		],
		[
			441450496,
			11811160064
		],
		[
			441450496,
			11811160064
		],
		[
			441450496,
			11811160064
		],
		[
			441450496,
			11811160064
		],
		[
			441450496,
			11811160064
		],
		[
			441450496,
			11811160064
		],
		[
			441450496,
			11811160064
		],
		[
			441450496,
			11811160064
		],
		[
			441450496,
			11811160064
		],
		[
			441450496,
			11811160064
		],
		[
			441450496,
			11811160064
		],
		[
			441450496,
			11811160064
		],
		[
			441450496,
			11811160064
		],
		[
			441450496,
			11811160064
		],
		[
			441450496,
			11811160064
		],
		[
			441450496,
			11811160064
		],
		[
			441450496,
			11811160064
		],
		[
			441450496,
			11811160064
		],
		[
			441450496,
			11811160064
		],
		[
			441450496,
			11811160064
		],
		[
			441450496,
			11811160064
		],
		[
			441450496,
			11811160064
		],
		[
			441450496,
			11811160064
		],
		[
			441450496,
			11811160064
		],
		[
			441450496,
			11811160064
		],
		[
			441450496,
			11811160064
		],
		[
			441450496,
			11811160064
		],
		[
			441450496,
			11811160064
		],
		[
			441450496,
			11811160064
		],
		[
			441450496,
			11811160064
		],
		[
			441450496,
			11811160064
		],
		[
			441450496,
			11811160064
		],
		[
			441450496,
			11811160064
		],
		[
			441450496,
			11811160064
		],
		[
			441450496,
			11811160064
		],
		[
			441450496,
			11811160064
		],
		[
			441450496,
			11811160064
		],
		[
			441450496,
			11811160064
		],
		[
			441450496,
			11811160064
		],
		[
			441450496,
			11811160064
		],
		[
			441450496,
			11811160064
		],
		[
			441450496,
			11811160064
		],
		[
			441450496,
			11811160064
		],
		[
			441450496,
			11811160064
		],
		[
			441450496,
			11811160064
		],
		[
			441450496,
			11811160064
		],
		[
			441450496,
			11811160064
		],
		[
			441450496,
			11811160064
		],
		[
			441450496,
			11811160064
		]
	],
	"utilization": [
		1,
		5,
		5,
		12,
		12,
		40,
		40,
		29,
		29,
		32,
		32,
		36,
		36,
		30,
		30,
		30,
		30,
		31,
		31,
		34,
		34,
		34,
		34,
		33,
		33,
		30,
		30,
		30,
		30,
		33,
		33,
		35,
		35,
		31,
		31,
		31,
		31,
		31,
		31,
		33,
		33,
		33,
		33,
		33,
		33,
		30,
		30,
		33,
		33,
		31,
		31,
		31,
		31,
		32,
		32,
		36,
		36,
		31,
		31,
		30,
		30,
		30,
		30,
		34,
		34,
		35,
		35,
		31,
		31,
		31,
		31,
		31,
		31,
		34,
		34,
		34,
		34,
		30,
		30,
		31,
		31,
		32,
		32,
		32,
		32,
		33,
		33,
		34,
		34,
		33
	],
	"computation_proportion": 50,
	"extra_dict": {}
}