{
	"model_name": "ShuffleNet",
	"batch_size": 256,
	"duration_sec": 45,
	"mode": "train",
	"is_DDP": true,
	"process_group_backend": "gloo",
	"world_size": 2,
	"rank": 1,
	"local_rank": 0,
	"device_type": "gpu",
	"master_addr": "133.133.135.75",
	"master_port": 39920,
	"iteration_count": 151,
	"iteration_intervals": [
		1499173120,
		301445120,
		296130304,
		259405824,
		338906368,
		266984960,
		257386240,
		333634816,
		258918400,
		342275584,
		267469568,
		256225024,
		331801088,
		256913152,
		348628736,
		257210112,
		275056384,
		325670912,
		263737344,
		346071040,
		248587520,
		273842176,
		331078656,
		257954048,
		262692096,
		342762752,
		266077440,
		327677696,
		267071488,
		270263296,
		331715328,
		265568768,
		336955648,
		263257344,
		265460736,
		326850048,
		251657216,
		340234752,
		269479424,
		274297600,
		314137344,
		281604608,
		323758336,
		273715968,
		260113152,
		325963520,
		272822528,
		270365952,
		313456640,
		276293120,
		343432960,
		258202880,
		268136448,
		329261568,
		256783872,
		353054720,
		262225664,
		265608192,
		328941312,
		265805056,
		335358464,
		260899072,
		272839168,
		329868544,
		265651200,
		300416512,
		296457984,
		275460352,
		310570240,
		272606208,
		265672704,
		340493568,
		270488064,
		335926528,
		256359680,
		273110784,
		328395264,
		266432512,
		340948992,
		250556416,
		282267392,
		328832000,
		269037568,
		339277568,
		246836224,
		270745856,
		330662656,
		277425152,
		262593280,
		324244480,
		273583872,
		327247616,
		263061504,
		276025088,
		322102272,
		274135296,
		336534528,
		257745408,
		265804800,
		330924800,
		272879872,
		340415232,
		249575424,
		259149056,
		353528576,
		264264704,
		341794304,
		254848512,
		257563648,
		336588544,
		263610624,
		267856128,
		332031488,
		267029760,
		348680448,
		265505280,
		259988736,
		342977280,
		260504576,
		329747712,
		255108352,
		281999104,
		326957568,
		261731840,
		347554560,
		259418368,
		262540544,
		326669056,
		272079104,
		298324480,
		285623040,
		277523712,
		333491968,
		257087744,
		273103616,
		334352384,
		268514816,
		328824320,
		267658240,
		267497472,
		320038400,
		274994944,
		345167872,
		260240896,
		265133824,
		330009344,
		274883584,
		332903168,
		259408896,
		261320448,
		326503168
	],
	"iteration_intervals_avg": 291903805.36986303,
	"iteration_intervals_avg_second": 0.29190380536986305,
	"total_time_ns": 45313994240,
	"total_time_second": 45,
	"mem_infos": [
		[
			11269046272,
			11811160064
		],
		[
			10595860480,
			11811160064
		],
		[
			10377756672,
			11811160064
		],
		[
			3975151616,
			11811160064
		],
		[
			3973054464,
			11811160064
		],
		[
			3973054464,
			11811160064
		],
		[
			3973054464,
			11811160064
		],
		[
			3973054464,
			11811160064
		],
		[
			3973054464,
			11811160064
		],
		[
			3973054464,
			11811160064
		],
		[
			3973054464,
			11811160064
		],
		[
			3973054464,
			11811160064
		],
		[
			3973054464,
			11811160064
		],
		[
			3973054464,
			11811160064
		],
		[
			3973054464,
			11811160064
		],
		[
			3973054464,
			11811160064
		],
		[
			3973054464,
			11811160064
		],
		[
			3973054464,
			11811160064
		],
		[
			3973054464,
			11811160064
		],
		[
			3973054464,
			11811160064
		],
		[
			3973054464,
			11811160064
		],
		[
			3973054464,
			11811160064
		],
		[
			3973054464,
			11811160064
		],
		[
			3973054464,
			11811160064
		],
		[
			3973054464,
			11811160064
		],
		[
			3973054464,
			11811160064
		],
		[
			3973054464,
			11811160064
		],
		[
			3973054464,
			11811160064
		],
		[
			3973054464,
			11811160064
		],
		[
			3973054464,
			11811160064
		],
		[
			3973054464,
			11811160064
		],
		[
			3973054464,
			11811160064
		],
		[
			3973054464,
			11811160064
		],
		[
			3973054464,
			11811160064
		],
		[
			3973054464,
			11811160064
		],
		[
			3973054464,
			11811160064
		],
		[
			3973054464,
			11811160064
		],
		[
			3973054464,
			11811160064
		],
		[
			3973054464,
			11811160064
		],
		[
			3973054464,
			11811160064
		],
		[
			3973054464,
			11811160064
		],
		[
			3973054464,
			11811160064
		],
		[
			3973054464,
			11811160064
		],
		[
			3973054464,
			11811160064
		],
		[
			3973054464,
			11811160064
		],
		[
			3973054464,
			11811160064
		],
		[
			3973054464,
			11811160064
		],
		[
			3973054464,
			11811160064
		],
		[
			3973054464,
			11811160064
		],
		[
			3973054464,
			11811160064
		],
		[
			3973054464,
			11811160064
		],
		[
			3973054464,
			11811160064
		],
		[
			3973054464,
			11811160064
		],
		[
			3973054464,
			11811160064
		],
		[
			3973054464,
			11811160064
		],
		[
			3973054464,
			11811160064
		],
		[
			3973054464,
			11811160064
		],
		[
			3973054464,
			11811160064
		],
		[
			3973054464,
			11811160064
		],
		[
			3973054464,
			11811160064
		],
		[
			3973054464,
			11811160064
		],
		[
			3973054464,
			11811160064
		],
		[
			3973054464,
			11811160064
		],
		[
			3973054464,
			11811160064
		],
		[
			3973054464,
			11811160064
		],
		[
			3973054464,
			11811160064
		],
		[
			3973054464,
			11811160064
		],
		[
			3973054464,
			11811160064
		],
		[
			3973054464,
			11811160064
		],
		[
			3973054464,
			11811160064
		],
		[
			3973054464,
			11811160064
		],
		[
			3973054464,
			11811160064
		],
		[
			3973054464,
			11811160064
		],
		[
			3973054464,
			11811160064
		],
		[
			3973054464,
			11811160064
		],
		[
			3973054464,
			11811160064
		],
		[
			3973054464,
			11811160064
		],
		[
			3973054464,
			11811160064
		],
		[
			3973054464,
			11811160064
		],
		[
			3973054464,
			11811160064
		],
		[
			3973054464,
			11811160064
		],
		[
			3973054464,
			11811160064
		],
		[
			3973054464,
			11811160064
		],
		[
			3973054464,
			11811160064
		],
		[
			3973054464,
			11811160064
		],
		[
			3973054464,
			11811160064
		],
		[
			3973054464,
			11811160064
		],
		[
			3973054464,
			11811160064
		],
		[
			3973054464,
			11811160064
		],
		[
			3973054464,
			11811160064
		]
	],
	"utilization": [
		4,
		4,
		8,
		8,
		27,
		27,
		43,
		43,
		42,
		42,
		44,
		44,
		42,
		42,
		45,
		45,
		43,
		43,
		45,
		45,
		43,
		43,
		42,
		42,
		44,
		44,
		45,
		45,
		42,
		42,
		44,
		44,
		45,
		45,
		43,
		43,
		43,
		43,
		47,
		47,
		43,
		43,
		42,
		42,
		44,
		44,
		43,
		43,
		46,
		46,
		43,
		43,
		43,
		43,
		44,
		44,
		44,
		44,
		44,
		44,
		45,
		45,
		43,
		43,
		42,
		42,
		46,
		46,
		43,
		43,
		43,
		43,
		43,
		43,
		46,
		46,
		43,
		43,
		43,
		43,
		44,
		44,
		46,
		46,
		43,
		43,
		43,
		43,
		45,
		45
	],
	"computation_proportion": 100,
	"extra_dict": {}
}