{
	"model_name": "GhostNet",
	"batch_size": 128,
	"duration_sec": 45,
	"mode": "train",
	"is_DDP": true,
	"process_group_backend": "gloo",
	"world_size": 1,
	"rank": 0,
	"local_rank": 0,
	"device_type": "gpu",
	"master_addr": "133.133.135.75",
	"master_port": 39920,
	"iteration_count": 102,
	"iteration_intervals": [
		1649660160,
		604768768,
		522345216,
		462647552,
		478453760,
		377863936,
		476252672,
		383463936,
		471781120,
		381334016,
		476724736,
		378257152,
		398641664,
		454718976,
		411764992,
		445410816,
		408445440,
		452335616,
		395732480,
		459053056,
		404315648,
		457531648,
		392429056,
		458321152,
		400312576,
		453014272,
		395056640,
		462457344,
		399345664,
		459303424,
		387083008,
		472433664,
		383493376,
		472550144,
		377852672,
		473163776,
		386121472,
		478272768,
		375550720,
		480764160,
		381357568,
		479511040,
		386270464,
		469626624,
		376398336,
		477563136,
		385606656,
		468670464,
		386400256,
		475408640,
		382461440,
		476562176,
		382398464,
		476036864,
		371961856,
		482819584,
		366659584,
		407731200,
		451448576,
		408766720,
		451460352,
		399666432,
		464550400,
		399548160,
		453911808,
		397350400,
		459226624,
		388013824,
		457721600,
		392566784,
		468663296,
		396806400,
		459215360,
		392603392,
		466343936,
		388713984,
		488222464,
		387212544,
		459636992,
		391825408,
		468515328,
		392605696,
		473105664,
		383361792,
		464544256,
		385984512,
		469943296,
		386841600,
		478614016,
		373926912,
		482642176,
		377909248,
		478437376,
		377073664,
		478178048,
		381444864,
		480922880,
		375196416,
		479713792,
		378715136,
		475643392,
		381726976
	],
	"iteration_intervals_avg": 427042480.82474226,
	"iteration_intervals_avg_second": 0.4270424808247423,
	"total_time_ns": 45141768960,
	"total_time_second": 45,
	"mem_infos": [
		[
			11269046272,
			11811160064
		],
		[
			10369368064,
			11811160064
		],
		[
			10142875648,
			11811160064
		],
		[
			4035969024,
			11811160064
		],
		[
			4027580416,
			11811160064
		],
		[
			4027580416,
			11811160064
		],
		[
			4027580416,
			11811160064
		],
		[
			4027580416,
			11811160064
		],
		[
			4027580416,
			11811160064
		],
		[
			4027580416,
			11811160064
		],
		[
			4027580416,
			11811160064
		],
		[
			4027580416,
			11811160064
		],
		[
			4027580416,
			11811160064
		],
		[
			4027580416,
			11811160064
		],
		[
			4027580416,
			11811160064
		],
		[
			4027580416,
			11811160064
		],
		[
			4027580416,
			11811160064
		],
		[
			4027580416,
			11811160064
		],
		[
			4027580416,
			11811160064
		],
		[
			4027580416,
			11811160064
		],
		[
			4027580416,
			11811160064
		],
		[
			4027580416,
			11811160064
		],
		[
			4027580416,
			11811160064
		],
		[
			4027580416,
			11811160064
		],
		[
			4027580416,
			11811160064
		],
		[
			4027580416,
			11811160064
		],
		[
			4027580416,
			11811160064
		],
		[
			4027580416,
			11811160064
		],
		[
			4027580416,
			11811160064
		],
		[
			4027580416,
			11811160064
		],
		[
			4027580416,
			11811160064
		],
		[
			4027580416,
			11811160064
		],
		[
			4027580416,
			11811160064
		],
		[
			4027580416,
			11811160064
		],
		[
			4027580416,
			11811160064
		],
		[
			4027580416,
			11811160064
		],
		[
			4027580416,
			11811160064
		],
		[
			4027580416,
			11811160064
		],
		[
			4027580416,
			11811160064
		],
		[
			4027580416,
			11811160064
		],
		[
			4027580416,
			11811160064
		],
		[
			4027580416,
			11811160064
		],
		[
			4027580416,
			11811160064
		],
		[
			4027580416,
			11811160064
		],
		[
			4027580416,
			11811160064
		],
		[
			4027580416,
			11811160064
		],
		[
			4027580416,
			11811160064
		],
		[
			4027580416,
			11811160064
		],
		[
			4027580416,
			11811160064
		],
		[
			4027580416,
			11811160064
		],
		[
			4027580416,
			11811160064
		],
		[
			4027580416,
			11811160064
		],
		[
			4027580416,
			11811160064
		],
		[
			4027580416,
			11811160064
		],
		[
			4027580416,
			11811160064
		],
		[
			4027580416,
			11811160064
		],
		[
			4027580416,
			11811160064
		],
		[
			4027580416,
			11811160064
		],
		[
			4027580416,
			11811160064
		],
		[
			4027580416,
			11811160064
		],
		[
			4027580416,
			11811160064
		],
		[
			4027580416,
			11811160064
		],
		[
			4027580416,
			11811160064
		],
		[
			4027580416,
			11811160064
		],
		[
			4027580416,
			11811160064
		],
		[
			4027580416,
			11811160064
		],
		[
			4027580416,
			11811160064
		],
		[
			4027580416,
			11811160064
		],
		[
			4027580416,
			11811160064
		],
		[
			4027580416,
			11811160064
		],
		[
			4027580416,
			11811160064
		],
		[
			4027580416,
			11811160064
		],
		[
			4027580416,
			11811160064
		],
		[
			4027580416,
			11811160064
		],
		[
			4027580416,
			11811160064
		],
		[
			4027580416,
			11811160064
		],
		[
			4027580416,
			11811160064
		],
		[
			4027580416,
			11811160064
		],
		[
			4027580416,
			11811160064
		],
		[
			4027580416,
			11811160064
		],
		[
			4027580416,
			11811160064
		],
		[
			4027580416,
			11811160064
		],
		[
			4027580416,
			11811160064
		],
		[
			4027580416,
			11811160064
		],
		[
			4027580416,
			11811160064
		],
		[
			4027580416,
			11811160064
		],
		[
			4027580416,
			11811160064
		],
		[
			4027580416,
			11811160064
		],
		[
			4027580416,
			11811160064
		],
		[
			4027580416,
			11811160064
		]
	],
	"utilization": [
		0,
		5,
		5,
		4,
		4,
		26,
		26,
		28,
		28,
		38,
		38,
		31,
		31,
		32,
		32,
		33,
		33,
		31,
		31,
		34,
		34,
		31,
		31,
		31,
		31,
		33,
		33,
		34,
		34,
		32,
		32,
		32,
		32,
		30,
		30,
		33,
		33,
		34,
		34,
		30,
		30,
		32,
		32,
		32,
		32,
		33,
		33,
		33,
		33,
		30,
		30,
		30,
		30,
		33,
		33,
		33,
		33,
		31,
		31,
		32,
		32,
		31,
		31,
		33,
		33,
		33,
		33,
		30,
		30,
		32,
		32,
		33,
		33,
		33,
		33,
		32,
		32,
		31,
		31,
		30,
		30,
		36,
		36,
		31,
		31,
		31,
		31,
		33,
		33,
		32
	],
	"computation_proportion": 70,
	"extra_dict": {}
}