{
	"model_name": "MobileNetV2",
	"batch_size": 128,
	"duration_sec": 45,
	"mode": "train",
	"is_DDP": true,
	"process_group_backend": "gloo",
	"world_size": 1,
	"rank": 0,
	"local_rank": 0,
	"device_type": "gpu",
	"master_addr": "133.133.135.75",
	"master_port": 39920,
	"iteration_count": 23,
	"iteration_intervals": [
		1810548224,
		3423700992,
		1467819264,
		1849895168,
		1945406976,
		1949355008,
		1973271808,
		2061190656,
		1968330752,
		1952558336,
		1963087616,
		1959470080,
		2295515136,
		1877991680,
		1959924736,
		1946863872,
		1965369088,
		2326659072,
		1953939712,
		2093759744,
		1948837632,
		1833634560,
		1929006336
	],
	"iteration_intervals_avg": 1997709212.4444444,
	"iteration_intervals_avg_second": 1.9977092124444444,
	"total_time_ns": 46456926976,
	"total_time_second": 46,
	"mem_infos": [
		[
			11250171904,
			11811160064
		],
		[
			10732175360,
			11811160064
		],
		[
			10493100032,
			11811160064
		],
		[
			3582984192,
			11811160064
		],
		[
			3568304128,
			11811160064
		],
		[
			3568304128,
			11811160064
		],
		[
			3568304128,
			11811160064
		],
		[
			3568304128,
			11811160064
		],
		[
			2526019584,
			11811160064
		],
		[
			370147328,
			11811160064
		],
		[
			292552704,
			11811160064
		],
		[
			292552704,
			11811160064
		],
		[
			292552704,
			11811160064
		],
		[
			292552704,
			11811160064
		],
		[
			292552704,
			11811160064
		],
		[
			292552704,
			11811160064
		],
		[
			292552704,
			11811160064
		],
		[
			292552704,
			11811160064
		],
		[
			292552704,
			11811160064
		],
		[
			292552704,
			11811160064
		],
		[
			292552704,
			11811160064
		],
		[
			292552704,
			11811160064
		],
		[
			292552704,
			11811160064
		],
		[
			292552704,
			11811160064
		],
		[
			292552704,
			11811160064
		],
		[
			292552704,
			11811160064
		],
		[
			292552704,
			11811160064
		],
		[
			292552704,
			11811160064
		],
		[
			292552704,
			11811160064
		],
		[
			292552704,
			11811160064
		],
		[
			292552704,
			11811160064
		],
		[
			292552704,
			11811160064
		],
		[
			292552704,
			11811160064
		],
		[
			292552704,
			11811160064
		],
		[
			292552704,
			11811160064
		],
		[
			292552704,
			11811160064
		],
		[
			292552704,
			11811160064
		],
		[
			292552704,
			11811160064
		],
		[
			292552704,
			11811160064
		],
		[
			292552704,
			11811160064
		],
		[
			292552704,
			11811160064
		],
		[
			292552704,
			11811160064
		],
		[
			292552704,
			11811160064
		],
		[
			292552704,
			11811160064
		],
		[
			292552704,
			11811160064
		],
		[
			292552704,
			11811160064
		],
		[
			292552704,
			11811160064
		],
		[
			292552704,
			11811160064
		],
		[
			292552704,
			11811160064
		],
		[
			292552704,
			11811160064
		],
		[
			292552704,
			11811160064
		],
		[
			292552704,
			11811160064
		],
		[
			292552704,
			11811160064
		],
		[
			292552704,
			11811160064
		],
		[
			292552704,
			11811160064
		],
		[
			292552704,
			11811160064
		],
		[
			292552704,
			11811160064
		],
		[
			292552704,
			11811160064
		],
		[
			292552704,
			11811160064
		],
		[
			292552704,
			11811160064
		],
		[
			292552704,
			11811160064
		],
		[
			292552704,
			11811160064
		],
		[
			292552704,
			11811160064
		],
		[
			292552704,
			11811160064
		],
		[
			292552704,
			11811160064
		],
		[
			292552704,
			11811160064
		],
		[
			292552704,
			11811160064
		],
		[
			292552704,
			11811160064
		],
		[
			292552704,
			11811160064
		],
		[
			292552704,
			11811160064
		],
		[
			292552704,
			11811160064
		],
		[
			292552704,
			11811160064
		],
		[
			292552704,
			11811160064
		],
		[
			292552704,
			11811160064
		],
		[
			292552704,
			11811160064
		],
		[
			292552704,
			11811160064
		],
		[
			292552704,
			11811160064
		],
		[
			292552704,
			11811160064
		],
		[
			292552704,
			11811160064
		],
		[
			292552704,
			11811160064
		],
		[
			292552704,
			11811160064
		],
		[
			292552704,
			11811160064
		],
		[
			292552704,
			11811160064
		],
		[
			292552704,
			11811160064
		],
		[
			292552704,
			11811160064
		],
		[
			292552704,
			11811160064
		],
		[
			292552704,
			11811160064
		],
		[
			292552704,
			11811160064
		],
		[
			292552704,
			11811160064
		],
		[
			292552704,
			11811160064
		]
	],
	"utilization": [
		3,
		3,
		5,
		5,
		30,
		30,
		4,
		4,
		2,
		2,
		9,
		9,
		15,
		15,
		15,
		15,
		9,
		9,
		14,
		14,
		11,
		11,
		13,
		13,
		9,
		9,
		13,
		13,
		9,
		9,
		13,
		13,
		10,
		10,
		12,
		12,
		9,
		9,
		13,
		13,
		10,
		10,
		12,
		12,
		11,
		11,
		12,
		12,
		12,
		12,
		9,
		9,
		7,
		7,
		14,
		14,
		10,
		10,
		12,
		12,
		10,
		10,
		12,
		12,
		10,
		10,
		13,
		13,
		11,
		11,
		8,
		8,
		7,
		7,
		13,
		13,
		12,
		12,
		10,
		10,
		7,
		7,
		14,
		14,
		10,
		10,
		13,
		13,
		10,
		10
	],
	"computation_proportion": 10,
	"extra_dict": {}
}