{
	"model_name": "ResNet50",
	"batch_size": 4,
	"duration_sec": 45,
	"mode": "train",
	"is_DDP": true,
	"process_group_backend": "gloo",
	"world_size": 4,
	"rank": 2,
	"local_rank": 0,
	"device_type": "gpu",
	"master_addr": "133.133.135.75",
	"master_port": 39920,
	"iteration_count": 26,
	"iteration_intervals": [
		1711598336,
		204979456,
		2298301952,
		1347219968,
		615118848,
		2448775168,
		610319104,
		4166662144,
		1221651456,
		616726784,
		2335204864,
		605554176,
		2199752704,
		2391410176,
		1838704640,
		613363200,
		2197497344,
		2086720000,
		1955979776,
		3795995904,
		1468006400,
		1966350848,
		1957220096,
		611761152,
		2194865152,
		2084782848
	],
	"iteration_intervals_avg": 1874633520.7619047,
	"iteration_intervals_avg_second": 1.8746335207619047,
	"total_time_ns": 45545548288,
	"total_time_second": 45,
	"mem_infos": [
		[
			5059379200,
			5905580032
		],
		[
			4847566848,
			5905580032
		],
		[
			4650434560,
			5905580032
		],
		[
			4050649088,
			5905580032
		],
		[
			3778019328,
			5905580032
		],
		[
			3778019328,
			5905580032
		],
		[
			3778019328,
			5905580032
		],
		[
			3778019328,
			5905580032
		],
		[
			3778019328,
			5905580032
		],
		[
			3778019328,
			5905580032
		],
		[
			3778019328,
			5905580032
		],
		[
			3778019328,
			5905580032
		],
		[
			3778019328,
			5905580032
		],
		[
			3778019328,
			5905580032
		],
		[
			3778019328,
			5905580032
		],
		[
			3778019328,
			5905580032
		],
		[
			3778019328,
			5905580032
		],
		[
			3778019328,
			5905580032
		],
		[
			3778019328,
			5905580032
		],
		[
			3778019328,
			5905580032
		],
		[
			3778019328,
			5905580032
		],
		[
			3778019328,
			5905580032
		],
		[
			3778019328,
			5905580032
		],
		[
			3778019328,
			5905580032
		],
		[
			3778019328,
			5905580032
		],
		[
			3778019328,
			5905580032
		],
		[
			3778019328,
			5905580032
		],
		[
			3778019328,
			5905580032
		],
		[
			3778019328,
			5905580032
		],
		[
			3778019328,
			5905580032
		],
		[
			3778019328,
			5905580032
		],
		[
			3778019328,
			5905580032
		],
		[
			3778019328,
			5905580032
		],
		[
			3778019328,
			5905580032
		],
		[
			3778019328,
			5905580032
		],
		[
			3778019328,
			5905580032
		],
		[
			3778019328,
			5905580032
		],
		[
			3778019328,
			5905580032
		],
		[
			3778019328,
			5905580032
		],
		[
			3778019328,
			5905580032
		],
		[
			3778019328,
			5905580032
		],
		[
			3778019328,
			5905580032
		],
		[
			3778019328,
			5905580032
		],
		[
			3778019328,
			5905580032
		],
		[
			3778019328,
			5905580032
		],
		[
			3778019328,
			5905580032
		],
		[
			3778019328,
			5905580032
		],
		[
			3778019328,
			5905580032
		],
		[
			3778019328,
			5905580032
		],
		[
			3778019328,
			5905580032
		],
		[
			3778019328,
			5905580032
		],
		[
			3778019328,
			5905580032
		],
		[
			3778019328,
			5905580032
		],
		[
			3778019328,
			5905580032
		],
		[
			3778019328,
			5905580032
		],
		[
			3778019328,
			5905580032
		],
		[
			3778019328,
			5905580032
		],
		[
			3778019328,
			5905580032
		],
		[
			3778019328,
			5905580032
		],
		[
			3778019328,
			5905580032
		],
		[
			3778019328,
			5905580032
		],
		[
			3778019328,
			5905580032
		],
		[
			3778019328,
			5905580032
		],
		[
			3778019328,
			5905580032
		],
		[
			3778019328,
			5905580032
		],
		[
			3778019328,
			5905580032
		],
		[
			3778019328,
			5905580032
		],
		[
			3778019328,
			5905580032
		],
		[
			3778019328,
			5905580032
		],
		[
			3778019328,
			5905580032
		],
		[
			3778019328,
			5905580032
		],
		[
			3778019328,
			5905580032
		],
		[
			3778019328,
			5905580032
		],
		[
			3778019328,
			5905580032
		],
		[
			3778019328,
			5905580032
		],
		[
			3778019328,
			5905580032
		],
		[
			3778019328,
			5905580032
		],
		[
			3778019328,
			5905580032
		],
		[
			3778019328,
			5905580032
		],
		[
			3778019328,
			5905580032
		],
		[
			3778019328,
			5905580032
		],
		[
			3778019328,
			5905580032
		],
		[
			3778019328,
			5905580032
		],
		[
			3778019328,
			5905580032
		],
		[
			3778019328,
			5905580032
		],
		[
			3778019328,
			5905580032
		],
		[
			3778019328,
			5905580032
		],
		[
			3778019328,
			5905580032
		],
		[
			3778019328,
			5905580032
		],
		[
			3778019328,
			5905580032
		]
	],
	"utilization": [
		5,
		20,
		20,
		17,
		17,
		35,
		35,
		6,
		6,
		5,
		5,
		6,
		6,
		20,
		20,
		0,
		0,
		5,
		5,
		21,
		21,
		0,
		0,
		7,
		7,
		6,
		6,
		0,
		0,
		6,
		6,
		20,
		20,
		0,
		0,
		6,
		6,
		20,
		20,
		3,
		3,
		11,
		11,
		1,
		1,
		12,
		12,
		0,
		0,
		6,
		6,
		18,
		18,
		5,
		5,
		9,
		9,
		2,
		2,
		10,
		10,
		1,
		1,
		12,
		12,
		0,
		0,
		7,
		7,
		7,
		7,
		0,
		0,
		7,
		7,
		6,
		6,
		12,
		12,
		0,
		0,
		6,
		6,
		20,
		20,
		3,
		3,
		9,
		9,
		1
	],
	"computation_proportion": 5,
	"extra_dict": {}
}