{
	"model_name": "ConvNeXtS",
	"batch_size": 8,
	"duration_sec": 45,
	"mode": "train",
	"is_DDP": true,
	"process_group_backend": "gloo",
	"world_size": 4,
	"rank": 1,
	"local_rank": 0,
	"device_type": "gpu",
	"master_addr": "133.133.135.75",
	"master_port": 39920,
	"iteration_count": 22,
	"iteration_intervals": [
		3163173632,
		2636125952,
		2020773632,
		2020902912,
		2023416832,
		2034045440,
		2039669760,
		2023688192,
		2034650624,
		2025713920,
		2031509504,
		2033474048,
		2034304512,
		2033841664,
		2035872000,
		2035993600,
		2028412672,
		2032588032,
		2033551104,
		2032367616,
		2040361472,
		2034440960
	],
	"iteration_intervals_avg": 2033205007.0588236,
	"iteration_intervals_avg_second": 2.0332050070588235,
	"total_time_ns": 46431372800,
	"total_time_second": 46,
	"mem_infos": [
		[
			4881121280,
			5905580032
		],
		[
			4671406080,
			5905580032
		],
		[
			4463788032,
			5905580032
		],
		[
			3455057920,
			5905580032
		],
		[
			3455057920,
			5905580032
		],
		[
			3455057920,
			5905580032
		],
		[
			3455057920,
			5905580032
		],
		[
			3442475008,
			5905580032
		],
		[
			3209691136,
			5905580032
		],
		[
			3209691136,
			5905580032
		],
		[
			3209691136,
			5905580032
		],
		[
			3209691136,
			5905580032
		],
		[
			3209691136,
			5905580032
		],
		[
			3209691136,
			5905580032
		],
		[
			3209691136,
			5905580032
		],
		[
			3209691136,
			5905580032
		],
		[
			3209691136,
			5905580032
		],
		[
			3209691136,
			5905580032
		],
		[
			3209691136,
			5905580032
		],
		[
			3209691136,
			5905580032
		],
		[
			3209691136,
			5905580032
		],
		[
			3209691136,
			5905580032
		],
		[
			3209691136,
			5905580032
		],
		[
			3209691136,
			5905580032
		],
		[
			3209691136,
			5905580032
		],
		[
			3209691136,
			5905580032
		],
		[
			3209691136,
			5905580032
		],
		[
			3209691136,
			5905580032
		],
		[
			3209691136,
			5905580032
		],
		[
			3209691136,
			5905580032
		],
		[
			3209691136,
			5905580032
		],
		[
			3209691136,
			5905580032
		],
		[
			3209691136,
			5905580032
		],
		[
			3209691136,
			5905580032
		],
		[
			3209691136,
			5905580032
		],
		[
			3209691136,
			5905580032
		],
		[
			3209691136,
			5905580032
		],
		[
			3209691136,
			5905580032
		],
		[
			3209691136,
			5905580032
		],
		[
			3209691136,
			5905580032
		],
		[
			3209691136,
			5905580032
		],
		[
			3209691136,
			5905580032
		],
		[
			3209691136,
			5905580032
		],
		[
			3209691136,
			5905580032
		],
		[
			3209691136,
			5905580032
		],
		[
			3209691136,
			5905580032
		],
		[
			3209691136,
			5905580032
		],
		[
			3209691136,
			5905580032
		],
		[
			3209691136,
			5905580032
		],
		[
			3209691136,
			5905580032
		],
		[
			3209691136,
			5905580032
		],
		[
			3209691136,
			5905580032
		],
		[
			3209691136,
			5905580032
		],
		[
			3209691136,
			5905580032
		],
		[
			3209691136,
			5905580032
		],
		[
			3209691136,
			5905580032
		],
		[
			3209691136,
			5905580032
		],
		[
			3209691136,
			5905580032
		],
		[
			3209691136,
			5905580032
		],
		[
			3209691136,
			5905580032
		],
		[
			3209691136,
			5905580032
		],
		[
			3209691136,
			5905580032
		],
		[
			3209691136,
			5905580032
		],
		[
			3209691136,
			5905580032
		],
		[
			3209691136,
			5905580032
		],
		[
			3209691136,
			5905580032
		],
		[
			3209691136,
			5905580032
		],
		[
			3209691136,
			5905580032
		],
		[
			3209691136,
			5905580032
		],
		[
			3209691136,
			5905580032
		],
		[
			3209691136,
			5905580032
		],
		[
			3209691136,
			5905580032
		],
		[
			3209691136,
			5905580032
		],
		[
			3209691136,
			5905580032
		],
		[
			3209691136,
			5905580032
		],
		[
			3209691136,
			5905580032
		],
		[
			3209691136,
			5905580032
		],
		[
			3209691136,
			5905580032
		],
		[
			3209691136,
			5905580032
		],
		[
			3209691136,
			5905580032
		],
		[
			3209691136,
			5905580032
		],
		[
			3209691136,
			5905580032
		],
		[
			3209691136,
			5905580032
		],
		[
			3209691136,
			5905580032
		],
		[
			3209691136,
			5905580032
		],
		[
			3209691136,
			5905580032
		],
		[
			3209691136,
			5905580032
		],
		[
			3209691136,
			5905580032
		],
		[
			3209691136,
			5905580032
		],
		[
			3209691136,
			5905580032
		]
	],
	"utilization": [
		0,
		0,
		39,
		39,
		24,
		24,
		1,
		1,
		15,
		15,
		4,
		4,
		14,
		14,
		6,
		6,
		13,
		13,
		8,
		8,
		12,
		12,
		9,
		9,
		10,
		10,
		10,
		10,
		8,
		8,
		12,
		12,
		5,
		5,
		17,
		17,
		2,
		2,
		14,
		14,
		1,
		1,
		21,
		21,
		1,
		1,
		21,
		21,
		1,
		1,
		21,
		21,
		1,
		1,
		20,
		20,
		1,
		1,
		19,
		19,
		1,
		1,
		18,
		18,
		1,
		1,
		19,
		19,
		1,
		1,
		17,
		17,
		1,
		1,
		21,
		21,
		1,
		1,
		21,
		21,
		1,
		1,
		21,
		21,
		1,
		1,
		20,
		20,
		1,
		1
	],
	"computation_proportion": 10,
	"extra_dict": {}
}