{
	"model_name": "ConvNeXtS",
	"batch_size": 8,
	"duration_sec": 45,
	"mode": "train",
	"is_DDP": true,
	"process_group_backend": "gloo",
	"world_size": 4,
	"rank": 3,
	"local_rank": 0,
	"device_type": "gpu",
	"master_addr": "133.133.135.75",
	"master_port": 39920,
	"iteration_count": 22,
	"iteration_intervals": [
		3136071680,
		2637182464,
		2022332672,
		2022977024,
		2020460544,
		2034394112,
		2037417984,
		2035103232,
		2023057408,
		2026850304,
		2029834496,
		2036547840,
		2035074816,
		2033393408,
		2031311104,
		2037599744,
		2028943104,
		2031713536,
		2033014272,
		2036944384,
		2037513472,
		2035359744
	],
	"iteration_intervals_avg": 2033180762.3529413,
	"iteration_intervals_avg_second": 2.0331807623529414,
	"total_time_ns": 46405178880,
	"total_time_second": 46,
	"mem_infos": [
		[
			4881121280,
			5905580032
		],
		[
			4667211776,
			5905580032
		],
		[
			4453302272,
			5905580032
		],
		[
			3455057920,
			5905580032
		],
		[
			3455057920,
			5905580032
		],
		[
			3455057920,
			5905580032
		],
		[
			3455057920,
			5905580032
		],
		[
			3209691136,
			5905580032
		],
		[
			3209691136,
			5905580032
		],
		[
			3209691136,
			5905580032
		],
		[
			3209691136,
			5905580032
		],
		[
			3209691136,
			5905580032
		],
		[
			3209691136,
			5905580032
		],
		[
			3209691136,
			5905580032
		],
		[
			3209691136,
			5905580032
		],
		[
			3209691136,
			5905580032
		],
		[
			3209691136,
			5905580032
		],
		[
			3209691136,
			5905580032
		],
		[
			3209691136,
			5905580032
		],
		[
			3209691136,
			5905580032
		],
		[
			3209691136,
			5905580032
		],
		[
			3209691136,
			5905580032
		],
		[
			3209691136,
			5905580032
		],
		[
			3209691136,
			5905580032
		],
		[
			3209691136,
			5905580032
		],
		[
			3209691136,
			5905580032
		],
		[
			3209691136,
			5905580032
		],
		[
			3209691136,
			5905580032
		],
		[
			3209691136,
			5905580032
		],
		[
			3209691136,
			5905580032
		],
		[
			3209691136,
			5905580032
		],
		[
			3209691136,
			5905580032
		],
		[
			3209691136,
			5905580032
		],
		[
			3209691136,
			5905580032
		],
		[
			3209691136,
			5905580032
		],
		[
			3209691136,
			5905580032
		],
		[
			3209691136,
			5905580032
		],
		[
			3209691136,
			5905580032
		],
		[
			3209691136,
			5905580032
		],
		[
			3209691136,
			5905580032
		],
		[
			3209691136,
			5905580032
		],
		[
			3209691136,
			5905580032
		],
		[
			3209691136,
			5905580032
		],
		[
			3209691136,
			5905580032
		],
		[
			3209691136,
			5905580032
		],
		[
			3209691136,
			5905580032
		],
		[
			3209691136,
			5905580032
		],
		[
			3209691136,
			5905580032
		],
		[
			3209691136,
			5905580032
		],
		[
			3209691136,
			5905580032
		],
		[
			3209691136,
			5905580032
		],
		[
			3209691136,
			5905580032
		],
		[
			3209691136,
			5905580032
		],
		[
			3209691136,
			5905580032
		],
		[
			3209691136,
			5905580032
		],
		[
			3209691136,
			5905580032
		],
		[
			3209691136,
			5905580032
		],
		[
			3209691136,
			5905580032
		],
		[
			3209691136,
			5905580032
		],
		[
			3209691136,
			5905580032
		],
		[
			3209691136,
			5905580032
		],
		[
			3209691136,
			5905580032
		],
		[
			3209691136,
			5905580032
		],
		[
			3209691136,
			5905580032
		],
		[
			3209691136,
			5905580032
		],
		[
			3209691136,
			5905580032
		],
		[
			3209691136,
			5905580032
		],
		[
			3209691136,
			5905580032
		],
		[
			3209691136,
			5905580032
		],
		[
			3209691136,
			5905580032
		],
		[
			3209691136,
			5905580032
		],
		[
			3209691136,
			5905580032
		],
		[
			3209691136,
			5905580032
		],
		[
			3209691136,
			5905580032
		],
		[
			3209691136,
			5905580032
		],
		[
			3209691136,
			5905580032
		],
		[
			3209691136,
			5905580032
		],
		[
			3209691136,
			5905580032
		],
		[
			3209691136,
			5905580032
		],
		[
			3209691136,
			5905580032
		],
		[
			3209691136,
			5905580032
		],
		[
			3209691136,
			5905580032
		],
		[
			3209691136,
			5905580032
		],
		[
			3209691136,
			5905580032
		],
		[
			3209691136,
			5905580032
		],
		[
			3209691136,
			5905580032
		],
		[
			3209691136,
			5905580032
		],
		[
			3209691136,
			5905580032
		],
		[
			3209691136,
			5905580032
		],
		[
			3209691136,
			5905580032
		]
	],
	"utilization": [
		0,
		7,
		7,
		44,
		44,
		12,
		12,
		5,
		5,
		16,
		16,
		1,
		1,
		19,
		19,
		1,
		1,
		19,
		19,
		1,
		1,
		19,
		19,
		1,
		1,
		20,
		20,
		1,
		1,
		16,
		16,
		1,
		1,
		21,
		21,
		1,
		1,
		21,
		21,
		1,
		1,
		21,
		21,
		1,
		1,
		21,
		21,
		1,
		1,
		20,
		20,
		1,
		1,
		19,
		19,
		1,
		1,
		19,
		19,
		1,
		1,
		17,
		17,
		4,
		4,
		15,
		15,
		2,
		2,
		12,
		12,
		9,
		9,
		11,
		11,
		11,
		11,
		8,
		8,
		13,
		13,
		6,
		6,
		15,
		15,
		3,
		3,
		17,
		17,
		1
	],
	"computation_proportion": 10,
	"extra_dict": {}
}