{
	"model_name": "ResNet18",
	"batch_size": 32,
	"duration_sec": 45,
	"mode": "train",
	"is_DDP": true,
	"process_group_backend": "gloo",
	"world_size": 4,
	"rank": 3,
	"local_rank": 0,
	"device_type": "gpu",
	"master_addr": "133.133.135.75",
	"master_port": 39920,
	"iteration_count": 152,
	"iteration_intervals": [
		1639780352,
		134185216,
		124748032,
		149082112,
		127196928,
		123030016,
		127329024,
		122557952,
		128585984,
		126845440,
		116751872,
		129972736,
		124945152,
		970098688,
		369539840,
		250272256,
		236289536,
		248238080,
		129273344,
		238189568,
		252178688,
		142374144,
		121605376,
		129460992,
		167277056,
		132212992,
		118566400,
		124924928,
		118864896,
		129328640,
		2108742656,
		368802816,
		255582464,
		236846336,
		136641792,
		142928640,
		130725376,
		177889280,
		112710144,
		122450688,
		124422144,
		151926016,
		2196965632,
		268899584,
		249262848,
		226388224,
		247679744,
		234224896,
		239462400,
		248249600,
		142257920,
		228820992,
		119438336,
		120968192,
		136657664,
		123961344,
		125784320,
		121458944,
		127728128,
		234394112,
		1960421888,
		264699904,
		236036864,
		234631424,
		124637440,
		133192960,
		128694016,
		129730048,
		131402240,
		111016960,
		123735808,
		117546752,
		127731968,
		1031156736,
		489677312,
		274833408,
		212138496,
		170937856,
		238286592,
		200161792,
		163356160,
		148131584,
		206026752,
		120420864,
		134753536,
		129928448,
		118435840,
		123387648,
		135155968,
		118520832,
		122273792,
		121153792,
		1594154496,
		494216448,
		243647488,
		236513536,
		138929152,
		131670784,
		140983808,
		162593792,
		127050752,
		115770624,
		130575872,
		120614144,
		122754560,
		153414656,
		2260858880,
		291812864,
		233335808,
		139219968,
		219709440,
		122700800,
		131774976,
		123207680,
		118398720,
		122632192,
		123651584,
		120744192,
		125372672,
		123009792,
		115960064,
		1843705600,
		375734016,
		235221504,
		132550400,
		140331264,
		216244224,
		144928768,
		214909696,
		249762560,
		1957393664,
		366903040,
		355125248,
		247671040,
		259604736,
		359642624,
		364096768,
		365585408,
		619046656,
		490907392,
		498173440,
		247584512,
		231274240,
		137640192,
		221732608,
		129380096,
		129581312,
		141424128,
		228294912,
		226080256,
		247666176,
		1596607232
	],
	"iteration_intervals_avg": 297165197.06122446,
	"iteration_intervals_avg_second": 0.29716519706122446,
	"total_time_ns": 45859809024,
	"total_time_second": 45,
	"mem_infos": [
		[
			5225054208,
			5905580032
		],
		[
			4870635520,
			5905580032
		],
		[
			4679794688,
			5905580032
		],
		[
			3666870272,
			5905580032
		],
		[
			3362783232,
			5905580032
		],
		[
			3362783232,
			5905580032
		],
		[
			3362783232,
			5905580032
		],
		[
			3362783232,
			5905580032
		],
		[
			3362783232,
			5905580032
		],
		[
			3362783232,
			5905580032
		],
		[
			3362783232,
			5905580032
		],
		[
			3362783232,
			5905580032
		],
		[
			3362783232,
			5905580032
		],
		[
			3362783232,
			5905580032
		],
		[
			3362783232,
			5905580032
		],
		[
			3362783232,
			5905580032
		],
		[
			3362783232,
			5905580032
		],
		[
			3362783232,
			5905580032
		],
		[
			3362783232,
			5905580032
		],
		[
			3362783232,
			5905580032
		],
		[
			3362783232,
			5905580032
		],
		[
			3362783232,
			5905580032
		],
		[
			3362783232,
			5905580032
		],
		[
			3362783232,
			5905580032
		],
		[
			3362783232,
			5905580032
		],
		[
			3362783232,
			5905580032
		],
		[
			3362783232,
			5905580032
		],
		[
			3362783232,
			5905580032
		],
		[
			3362783232,
			5905580032
		],
		[
			3362783232,
			5905580032
		],
		[
			3362783232,
			5905580032
		],
		[
			3362783232,
			5905580032
		],
		[
			3362783232,
			5905580032
		],
		[
			3362783232,
			5905580032
		],
		[
			3362783232,
			5905580032
		],
		[
			3362783232,
			5905580032
		],
		[
			3362783232,
			5905580032
		],
		[
			3362783232,
			5905580032
		],
		[
			3362783232,
			5905580032
		],
		[
			3362783232,
			5905580032
		],
		[
			3362783232,
			5905580032
		],
		[
			3362783232,
			5905580032
		],
		[
			3362783232,
			5905580032
		],
		[
			3362783232,
			5905580032
		],
		[
			3362783232,
			5905580032
		],
		[
			3362783232,
			5905580032
		],
		[
			3362783232,
			5905580032
		],
		[
			3362783232,
			5905580032
		],
		[
			3362783232,
			5905580032
		],
		[
			3362783232,
			5905580032
		],
		[
			3362783232,
			5905580032
		],
		[
			3362783232,
			5905580032
		],
		[
			3362783232,
			5905580032
		],
		[
			3362783232,
			5905580032
		],
		[
			3362783232,
			5905580032
		],
		[
			3362783232,
			5905580032
		],
		[
			3362783232,
			5905580032
		],
		[
			3362783232,
			5905580032
		],
		[
			3362783232,
			5905580032
		],
		[
			3362783232,
			5905580032
		],
		[
			3362783232,
			5905580032
		],
		[
			3362783232,
			5905580032
		],
		[
			3362783232,
			5905580032
		],
		[
			3362783232,
			5905580032
		],
		[
			3362783232,
			5905580032
		],
		[
			3362783232,
			5905580032
		],
		[
			3362783232,
			5905580032
		],
		[
			3362783232,
			5905580032
		],
		[
			3362783232,
			5905580032
		],
		[
			3362783232,
			5905580032
		],
		[
			3362783232,
			5905580032
		],
		[
			3362783232,
			5905580032
		],
		[
			3362783232,
			5905580032
		],
		[
			3362783232,
			5905580032
		],
		[
			3362783232,
			5905580032
		],
		[
			3362783232,
			5905580032
		],
		[
			3362783232,
			5905580032
		],
		[
			3362783232,
			5905580032
		],
		[
			3362783232,
			5905580032
		],
		[
			3362783232,
			5905580032
		],
		[
			3362783232,
			5905580032
		],
		[
			3362783232,
			5905580032
		],
		[
			3362783232,
			5905580032
		],
		[
			3362783232,
			5905580032
		],
		[
			3362783232,
			5905580032
		],
		[
			3362783232,
			5905580032
		],
		[
			3362783232,
			5905580032
		],
		[
			3362783232,
			5905580032
		],
		[
			3362783232,
			5905580032
		],
		[
			3362783232,
			5905580032
		]
	],
	"utilization": [
		15,
		15,
		18,
		18,
		44,
		44,
		84,
		84,
		31,
		31,
		35,
		35,
		56,
		56,
		81,
		81,
		16,
		16,
		0,
		0,
		37,
		37,
		81,
		81,
		16,
		16,
		0,
		0,
		35,
		35,
		49,
		49,
		76,
		76,
		28,
		28,
		10,
		10,
		36,
		36,
		79,
		79,
		33,
		33,
		18,
		18,
		58,
		58,
		77,
		77,
		45,
		45,
		3,
		3,
		3,
		40,
		40,
		81,
		81,
		27,
		27,
		0,
		0,
		30,
		30,
		75,
		75,
		60,
		60,
		0,
		0,
		28,
		28,
		67,
		67,
		8,
		8,
		4,
		4,
		35,
		35,
		36,
		36,
		24,
		24,
		27,
		27,
		59,
		59,
		51
	],
	"computation_proportion": 25,
	"extra_dict": {}
}