{
	"model_name": "ResNet50",
	"batch_size": 4,
	"duration_sec": 45,
	"mode": "train",
	"is_DDP": true,
	"process_group_backend": "gloo",
	"world_size": 2,
	"rank": 1,
	"local_rank": 0,
	"device_type": "gpu",
	"master_addr": "133.133.135.74",
	"master_port": 39920,
	"iteration_count": 47,
	"iteration_intervals": [
		2233938432,
		941109504,
		939314688,
		934621952,
		936979456,
		931595264,
		933508096,
		938313472,
		936341248,
		935010816,
		936553728,
		935613696,
		935743744,
		945863424,
		936302080,
		934259968,
		934269440,
		936426240,
		933285888,
		940857600,
		944743424,
		949682688,
		932182272,
		936118016,
		948761088,
		945746176,
		942467072,
		936065792,
		935393792,
		938006272,
		936008192,
		942666240,
		945370112,
		925918976,
		945168128,
		943657216,
		939824640,
		934564096,
		934545920,
		932699648,
		935560448,
		929324800,
		934259968,
		938291968,
		938424064,
		935094272,
		941462016
	],
	"iteration_intervals_avg": 937760761.9047619,
	"iteration_intervals_avg_second": 0.9377607619047619,
	"total_time_ns": 45372878336,
	"total_time_second": 45,
	"mem_infos": [
		[
			10964959232,
			11811160064
		],
		[
			10734272512,
			11811160064
		],
		[
			10501488640,
			11811160064
		],
		[
			9956229120,
			11811160064
		],
		[
			9956229120,
			11811160064
		],
		[
			9683599360,
			11811160064
		],
		[
			9683599360,
			11811160064
		],
		[
			9683599360,
			11811160064
		],
		[
			9683599360,
			11811160064
		],
		[
			9683599360,
			11811160064
		],
		[
			9683599360,
			11811160064
		],
		[
			9683599360,
			11811160064
		],
		[
			9683599360,
			11811160064
		],
		[
			9683599360,
			11811160064
		],
		[
			9683599360,
			11811160064
		],
		[
			9683599360,
			11811160064
		],
		[
			9683599360,
			11811160064
		],
		[
			9683599360,
			11811160064
		],
		[
			9683599360,
			11811160064
		],
		[
			9683599360,
			11811160064
		],
		[
			9683599360,
			11811160064
		],
		[
			9683599360,
			11811160064
		],
		[
			9683599360,
			11811160064
		],
		[
			9683599360,
			11811160064
		],
		[
			9683599360,
			11811160064
		],
		[
			9683599360,
			11811160064
		],
		[
			9683599360,
			11811160064
		],
		[
			9683599360,
			11811160064
		],
		[
			9683599360,
			11811160064
		],
		[
			9683599360,
			11811160064
		],
		[
			9683599360,
			11811160064
		],
		[
			9683599360,
			11811160064
		],
		[
			9683599360,
			11811160064
		],
		[
			9683599360,
			11811160064
		],
		[
			9683599360,
			11811160064
		],
		[
			9683599360,
			11811160064
		],
		[
			9683599360,
			11811160064
		],
		[
			9683599360,
			11811160064
		],
		[
			9683599360,
			11811160064
		],
		[
			9683599360,
			11811160064
		],
		[
			9683599360,
			11811160064
		],
		[
			9683599360,
			11811160064
		],
		[
			9683599360,
			11811160064
		],
		[
			9683599360,
			11811160064
		],
		[
			9683599360,
			11811160064
		],
		[
			9683599360,
			11811160064
		],
		[
			9683599360,
			11811160064
		],
		[
			9683599360,
			11811160064
		],
		[
			9683599360,
			11811160064
		],
		[
			9683599360,
			11811160064
		],
		[
			9683599360,
			11811160064
		],
		[
			9683599360,
			11811160064
		],
		[
			9683599360,
			11811160064
		],
		[
			9683599360,
			11811160064
		],
		[
			9683599360,
			11811160064
		],
		[
			9683599360,
			11811160064
		],
		[
			9683599360,
			11811160064
		],
		[
			9683599360,
			11811160064
		],
		[
			9683599360,
			11811160064
		],
		[
			9683599360,
			11811160064
		],
		[
			9683599360,
			11811160064
		],
		[
			9683599360,
			11811160064
		],
		[
			9683599360,
			11811160064
		],
		[
			9683599360,
			11811160064
		],
		[
			9683599360,
			11811160064
		],
		[
			9683599360,
			11811160064
		],
		[
			9683599360,
			11811160064
		],
		[
			9683599360,
			11811160064
		],
		[
			9683599360,
			11811160064
		],
		[
			9683599360,
			11811160064
		],
		[
			9683599360,
			11811160064
		],
		[
			9683599360,
			11811160064
		],
		[
			9683599360,
			11811160064
		],
		[
			9683599360,
			11811160064
		],
		[
			9683599360,
			11811160064
		],
		[
			9683599360,
			11811160064
		],
		[
			9683599360,
			11811160064
		],
		[
			9683599360,
			11811160064
		],
		[
			9683599360,
			11811160064
		],
		[
			9683599360,
			11811160064
		],
		[
			9683599360,
			11811160064
		],
		[
			9683599360,
			11811160064
		],
		[
			9683599360,
			11811160064
		],
		[
			9683599360,
			11811160064
		],
		[
			9683599360,
			11811160064
		],
		[
			9683599360,
			11811160064
		],
		[
			9683599360,
			11811160064
		],
		[
			9683599360,
			11811160064
		],
		[
			9683599360,
			11811160064
		],
		[
			9683599360,
			11811160064
		]
	],
	"utilization": [
		4,
		3,
		3,
		7,
		7,
		5,
		5,
		5,
		5,
		5,
		5,
		5,
		5,
		5,
		5,
		5,
		5,
		5,
		5,
		5,
		5,
		5,
		5,
		5,
		5,
		5,
		5,
		7,
		7,
		6,
		6,
		5,
		5,
		5,
		5,
		5,
		5,
		5,
		5,
		5,
		5,
		5,
		5,
		5,
		5,
		5,
		5,
		5,
		5,
		5,
		5,
		5,
		5,
		5,
		5,
		5,
		5,
		8,
		8,
		5,
		5,
		5,
		5,
		5,
		5,
		5,
		5,
		5,
		5,
		5,
		5,
		5,
		5,
		5,
		5,
		5,
		5,
		5,
		5,
		5,
		5,
		5,
		5,
		6,
		6,
		8,
		8,
		5,
		5,
		5
	],
	"computation_proportion": 65,
	"extra_dict": {}
}