{
	"model_name": "ResNet18",
	"batch_size": 16,
	"duration_sec": 45,
	"mode": "train",
	"is_DDP": true,
	"process_group_backend": "gloo",
	"world_size": 4,
	"rank": 1,
	"local_rank": 0,
	"device_type": "gpu",
	"master_addr": "133.133.135.75",
	"master_port": 39920,
	"iteration_count": 144,
	"iteration_intervals": [
		1539301888,
		92413952,
		82928640,
		90677248,
		77287680,
		83132672,
		77649408,
		83898624,
		88224000,
		79664896,
		91588352,
		80192000,
		80961280,
		895866880,
		380564480,
		360884736,
		147435264,
		329566464,
		275252736,
		240523008,
		234091776,
		138666240,
		213372160,
		1714870016,
		364782080,
		230647040,
		168485632,
		233567744,
		237280768,
		239399680,
		240803328,
		1710909184,
		616194304,
		370139904,
		362441984,
		371871232,
		479438848,
		488020736,
		741004800,
		485144064,
		479493888,
		253468928,
		249523968,
		136875008,
		227434496,
		115364352,
		128718848,
		121780736,
		129106944,
		121134592,
		112203008,
		78745856,
		101480448,
		87223552,
		99380480,
		1342836224,
		370005504,
		242907904,
		154190848,
		217098240,
		145305344,
		129373696,
		120553216,
		130710528,
		125248768,
		114020608,
		130478080,
		77088768,
		90005760,
		1768416768,
		599910656,
		263768576,
		230136320,
		145713152,
		218569984,
		138225920,
		111488256,
		132835840,
		120153600,
		114571264,
		120167936,
		1121187840,
		381065984,
		139924224,
		234735360,
		229180928,
		149316096,
		208285440,
		167552768,
		325699328,
		1835045376,
		490516736,
		255467264,
		240783616,
		244345600,
		116536064,
		152030208,
		99938816,
		141288704,
		123592448,
		118252544,
		1317566464,
		363690240,
		244089344,
		146857472,
		211896320,
		224641536,
		251853824,
		237785088,
		124107776,
		241664512,
		137807872,
		245226752,
		347820288,
		256759808,
		233052672,
		154851584,
		207539712,
		130335232,
		122653952,
		132044032,
		103522048,
		126633984,
		115636480,
		77448192,
		96570880,
		94841344,
		114359296,
		111913728,
		1483207936,
		591084800,
		732067072,
		495626240,
		383443712,
		359572736,
		242764544,
		156851200,
		211252480,
		141847296,
		133640192,
		123169536,
		198670336,
		380028160,
		1841738240
	],
	"iteration_intervals_avg": 310468585.89928055,
	"iteration_intervals_avg_second": 0.31046858589928056,
	"total_time_ns": 45038797056,
	"total_time_second": 45,
	"mem_infos": [
		[
			5225054208,
			5905580032
		],
		[
			4952424448,
			5905580032
		],
		[
			4744806400,
			5905580032
		],
		[
			3970957312,
			5905580032
		],
		[
			3964665856,
			5905580032
		],
		[
			3964665856,
			5905580032
		],
		[
			3964665856,
			5905580032
		],
		[
			3964665856,
			5905580032
		],
		[
			3964665856,
			5905580032
		],
		[
			3964665856,
			5905580032
		],
		[
			3964665856,
			5905580032
		],
		[
			3964665856,
			5905580032
		],
		[
			3964665856,
			5905580032
		],
		[
			3964665856,
			5905580032
		],
		[
			3964665856,
			5905580032
		],
		[
			3964665856,
			5905580032
		],
		[
			3964665856,
			5905580032
		],
		[
			3964665856,
			5905580032
		],
		[
			3964665856,
			5905580032
		],
		[
			3964665856,
			5905580032
		],
		[
			3964665856,
			5905580032
		],
		[
			3964665856,
			5905580032
		],
		[
			3964665856,
			5905580032
		],
		[
			3964665856,
			5905580032
		],
		[
			3964665856,
			5905580032
		],
		[
			3964665856,
			5905580032
		],
		[
			3964665856,
			5905580032
		],
		[
			3964665856,
			5905580032
		],
		[
			3964665856,
			5905580032
		],
		[
			3964665856,
			5905580032
		],
		[
			3964665856,
			5905580032
		],
		[
			3964665856,
			5905580032
		],
		[
			3964665856,
			5905580032
		],
		[
			3964665856,
			5905580032
		],
		[
			3964665856,
			5905580032
		],
		[
			3964665856,
			5905580032
		],
		[
			3964665856,
			5905580032
		],
		[
			3964665856,
			5905580032
		],
		[
			3964665856,
			5905580032
		],
		[
			3964665856,
			5905580032
		],
		[
			3964665856,
			5905580032
		],
		[
			3964665856,
			5905580032
		],
		[
			3964665856,
			5905580032
		],
		[
			3964665856,
			5905580032
		],
		[
			3964665856,
			5905580032
		],
		[
			3964665856,
			5905580032
		],
		[
			3964665856,
			5905580032
		],
		[
			3964665856,
			5905580032
		],
		[
			3964665856,
			5905580032
		],
		[
			3964665856,
			5905580032
		],
		[
			3964665856,
			5905580032
		],
		[
			3964665856,
			5905580032
		],
		[
			3964665856,
			5905580032
		],
		[
			3964665856,
			5905580032
		],
		[
			3964665856,
			5905580032
		],
		[
			3964665856,
			5905580032
		],
		[
			3964665856,
			5905580032
		],
		[
			3964665856,
			5905580032
		],
		[
			3964665856,
			5905580032
		],
		[
			3964665856,
			5905580032
		],
		[
			3964665856,
			5905580032
		],
		[
			3964665856,
			5905580032
		],
		[
			3964665856,
			5905580032
		],
		[
			3964665856,
			5905580032
		],
		[
			3964665856,
			5905580032
		],
		[
			3964665856,
			5905580032
		],
		[
			3964665856,
			5905580032
		],
		[
			3964665856,
			5905580032
		],
		[
			3964665856,
			5905580032
		],
		[
			3964665856,
			5905580032
		],
		[
			3964665856,
			5905580032
		],
		[
			3964665856,
			5905580032
		],
		[
			3964665856,
			5905580032
		],
		[
			3964665856,
			5905580032
		],
		[
			3964665856,
			5905580032
		],
		[
			3964665856,
			5905580032
		],
		[
			3964665856,
			5905580032
		],
		[
			3964665856,
			5905580032
		],
		[
			3964665856,
			5905580032
		],
		[
			3964665856,
			5905580032
		],
		[
			3964665856,
			5905580032
		],
		[
			3964665856,
			5905580032
		],
		[
			3964665856,
			5905580032
		],
		[
			3964665856,
			5905580032
		],
		[
			3964665856,
			5905580032
		],
		[
			3964665856,
			5905580032
		],
		[
			3964665856,
			5905580032
		],
		[
			3964665856,
			5905580032
		],
		[
			3964665856,
			5905580032
		],
		[
			3964665856,
			5905580032
		]
	],
	"utilization": [
		2,
		11,
		11,
		12,
		12,
		62,
		62,
		35,
		35,
		17,
		17,
		28,
		28,
		23,
		23,
		1,
		1,
		23,
		23,
		33,
		33,
		3,
		3,
		8,
		8,
		15,
		15,
		22,
		22,
		8,
		8,
		16,
		16,
		38,
		38,
		63,
		63,
		4,
		4,
		21,
		21,
		46,
		46,
		26,
		26,
		0,
		0,
		16,
		16,
		46,
		46,
		18,
		18,
		21,
		21,
		36,
		36,
		7,
		7,
		1,
		1,
		23,
		23,
		51,
		51,
		7,
		7,
		20,
		20,
		28,
		28,
		33,
		33,
		34,
		34,
		61,
		61,
		11,
		11,
		9,
		9,
		9,
		9,
		19,
		19,
		36,
		36,
		21,
		21,
		0
	],
	"computation_proportion": 15,
	"extra_dict": {}
}