{
	"model_name": "EfficientNet",
	"batch_size": 4,
	"duration_sec": 45,
	"mode": "train",
	"is_DDP": true,
	"process_group_backend": "gloo",
	"world_size": 4,
	"rank": 2,
	"local_rank": 0,
	"device_type": "gpu",
	"master_addr": "133.133.135.75",
	"master_port": 39920,
	"iteration_count": 126,
	"iteration_intervals": [
		1699217408,
		350716160,
		340158208,
		334096128,
		343580160,
		342772224,
		349783808,
		336234752,
		342486272,
		344675584,
		371715584,
		343968256,
		334736896,
		330583296,
		339738368,
		345619712,
		335355904,
		364133888,
		363913984,
		333870848,
		348185088,
		335879680,
		350861824,
		371228928,
		346072576,
		339469824,
		345293312,
		342060544,
		340690944,
		336303872,
		339849216,
		361415680,
		333316096,
		338326784,
		376797440,
		358184192,
		322879744,
		345091072,
		339581952,
		359070720,
		338254592,
		343745280,
		338616576,
		327862016,
		346217984,
		341742848,
		332632832,
		335879936,
		350925568,
		348532992,
		338624768,
		335186176,
		352707840,
		339511040,
		330364160,
		348987648,
		347921664,
		362783488,
		344319744,
		333497600,
		441999616,
		344515328,
		343597312,
		351374336,
		336793600,
		350795008,
		334765568,
		350226688,
		354631168,
		335688192,
		339988480,
		333276160,
		344855552,
		321723136,
		367651584,
		334784768,
		331355136,
		342260736,
		355541760,
		333383424,
		322386432,
		370080256,
		346205440,
		332361472,
		355337472,
		353615872,
		354537216,
		362689024,
		335575552,
		367323136,
		346808576,
		344453632,
		337530624,
		341640704,
		363129856,
		360446464,
		343870976,
		350452480,
		345178368,
		356323840,
		353233920,
		359398144,
		346848256,
		353174272,
		354256384,
		366275328,
		352440320,
		362177024,
		341874432,
		353454848,
		340765440,
		356476416,
		345911808,
		355270400,
		337590016,
		344630272,
		337943040,
		353491456,
		344966656,
		344355584,
		338887168,
		344812800,
		346002944,
		338160128,
		337157888,
		348240640
	],
	"iteration_intervals_avg": 346656315.23966944,
	"iteration_intervals_avg_second": 0.34665631523966944,
	"total_time_ns": 45014133248,
	"total_time_second": 45,
	"mem_infos": [
		[
			5329911808,
			5905580032
		],
		[
			5124390912,
			5905580032
		],
		[
			4897898496,
			5905580032
		],
		[
			4361027584,
			5905580032
		],
		[
			4302307328,
			5905580032
		],
		[
			4302307328,
			5905580032
		],
		[
			4302307328,
			5905580032
		],
		[
			4302307328,
			5905580032
		],
		[
			4302307328,
			5905580032
		],
		[
			4302307328,
			5905580032
		],
		[
			4302307328,
			5905580032
		],
		[
			4302307328,
			5905580032
		],
		[
			4302307328,
			5905580032
		],
		[
			4302307328,
			5905580032
		],
		[
			4302307328,
			5905580032
		],
		[
			4302307328,
			5905580032
		],
		[
			4302307328,
			5905580032
		],
		[
			4302307328,
			5905580032
		],
		[
			4302307328,
			5905580032
		],
		[
			4302307328,
			5905580032
		],
		[
			4302307328,
			5905580032
		],
		[
			4302307328,
			5905580032
		],
		[
			4302307328,
			5905580032
		],
		[
			4302307328,
			5905580032
		],
		[
			4302307328,
			5905580032
		],
		[
			4302307328,
			5905580032
		],
		[
			4302307328,
			5905580032
		],
		[
			4302307328,
			5905580032
		],
		[
			4302307328,
			5905580032
		],
		[
			4302307328,
			5905580032
		],
		[
			4302307328,
			5905580032
		],
		[
			4302307328,
			5905580032
		],
		[
			4302307328,
			5905580032
		],
		[
			4302307328,
			5905580032
		],
		[
			4302307328,
			5905580032
		],
		[
			4302307328,
			5905580032
		],
		[
			4302307328,
			5905580032
		],
		[
			4302307328,
			5905580032
		],
		[
			4302307328,
			5905580032
		],
		[
			4302307328,
			5905580032
		],
		[
			4302307328,
			5905580032
		],
		[
			4302307328,
			5905580032
		],
		[
			4302307328,
			5905580032
		],
		[
			4302307328,
			5905580032
		],
		[
			4302307328,
			5905580032
		],
		[
			4302307328,
			5905580032
		],
		[
			4302307328,
			5905580032
		],
		[
			4302307328,
			5905580032
		],
		[
			4302307328,
			5905580032
		],
		[
			4302307328,
			5905580032
		],
		[
			4302307328,
			5905580032
		],
		[
			4302307328,
			5905580032
		],
		[
			4302307328,
			5905580032
		],
		[
			4302307328,
			5905580032
		],
		[
			4302307328,
			5905580032
		],
		[
			4302307328,
			5905580032
		],
		[
			4302307328,
			5905580032
		],
		[
			4302307328,
			5905580032
		],
		[
			4302307328,
			5905580032
		],
		[
			4302307328,
			5905580032
		],
		[
			4302307328,
			5905580032
		],
		[
			4302307328,
			5905580032
		],
		[
			4302307328,
			5905580032
		],
		[
			4302307328,
			5905580032
		],
		[
			4302307328,
			5905580032
		],
		[
			4302307328,
			5905580032
		],
		[
			4302307328,
			5905580032
		],
		[
			4302307328,
			5905580032
		],
		[
			4302307328,
			5905580032
		],
		[
			4302307328,
			5905580032
		],
		[
			4302307328,
			5905580032
		],
		[
			4302307328,
			5905580032
		],
		[
			4302307328,
			5905580032
		],
		[
			4302307328,
			5905580032
		],
		[
			4302307328,
			5905580032
		],
		[
			4302307328,
			5905580032
		],
		[
			4302307328,
			5905580032
		],
		[
			4302307328,
			5905580032
		],
		[
			4302307328,
			5905580032
		],
		[
			4302307328,
			5905580032
		],
		[
			4302307328,
			5905580032
		],
		[
			4302307328,
			5905580032
		],
		[
			4302307328,
			5905580032
		],
		[
			4302307328,
			5905580032
		],
		[
			4302307328,
			5905580032
		],
		[
			4302307328,
			5905580032
		],
		[
			4302307328,
			5905580032
		],
		[
			4302307328,
			5905580032
		],
		[
			4302307328,
			5905580032
		],
		[
			4302307328,
			5905580032
		]
	],
	"utilization": [
		7,
		7,
		7,
		14,
		14,
		17,
		17,
		20,
		20,
		19,
		19,
		20,
		20,
		19,
		19,
		18,
		18,
		18,
		18,
		18,
		18,
		17,
		17,
		18,
		18,
		20,
		20,
		20,
		20,
		20,
		20,
		18,
		18,
		20,
		20,
		18,
		18,
		19,
		19,
		20,
		20,
		19,
		19,
		17,
		17,
		15,
		15,
		20,
		20,
		19,
		19,
		19,
		19,
		19,
		19,
		21,
		21,
		20,
		20,
		18,
		18,
		18,
		18,
		16,
		16,
		18,
		18,
		19,
		19,
		19,
		19,
		20,
		20,
		19,
		19,
		19,
		19,
		16,
		16,
		19,
		19,
		19,
		19,
		21,
		21,
		19,
		19,
		19,
		19,
		19
	],
	"computation_proportion": 30,
	"extra_dict": {}
}