{
	"model_name": "HarDNet",
	"batch_size": 128,
	"duration_sec": 45,
	"mode": "train",
	"is_DDP": true,
	"process_group_backend": "gloo",
	"world_size": 2,
	"rank": 1,
	"local_rank": 0,
	"device_type": "gpu",
	"master_addr": "133.133.135.75",
	"master_port": 39920,
	"iteration_count": 103,
	"iteration_intervals": [
		1669586432,
		491993856,
		457642496,
		397301248,
		469157888,
		378176768,
		479880448,
		383531264,
		475624960,
		387403520,
		470477312,
		382906624,
		474668800,
		369942016,
		475055872,
		382212352,
		468899584,
		380143616,
		481953536,
		377531392,
		478475776,
		373954816,
		481184000,
		370883328,
		464625920,
		389898240,
		401731584,
		454585600,
		407488000,
		454240768,
		407781376,
		457847808,
		397708544,
		451251200,
		398518016,
		460377856,
		386166016,
		466842880,
		387636992,
		474582528,
		383789312,
		468291584,
		390921728,
		459816704,
		386639616,
		467455232,
		388536320,
		465254400,
		401585408,
		466344448,
		384286720,
		475173632,
		376124672,
		474477824,
		387332096,
		462910464,
		382399744,
		479941888,
		384132864,
		461445120,
		383499264,
		478335232,
		380773376,
		472997632,
		376212480,
		475470592,
		377776896,
		480472576,
		373773568,
		481935104,
		365988096,
		406520576,
		474817792,
		399358720,
		449929472,
		388858368,
		464741632,
		393715200,
		457730304,
		405300224,
		460709632,
		396859136,
		457141504,
		394166784,
		461932544,
		391152896,
		467735040,
		388631808,
		463519232,
		384675328,
		454110464,
		397605632,
		465196800,
		395785216,
		468669440,
		381293568,
		473426176,
		377280256,
		474702336,
		378493440,
		477692416,
		387335936,
		461166592
	],
	"iteration_intervals_avg": 426821820.0816327,
	"iteration_intervals_avg_second": 0.42682182008163266,
	"total_time_ns": 45315074816,
	"total_time_second": 45,
	"mem_infos": [
		[
			11269046272,
			11811160064
		],
		[
			10388242432,
			11811160064
		],
		[
			10174332928,
			11811160064
		],
		[
			4618977280,
			11811160064
		],
		[
			4025483264,
			11811160064
		],
		[
			4025483264,
			11811160064
		],
		[
			4025483264,
			11811160064
		],
		[
			4025483264,
			11811160064
		],
		[
			4025483264,
			11811160064
		],
		[
			4025483264,
			11811160064
		],
		[
			4025483264,
			11811160064
		],
		[
			4025483264,
			11811160064
		],
		[
			4025483264,
			11811160064
		],
		[
			4025483264,
			11811160064
		],
		[
			4025483264,
			11811160064
		],
		[
			4025483264,
			11811160064
		],
		[
			4025483264,
			11811160064
		],
		[
			4025483264,
			11811160064
		],
		[
			4025483264,
			11811160064
		],
		[
			4025483264,
			11811160064
		],
		[
			4025483264,
			11811160064
		],
		[
			4025483264,
			11811160064
		],
		[
			4025483264,
			11811160064
		],
		[
			4025483264,
			11811160064
		],
		[
			4025483264,
			11811160064
		],
		[
			4025483264,
			11811160064
		],
		[
			4025483264,
			11811160064
		],
		[
			4025483264,
			11811160064
		],
		[
			4025483264,
			11811160064
		],
		[
			4025483264,
			11811160064
		],
		[
			4025483264,
			11811160064
		],
		[
			4025483264,
			11811160064
		],
		[
			4025483264,
			11811160064
		],
		[
			4025483264,
			11811160064
		],
		[
			4025483264,
			11811160064
		],
		[
			4025483264,
			11811160064
		],
		[
			4025483264,
			11811160064
		],
		[
			4025483264,
			11811160064
		],
		[
			4025483264,
			11811160064
		],
		[
			4025483264,
			11811160064
		],
		[
			4025483264,
			11811160064
		],
		[
			4025483264,
			11811160064
		],
		[
			4025483264,
			11811160064
		],
		[
			4025483264,
			11811160064
		],
		[
			4025483264,
			11811160064
		],
		[
			4025483264,
			11811160064
		],
		[
			4025483264,
			11811160064
		],
		[
			4025483264,
			11811160064
		],
		[
			4025483264,
			11811160064
		],
		[
			4025483264,
			11811160064
		],
		[
			4025483264,
			11811160064
		],
		[
			4025483264,
			11811160064
		],
		[
			4025483264,
			11811160064
		],
		[
			4025483264,
			11811160064
		],
		[
			4025483264,
			11811160064
		],
		[
			4025483264,
			11811160064
		],
		[
			4025483264,
			11811160064
		],
		[
			4025483264,
			11811160064
		],
		[
			4025483264,
			11811160064
		],
		[
			4025483264,
			11811160064
		],
		[
			4025483264,
			11811160064
		],
		[
			4025483264,
			11811160064
		],
		[
			4025483264,
			11811160064
		],
		[
			4025483264,
			11811160064
		],
		[
			4025483264,
			11811160064
		],
		[
			4025483264,
			11811160064
		],
		[
			4025483264,
			11811160064
		],
		[
			4025483264,
			11811160064
		],
		[
			4025483264,
			11811160064
		],
		[
			4025483264,
			11811160064
		],
		[
			4025483264,
			11811160064
		],
		[
			4025483264,
			11811160064
		],
		[
			4025483264,
			11811160064
		],
		[
			4025483264,
			11811160064
		],
		[
			4025483264,
			11811160064
		],
		[
			4025483264,
			11811160064
		],
		[
			4025483264,
			11811160064
		],
		[
			4025483264,
			11811160064
		],
		[
			4025483264,
			11811160064
		],
		[
			4025483264,
			11811160064
		],
		[
			4025483264,
			11811160064
		],
		[
			4025483264,
			11811160064
		],
		[
			4025483264,
			11811160064
		],
		[
			4025483264,
			11811160064
		],
		[
			4025483264,
			11811160064
		],
		[
			4025483264,
			11811160064
		],
		[
			4025483264,
			11811160064
		],
		[
			4025483264,
			11811160064
		],
		[
			4025483264,
			11811160064
		],
		[
			4025483264,
			11811160064
		]
	],
	"utilization": [
		5,
		5,
		7,
		7,
		20,
		20,
		31,
		31,
		31,
		31,
		34,
		34,
		32,
		32,
		33,
		33,
		31,
		31,
		32,
		32,
		34,
		34,
		31,
		31,
		30,
		30,
		35,
		35,
		32,
		32,
		31,
		31,
		32,
		32,
		32,
		32,
		34,
		34,
		32,
		32,
		30,
		30,
		35,
		35,
		32,
		32,
		31,
		31,
		33,
		33,
		34,
		34,
		33,
		33,
		31,
		31,
		30,
		30,
		34,
		34,
		34,
		34,
		30,
		30,
		32,
		32,
		34,
		34,
		31,
		31,
		32,
		32,
		31,
		31,
		34,
		34,
		34,
		34,
		30,
		30,
		33,
		33,
		34,
		34,
		31,
		31,
		33,
		33,
		32,
		32
	],
	"computation_proportion": 80,
	"extra_dict": {}
}