{
	"model_name": "SqueezeNet",
	"batch_size": 4,
	"duration_sec": 45,
	"mode": "train",
	"is_DDP": true,
	"process_group_backend": "gloo",
	"world_size": 4,
	"rank": 0,
	"local_rank": 0,
	"device_type": "gpu",
	"master_addr": "133.133.135.75",
	"master_port": 39920,
	"iteration_count": 150,
	"iteration_intervals": [
		1826123008,
		43585024,
		35609600,
		35788288,
		34640384,
		36564992,
		32965632,
		32802816,
		38908160,
		39524864,
		242044928,
		128527616,
		129760000,
		230418176,
		117879808,
		126704128,
		124870912,
		119339520,
		118711296,
		33949952,
		590286336,
		732672000,
		613387776,
		245169408,
		243784448,
		258486016,
		978410240,
		379076864,
		359121408,
		130115328,
		242176000,
		140967424,
		111754240,
		233143552,
		115927296,
		136899584,
		2331000832,
		367920896,
		244940544,
		140561664,
		234251776,
		130915840,
		120590592,
		235601664,
		976423168,
		627119616,
		353375744,
		242310400,
		138086912,
		231040256,
		126616576,
		127391488,
		132552960,
		1092458496,
		615523328,
		361234944,
		242636544,
		134209024,
		241953280,
		118643712,
		130337024,
		129754112,
		116314112,
		131535616,
		120126464,
		117855232,
		118534656,
		125732096,
		1343355136,
		498607360,
		369843712,
		371055104,
		1101193984,
		361638400,
		251925504,
		132160768,
		234845952,
		137590016,
		231621888,
		110144512,
		127742208,
		2203749632,
		495434496,
		255464448,
		486004736,
		985325312,
		367046400,
		246195200,
		242143232,
		127384832,
		128716800,
		236133376,
		118344960,
		127855872,
		119422208,
		129330176,
		119492864,
		120328704,
		34227200,
		101669376,
		118440704,
		110525952,
		39220480,
		98777344,
		119239424,
		39459328,
		1062145280,
		592445952,
		261607168,
		243925504,
		136608768,
		237829632,
		125639168,
		133652992,
		128693504,
		114864640,
		118678016,
		126788096,
		124732416,
		967878656,
		370811136,
		244369408,
		244509696,
		129536768,
		131032320,
		851217920,
		464697344,
		264726528,
		841071104,
		634228736,
		345960960,
		245304320,
		154893312,
		220080128,
		143237376,
		117204736,
		127573760,
		127462400,
		129322240,
		121627136,
		118267136,
		108808960,
		129079808,
		37594112,
		100201984,
		109739776,
		118339072,
		1589757184,
		250276864,
		246821632
	],
	"iteration_intervals_avg": 297633114.04137933,
	"iteration_intervals_avg_second": 0.2976331140413793,
	"total_time_ns": 45134156800,
	"total_time_second": 45,
	"mem_infos": [
		[
			5363466240,
			5905580032
		],
		[
			5136973824,
			5905580032
		],
		[
			4958715904,
			5905580032
		],
		[
			4702863360,
			5905580032
		],
		[
			4621074432,
			5905580032
		],
		[
			4621074432,
			5905580032
		],
		[
			4621074432,
			5905580032
		],
		[
			4621074432,
			5905580032
		],
		[
			4621074432,
			5905580032
		],
		[
			4621074432,
			5905580032
		],
		[
			4621074432,
			5905580032
		],
		[
			4621074432,
			5905580032
		],
		[
			4621074432,
			5905580032
		],
		[
			4621074432,
			5905580032
		],
		[
			4621074432,
			5905580032
		],
		[
			4621074432,
			5905580032
		],
		[
			4621074432,
			5905580032
		],
		[
			4621074432,
			5905580032
		],
		[
			4621074432,
			5905580032
		],
		[
			4621074432,
			5905580032
		],
		[
			4621074432,
			5905580032
		],
		[
			4621074432,
			5905580032
		],
		[
			4621074432,
			5905580032
		],
		[
			4621074432,
			5905580032
		],
		[
			4621074432,
			5905580032
		],
		[
			4621074432,
			5905580032
		],
		[
			4621074432,
			5905580032
		],
		[
			4621074432,
			5905580032
		],
		[
			4621074432,
			5905580032
		],
		[
			4621074432,
			5905580032
		],
		[
			4621074432,
			5905580032
		],
		[
			4621074432,
			5905580032
		],
		[
			4621074432,
			5905580032
		],
		[
			4621074432,
			5905580032
		],
		[
			4621074432,
			5905580032
		],
		[
			4621074432,
			5905580032
		],
		[
			4621074432,
			5905580032
		],
		[
			4621074432,
			5905580032
		],
		[
			4621074432,
			5905580032
		],
		[
			4621074432,
			5905580032
		],
		[
			4621074432,
			5905580032
		],
		[
			4621074432,
			5905580032
		],
		[
			4621074432,
			5905580032
		],
		[
			4621074432,
			5905580032
		],
		[
			4621074432,
			5905580032
		],
		[
			4621074432,
			5905580032
		],
		[
			4621074432,
			5905580032
		],
		[
			4621074432,
			5905580032
		],
		[
			4621074432,
			5905580032
		],
		[
			4621074432,
			5905580032
		],
		[
			4621074432,
			5905580032
		],
		[
			4621074432,
			5905580032
		],
		[
			4621074432,
			5905580032
		],
		[
			4621074432,
			5905580032
		],
		[
			4621074432,
			5905580032
		],
		[
			4621074432,
			5905580032
		],
		[
			4621074432,
			5905580032
		],
		[
			4621074432,
			5905580032
		],
		[
			4621074432,
			5905580032
		],
		[
			4621074432,
			5905580032
		],
		[
			4621074432,
			5905580032
		],
		[
			4621074432,
			5905580032
		],
		[
			4621074432,
			5905580032
		],
		[
			4621074432,
			5905580032
		],
		[
			4621074432,
			5905580032
		],
		[
			4621074432,
			5905580032
		],
		[
			4621074432,
			5905580032
		],
		[
			4621074432,
			5905580032
		],
		[
			4621074432,
			5905580032
		],
		[
			4621074432,
			5905580032
		],
		[
			4621074432,
			5905580032
		],
		[
			4621074432,
			5905580032
		],
		[
			4621074432,
			5905580032
		],
		[
			4621074432,
			5905580032
		],
		[
			4621074432,
			5905580032
		],
		[
			4621074432,
			5905580032
		],
		[
			4621074432,
			5905580032
		],
		[
			4621074432,
			5905580032
		],
		[
			4621074432,
			5905580032
		],
		[
			4621074432,
			5905580032
		],
		[
			4621074432,
			5905580032
		],
		[
			4621074432,
			5905580032
		],
		[
			4621074432,
			5905580032
		],
		[
			4621074432,
			5905580032
		],
		[
			4621074432,
			5905580032
		],
		[
			4621074432,
			5905580032
		],
		[
			4621074432,
			5905580032
		],
		[
			4621074432,
			5905580032
		],
		[
			4621074432,
			5905580032
		],
		[
			4621074432,
			5905580032
		]
	],
	"utilization": [
		5,
		5,
		11,
		11,
		10,
		10,
		41,
		41,
		21,
		21,
		3,
		3,
		10,
		10,
		6,
		6,
		5,
		5,
		16,
		16,
		9,
		9,
		0,
		0,
		6,
		6,
		16,
		16,
		3,
		3,
		6,
		6,
		20,
		20,
		3,
		3,
		5,
		5,
		19,
		19,
		22,
		22,
		0,
		0,
		10,
		10,
		6,
		6,
		8,
		8,
		23,
		23,
		3,
		3,
		0,
		0,
		9,
		9,
		4,
		4,
		7,
		7,
		19,
		19,
		31,
		31,
		9,
		9,
		6,
		6,
		19,
		19,
		17,
		17,
		8,
		8,
		15,
		15,
		6,
		6,
		6,
		6,
		6,
		6,
		15,
		15,
		28,
		28,
		6,
		6
	],
	"computation_proportion": 5,
	"extra_dict": {}
}