{
	"model_name": "YoloV5S",
	"batch_size": 32,
	"duration_sec": 45,
	"mode": "train",
	"is_DDP": true,
	"process_group_backend": "gloo",
	"world_size": 4,
	"rank": 3,
	"local_rank": 0,
	"device_type": "gpu",
	"master_addr": "133.133.135.75",
	"master_port": 39920,
	"iteration_count": 123,
	"iteration_intervals": [
		1729408768,
		139331584,
		147834368,
		151913728,
		145645824,
		128975104,
		143525632,
		138691584,
		133791488,
		140421120,
		135370496,
		1873281024,
		597474560,
		274352896,
		236939008,
		219731200,
		182333952,
		249918976,
		212263936,
		152407808,
		145943552,
		181598208,
		626833920,
		358010112,
		246675456,
		870011904,
		271490560,
		250902528,
		233019904,
		242963456,
		242674176,
		248454656,
		457389056,
		1968290304,
		351749120,
		250810880,
		157669632,
		253117184,
		243190528,
		338007808,
		161516800,
		237567488,
		137935616,
		146092800,
		146376960,
		138335744,
		129950720,
		142947584,
		1183555840,
		361726720,
		381036800,
		405968640,
		250595840,
		236593408,
		241269248,
		331138560,
		254972928,
		244719104,
		1706110720,
		755063808,
		495681280,
		279785984,
		215306752,
		161592832,
		182688256,
		154816512,
		202203648,
		1001785344,
		485138176,
		269915136,
		229979136,
		243239680,
		241423872,
		244143872,
		1313302528,
		762247168,
		351024128,
		240911360,
		191697664,
		148328704,
		189627392,
		130478336,
		151052288,
		142083584,
		138806784,
		145327360,
		132629504,
		138093312,
		151685632,
		148206592,
		1159376640,
		275825920,
		244501248,
		235560704,
		256496128,
		239212032,
		259174656,
		407042560,
		1874440192,
		390402560,
		245162752,
		222219776,
		152335872,
		180146432,
		144120320,
		130394624,
		148812288,
		126932992,
		147750656,
		1042855680,
		369516032,
		749454080,
		397057280,
		261754112,
		223189760,
		201763072,
		142657280,
		134920192,
		145680640,
		1419813120,
		884862976,
		490080512,
		380638208
	],
	"iteration_intervals_avg": 363721281.08474576,
	"iteration_intervals_avg_second": 0.3637212810847458,
	"total_time_ns": 45234260224,
	"total_time_second": 45,
	"mem_infos": [
		[
			5323620352,
			5905580032
		],
		[
			5038407680,
			5905580032
		],
		[
			4843372544,
			5905580032
		],
		[
			3119513600,
			5905580032
		],
		[
			2695888896,
			5905580032
		],
		[
			2695888896,
			5905580032
		],
		[
			2695888896,
			5905580032
		],
		[
			2695888896,
			5905580032
		],
		[
			2695888896,
			5905580032
		],
		[
			2695888896,
			5905580032
		],
		[
			2695888896,
			5905580032
		],
		[
			2695888896,
			5905580032
		],
		[
			2695888896,
			5905580032
		],
		[
			2695888896,
			5905580032
		],
		[
			2695888896,
			5905580032
		],
		[
			2695888896,
			5905580032
		],
		[
			2695888896,
			5905580032
		],
		[
			2695888896,
			5905580032
		],
		[
			2695888896,
			5905580032
		],
		[
			2695888896,
			5905580032
		],
		[
			2695888896,
			5905580032
		],
		[
			2695888896,
			5905580032
		],
		[
			2695888896,
			5905580032
		],
		[
			2695888896,
			5905580032
		],
		[
			2695888896,
			5905580032
		],
		[
			2695888896,
			5905580032
		],
		[
			2695888896,
			5905580032
		],
		[
			2695888896,
			5905580032
		],
		[
			2695888896,
			5905580032
		],
		[
			2695888896,
			5905580032
		],
		[
			2695888896,
			5905580032
		],
		[
			2695888896,
			5905580032
		],
		[
			2695888896,
			5905580032
		],
		[
			2695888896,
			5905580032
		],
		[
			2695888896,
			5905580032
		],
		[
			2695888896,
			5905580032
		],
		[
			2695888896,
			5905580032
		],
		[
			2695888896,
			5905580032
		],
		[
			2695888896,
			5905580032
		],
		[
			2695888896,
			5905580032
		],
		[
			2695888896,
			5905580032
		],
		[
			2695888896,
			5905580032
		],
		[
			2695888896,
			5905580032
		],
		[
			2695888896,
			5905580032
		],
		[
			2695888896,
			5905580032
		],
		[
			2695888896,
			5905580032
		],
		[
			2695888896,
			5905580032
		],
		[
			2695888896,
			5905580032
		],
		[
			2695888896,
			5905580032
		],
		[
			2695888896,
			5905580032
		],
		[
			2695888896,
			5905580032
		],
		[
			2695888896,
			5905580032
		],
		[
			2695888896,
			5905580032
		],
		[
			2695888896,
			5905580032
		],
		[
			2695888896,
			5905580032
		],
		[
			2695888896,
			5905580032
		],
		[
			2695888896,
			5905580032
		],
		[
			2695888896,
			5905580032
		],
		[
			2695888896,
			5905580032
		],
		[
			2695888896,
			5905580032
		],
		[
			2695888896,
			5905580032
		],
		[
			2695888896,
			5905580032
		],
		[
			2695888896,
			5905580032
		],
		[
			2695888896,
			5905580032
		],
		[
			2695888896,
			5905580032
		],
		[
			2695888896,
			5905580032
		],
		[
			2695888896,
			5905580032
		],
		[
			2695888896,
			5905580032
		],
		[
			2695888896,
			5905580032
		],
		[
			2695888896,
			5905580032
		],
		[
			2695888896,
			5905580032
		],
		[
			2695888896,
			5905580032
		],
		[
			2695888896,
			5905580032
		],
		[
			2695888896,
			5905580032
		],
		[
			2695888896,
			5905580032
		],
		[
			2695888896,
			5905580032
		],
		[
			2695888896,
			5905580032
		],
		[
			2695888896,
			5905580032
		],
		[
			2695888896,
			5905580032
		],
		[
			2695888896,
			5905580032
		],
		[
			2695888896,
			5905580032
		],
		[
			2695888896,
			5905580032
		],
		[
			2695888896,
			5905580032
		],
		[
			2695888896,
			5905580032
		],
		[
			2695888896,
			5905580032
		],
		[
			2695888896,
			5905580032
		],
		[
			2695888896,
			5905580032
		],
		[
			2695888896,
			5905580032
		],
		[
			2695888896,
			5905580032
		],
		[
			2695888896,
			5905580032
		]
	],
	"utilization": [
		15,
		15,
		16,
		16,
		38,
		38,
		90,
		90,
		36,
		36,
		8,
		8,
		24,
		24,
		62,
		62,
		52,
		52,
		38,
		38,
		29,
		29,
		52,
		52,
		22,
		22,
		1,
		1,
		32,
		32,
		51,
		51,
		73,
		73,
		38,
		38,
		28,
		28,
		39,
		39,
		49,
		49,
		16,
		16,
		10,
		10,
		20,
		20,
		62,
		62,
		30,
		30,
		27,
		27,
		60,
		60,
		9,
		9,
		12,
		12,
		59,
		59,
		87,
		87,
		43,
		43,
		28,
		28,
		53,
		53,
		22,
		22,
		1,
		1,
		37,
		37,
		83,
		83,
		28,
		28,
		26,
		26,
		28,
		28,
		76,
		76,
		1,
		1,
		15,
		15
	],
	"computation_proportion": 25,
	"extra_dict": {}
}