{
	"model_name": "MobileNetV2",
	"batch_size": 32,
	"duration_sec": 45,
	"mode": "train",
	"is_DDP": true,
	"process_group_backend": "gloo",
	"world_size": 4,
	"rank": 1,
	"local_rank": 0,
	"device_type": "gpu",
	"master_addr": "133.133.135.75",
	"master_port": 39920,
	"iteration_count": 52,
	"iteration_intervals": [
		1720200704,
		164127488,
		146137600,
		1796988416,
		616417280,
		732754688,
		1228289024,
		1717589248,
		846536192,
		617065216,
		736395520,
		488581376,
		367554560,
		262997760,
		255218944,
		242346240,
		226553600,
		245692672,
		150705408,
		1438357760,
		606337792,
		492495104,
		2344964352,
		728016896,
		493636608,
		1708868352,
		981036800,
		977654016,
		2474903552,
		860503552,
		840070144,
		385017856,
		593926656,
		2582964736,
		477934336,
		370600704,
		251717888,
		1956192512,
		492743424,
		483992832,
		2445038336,
		610736384,
		496201984,
		739325952,
		1718815488,
		488353536,
		360116992,
		371028480,
		2459715840,
		510037504,
		479559424,
		1703370496
	],
	"iteration_intervals_avg": 894521632.6808511,
	"iteration_intervals_avg_second": 0.894521632680851,
	"total_time_ns": 46487308032,
	"total_time_second": 46,
	"mem_infos": [
		[
			5344591872,
			5905580032
		],
		[
			5076156416,
			5905580032
		],
		[
			4872732672,
			5905580032
		],
		[
			2173698048,
			5905580032
		],
		[
			1911554048,
			5905580032
		],
		[
			1911554048,
			5905580032
		],
		[
			1911554048,
			5905580032
		],
		[
			1911554048,
			5905580032
		],
		[
			1911554048,
			5905580032
		],
		[
			1911554048,
			5905580032
		],
		[
			1911554048,
			5905580032
		],
		[
			1911554048,
			5905580032
		],
		[
			1911554048,
			5905580032
		],
		[
			1911554048,
			5905580032
		],
		[
			1911554048,
			5905580032
		],
		[
			1911554048,
			5905580032
		],
		[
			1911554048,
			5905580032
		],
		[
			1911554048,
			5905580032
		],
		[
			1911554048,
			5905580032
		],
		[
			1911554048,
			5905580032
		],
		[
			1911554048,
			5905580032
		],
		[
			1911554048,
			5905580032
		],
		[
			1911554048,
			5905580032
		],
		[
			1911554048,
			5905580032
		],
		[
			1911554048,
			5905580032
		],
		[
			1911554048,
			5905580032
		],
		[
			1911554048,
			5905580032
		],
		[
			1911554048,
			5905580032
		],
		[
			1911554048,
			5905580032
		],
		[
			1911554048,
			5905580032
		],
		[
			1911554048,
			5905580032
		],
		[
			1911554048,
			5905580032
		],
		[
			1911554048,
			5905580032
		],
		[
			1911554048,
			5905580032
		],
		[
			1911554048,
			5905580032
		],
		[
			1911554048,
			5905580032
		],
		[
			1911554048,
			5905580032
		],
		[
			1911554048,
			5905580032
		],
		[
			1911554048,
			5905580032
		],
		[
			1911554048,
			5905580032
		],
		[
			1911554048,
			5905580032
		],
		[
			1911554048,
			5905580032
		],
		[
			1911554048,
			5905580032
		],
		[
			1911554048,
			5905580032
		],
		[
			1911554048,
			5905580032
		],
		[
			1911554048,
			5905580032
		],
		[
			1911554048,
			5905580032
		],
		[
			1911554048,
			5905580032
		],
		[
			1911554048,
			5905580032
		],
		[
			1911554048,
			5905580032
		],
		[
			1911554048,
			5905580032
		],
		[
			1911554048,
			5905580032
		],
		[
			1911554048,
			5905580032
		],
		[
			1911554048,
			5905580032
		],
		[
			1911554048,
			5905580032
		],
		[
			1911554048,
			5905580032
		],
		[
			1911554048,
			5905580032
		],
		[
			1911554048,
			5905580032
		],
		[
			1911554048,
			5905580032
		],
		[
			1911554048,
			5905580032
		],
		[
			1911554048,
			5905580032
		],
		[
			1911554048,
			5905580032
		],
		[
			1911554048,
			5905580032
		],
		[
			1911554048,
			5905580032
		],
		[
			1911554048,
			5905580032
		],
		[
			1911554048,
			5905580032
		],
		[
			1911554048,
			5905580032
		],
		[
			1911554048,
			5905580032
		],
		[
			1911554048,
			5905580032
		],
		[
			1911554048,
			5905580032
		],
		[
			1911554048,
			5905580032
		],
		[
			1911554048,
			5905580032
		],
		[
			1911554048,
			5905580032
		],
		[
			1911554048,
			5905580032
		],
		[
			1911554048,
			5905580032
		],
		[
			1911554048,
			5905580032
		],
		[
			1911554048,
			5905580032
		],
		[
			1911554048,
			5905580032
		],
		[
			1911554048,
			5905580032
		],
		[
			1911554048,
			5905580032
		],
		[
			1911554048,
			5905580032
		],
		[
			1911554048,
			5905580032
		],
		[
			1911554048,
			5905580032
		],
		[
			1911554048,
			5905580032
		],
		[
			1911554048,
			5905580032
		],
		[
			1911554048,
			5905580032
		],
		[
			1911554048,
			5905580032
		],
		[
			1911554048,
			5905580032
		],
		[
			1911554048,
			5905580032
		],
		[
			1911554048,
			5905580032
		]
	],
	"utilization": [
		1,
		11,
		11,
		11,
		11,
		50,
		50,
		7,
		7,
		13,
		13,
		13,
		13,
		13,
		13,
		13,
		13,
		0,
		0,
		27,
		27,
		13,
		13,
		25,
		25,
		52,
		52,
		38,
		38,
		12,
		12,
		21,
		21,
		6,
		6,
		0,
		0,
		16,
		16,
		25,
		25,
		0,
		0,
		12,
		12,
		13,
		13,
		13,
		13,
		0,
		0,
		14,
		14,
		13,
		13,
		25,
		25,
		13,
		13,
		0,
		0,
		15,
		15,
		33,
		33,
		5,
		5,
		14,
		14,
		26,
		26,
		0,
		0,
		0,
		0,
		27,
		27,
		13,
		13,
		12,
		12,
		14,
		14,
		26,
		26,
		13,
		13,
		0,
		0,
		17
	],
	"computation_proportion": 10,
	"extra_dict": {}
}