{
	"model_name": "ResNet18",
	"batch_size": 64,
	"duration_sec": 45,
	"mode": "train",
	"is_DDP": true,
	"process_group_backend": "gloo",
	"world_size": 2,
	"rank": 1,
	"local_rank": 0,
	"device_type": "gpu",
	"master_addr": "133.133.135.74",
	"master_port": 39920,
	"iteration_count": 97,
	"iteration_intervals": [
		1810564352,
		453885440,
		450227200,
		455586816,
		454363904,
		451619584,
		453274880,
		447351552,
		453459200,
		470066688,
		449589248,
		453557248,
		451255808,
		453177856,
		449696512,
		448455680,
		453791744,
		450710272,
		455119872,
		451030784,
		447615232,
		453547776,
		449220864,
		443170304,
		456658688,
		449280512,
		444175360,
		458391552,
		450796800,
		449233152,
		461056512,
		457952512,
		449929984,
		449222144,
		440708096,
		455701248,
		449195264,
		448042496,
		449236736,
		449479168,
		454435072,
		450377216,
		441755136,
		455605760,
		450456064,
		453626624,
		450941184,
		449238784,
		450586624,
		455353600,
		452923904,
		449217280,
		454553344,
		447196672,
		454820864,
		449922304,
		447224320,
		449345280,
		455334912,
		450331392,
		449256192,
		450159872,
		449926656,
		447115264,
		449818368,
		452227328,
		448621056,
		453754880,
		455925760,
		452676096,
		450144768,
		452160512,
		453345536,
		453290496,
		451038976,
		451819776,
		449696512,
		471731968,
		450508032,
		449249536,
		453464064,
		449256192,
		452981504,
		447549696,
		448274688,
		449489664,
		446632704,
		448127488,
		456689408,
		449594624,
		450703616,
		454096128,
		453465088,
		445144832,
		443703552,
		454448640,
		451333632
	],
	"iteration_intervals_avg": 451363486.6086956,
	"iteration_intervals_avg_second": 0.45136348660869563,
	"total_time_ns": 45150993408,
	"total_time_second": 45,
	"mem_infos": [
		[
			11130634240,
			11811160064
		],
		[
			10585374720,
			11811160064
		],
		[
			10365173760,
			11811160064
		],
		[
			7791968256,
			11811160064
		],
		[
			7783579648,
			11811160064
		],
		[
			7783579648,
			11811160064
		],
		[
			7783579648,
			11811160064
		],
		[
			7783579648,
			11811160064
		],
		[
			7783579648,
			11811160064
		],
		[
			7783579648,
			11811160064
		],
		[
			7783579648,
			11811160064
		],
		[
			7783579648,
			11811160064
		],
		[
			7783579648,
			11811160064
		],
		[
			7783579648,
			11811160064
		],
		[
			7783579648,
			11811160064
		],
		[
			7783579648,
			11811160064
		],
		[
			7783579648,
			11811160064
		],
		[
			7783579648,
			11811160064
		],
		[
			7783579648,
			11811160064
		],
		[
			7783579648,
			11811160064
		],
		[
			7783579648,
			11811160064
		],
		[
			7783579648,
			11811160064
		],
		[
			7783579648,
			11811160064
		],
		[
			7783579648,
			11811160064
		],
		[
			7783579648,
			11811160064
		],
		[
			7783579648,
			11811160064
		],
		[
			7783579648,
			11811160064
		],
		[
			7783579648,
			11811160064
		],
		[
			7783579648,
			11811160064
		],
		[
			7783579648,
			11811160064
		],
		[
			7783579648,
			11811160064
		],
		[
			7783579648,
			11811160064
		],
		[
			7783579648,
			11811160064
		],
		[
			7783579648,
			11811160064
		],
		[
			7783579648,
			11811160064
		],
		[
			7783579648,
			11811160064
		],
		[
			7783579648,
			11811160064
		],
		[
			7783579648,
			11811160064
		],
		[
			7783579648,
			11811160064
		],
		[
			7783579648,
			11811160064
		],
		[
			7783579648,
			11811160064
		],
		[
			7783579648,
			11811160064
		],
		[
			7783579648,
			11811160064
		],
		[
			7783579648,
			11811160064
		],
		[
			7783579648,
			11811160064
		],
		[
			7783579648,
			11811160064
		],
		[
			7783579648,
			11811160064
		],
		[
			7783579648,
			11811160064
		],
		[
			7783579648,
			11811160064
		],
		[
			7783579648,
			11811160064
		],
		[
			7783579648,
			11811160064
		],
		[
			7783579648,
			11811160064
		],
		[
			7783579648,
			11811160064
		],
		[
			7783579648,
			11811160064
		],
		[
			7783579648,
			11811160064
		],
		[
			7783579648,
			11811160064
		],
		[
			7783579648,
			11811160064
		],
		[
			7783579648,
			11811160064
		],
		[
			7783579648,
			11811160064
		],
		[
			7783579648,
			11811160064
		],
		[
			7783579648,
			11811160064
		],
		[
			7783579648,
			11811160064
		],
		[
			7783579648,
			11811160064
		],
		[
			7783579648,
			11811160064
		],
		[
			7783579648,
			11811160064
		],
		[
			7783579648,
			11811160064
		],
		[
			7783579648,
			11811160064
		],
		[
			7783579648,
			11811160064
		],
		[
			7783579648,
			11811160064
		],
		[
			7783579648,
			11811160064
		],
		[
			7783579648,
			11811160064
		],
		[
			7783579648,
			11811160064
		],
		[
			7783579648,
			11811160064
		],
		[
			7783579648,
			11811160064
		],
		[
			7783579648,
			11811160064
		],
		[
			7783579648,
			11811160064
		],
		[
			7783579648,
			11811160064
		],
		[
			7783579648,
			11811160064
		],
		[
			7783579648,
			11811160064
		],
		[
			7783579648,
			11811160064
		],
		[
			7783579648,
			11811160064
		],
		[
			7783579648,
			11811160064
		],
		[
			7783579648,
			11811160064
		],
		[
			7783579648,
			11811160064
		],
		[
			7783579648,
			11811160064
		],
		[
			7783579648,
			11811160064
		],
		[
			7783579648,
			11811160064
		],
		[
			7783579648,
			11811160064
		],
		[
			7783579648,
			11811160064
		],
		[
			7783579648,
			11811160064
		]
	],
	"utilization": [
		4,
		3,
		3,
		13,
		13,
		21,
		21,
		19,
		19,
		19,
		18,
		18,
		26,
		26,
		18,
		18,
		18,
		18,
		18,
		18,
		23,
		23,
		21,
		21,
		18,
		18,
		18,
		18,
		21,
		21,
		24,
		24,
		18,
		18,
		18,
		18,
		18,
		18,
		27,
		27,
		18,
		18,
		18,
		18,
		18,
		18,
		25,
		25,
		20,
		20,
		18,
		18,
		18,
		18,
		21,
		21,
		23,
		23,
		18,
		18,
		18,
		18,
		20,
		20,
		25,
		25,
		18,
		18,
		18,
		18,
		18,
		18,
		26,
		26,
		19,
		19,
		18,
		18,
		18,
		18,
		21,
		21,
		24,
		24,
		18,
		18,
		18,
		18,
		19,
		19
	],
	"computation_proportion": 35,
	"extra_dict": {}
}