{
	"model_name": "MobileNetV2",
	"batch_size": 8,
	"duration_sec": 45,
	"mode": "train",
	"is_DDP": true,
	"process_group_backend": "gloo",
	"world_size": 2,
	"rank": 0,
	"local_rank": 0,
	"device_type": "gpu",
	"master_addr": "133.133.135.75",
	"master_port": 39920,
	"iteration_count": 101,
	"iteration_intervals": [
		1388801536,
		70445312,
		61266944,
		64218112,
		59808768,
		73954048,
		1558210304,
		593955072,
		379005440,
		261217792,
		241267712,
		245333248,
		347874304,
		371342848,
		1340282112,
		736787456,
		375529216,
		352641024,
		243872000,
		243460864,
		260663296,
		351792384,
		612354304,
		1457521152,
		497340160,
		260370432,
		238458368,
		242846208,
		351230208,
		264486656,
		477417216,
		1584550656,
		488090880,
		270831104,
		341363968,
		247832320,
		246126848,
		355342848,
		380532736,
		1339212800,
		610799360,
		366725120,
		252540160,
		250734080,
		243492096,
		244451584,
		349654528,
		368517888,
		608521472,
		1103575808,
		369466880,
		258121216,
		349153024,
		148370944,
		236140544,
		245603584,
		238055168,
		361973760,
		499204864,
		960369920,
		491264000,
		367658752,
		252242432,
		243664128,
		233258240,
		245663232,
		240302848,
		253150208,
		484181760,
		980443392,
		733725184,
		368676608,
		262620672,
		227640320,
		246442240,
		247267328,
		247128064,
		366566656,
		715722240,
		1225571328,
		502047488,
		248330240,
		257669888,
		242138368,
		344860672,
		370029824,
		484501760,
		1471419904,
		484276480,
		366117120,
		252544512,
		240772864,
		234959104,
		372043008,
		370197504,
		1344021760,
		617510400,
		359992320,
		257485568,
		248488192,
		236867072
	],
	"iteration_intervals_avg": 452479517.3333333,
	"iteration_intervals_avg_second": 0.4524795173333333,
	"total_time_ns": 45083442944,
	"total_time_second": 45,
	"mem_infos": [
		[
			11250171904,
			11811160064
		],
		[
			11015290880,
			11811160064
		],
		[
			10797187072,
			11811160064
		],
		[
			9952034816,
			11811160064
		],
		[
			9952034816,
			11811160064
		],
		[
			9952034816,
			11811160064
		],
		[
			9952034816,
			11811160064
		],
		[
			9952034816,
			11811160064
		],
		[
			9952034816,
			11811160064
		],
		[
			9952034816,
			11811160064
		],
		[
			9952034816,
			11811160064
		],
		[
			9952034816,
			11811160064
		],
		[
			9952034816,
			11811160064
		],
		[
			9952034816,
			11811160064
		],
		[
			9952034816,
			11811160064
		],
		[
			9952034816,
			11811160064
		],
		[
			9952034816,
			11811160064
		],
		[
			9952034816,
			11811160064
		],
		[
			9952034816,
			11811160064
		],
		[
			9952034816,
			11811160064
		],
		[
			9952034816,
			11811160064
		],
		[
			9952034816,
			11811160064
		],
		[
			9952034816,
			11811160064
		],
		[
			9952034816,
			11811160064
		],
		[
			9952034816,
			11811160064
		],
		[
			9952034816,
			11811160064
		],
		[
			9952034816,
			11811160064
		],
		[
			9952034816,
			11811160064
		],
		[
			9952034816,
			11811160064
		],
		[
			9952034816,
			11811160064
		],
		[
			9952034816,
			11811160064
		],
		[
			9952034816,
			11811160064
		],
		[
			9952034816,
			11811160064
		],
		[
			9952034816,
			11811160064
		],
		[
			9952034816,
			11811160064
		],
		[
			9952034816,
			11811160064
		],
		[
			9952034816,
			11811160064
		],
		[
			9952034816,
			11811160064
		],
		[
			9952034816,
			11811160064
		],
		[
			9952034816,
			11811160064
		],
		[
			9952034816,
			11811160064
		],
		[
			9952034816,
			11811160064
		],
		[
			9952034816,
			11811160064
		],
		[
			9952034816,
			11811160064
		],
		[
			9952034816,
			11811160064
		],
		[
			9952034816,
			11811160064
		],
		[
			9952034816,
			11811160064
		],
		[
			9952034816,
			11811160064
		],
		[
			9952034816,
			11811160064
		],
		[
			9952034816,
			11811160064
		],
		[
			9952034816,
			11811160064
		],
		[
			9952034816,
			11811160064
		],
		[
			9952034816,
			11811160064
		],
		[
			9952034816,
			11811160064
		],
		[
			9952034816,
			11811160064
		],
		[
			9952034816,
			11811160064
		],
		[
			9952034816,
			11811160064
		],
		[
			9952034816,
			11811160064
		],
		[
			9952034816,
			11811160064
		],
		[
			9952034816,
			11811160064
		],
		[
			9952034816,
			11811160064
		],
		[
			9952034816,
			11811160064
		],
		[
			9952034816,
			11811160064
		],
		[
			9952034816,
			11811160064
		],
		[
			9952034816,
			11811160064
		],
		[
			9952034816,
			11811160064
		],
		[
			9952034816,
			11811160064
		],
		[
			9952034816,
			11811160064
		],
		[
			9952034816,
			11811160064
		],
		[
			9952034816,
			11811160064
		],
		[
			9952034816,
			11811160064
		],
		[
			9952034816,
			11811160064
		],
		[
			9952034816,
			11811160064
		],
		[
			9952034816,
			11811160064
		],
		[
			9952034816,
			11811160064
		],
		[
			9952034816,
			11811160064
		],
		[
			9952034816,
			11811160064
		],
		[
			9952034816,
			11811160064
		],
		[
			9952034816,
			11811160064
		],
		[
			9952034816,
			11811160064
		],
		[
			9952034816,
			11811160064
		],
		[
			9952034816,
			11811160064
		],
		[
			9952034816,
			11811160064
		],
		[
			9952034816,
			11811160064
		],
		[
			9952034816,
			11811160064
		],
		[
			9952034816,
			11811160064
		],
		[
			9952034816,
			11811160064
		],
		[
			9952034816,
			11811160064
		],
		[
			9952034816,
			11811160064
		],
		[
			9952034816,
			11811160064
		]
	],
	"utilization": [
		13,
		13,
		5,
		5,
		15,
		15,
		4,
		4,
		2,
		2,
		7,
		7,
		7,
		7,
		2,
		2,
		2,
		2,
		7,
		7,
		8,
		8,
		4,
		4,
		0,
		0,
		7,
		7,
		9,
		9,
		2,
		2,
		2,
		2,
		5,
		5,
		9,
		9,
		2,
		2,
		2,
		2,
		7,
		7,
		10,
		10,
		3,
		3,
		4,
		4,
		7,
		7,
		10,
		10,
		5,
		5,
		2,
		2,
		9,
		9,
		8,
		8,
		4,
		4,
		2,
		2,
		9,
		9,
		8,
		8,
		3,
		3,
		2,
		2,
		7,
		7,
		9,
		9,
		3,
		3,
		1,
		1,
		7,
		7,
		9,
		9,
		2,
		2,
		2,
		2
	],
	"computation_proportion": 5,
	"extra_dict": {}
}