{
	"model_name": "ShuffleNet",
	"batch_size": 128,
	"duration_sec": 45,
	"mode": "train",
	"is_DDP": true,
	"process_group_backend": "gloo",
	"world_size": 4,
	"rank": 2,
	"local_rank": 0,
	"device_type": "gpu",
	"master_addr": "133.133.135.75",
	"master_port": 39920,
	"iteration_count": 132,
	"iteration_intervals": [
		1611644416,
		232976128,
		232291328,
		233225472,
		238242816,
		239848960,
		256340224,
		236646400,
		240781056,
		245771264,
		239163136,
		255852288,
		454421760,
		403484160,
		573098240,
		620347392,
		615071232,
		485118208,
		494285056,
		474531328,
		372396800,
		369672448,
		375467520,
		366679552,
		362553088,
		474890496,
		366231040,
		253492736,
		253745920,
		238707712,
		235844864,
		248029440,
		218706688,
		241319424,
		235702784,
		231438336,
		232688384,
		238227456,
		244477184,
		242207232,
		241226240,
		243804160,
		351778816,
		364236288,
		619126528,
		265580544,
		264080640,
		234432000,
		243206144,
		243066368,
		250525952,
		239513344,
		233219584,
		236710656,
		233087488,
		232524544,
		233644800,
		230730496,
		276462336,
		386126592,
		607516928,
		1103502080,
		615968000,
		262341376,
		349745152,
		225856768,
		234021888,
		229673984,
		230504960,
		234326784,
		235015680,
		233944576,
		231252224,
		238541824,
		242525440,
		259549440,
		467671552,
		611849472,
		870677760,
		614942976,
		600987392,
		364392192,
		390242816,
		470230784,
		376665856,
		254132224,
		364781312,
		365865728,
		363742720,
		480006144,
		380019712,
		487051264,
		487169024,
		380519680,
		364718592,
		356170240,
		235968512,
		232818176,
		234095616,
		231759104,
		225982720,
		242798080,
		230389248,
		232604416,
		237085952,
		238610176,
		243452928,
		283011840,
		252596480,
		234369792,
		232538880,
		230727168,
		342454784,
		380147200,
		485976320,
		602267392,
		619528704,
		616256000,
		484949760,
		385866240,
		352606720,
		241188608,
		232944128,
		233936640,
		231161600,
		231632384,
		235749376,
		231934208,
		239992832,
		245650176,
		249948416,
		265273088
	],
	"iteration_intervals_avg": 335234027.8425197,
	"iteration_intervals_avg_second": 0.3352340278425197,
	"total_time_ns": 45124223488,
	"total_time_second": 45,
	"mem_infos": [
		[
			5363466240,
			5905580032
		],
		[
			4923064320,
			5905580032
		],
		[
			4709154816,
			5905580032
		],
		[
			1351614464,
			5905580032
		],
		[
			1343225856,
			5905580032
		],
		[
			1343225856,
			5905580032
		],
		[
			1343225856,
			5905580032
		],
		[
			1343225856,
			5905580032
		],
		[
			1343225856,
			5905580032
		],
		[
			1343225856,
			5905580032
		],
		[
			1343225856,
			5905580032
		],
		[
			1343225856,
			5905580032
		],
		[
			1343225856,
			5905580032
		],
		[
			1343225856,
			5905580032
		],
		[
			1343225856,
			5905580032
		],
		[
			1343225856,
			5905580032
		],
		[
			1343225856,
			5905580032
		],
		[
			1343225856,
			5905580032
		],
		[
			1343225856,
			5905580032
		],
		[
			1343225856,
			5905580032
		],
		[
			1343225856,
			5905580032
		],
		[
			1343225856,
			5905580032
		],
		[
			1343225856,
			5905580032
		],
		[
			1343225856,
			5905580032
		],
		[
			1343225856,
			5905580032
		],
		[
			1343225856,
			5905580032
		],
		[
			1343225856,
			5905580032
		],
		[
			1343225856,
			5905580032
		],
		[
			1343225856,
			5905580032
		],
		[
			1343225856,
			5905580032
		],
		[
			1343225856,
			5905580032
		],
		[
			1343225856,
			5905580032
		],
		[
			1343225856,
			5905580032
		],
		[
			1343225856,
			5905580032
		],
		[
			1343225856,
			5905580032
		],
		[
			1343225856,
			5905580032
		],
		[
			1343225856,
			5905580032
		],
		[
			1343225856,
			5905580032
		],
		[
			1343225856,
			5905580032
		],
		[
			1343225856,
			5905580032
		],
		[
			1343225856,
			5905580032
		],
		[
			1343225856,
			5905580032
		],
		[
			1343225856,
			5905580032
		],
		[
			1343225856,
			5905580032
		],
		[
			1343225856,
			5905580032
		],
		[
			1343225856,
			5905580032
		],
		[
			1343225856,
			5905580032
		],
		[
			1343225856,
			5905580032
		],
		[
			1343225856,
			5905580032
		],
		[
			1343225856,
			5905580032
		],
		[
			1343225856,
			5905580032
		],
		[
			1343225856,
			5905580032
		],
		[
			1343225856,
			5905580032
		],
		[
			1343225856,
			5905580032
		],
		[
			1343225856,
			5905580032
		],
		[
			1343225856,
			5905580032
		],
		[
			1343225856,
			5905580032
		],
		[
			1343225856,
			5905580032
		],
		[
			1343225856,
			5905580032
		],
		[
			1343225856,
			5905580032
		],
		[
			1343225856,
			5905580032
		],
		[
			1343225856,
			5905580032
		],
		[
			1343225856,
			5905580032
		],
		[
			1343225856,
			5905580032
		],
		[
			1343225856,
			5905580032
		],
		[
			1343225856,
			5905580032
		],
		[
			1343225856,
			5905580032
		],
		[
			1343225856,
			5905580032
		],
		[
			1343225856,
			5905580032
		],
		[
			1343225856,
			5905580032
		],
		[
			1343225856,
			5905580032
		],
		[
			1343225856,
			5905580032
		],
		[
			1343225856,
			5905580032
		],
		[
			1343225856,
			5905580032
		],
		[
			1343225856,
			5905580032
		],
		[
			1343225856,
			5905580032
		],
		[
			1343225856,
			5905580032
		],
		[
			1343225856,
			5905580032
		],
		[
			1343225856,
			5905580032
		],
		[
			1343225856,
			5905580032
		],
		[
			1343225856,
			5905580032
		],
		[
			1343225856,
			5905580032
		],
		[
			1343225856,
			5905580032
		],
		[
			1343225856,
			5905580032
		],
		[
			1343225856,
			5905580032
		],
		[
			1343225856,
			5905580032
		],
		[
			1343225856,
			5905580032
		],
		[
			1343225856,
			5905580032
		],
		[
			1343225856,
			5905580032
		],
		[
			1343225856,
			5905580032
		]
	],
	"utilization": [
		11,
		11,
		10,
		10,
		33,
		33,
		68,
		68,
		62,
		62,
		49,
		49,
		34,
		34,
		23,
		23,
		31,
		31,
		35,
		35,
		42,
		42,
		42,
		42,
		53,
		53,
		66,
		66,
		70,
		70,
		65,
		65,
		32,
		32,
		57,
		57,
		68,
		68,
		66,
		66,
		54,
		54,
		23,
		23,
		16,
		16,
		47,
		47,
		65,
		65,
		70,
		70,
		52,
		52,
		18,
		18,
		23,
		23,
		35,
		35,
		39,
		39,
		48,
		48,
		39,
		39,
		42,
		42,
		32,
		32,
		63,
		63,
		63,
		63,
		69,
		69,
		60,
		60,
		54,
		54,
		24,
		24,
		26,
		26,
		33,
		33,
		62,
		62,
		63,
		63
	],
	"computation_proportion": 35,
	"extra_dict": {}
}