{
	"model_name": "ShuffleNet",
	"batch_size": 128,
	"duration_sec": 45,
	"mode": "train",
	"is_DDP": true,
	"process_group_backend": "gloo",
	"world_size": 4,
	"rank": 1,
	"local_rank": 0,
	"device_type": "gpu",
	"master_addr": "133.133.135.75",
	"master_port": 39920,
	"iteration_count": 132,
	"iteration_intervals": [
		1638309376,
		233603072,
		233037312,
		232809472,
		239950336,
		241617920,
		253557504,
		233990400,
		244306944,
		242570752,
		243885568,
		240850176,
		467835136,
		371167488,
		601595392,
		625775104,
		596248320,
		501759744,
		495966976,
		474676992,
		373156096,
		368316160,
		364595712,
		377971456,
		361065216,
		474579968,
		364507904,
		257792512,
		252229376,
		233899776,
		233809664,
		252590336,
		232278272,
		231463680,
		234470144,
		232136448,
		233777664,
		235123456,
		249218816,
		240304128,
		238300416,
		245891584,
		350711040,
		364535552,
		618077184,
		263908608,
		266640640,
		239954944,
		238439168,
		243233280,
		249175552,
		238213120,
		233993728,
		238531584,
		232520192,
		232117248,
		233241088,
		215977216,
		290930944,
		376388096,
		606051840,
		1105129472,
		616777984,
		263265536,
		343914496,
		237772288,
		230729216,
		232927744,
		233524224,
		235773184,
		232699136,
		232950272,
		232431104,
		241813760,
		241286400,
		257283072,
		472451328,
		607971584,
		860395520,
		624750336,
		600662016,
		372985856,
		385662720,
		465656576,
		374917376,
		268303104,
		356401152,
		365184256,
		362892544,
		476049920,
		381885440,
		485564928,
		492425728,
		378577408,
		371236352,
		350212352,
		234285056,
		232096768,
		233785088,
		228632064,
		236146688,
		234306304,
		230595840,
		233377792,
		239764736,
		234002688,
		263926784,
		258274048,
		250742528,
		236373248,
		230551552,
		239742976,
		344094976,
		377725696,
		486036480,
		605333248,
		603849472,
		619855104,
		499298816,
		370450688,
		365269248,
		241704960,
		232218880,
		233169664,
		231526912,
		231597824,
		232737536,
		233819648,
		236707328,
		241380096,
		258900480,
		252443392
	],
	"iteration_intervals_avg": 335142623.7480315,
	"iteration_intervals_avg_second": 0.3351426237480315,
	"total_time_ns": 45142004992,
	"total_time_second": 45,
	"mem_infos": [
		[
			5363466240,
			5905580032
		],
		[
			4923064320,
			5905580032
		],
		[
			4698669056,
			5905580032
		],
		[
			1351614464,
			5905580032
		],
		[
			1343225856,
			5905580032
		],
		[
			1343225856,
			5905580032
		],
		[
			1343225856,
			5905580032
		],
		[
			1343225856,
			5905580032
		],
		[
			1343225856,
			5905580032
		],
		[
			1343225856,
			5905580032
		],
		[
			1343225856,
			5905580032
		],
		[
			1343225856,
			5905580032
		],
		[
			1343225856,
			5905580032
		],
		[
			1343225856,
			5905580032
		],
		[
			1343225856,
			5905580032
		],
		[
			1343225856,
			5905580032
		],
		[
			1343225856,
			5905580032
		],
		[
			1343225856,
			5905580032
		],
		[
			1343225856,
			5905580032
		],
		[
			1343225856,
			5905580032
		],
		[
			1343225856,
			5905580032
		],
		[
			1343225856,
			5905580032
		],
		[
			1343225856,
			5905580032
		],
		[
			1343225856,
			5905580032
		],
		[
			1343225856,
			5905580032
		],
		[
			1343225856,
			5905580032
		],
		[
			1343225856,
			5905580032
		],
		[
			1343225856,
			5905580032
		],
		[
			1343225856,
			5905580032
		],
		[
			1343225856,
			5905580032
		],
		[
			1343225856,
			5905580032
		],
		[
			1343225856,
			5905580032
		],
		[
			1343225856,
			5905580032
		],
		[
			1343225856,
			5905580032
		],
		[
			1343225856,
			5905580032
		],
		[
			1343225856,
			5905580032
		],
		[
			1343225856,
			5905580032
		],
		[
			1343225856,
			5905580032
		],
		[
			1343225856,
			5905580032
		],
		[
			1343225856,
			5905580032
		],
		[
			1343225856,
			5905580032
		],
		[
			1343225856,
			5905580032
		],
		[
			1343225856,
			5905580032
		],
		[
			1343225856,
			5905580032
		],
		[
			1343225856,
			5905580032
		],
		[
			1343225856,
			5905580032
		],
		[
			1343225856,
			5905580032
		],
		[
			1343225856,
			5905580032
		],
		[
			1343225856,
			5905580032
		],
		[
			1343225856,
			5905580032
		],
		[
			1343225856,
			5905580032
		],
		[
			1343225856,
			5905580032
		],
		[
			1343225856,
			5905580032
		],
		[
			1343225856,
			5905580032
		],
		[
			1343225856,
			5905580032
		],
		[
			1343225856,
			5905580032
		],
		[
			1343225856,
			5905580032
		],
		[
			1343225856,
			5905580032
		],
		[
			1343225856,
			5905580032
		],
		[
			1343225856,
			5905580032
		],
		[
			1343225856,
			5905580032
		],
		[
			1343225856,
			5905580032
		],
		[
			1343225856,
			5905580032
		],
		[
			1343225856,
			5905580032
		],
		[
			1343225856,
			5905580032
		],
		[
			1343225856,
			5905580032
		],
		[
			1343225856,
			5905580032
		],
		[
			1343225856,
			5905580032
		],
		[
			1343225856,
			5905580032
		],
		[
			1343225856,
			5905580032
		],
		[
			1343225856,
			5905580032
		],
		[
			1343225856,
			5905580032
		],
		[
			1343225856,
			5905580032
		],
		[
			1343225856,
			5905580032
		],
		[
			1343225856,
			5905580032
		],
		[
			1343225856,
			5905580032
		],
		[
			1343225856,
			5905580032
		],
		[
			1343225856,
			5905580032
		],
		[
			1343225856,
			5905580032
		],
		[
			1343225856,
			5905580032
		],
		[
			1343225856,
			5905580032
		],
		[
			1343225856,
			5905580032
		],
		[
			1343225856,
			5905580032
		],
		[
			1343225856,
			5905580032
		],
		[
			1343225856,
			5905580032
		],
		[
			1343225856,
			5905580032
		],
		[
			1343225856,
			5905580032
		],
		[
			1343225856,
			5905580032
		],
		[
			1343225856,
			5905580032
		],
		[
			1343225856,
			5905580032
		]
	],
	"utilization": [
		7,
		14,
		14,
		26,
		26,
		61,
		61,
		62,
		62,
		62,
		62,
		30,
		30,
		31,
		31,
		26,
		26,
		35,
		35,
		37,
		37,
		37,
		42,
		42,
		46,
		46,
		67,
		67,
		70,
		70,
		64,
		64,
		41,
		41,
		42,
		42,
		65,
		65,
		64,
		64,
		61,
		61,
		26,
		26,
		15,
		15,
		36,
		36,
		62,
		62,
		70,
		70,
		50,
		50,
		27,
		27,
		16,
		16,
		30,
		30,
		33,
		33,
		46,
		46,
		42,
		42,
		31,
		31,
		39,
		39,
		51,
		51,
		64,
		64,
		68,
		68,
		61,
		61,
		53,
		53,
		30,
		30,
		27,
		27,
		29,
		29,
		48,
		48,
		64,
		64
	],
	"computation_proportion": 35,
	"extra_dict": {}
}