{
	"model_name": "SqueezeNet",
	"batch_size": 32,
	"duration_sec": 45,
	"mode": "train",
	"is_DDP": true,
	"process_group_backend": "gloo",
	"world_size": 4,
	"rank": 3,
	"local_rank": 0,
	"device_type": "gpu",
	"master_addr": "133.133.135.75",
	"master_port": 39920,
	"iteration_count": 66,
	"iteration_intervals": [
		1425172736,
		147879936,
		290414336,
		2327596032,
		736710400,
		615576064,
		488718592,
		485713408,
		362889728,
		372066304,
		369435904,
		1411516160,
		1641207296,
		972337920,
		737813504,
		621443072,
		476857088,
		381608960,
		361913088,
		252763648,
		353624320,
		246306048,
		487416576,
		2316218368,
		739219200,
		612111616,
		609092608,
		611665152,
		371250944,
		365257216,
		357638400,
		260908544,
		241498624,
		241026304,
		247725824,
		232187392,
		194216448,
		297669632,
		2684585984,
		729003776,
		619829248,
		608249344,
		797500416,
		917424384,
		1102295296,
		850476800,
		679877376,
		549436672,
		617780992,
		845118208,
		614828032,
		607588352,
		375665664,
		371014400,
		249884672,
		357124096,
		250200832,
		355044352,
		2459450624,
		612953344,
		481593088,
		494594304,
		374273536,
		601014272,
		2036794368,
		784518144
	],
	"iteration_intervals_avg": 661721549.6393442,
	"iteration_intervals_avg_second": 0.6617215496393443,
	"total_time_ns": 45293980416,
	"total_time_second": 45,
	"mem_infos": [
		[
			5363466240,
			5905580032
		],
		[
			4983881728,
			5905580032
		],
		[
			4774166528,
			5905580032
		],
		[
			3121610752,
			5905580032
		],
		[
			3121610752,
			5905580032
		],
		[
			3121610752,
			5905580032
		],
		[
			3121610752,
			5905580032
		],
		[
			3121610752,
			5905580032
		],
		[
			3121610752,
			5905580032
		],
		[
			3121610752,
			5905580032
		],
		[
			3121610752,
			5905580032
		],
		[
			3121610752,
			5905580032
		],
		[
			3121610752,
			5905580032
		],
		[
			3121610752,
			5905580032
		],
		[
			3121610752,
			5905580032
		],
		[
			3121610752,
			5905580032
		],
		[
			3121610752,
			5905580032
		],
		[
			3121610752,
			5905580032
		],
		[
			3121610752,
			5905580032
		],
		[
			3121610752,
			5905580032
		],
		[
			3121610752,
			5905580032
		],
		[
			3121610752,
			5905580032
		],
		[
			3121610752,
			5905580032
		],
		[
			3121610752,
			5905580032
		],
		[
			3121610752,
			5905580032
		],
		[
			3121610752,
			5905580032
		],
		[
			3121610752,
			5905580032
		],
		[
			3121610752,
			5905580032
		],
		[
			3121610752,
			5905580032
		],
		[
			3121610752,
			5905580032
		],
		[
			3121610752,
			5905580032
		],
		[
			3121610752,
			5905580032
		],
		[
			3121610752,
			5905580032
		],
		[
			3121610752,
			5905580032
		],
		[
			3121610752,
			5905580032
		],
		[
			3121610752,
			5905580032
		],
		[
			3121610752,
			5905580032
		],
		[
			3121610752,
			5905580032
		],
		[
			3121610752,
			5905580032
		],
		[
			3121610752,
			5905580032
		],
		[
			3121610752,
			5905580032
		],
		[
			3121610752,
			5905580032
		],
		[
			3121610752,
			5905580032
		],
		[
			3121610752,
			5905580032
		],
		[
			3121610752,
			5905580032
		],
		[
			3121610752,
			5905580032
		],
		[
			3121610752,
			5905580032
		],
		[
			3121610752,
			5905580032
		],
		[
			3121610752,
			5905580032
		],
		[
			3121610752,
			5905580032
		],
		[
			3121610752,
			5905580032
		],
		[
			3121610752,
			5905580032
		],
		[
			3121610752,
			5905580032
		],
		[
			3121610752,
			5905580032
		],
		[
			3121610752,
			5905580032
		],
		[
			3121610752,
			5905580032
		],
		[
			3121610752,
			5905580032
		],
		[
			3121610752,
			5905580032
		],
		[
			3121610752,
			5905580032
		],
		[
			3121610752,
			5905580032
		],
		[
			3121610752,
			5905580032
		],
		[
			3121610752,
			5905580032
		],
		[
			3121610752,
			5905580032
		],
		[
			3121610752,
			5905580032
		],
		[
			3121610752,
			5905580032
		],
		[
			3121610752,
			5905580032
		],
		[
			3121610752,
			5905580032
		],
		[
			3121610752,
			5905580032
		],
		[
			3121610752,
			5905580032
		],
		[
			3121610752,
			5905580032
		],
		[
			3121610752,
			5905580032
		],
		[
			3121610752,
			5905580032
		],
		[
			3121610752,
			5905580032
		],
		[
			3121610752,
			5905580032
		],
		[
			3121610752,
			5905580032
		],
		[
			3121610752,
			5905580032
		],
		[
			3121610752,
			5905580032
		],
		[
			3121610752,
			5905580032
		],
		[
			3121610752,
			5905580032
		],
		[
			3121610752,
			5905580032
		],
		[
			3121610752,
			5905580032
		],
		[
			3121610752,
			5905580032
		],
		[
			3121610752,
			5905580032
		],
		[
			3121610752,
			5905580032
		],
		[
			3121610752,
			5905580032
		],
		[
			3121610752,
			5905580032
		],
		[
			3121610752,
			5905580032
		],
		[
			3121610752,
			5905580032
		],
		[
			3121610752,
			5905580032
		],
		[
			3121610752,
			5905580032
		]
	],
	"utilization": [
		9,
		9,
		10,
		10,
		33,
		33,
		6,
		6,
		1,
		1,
		9,
		9,
		17,
		17,
		20,
		20,
		24,
		24,
		3,
		3,
		6,
		6,
		8,
		8,
		9,
		9,
		11,
		11,
		18,
		18,
		28,
		28,
		23,
		23,
		0,
		0,
		3,
		3,
		16,
		16,
		12,
		12,
		20,
		20,
		29,
		29,
		36,
		36,
		15,
		15,
		0,
		0,
		3,
		3,
		15,
		15,
		12,
		12,
		14,
		14,
		9,
		9,
		9,
		9,
		10,
		10,
		17,
		17,
		11,
		11,
		15,
		15,
		19,
		19,
		30,
		30,
		16,
		16,
		0,
		0,
		7,
		7,
		13,
		13,
		24,
		24,
		9,
		9,
		2,
		2
	],
	"computation_proportion": 10,
	"extra_dict": {}
}