{
	"model_name": "ConvNeXtS",
	"batch_size": 8,
	"duration_sec": 45,
	"mode": "train",
	"is_DDP": true,
	"process_group_backend": "gloo",
	"world_size": 4,
	"rank": 3,
	"local_rank": 0,
	"device_type": "gpu",
	"master_addr": "133.133.135.75",
	"master_port": 39920,
	"iteration_count": 22,
	"iteration_intervals": [
		3114694144,
		2026689536,
		2013507584,
		2024461312,
		2019128064,
		2033312512,
		2028095744,
		2029325312,
		2027255040,
		2018878720,
		2023723776,
		2026411520,
		2011956224,
		2025172480,
		2024425216,
		2019228416,
		2039266560,
		2036322048,
		2032210176,
		2034881536,
		2039610368,
		2032850176
	],
	"iteration_intervals_avg": 2028407401.4117646,
	"iteration_intervals_avg_second": 2.028407401411765,
	"total_time_ns": 45683486464,
	"total_time_second": 45,
	"mem_infos": [
		[
			4881121280,
			5905580032
		],
		[
			4663017472,
			5905580032
		],
		[
			4447010816,
			5905580032
		],
		[
			3455057920,
			5905580032
		],
		[
			3455057920,
			5905580032
		],
		[
			3455057920,
			5905580032
		],
		[
			3455057920,
			5905580032
		],
		[
			3209691136,
			5905580032
		],
		[
			3209691136,
			5905580032
		],
		[
			3209691136,
			5905580032
		],
		[
			3209691136,
			5905580032
		],
		[
			3209691136,
			5905580032
		],
		[
			3209691136,
			5905580032
		],
		[
			3209691136,
			5905580032
		],
		[
			3209691136,
			5905580032
		],
		[
			3209691136,
			5905580032
		],
		[
			3209691136,
			5905580032
		],
		[
			3209691136,
			5905580032
		],
		[
			3209691136,
			5905580032
		],
		[
			3209691136,
			5905580032
		],
		[
			3209691136,
			5905580032
		],
		[
			3209691136,
			5905580032
		],
		[
			3209691136,
			5905580032
		],
		[
			3209691136,
			5905580032
		],
		[
			3209691136,
			5905580032
		],
		[
			3209691136,
			5905580032
		],
		[
			3209691136,
			5905580032
		],
		[
			3209691136,
			5905580032
		],
		[
			3209691136,
			5905580032
		],
		[
			3209691136,
			5905580032
		],
		[
			3209691136,
			5905580032
		],
		[
			3209691136,
			5905580032
		],
		[
			3209691136,
			5905580032
		],
		[
			3209691136,
			5905580032
		],
		[
			3209691136,
			5905580032
		],
		[
			3209691136,
			5905580032
		],
		[
			3209691136,
			5905580032
		],
		[
			3209691136,
			5905580032
		],
		[
			3209691136,
			5905580032
		],
		[
			3209691136,
			5905580032
		],
		[
			3209691136,
			5905580032
		],
		[
			3209691136,
			5905580032
		],
		[
			3209691136,
			5905580032
		],
		[
			3209691136,
			5905580032
		],
		[
			3209691136,
			5905580032
		],
		[
			3209691136,
			5905580032
		],
		[
			3209691136,
			5905580032
		],
		[
			3209691136,
			5905580032
		],
		[
			3209691136,
			5905580032
		],
		[
			3209691136,
			5905580032
		],
		[
			3209691136,
			5905580032
		],
		[
			3209691136,
			5905580032
		],
		[
			3209691136,
			5905580032
		],
		[
			3209691136,
			5905580032
		],
		[
			3209691136,
			5905580032
		],
		[
			3209691136,
			5905580032
		],
		[
			3209691136,
			5905580032
		],
		[
			3209691136,
			5905580032
		],
		[
			3209691136,
			5905580032
		],
		[
			3209691136,
			5905580032
		],
		[
			3209691136,
			5905580032
		],
		[
			3209691136,
			5905580032
		],
		[
			3209691136,
			5905580032
		],
		[
			3209691136,
			5905580032
		],
		[
			3209691136,
			5905580032
		],
		[
			3209691136,
			5905580032
		],
		[
			3209691136,
			5905580032
		],
		[
			3209691136,
			5905580032
		],
		[
			3209691136,
			5905580032
		],
		[
			3209691136,
			5905580032
		],
		[
			3209691136,
			5905580032
		],
		[
			3209691136,
			5905580032
		],
		[
			3209691136,
			5905580032
		],
		[
			3209691136,
			5905580032
		],
		[
			3209691136,
			5905580032
		],
		[
			3209691136,
			5905580032
		],
		[
			3209691136,
			5905580032
		],
		[
			3209691136,
			5905580032
		],
		[
			3209691136,
			5905580032
		],
		[
			3209691136,
			5905580032
		],
		[
			3209691136,
			5905580032
		],
		[
			3209691136,
			5905580032
		],
		[
			3209691136,
			5905580032
		],
		[
			3209691136,
			5905580032
		],
		[
			3209691136,
			5905580032
		],
		[
			3209691136,
			5905580032
		],
		[
			3209691136,
			5905580032
		],
		[
			3209691136,
			5905580032
		],
		[
			3209691136,
			5905580032
		],
		[
			3209691136,
			5905580032
		]
	],
	"utilization": [
		0,
		6,
		6,
		46,
		46,
		11,
		11,
		5,
		5,
		17,
		17,
		3,
		3,
		18,
		18,
		2,
		2,
		18,
		18,
		1,
		1,
		19,
		19,
		1,
		1,
		18,
		18,
		1,
		1,
		20,
		20,
		1,
		1,
		17,
		17,
		1,
		1,
		20,
		20,
		1,
		1,
		21,
		21,
		1,
		1,
		21,
		21,
		1,
		1,
		21,
		21,
		1,
		1,
		20,
		20,
		1,
		1,
		20,
		20,
		1,
		1,
		20,
		20,
		1,
		1,
		19,
		19,
		1,
		1,
		19,
		19,
		1,
		1,
		19,
		19,
		1,
		1,
		21,
		21,
		1,
		1,
		17,
		17,
		1,
		1,
		21,
		21,
		1,
		1,
		21
	],
	"computation_proportion": 25,
	"extra_dict": {}
}