{
	"model_name": "MEALV2",
	"batch_size": 32,
	"duration_sec": 45,
	"mode": "train",
	"is_DDP": true,
	"process_group_backend": "gloo",
	"world_size": 4,
	"rank": 1,
	"local_rank": 0,
	"device_type": "gpu",
	"master_addr": "133.133.135.75",
	"master_port": 39920,
	"iteration_count": 131,
	"iteration_intervals": [
		1558770432,
		156858368,
		148015104,
		150287104,
		152698368,
		152941312,
		137328896,
		152404992,
		144882688,
		148497152,
		150952448,
		150743040,
		1450077184,
		365503488,
		246124544,
		245073664,
		244472832,
		252118272,
		233873408,
		364981248,
		1964687360,
		369288704,
		250258688,
		247752704,
		217762560,
		181760512,
		187630336,
		170591744,
		168817664,
		166823424,
		1940057600,
		482859008,
		252919552,
		242274304,
		180802048,
		185582848,
		176452864,
		161437440,
		152587776,
		354541568,
		1108759040,
		366438144,
		245118976,
		225789696,
		170625792,
		206575872,
		157795072,
		149848832,
		147199744,
		145881856,
		152036608,
		149303552,
		143197440,
		1036605184,
		374677504,
		346374400,
		263499008,
		167366400,
		200920832,
		154334464,
		2159892736,
		374262528,
		356575488,
		252888832,
		245884672,
		241093120,
		482845696,
		1114454784,
		362814720,
		242628096,
		244127744,
		148531456,
		216920832,
		155647488,
		169865216,
		1996367616,
		611541760,
		253089792,
		255771648,
		232659456,
		179737344,
		181885952,
		147032064,
		153139712,
		146997760,
		151441664,
		149867264,
		151598080,
		151628544,
		151303680,
		148678144,
		150150656,
		149663488,
		1486735104,
		521398784,
		365251072,
		260560128,
		232559616,
		242696192,
		155656704,
		159024640,
		174565120,
		171627776,
		152007680,
		146096640,
		1298817792,
		481077504,
		252113152,
		238779136,
		200775680,
		480429568,
		254597120,
		243160320,
		237198080,
		156367616,
		153243648,
		150873600,
		151132416,
		160130816,
		152866048,
		1162205184,
		490133248,
		358397952,
		249401856,
		261572352,
		252843008,
		223419136,
		238966784,
		155284736,
		162660608,
		170569984
	],
	"iteration_intervals_avg": 340820612.06349206,
	"iteration_intervals_avg_second": 0.34082061206349207,
	"total_time_ns": 45110966272,
	"total_time_second": 45,
	"mem_infos": [
		[
			5361369088,
			5905580032
		],
		[
			5092933632,
			5905580032
		],
		[
			4876926976,
			5905580032
		],
		[
			4161798144,
			5905580032
		],
		[
			4155506688,
			5905580032
		],
		[
			4155506688,
			5905580032
		],
		[
			4155506688,
			5905580032
		],
		[
			4155506688,
			5905580032
		],
		[
			4155506688,
			5905580032
		],
		[
			4155506688,
			5905580032
		],
		[
			4155506688,
			5905580032
		],
		[
			4155506688,
			5905580032
		],
		[
			4155506688,
			5905580032
		],
		[
			4155506688,
			5905580032
		],
		[
			4155506688,
			5905580032
		],
		[
			4155506688,
			5905580032
		],
		[
			4155506688,
			5905580032
		],
		[
			4155506688,
			5905580032
		],
		[
			4155506688,
			5905580032
		],
		[
			4155506688,
			5905580032
		],
		[
			4155506688,
			5905580032
		],
		[
			4155506688,
			5905580032
		],
		[
			4155506688,
			5905580032
		],
		[
			4155506688,
			5905580032
		],
		[
			4155506688,
			5905580032
		],
		[
			4155506688,
			5905580032
		],
		[
			4155506688,
			5905580032
		],
		[
			4155506688,
			5905580032
		],
		[
			4155506688,
			5905580032
		],
		[
			4155506688,
			5905580032
		],
		[
			4155506688,
			5905580032
		],
		[
			4155506688,
			5905580032
		],
		[
			4155506688,
			5905580032
		],
		[
			4155506688,
			5905580032
		],
		[
			4155506688,
			5905580032
		],
		[
			4155506688,
			5905580032
		],
		[
			4155506688,
			5905580032
		],
		[
			4155506688,
			5905580032
		],
		[
			4155506688,
			5905580032
		],
		[
			4155506688,
			5905580032
		],
		[
			4155506688,
			5905580032
		],
		[
			4155506688,
			5905580032
		],
		[
			4155506688,
			5905580032
		],
		[
			4155506688,
			5905580032
		],
		[
			4155506688,
			5905580032
		],
		[
			4155506688,
			5905580032
		],
		[
			4155506688,
			5905580032
		],
		[
			4155506688,
			5905580032
		],
		[
			4155506688,
			5905580032
		],
		[
			4155506688,
			5905580032
		],
		[
			4155506688,
			5905580032
		],
		[
			4155506688,
			5905580032
		],
		[
			4155506688,
			5905580032
		],
		[
			4155506688,
			5905580032
		],
		[
			4155506688,
			5905580032
		],
		[
			4155506688,
			5905580032
		],
		[
			4155506688,
			5905580032
		],
		[
			4155506688,
			5905580032
		],
		[
			4155506688,
			5905580032
		],
		[
			4155506688,
			5905580032
		],
		[
			4155506688,
			5905580032
		],
		[
			4155506688,
			5905580032
		],
		[
			4155506688,
			5905580032
		],
		[
			4155506688,
			5905580032
		],
		[
			4155506688,
			5905580032
		],
		[
			4155506688,
			5905580032
		],
		[
			4155506688,
			5905580032
		],
		[
			4155506688,
			5905580032
		],
		[
			4155506688,
			5905580032
		],
		[
			4155506688,
			5905580032
		],
		[
			4155506688,
			5905580032
		],
		[
			4155506688,
			5905580032
		],
		[
			4155506688,
			5905580032
		],
		[
			4155506688,
			5905580032
		],
		[
			4155506688,
			5905580032
		],
		[
			4155506688,
			5905580032
		],
		[
			4155506688,
			5905580032
		],
		[
			4155506688,
			5905580032
		],
		[
			4155506688,
			5905580032
		],
		[
			4155506688,
			5905580032
		],
		[
			4155506688,
			5905580032
		],
		[
			4155506688,
			5905580032
		],
		[
			4155506688,
			5905580032
		],
		[
			4155506688,
			5905580032
		],
		[
			4155506688,
			5905580032
		],
		[
			4155506688,
			5905580032
		],
		[
			4155506688,
			5905580032
		],
		[
			4155506688,
			5905580032
		],
		[
			4155506688,
			5905580032
		],
		[
			4155506688,
			5905580032
		]
	],
	"utilization": [
		6,
		10,
		10,
		16,
		16,
		38,
		38,
		36,
		36,
		0,
		0,
		20,
		20,
		25,
		25,
		6,
		6,
		0,
		0,
		23,
		23,
		34,
		34,
		6,
		6,
		2,
		2,
		22,
		22,
		34,
		34,
		7,
		7,
		20,
		20,
		37,
		37,
		23,
		23,
		8,
		8,
		26,
		26,
		7,
		7,
		0,
		0,
		19,
		19,
		18,
		18,
		5,
		5,
		19,
		19,
		33,
		33,
		0,
		0,
		7,
		7,
		20,
		20,
		37,
		37,
		39,
		39,
		8,
		8,
		7,
		7,
		24,
		24,
		36,
		36,
		11,
		11,
		10,
		10,
		19,
		19,
		28,
		28,
		37,
		37,
		3,
		3,
		15,
		15,
		30
	],
	"computation_proportion": 10,
	"extra_dict": {}
}