{
	"model_name": "EfficientNet",
	"batch_size": 64,
	"duration_sec": 45,
	"mode": "train",
	"is_DDP": true,
	"process_group_backend": "gloo",
	"world_size": 2,
	"rank": 1,
	"local_rank": 0,
	"device_type": "gpu",
	"master_addr": "133.133.135.75",
	"master_port": 39920,
	"iteration_count": 149,
	"iteration_intervals": [
		1593298688,
		226781440,
		369454080,
		327727872,
		240930816,
		246247168,
		267091968,
		265824512,
		317219840,
		234155008,
		267999488,
		238306560,
		268073472,
		325566720,
		237169408,
		257540096,
		268173056,
		250166784,
		343339776,
		245212160,
		267319296,
		323269632,
		249182208,
		249467904,
		253325568,
		299790592,
		341114368,
		306868224,
		297713664,
		363832320,
		319354112,
		292793088,
		312969472,
		285028352,
		322597632,
		291772416,
		313367552,
		306017536,
		304026880,
		293302784,
		308822784,
		284897024,
		333473280,
		294319104,
		309470976,
		274436352,
		330036992,
		290929664,
		315266048,
		296224512,
		320314368,
		292681472,
		305070080,
		303729408,
		314476544,
		277239808,
		252919552,
		319278080,
		292069376,
		302726912,
		313674240,
		303919872,
		303281664,
		307886592,
		303539200,
		303064320,
		302130432,
		320184832,
		293000704,
		311562752,
		296440832,
		311759616,
		299784704,
		307005952,
		286679552,
		327755008,
		287943424,
		316702720,
		273004288,
		335544832,
		294431488,
		319048704,
		290034944,
		312766208,
		292767744,
		318602496,
		286055680,
		322291200,
		277155584,
		327435520,
		290086144,
		322126848,
		272227328,
		328300288,
		291899904,
		332977664,
		272375808,
		325065472,
		300983296,
		305399040,
		301908480,
		313509888,
		292945664,
		312474112,
		291595264,
		314145024,
		303104256,
		316287744,
		297945600,
		306723840,
		291980288,
		317730048,
		275118848,
		270015232,
		319177472,
		284879104,
		314734848,
		286712832,
		243432448,
		280310016,
		292590080,
		266373632,
		277314816,
		303852544,
		293384448,
		301565952,
		296215552,
		331667968,
		280173312,
		318838016,
		281649408,
		333643264,
		267131136,
		267167232,
		325156096,
		257399552,
		256247552,
		253724416,
		260705536,
		313509120,
		254643456,
		268350720,
		328047104,
		273981440,
		230678784,
		275660288,
		322041344,
		273379840,
		244260352
	],
	"iteration_intervals_avg": 294545575.1111111,
	"iteration_intervals_avg_second": 0.2945455751111111,
	"total_time_ns": 45173638656,
	"total_time_second": 45,
	"mem_infos": [
		[
			11212423168,
			11811160064
		],
		[
			10872684544,
			11811160064
		],
		[
			10660872192,
			11811160064
		],
		[
			4335861760,
			11811160064
		],
		[
			4302307328,
			11811160064
		],
		[
			4302307328,
			11811160064
		],
		[
			4302307328,
			11811160064
		],
		[
			4302307328,
			11811160064
		],
		[
			4302307328,
			11811160064
		],
		[
			4302307328,
			11811160064
		],
		[
			4302307328,
			11811160064
		],
		[
			4302307328,
			11811160064
		],
		[
			4302307328,
			11811160064
		],
		[
			4302307328,
			11811160064
		],
		[
			4302307328,
			11811160064
		],
		[
			4302307328,
			11811160064
		],
		[
			4302307328,
			11811160064
		],
		[
			4302307328,
			11811160064
		],
		[
			4302307328,
			11811160064
		],
		[
			4302307328,
			11811160064
		],
		[
			4302307328,
			11811160064
		],
		[
			4302307328,
			11811160064
		],
		[
			4302307328,
			11811160064
		],
		[
			4302307328,
			11811160064
		],
		[
			4302307328,
			11811160064
		],
		[
			4302307328,
			11811160064
		],
		[
			4302307328,
			11811160064
		],
		[
			4302307328,
			11811160064
		],
		[
			4302307328,
			11811160064
		],
		[
			4302307328,
			11811160064
		],
		[
			4302307328,
			11811160064
		],
		[
			4302307328,
			11811160064
		],
		[
			4302307328,
			11811160064
		],
		[
			4302307328,
			11811160064
		],
		[
			4302307328,
			11811160064
		],
		[
			4302307328,
			11811160064
		],
		[
			4302307328,
			11811160064
		],
		[
			4302307328,
			11811160064
		],
		[
			4302307328,
			11811160064
		],
		[
			4302307328,
			11811160064
		],
		[
			4302307328,
			11811160064
		],
		[
			4302307328,
			11811160064
		],
		[
			4302307328,
			11811160064
		],
		[
			4302307328,
			11811160064
		],
		[
			4302307328,
			11811160064
		],
		[
			4302307328,
			11811160064
		],
		[
			4302307328,
			11811160064
		],
		[
			4302307328,
			11811160064
		],
		[
			4302307328,
			11811160064
		],
		[
			4302307328,
			11811160064
		],
		[
			4302307328,
			11811160064
		],
		[
			4302307328,
			11811160064
		],
		[
			4302307328,
			11811160064
		],
		[
			4302307328,
			11811160064
		],
		[
			4302307328,
			11811160064
		],
		[
			4302307328,
			11811160064
		],
		[
			4302307328,
			11811160064
		],
		[
			4302307328,
			11811160064
		],
		[
			4302307328,
			11811160064
		],
		[
			4302307328,
			11811160064
		],
		[
			4302307328,
			11811160064
		],
		[
			4302307328,
			11811160064
		],
		[
			4302307328,
			11811160064
		],
		[
			4302307328,
			11811160064
		],
		[
			4302307328,
			11811160064
		],
		[
			4302307328,
			11811160064
		],
		[
			4302307328,
			11811160064
		],
		[
			4302307328,
			11811160064
		],
		[
			4302307328,
			11811160064
		],
		[
			4302307328,
			11811160064
		],
		[
			4302307328,
			11811160064
		],
		[
			4302307328,
			11811160064
		],
		[
			4302307328,
			11811160064
		],
		[
			4302307328,
			11811160064
		],
		[
			4302307328,
			11811160064
		],
		[
			4302307328,
			11811160064
		],
		[
			4302307328,
			11811160064
		],
		[
			4302307328,
			11811160064
		],
		[
			4302307328,
			11811160064
		],
		[
			4302307328,
			11811160064
		],
		[
			4302307328,
			11811160064
		],
		[
			4302307328,
			11811160064
		],
		[
			4302307328,
			11811160064
		],
		[
			4302307328,
			11811160064
		],
		[
			4302307328,
			11811160064
		],
		[
			4302307328,
			11811160064
		],
		[
			4302307328,
			11811160064
		],
		[
			4302307328,
			11811160064
		],
		[
			4302307328,
			11811160064
		],
		[
			4302307328,
			11811160064
		]
	],
	"utilization": [
		0,
		8,
		8,
		7,
		39,
		39,
		52,
		52,
		50,
		50,
		50,
		52,
		52,
		52,
		52,
		53,
		53,
		49,
		49,
		46,
		46,
		42,
		42,
		48,
		48,
		42,
		42,
		48,
		48,
		48,
		48,
		43,
		43,
		47,
		47,
		48,
		48,
		47,
		47,
		47,
		47,
		44,
		44,
		45,
		45,
		49,
		49,
		44,
		44,
		45,
		45,
		49,
		49,
		43,
		43,
		43,
		43,
		51,
		51,
		43,
		43,
		44,
		44,
		52,
		52,
		43,
		43,
		43,
		43,
		52,
		52,
		44,
		44,
		48,
		48,
		50,
		50,
		51,
		51,
		44,
		44,
		43,
		43,
		53,
		53,
		51,
		51,
		48,
		48,
		54
	],
	"computation_proportion": 80,
	"extra_dict": {}
}