{
	"model_name": "YoloV5S",
	"batch_size": 32,
	"duration_sec": 45,
	"mode": "train",
	"is_DDP": true,
	"process_group_backend": "gloo",
	"world_size": 2,
	"rank": 1,
	"local_rank": 0,
	"device_type": "gpu",
	"master_addr": "133.133.135.74",
	"master_port": 39920,
	"iteration_count": 136,
	"iteration_intervals": [
		1645245184,
		305686016,
		336112640,
		320270080,
		326872320,
		324045312,
		326313984,
		323235328,
		323468544,
		319320832,
		326865920,
		317275392,
		321878528,
		303291136,
		333612800,
		320451840,
		317642496,
		332622336,
		330550272,
		317807360,
		321430784,
		318236928,
		318003456,
		315531520,
		322078464,
		321464320,
		316547840,
		320965632,
		322992384,
		325674496,
		327887872,
		317018368,
		325406720,
		320781824,
		323254528,
		326173696,
		321122304,
		316067840,
		315245568,
		322386432,
		320421120,
		323789056,
		316402432,
		321853696,
		320220672,
		319240960,
		319611904,
		316141312,
		330918144,
		324820480,
		320343808,
		318784768,
		319134464,
		324263680,
		319296512,
		318350336,
		320841472,
		312229376,
		335484160,
		328310016,
		320810752,
		324099328,
		319187456,
		324032000,
		318019072,
		318042112,
		332904704,
		318492160,
		327063040,
		316615424,
		330097152,
		317932800,
		322302976,
		320723712,
		319762176,
		325817344,
		317131776,
		320246272,
		316035328,
		321183488,
		316341248,
		327894272,
		317908736,
		322789632,
		319390720,
		317801216,
		323516416,
		320168960,
		317144832,
		322735616,
		318589440,
		323096576,
		318770944,
		321973504,
		322839040,
		323084544,
		317687296,
		321418240,
		321151488,
		317718272,
		321686016,
		319844096,
		322337280,
		322644736,
		325590784,
		318961152,
		325714432,
		317188096,
		321200640,
		321337344,
		317521920,
		321680128,
		312871680,
		330245376,
		321170944,
		317849856,
		323030272,
		323642112,
		320374784,
		319573504,
		318330624,
		319038464,
		321220864,
		327987712,
		336116736,
		319941376,
		324752640,
		316384000,
		323242496,
		319624448,
		316984320,
		320836608,
		322774528,
		316952320,
		326272000,
		317181952
	],
	"iteration_intervals_avg": 321387310.90076333,
	"iteration_intervals_avg_second": 0.32138731090076333,
	"total_time_ns": 45037048064,
	"total_time_second": 45,
	"mem_infos": [
		[
			11229200384,
			11811160064
		],
		[
			10914627584,
			11811160064
		],
		[
			10690232320,
			11811160064
		],
		[
			8630829056,
			11811160064
		],
		[
			8601468928,
			11811160064
		],
		[
			8601468928,
			11811160064
		],
		[
			8601468928,
			11811160064
		],
		[
			8601468928,
			11811160064
		],
		[
			8601468928,
			11811160064
		],
		[
			8601468928,
			11811160064
		],
		[
			8601468928,
			11811160064
		],
		[
			8601468928,
			11811160064
		],
		[
			8601468928,
			11811160064
		],
		[
			8601468928,
			11811160064
		],
		[
			8601468928,
			11811160064
		],
		[
			8601468928,
			11811160064
		],
		[
			8601468928,
			11811160064
		],
		[
			8601468928,
			11811160064
		],
		[
			8601468928,
			11811160064
		],
		[
			8601468928,
			11811160064
		],
		[
			8601468928,
			11811160064
		],
		[
			8601468928,
			11811160064
		],
		[
			8601468928,
			11811160064
		],
		[
			8601468928,
			11811160064
		],
		[
			8601468928,
			11811160064
		],
		[
			8601468928,
			11811160064
		],
		[
			8601468928,
			11811160064
		],
		[
			8601468928,
			11811160064
		],
		[
			8601468928,
			11811160064
		],
		[
			8601468928,
			11811160064
		],
		[
			8601468928,
			11811160064
		],
		[
			8601468928,
			11811160064
		],
		[
			8601468928,
			11811160064
		],
		[
			8601468928,
			11811160064
		],
		[
			8601468928,
			11811160064
		],
		[
			8601468928,
			11811160064
		],
		[
			8601468928,
			11811160064
		],
		[
			8601468928,
			11811160064
		],
		[
			8601468928,
			11811160064
		],
		[
			8601468928,
			11811160064
		],
		[
			8601468928,
			11811160064
		],
		[
			8601468928,
			11811160064
		],
		[
			8601468928,
			11811160064
		],
		[
			8601468928,
			11811160064
		],
		[
			8601468928,
			11811160064
		],
		[
			8601468928,
			11811160064
		],
		[
			8601468928,
			11811160064
		],
		[
			8601468928,
			11811160064
		],
		[
			8601468928,
			11811160064
		],
		[
			8601468928,
			11811160064
		],
		[
			8601468928,
			11811160064
		],
		[
			8601468928,
			11811160064
		],
		[
			8601468928,
			11811160064
		],
		[
			8601468928,
			11811160064
		],
		[
			8601468928,
			11811160064
		],
		[
			8601468928,
			11811160064
		],
		[
			8601468928,
			11811160064
		],
		[
			8601468928,
			11811160064
		],
		[
			8601468928,
			11811160064
		],
		[
			8601468928,
			11811160064
		],
		[
			8601468928,
			11811160064
		],
		[
			8601468928,
			11811160064
		],
		[
			8601468928,
			11811160064
		],
		[
			8601468928,
			11811160064
		],
		[
			8601468928,
			11811160064
		],
		[
			8601468928,
			11811160064
		],
		[
			8601468928,
			11811160064
		],
		[
			8601468928,
			11811160064
		],
		[
			8601468928,
			11811160064
		],
		[
			8601468928,
			11811160064
		],
		[
			8601468928,
			11811160064
		],
		[
			8601468928,
			11811160064
		],
		[
			8601468928,
			11811160064
		],
		[
			8601468928,
			11811160064
		],
		[
			8601468928,
			11811160064
		],
		[
			8601468928,
			11811160064
		],
		[
			8601468928,
			11811160064
		],
		[
			8601468928,
			11811160064
		],
		[
			8601468928,
			11811160064
		],
		[
			8601468928,
			11811160064
		],
		[
			8601468928,
			11811160064
		],
		[
			8601468928,
			11811160064
		],
		[
			8601468928,
			11811160064
		],
		[
			8601468928,
			11811160064
		],
		[
			8601468928,
			11811160064
		],
		[
			8601468928,
			11811160064
		],
		[
			8601468928,
			11811160064
		],
		[
			8601468928,
			11811160064
		],
		[
			8601468928,
			11811160064
		],
		[
			8601468928,
			11811160064
		]
	],
	"utilization": [
		2,
		4,
		4,
		4,
		4,
		20,
		20,
		20,
		20,
		20,
		20,
		20,
		20,
		20,
		20,
		20,
		20,
		24,
		24,
		22,
		22,
		20,
		20,
		20,
		20,
		20,
		20,
		20,
		20,
		21,
		21,
		24,
		24,
		22,
		22,
		20,
		20,
		20,
		20,
		20,
		20,
		20,
		20,
		20,
		20,
		21,
		21,
		24,
		24,
		22,
		22,
		20,
		20,
		20,
		20,
		20,
		20,
		20,
		20,
		20,
		20,
		23,
		23,
		24,
		24,
		20,
		20,
		20,
		20,
		20,
		20,
		20,
		20,
		20,
		20,
		21,
		21,
		24,
		24,
		21,
		21,
		20,
		20,
		20,
		20,
		20,
		20,
		20,
		20,
		20
	],
	"computation_proportion": 45,
	"extra_dict": {}
}