{
	"model_name": "MEALV2",
	"batch_size": 128,
	"duration_sec": 45,
	"mode": "train",
	"is_DDP": true,
	"process_group_backend": "gloo",
	"world_size": 4,
	"rank": 3,
	"local_rank": 0,
	"device_type": "gpu",
	"master_addr": "133.133.135.75",
	"master_port": 39920,
	"iteration_count": 91,
	"iteration_intervals": [
		1594723584,
		132583168,
		174197760,
		141718528,
		140741376,
		138977792,
		136015616,
		176615424,
		136876800,
		2199541248,
		736493056,
		476576768,
		379823872,
		374991104,
		354307840,
		254182144,
		238689024,
		245547008,
		358013696,
		373485056,
		1829350144,
		740626944,
		387449856,
		366055936,
		353263360,
		370649856,
		365868288,
		611814912,
		971823360,
		856263936,
		495730432,
		381809152,
		255785472,
		353703424,
		250142208,
		258807808,
		340222464,
		247729152,
		246803968,
		162876416,
		222466048,
		365478912,
		2215536640,
		494599168,
		491870720,
		466566144,
		392281088,
		597411584,
		496121088,
		615495680,
		724576256,
		499232000,
		371303424,
		362138880,
		241003008,
		242599936,
		148597504,
		225195776,
		245065472,
		357075712,
		2090900224,
		501110016,
		483771136,
		496478208,
		474356224,
		495099136,
		488837376,
		621270784,
		738142720,
		478111232,
		379269120,
		350538752,
		258220288,
		231027712,
		146624000,
		230130432,
		243147264,
		366725632,
		2234681856,
		489589504,
		368443904,
		250784000,
		250489600,
		243580416,
		141987584,
		230398208,
		146637568,
		214392064,
		2221863936,
		616321792,
		483218432
	],
	"iteration_intervals_avg": 501949740.6511628,
	"iteration_intervals_avg_second": 0.5019497406511628,
	"total_time_ns": 45352937216,
	"total_time_second": 45,
	"mem_infos": [
		[
			5361369088,
			5905580032
		],
		[
			4906287104,
			5905580032
		],
		[
			4709154816,
			5905580032
		],
		[
			2356150272,
			5905580032
		],
		[
			2226126848,
			5905580032
		],
		[
			2226126848,
			5905580032
		],
		[
			2226126848,
			5905580032
		],
		[
			2226126848,
			5905580032
		],
		[
			2226126848,
			5905580032
		],
		[
			2226126848,
			5905580032
		],
		[
			2226126848,
			5905580032
		],
		[
			2226126848,
			5905580032
		],
		[
			2226126848,
			5905580032
		],
		[
			2226126848,
			5905580032
		],
		[
			2226126848,
			5905580032
		],
		[
			2226126848,
			5905580032
		],
		[
			2226126848,
			5905580032
		],
		[
			2226126848,
			5905580032
		],
		[
			2226126848,
			5905580032
		],
		[
			2226126848,
			5905580032
		],
		[
			2226126848,
			5905580032
		],
		[
			2226126848,
			5905580032
		],
		[
			2226126848,
			5905580032
		],
		[
			2226126848,
			5905580032
		],
		[
			2226126848,
			5905580032
		],
		[
			2226126848,
			5905580032
		],
		[
			2226126848,
			5905580032
		],
		[
			2226126848,
			5905580032
		],
		[
			2226126848,
			5905580032
		],
		[
			2226126848,
			5905580032
		],
		[
			2226126848,
			5905580032
		],
		[
			2226126848,
			5905580032
		],
		[
			2226126848,
			5905580032
		],
		[
			2226126848,
			5905580032
		],
		[
			2226126848,
			5905580032
		],
		[
			2226126848,
			5905580032
		],
		[
			2226126848,
			5905580032
		],
		[
			2226126848,
			5905580032
		],
		[
			2226126848,
			5905580032
		],
		[
			2226126848,
			5905580032
		],
		[
			2226126848,
			5905580032
		],
		[
			2226126848,
			5905580032
		],
		[
			2226126848,
			5905580032
		],
		[
			2226126848,
			5905580032
		],
		[
			2226126848,
			5905580032
		],
		[
			2226126848,
			5905580032
		],
		[
			2226126848,
			5905580032
		],
		[
			2226126848,
			5905580032
		],
		[
			2226126848,
			5905580032
		],
		[
			2226126848,
			5905580032
		],
		[
			2226126848,
			5905580032
		],
		[
			2226126848,
			5905580032
		],
		[
			2226126848,
			5905580032
		],
		[
			2226126848,
			5905580032
		],
		[
			2226126848,
			5905580032
		],
		[
			2226126848,
			5905580032
		],
		[
			2226126848,
			5905580032
		],
		[
			2226126848,
			5905580032
		],
		[
			2226126848,
			5905580032
		],
		[
			2226126848,
			5905580032
		],
		[
			2226126848,
			5905580032
		],
		[
			2226126848,
			5905580032
		],
		[
			2226126848,
			5905580032
		],
		[
			2226126848,
			5905580032
		],
		[
			2226126848,
			5905580032
		],
		[
			2226126848,
			5905580032
		],
		[
			2226126848,
			5905580032
		],
		[
			2226126848,
			5905580032
		],
		[
			2226126848,
			5905580032
		],
		[
			2226126848,
			5905580032
		],
		[
			2226126848,
			5905580032
		],
		[
			2226126848,
			5905580032
		],
		[
			2226126848,
			5905580032
		],
		[
			2226126848,
			5905580032
		],
		[
			2226126848,
			5905580032
		],
		[
			2226126848,
			5905580032
		],
		[
			2226126848,
			5905580032
		],
		[
			2226126848,
			5905580032
		],
		[
			2226126848,
			5905580032
		],
		[
			2226126848,
			5905580032
		],
		[
			2226126848,
			5905580032
		],
		[
			2226126848,
			5905580032
		],
		[
			2226126848,
			5905580032
		],
		[
			2226126848,
			5905580032
		],
		[
			2226126848,
			5905580032
		],
		[
			2226126848,
			5905580032
		],
		[
			2226126848,
			5905580032
		],
		[
			2226126848,
			5905580032
		],
		[
			2226126848,
			5905580032
		],
		[
			2226126848,
			5905580032
		]
	],
	"utilization": [
		18,
		17,
		17,
		23,
		23,
		91,
		91,
		25,
		25,
		5,
		5,
		16,
		16,
		16,
		28,
		28,
		41,
		41,
		50,
		50,
		13,
		13,
		0,
		0,
		25,
		25,
		40,
		40,
		27,
		27,
		13,
		13,
		15,
		15,
		38,
		38,
		44,
		44,
		54,
		54,
		31,
		31,
		0,
		0,
		15,
		15,
		27,
		27,
		24,
		24,
		23,
		23,
		18,
		18,
		33,
		33,
		51,
		51,
		35,
		35,
		1,
		1,
		14,
		14,
		26,
		26,
		27,
		27,
		22,
		22,
		17,
		17,
		34,
		34,
		53,
		53,
		35,
		35,
		0,
		0,
		14,
		14,
		31,
		31,
		63,
		63,
		22,
		22,
		0,
		0
	],
	"computation_proportion": 20,
	"extra_dict": {}
}