{
	"model_name": "YoloV5S",
	"batch_size": 32,
	"duration_sec": 45,
	"mode": "train",
	"is_DDP": true,
	"process_group_backend": "gloo",
	"world_size": 4,
	"rank": 0,
	"local_rank": 0,
	"device_type": "gpu",
	"master_addr": "133.133.135.75",
	"master_port": 39920,
	"iteration_count": 94,
	"iteration_intervals": [
		1906080512,
		482881024,
		467087616,
		462862080,
		464422912,
		460377856,
		470363648,
		453265152,
		469833472,
		471039744,
		459584256,
		463972352,
		471916800,
		460827136,
		464693248,
		461583872,
		465373440,
		466637824,
		462033152,
		466325504,
		472894464,
		465805056,
		462427904,
		457993472,
		475378944,
		465582336,
		469004800,
		469353216,
		475689728,
		463840768,
		457166592,
		466308096,
		466535936,
		464912640,
		470054400,
		464909824,
		459216896,
		456870912,
		479039488,
		460372480,
		470242048,
		465471232,
		465944064,
		457015552,
		471375872,
		465473536,
		458252288,
		462673152,
		464671488,
		463069440,
		467552000,
		467328256,
		463043328,
		460378112,
		469286400,
		471307520,
		466519040,
		463340800,
		462633216,
		460375296,
		468209664,
		464693504,
		467793664,
		467212032,
		460633600,
		474355712,
		465477376,
		459107840,
		480613120,
		465267968,
		468031488,
		471428608,
		466262784,
		464659968,
		463053568,
		461331200,
		469734144,
		475419648,
		458812416,
		473683968,
		467377920,
		471859968,
		465359104,
		464637184,
		466586624,
		466468096,
		466739712,
		465211392,
		468711936,
		466746368,
		466068480,
		469028608,
		465682176,
		469055488
	],
	"iteration_intervals_avg": 465982622.2022472,
	"iteration_intervals_avg_second": 0.4659826222022472,
	"total_time_ns": 45257097984,
	"total_time_second": 45,
	"mem_infos": [
		[
			5323620352,
			5905580032
		],
		[
			5025824768,
			5905580032
		],
		[
			4801429504,
			5905580032
		],
		[
			2725249024,
			5905580032
		],
		[
			2695888896,
			5905580032
		],
		[
			2695888896,
			5905580032
		],
		[
			2695888896,
			5905580032
		],
		[
			2695888896,
			5905580032
		],
		[
			2695888896,
			5905580032
		],
		[
			2695888896,
			5905580032
		],
		[
			2695888896,
			5905580032
		],
		[
			2695888896,
			5905580032
		],
		[
			2695888896,
			5905580032
		],
		[
			2695888896,
			5905580032
		],
		[
			2695888896,
			5905580032
		],
		[
			2695888896,
			5905580032
		],
		[
			2695888896,
			5905580032
		],
		[
			2695888896,
			5905580032
		],
		[
			2695888896,
			5905580032
		],
		[
			2695888896,
			5905580032
		],
		[
			2695888896,
			5905580032
		],
		[
			2695888896,
			5905580032
		],
		[
			2695888896,
			5905580032
		],
		[
			2695888896,
			5905580032
		],
		[
			2695888896,
			5905580032
		],
		[
			2695888896,
			5905580032
		],
		[
			2695888896,
			5905580032
		],
		[
			2695888896,
			5905580032
		],
		[
			2695888896,
			5905580032
		],
		[
			2695888896,
			5905580032
		],
		[
			2695888896,
			5905580032
		],
		[
			2695888896,
			5905580032
		],
		[
			2695888896,
			5905580032
		],
		[
			2695888896,
			5905580032
		],
		[
			2695888896,
			5905580032
		],
		[
			2695888896,
			5905580032
		],
		[
			2695888896,
			5905580032
		],
		[
			2695888896,
			5905580032
		],
		[
			2695888896,
			5905580032
		],
		[
			2695888896,
			5905580032
		],
		[
			2695888896,
			5905580032
		],
		[
			2695888896,
			5905580032
		],
		[
			2695888896,
			5905580032
		],
		[
			2695888896,
			5905580032
		],
		[
			2695888896,
			5905580032
		],
		[
			2695888896,
			5905580032
		],
		[
			2695888896,
			5905580032
		],
		[
			2695888896,
			5905580032
		],
		[
			2695888896,
			5905580032
		],
		[
			2695888896,
			5905580032
		],
		[
			2695888896,
			5905580032
		],
		[
			2695888896,
			5905580032
		],
		[
			2695888896,
			5905580032
		],
		[
			2695888896,
			5905580032
		],
		[
			2695888896,
			5905580032
		],
		[
			2695888896,
			5905580032
		],
		[
			2695888896,
			5905580032
		],
		[
			2695888896,
			5905580032
		],
		[
			2695888896,
			5905580032
		],
		[
			2695888896,
			5905580032
		],
		[
			2695888896,
			5905580032
		],
		[
			2695888896,
			5905580032
		],
		[
			2695888896,
			5905580032
		],
		[
			2695888896,
			5905580032
		],
		[
			2695888896,
			5905580032
		],
		[
			2695888896,
			5905580032
		],
		[
			2695888896,
			5905580032
		],
		[
			2695888896,
			5905580032
		],
		[
			2695888896,
			5905580032
		],
		[
			2695888896,
			5905580032
		],
		[
			2695888896,
			5905580032
		],
		[
			2695888896,
			5905580032
		],
		[
			2695888896,
			5905580032
		],
		[
			2695888896,
			5905580032
		],
		[
			2695888896,
			5905580032
		],
		[
			2695888896,
			5905580032
		],
		[
			2695888896,
			5905580032
		],
		[
			2695888896,
			5905580032
		],
		[
			2695888896,
			5905580032
		],
		[
			2695888896,
			5905580032
		],
		[
			2695888896,
			5905580032
		],
		[
			2695888896,
			5905580032
		],
		[
			2695888896,
			5905580032
		],
		[
			2695888896,
			5905580032
		],
		[
			2695888896,
			5905580032
		],
		[
			2695888896,
			5905580032
		],
		[
			2695888896,
			5905580032
		],
		[
			2695888896,
			5905580032
		],
		[
			2695888896,
			5905580032
		],
		[
			2695888896,
			5905580032
		]
	],
	"utilization": [
		8,
		5,
		5,
		12,
		12,
		31,
		31,
		26,
		26,
		26,
		26,
		28,
		28,
		32,
		32,
		29,
		29,
		25,
		25,
		25,
		25,
		26,
		26,
		27,
		27,
		32,
		32,
		30,
		30,
		26,
		26,
		25,
		25,
		25,
		25,
		25,
		25,
		32,
		32,
		31,
		31,
		25,
		25,
		26,
		26,
		25,
		25,
		26,
		26,
		31,
		31,
		33,
		33,
		26,
		26,
		25,
		25,
		26,
		26,
		26,
		26,
		30,
		30,
		33,
		33,
		26,
		26,
		25,
		25,
		25,
		25,
		26,
		26,
		28,
		28,
		30,
		30,
		31,
		31,
		26,
		26,
		25,
		25,
		26,
		26,
		25,
		25,
		30,
		30,
		33
	],
	"computation_proportion": 50,
	"extra_dict": {}
}