{
	"model_name": "HarDNet",
	"batch_size": 128,
	"duration_sec": 45,
	"mode": "train",
	"is_DDP": true,
	"process_group_backend": "gloo",
	"world_size": 2,
	"rank": 1,
	"local_rank": 0,
	"device_type": "gpu",
	"master_addr": "133.133.135.75",
	"master_port": 39920,
	"iteration_count": 59,
	"iteration_intervals": [
		1835767296,
		846545152,
		852059648,
		850779648,
		740497920,
		731341568,
		732827904,
		736172288,
		852354560,
		732069888,
		738499840,
		734358528,
		846028800,
		732640512,
		620980224,
		724633856,
		741140992,
		730656768,
		617821184,
		742643200,
		726754048,
		728913152,
		733774848,
		739091200,
		736945664,
		841563392,
		743972352,
		851558912,
		731725568,
		846474496,
		737814272,
		732139776,
		740135936,
		728808448,
		738196224,
		729780224,
		728411904,
		734391808,
		731641344,
		744808448,
		729072640,
		851553536,
		731055616,
		737811200,
		720706816,
		741207040,
		735001600,
		843420928,
		745582848,
		745091840,
		731568640,
		845926400,
		617317376,
		736837888,
		846672896,
		732416000,
		741127680,
		731095296,
		743481344
	],
	"iteration_intervals_avg": 747185550.2222222,
	"iteration_intervals_avg_second": 0.7471855502222222,
	"total_time_ns": 45474520320,
	"total_time_second": 45,
	"mem_infos": [
		[
			11269046272,
			11811160064
		],
		[
			10388242432,
			11811160064
		],
		[
			10174332928,
			11811160064
		],
		[
			5204082688,
			11811160064
		],
		[
			4025483264,
			11811160064
		],
		[
			4025483264,
			11811160064
		],
		[
			4025483264,
			11811160064
		],
		[
			4025483264,
			11811160064
		],
		[
			4025483264,
			11811160064
		],
		[
			4025483264,
			11811160064
		],
		[
			4025483264,
			11811160064
		],
		[
			4025483264,
			11811160064
		],
		[
			4025483264,
			11811160064
		],
		[
			4025483264,
			11811160064
		],
		[
			4025483264,
			11811160064
		],
		[
			4025483264,
			11811160064
		],
		[
			4025483264,
			11811160064
		],
		[
			4025483264,
			11811160064
		],
		[
			4025483264,
			11811160064
		],
		[
			4025483264,
			11811160064
		],
		[
			4025483264,
			11811160064
		],
		[
			4025483264,
			11811160064
		],
		[
			4025483264,
			11811160064
		],
		[
			4025483264,
			11811160064
		],
		[
			4025483264,
			11811160064
		],
		[
			4025483264,
			11811160064
		],
		[
			4025483264,
			11811160064
		],
		[
			4025483264,
			11811160064
		],
		[
			4025483264,
			11811160064
		],
		[
			4025483264,
			11811160064
		],
		[
			4025483264,
			11811160064
		],
		[
			4025483264,
			11811160064
		],
		[
			4025483264,
			11811160064
		],
		[
			4025483264,
			11811160064
		],
		[
			4025483264,
			11811160064
		],
		[
			4025483264,
			11811160064
		],
		[
			4025483264,
			11811160064
		],
		[
			4025483264,
			11811160064
		],
		[
			4025483264,
			11811160064
		],
		[
			4025483264,
			11811160064
		],
		[
			4025483264,
			11811160064
		],
		[
			4025483264,
			11811160064
		],
		[
			4025483264,
			11811160064
		],
		[
			4025483264,
			11811160064
		],
		[
			4025483264,
			11811160064
		],
		[
			4025483264,
			11811160064
		],
		[
			4025483264,
			11811160064
		],
		[
			4025483264,
			11811160064
		],
		[
			4025483264,
			11811160064
		],
		[
			4025483264,
			11811160064
		],
		[
			4025483264,
			11811160064
		],
		[
			4025483264,
			11811160064
		],
		[
			4025483264,
			11811160064
		],
		[
			4025483264,
			11811160064
		],
		[
			4025483264,
			11811160064
		],
		[
			4025483264,
			11811160064
		],
		[
			4025483264,
			11811160064
		],
		[
			4025483264,
			11811160064
		],
		[
			4025483264,
			11811160064
		],
		[
			4025483264,
			11811160064
		],
		[
			4025483264,
			11811160064
		],
		[
			4025483264,
			11811160064
		],
		[
			4025483264,
			11811160064
		],
		[
			4025483264,
			11811160064
		],
		[
			4025483264,
			11811160064
		],
		[
			4025483264,
			11811160064
		],
		[
			4025483264,
			11811160064
		],
		[
			4025483264,
			11811160064
		],
		[
			4025483264,
			11811160064
		],
		[
			4025483264,
			11811160064
		],
		[
			4025483264,
			11811160064
		],
		[
			4025483264,
			11811160064
		],
		[
			4025483264,
			11811160064
		],
		[
			4025483264,
			11811160064
		],
		[
			4025483264,
			11811160064
		],
		[
			4025483264,
			11811160064
		],
		[
			4025483264,
			11811160064
		],
		[
			4025483264,
			11811160064
		],
		[
			4025483264,
			11811160064
		],
		[
			4025483264,
			11811160064
		],
		[
			4025483264,
			11811160064
		],
		[
			4025483264,
			11811160064
		],
		[
			4025483264,
			11811160064
		],
		[
			4025483264,
			11811160064
		],
		[
			4025483264,
			11811160064
		],
		[
			4025483264,
			11811160064
		],
		[
			4025483264,
			11811160064
		],
		[
			4025483264,
			11811160064
		],
		[
			4025483264,
			11811160064
		],
		[
			4025483264,
			11811160064
		]
	],
	"utilization": [
		3,
		8,
		8,
		15,
		15,
		16,
		16,
		21,
		21,
		19,
		19,
		21,
		21,
		21,
		21,
		21,
		20,
		20,
		19,
		19,
		23,
		23,
		19,
		19,
		19,
		19,
		26,
		26,
		20,
		20,
		24,
		24,
		20,
		20,
		22,
		22,
		24,
		24,
		18,
		18,
		21,
		21,
		22,
		22,
		19,
		19,
		19,
		19,
		22,
		22,
		21,
		21,
		19,
		19,
		23,
		23,
		19,
		19,
		22,
		22,
		24,
		24,
		19,
		19,
		21,
		21,
		21,
		21,
		21,
		21,
		22,
		22,
		21,
		21,
		18,
		18,
		24,
		24,
		20,
		20,
		18,
		18,
		22,
		22,
		23,
		23,
		19,
		19,
		21,
		21
	],
	"computation_proportion": 20,
	"extra_dict": {}
}