{
	"model_name": "YoloV5N",
	"batch_size": 64,
	"duration_sec": 45,
	"mode": "train",
	"is_DDP": true,
	"process_group_backend": "gloo",
	"world_size": 2,
	"rank": 0,
	"local_rank": 0,
	"device_type": "gpu",
	"master_addr": "133.133.135.74",
	"master_port": 39920,
	"iteration_count": 118,
	"iteration_intervals": [
		1289191936,
		152067328,
		178714112,
		154002432,
		150023168,
		172710400,
		153799936,
		168536320,
		171762944,
		175998208,
		150730240,
		143503872,
		171699200,
		349796096,
		364988416,
		606181888,
		642812416,
		591532544,
		604095744,
		373291264,
		480964096,
		368297216,
		371492096,
		364606720,
		353031680,
		270629120,
		354710272,
		360890624,
		354319872,
		376682496,
		370029056,
		483505152,
		475980800,
		485825024,
		502109696,
		475609600,
		373827840,
		368814848,
		360697088,
		359438080,
		389833728,
		226816000,
		370263040,
		354012672,
		373135104,
		372525312,
		470550784,
		376253440,
		596548608,
		486719744,
		383050496,
		473407232,
		376107776,
		362056192,
		366793216,
		361936384,
		252453888,
		364551936,
		361695744,
		364317184,
		475953408,
		371556864,
		493943296,
		492879616,
		512348160,
		458073856,
		482510336,
		368832256,
		357288448,
		374603264,
		483700224,
		368508416,
		367934208,
		372974080,
		357488640,
		361578496,
		280792832,
		334921728,
		363638272,
		385677056,
		459657216,
		375074048,
		481238016,
		364333312,
		366752768,
		366832896,
		356365312,
		263737600,
		359762688,
		367061760,
		474428928,
		375375360,
		480245504,
		372958976,
		376562944,
		369145856,
		359187968,
		357492224,
		365837568,
		359494144,
		375070464,
		474782720,
		492037120,
		366360320,
		375137792,
		394282496,
		341331712,
		363010304,
		358726656,
		368610048,
		472395264,
		378204160,
		491894016,
		471507456,
		370567168,
		375980288,
		364635904,
		361727744
	],
	"iteration_intervals_avg": 383618933.8053097,
	"iteration_intervals_avg_second": 0.3836189338053097,
	"total_time_ns": 45274844416,
	"total_time_second": 45,
	"mem_infos": [
		[
			11120148480,
			11811160064
		],
		[
			10805575680,
			11811160064
		],
		[
			10325327872,
			11811160064
		],
		[
			8836349952,
			11811160064
		],
		[
			8769241088,
			11811160064
		],
		[
			8769241088,
			11811160064
		],
		[
			8769241088,
			11811160064
		],
		[
			8769241088,
			11811160064
		],
		[
			8769241088,
			11811160064
		],
		[
			8769241088,
			11811160064
		],
		[
			8769241088,
			11811160064
		],
		[
			8769241088,
			11811160064
		],
		[
			8769241088,
			11811160064
		],
		[
			8769241088,
			11811160064
		],
		[
			8769241088,
			11811160064
		],
		[
			8769241088,
			11811160064
		],
		[
			8769241088,
			11811160064
		],
		[
			8769241088,
			11811160064
		],
		[
			8769241088,
			11811160064
		],
		[
			8769241088,
			11811160064
		],
		[
			8769241088,
			11811160064
		],
		[
			8769241088,
			11811160064
		],
		[
			8769241088,
			11811160064
		],
		[
			8769241088,
			11811160064
		],
		[
			8769241088,
			11811160064
		],
		[
			8769241088,
			11811160064
		],
		[
			8769241088,
			11811160064
		],
		[
			8769241088,
			11811160064
		],
		[
			8769241088,
			11811160064
		],
		[
			8769241088,
			11811160064
		],
		[
			8769241088,
			11811160064
		],
		[
			8769241088,
			11811160064
		],
		[
			8769241088,
			11811160064
		],
		[
			8769241088,
			11811160064
		],
		[
			8769241088,
			11811160064
		],
		[
			8769241088,
			11811160064
		],
		[
			8769241088,
			11811160064
		],
		[
			8769241088,
			11811160064
		],
		[
			8769241088,
			11811160064
		],
		[
			8769241088,
			11811160064
		],
		[
			8769241088,
			11811160064
		],
		[
			8769241088,
			11811160064
		],
		[
			8769241088,
			11811160064
		],
		[
			8769241088,
			11811160064
		],
		[
			8769241088,
			11811160064
		],
		[
			8769241088,
			11811160064
		],
		[
			8769241088,
			11811160064
		],
		[
			8769241088,
			11811160064
		],
		[
			8769241088,
			11811160064
		],
		[
			8769241088,
			11811160064
		],
		[
			8769241088,
			11811160064
		],
		[
			8769241088,
			11811160064
		],
		[
			8769241088,
			11811160064
		],
		[
			8769241088,
			11811160064
		],
		[
			8769241088,
			11811160064
		],
		[
			8769241088,
			11811160064
		],
		[
			8769241088,
			11811160064
		],
		[
			8769241088,
			11811160064
		],
		[
			8769241088,
			11811160064
		],
		[
			8769241088,
			11811160064
		],
		[
			8769241088,
			11811160064
		],
		[
			8769241088,
			11811160064
		],
		[
			8769241088,
			11811160064
		],
		[
			8769241088,
			11811160064
		],
		[
			8769241088,
			11811160064
		],
		[
			8769241088,
			11811160064
		],
		[
			8769241088,
			11811160064
		],
		[
			8769241088,
			11811160064
		],
		[
			8769241088,
			11811160064
		],
		[
			8769241088,
			11811160064
		],
		[
			8769241088,
			11811160064
		],
		[
			8769241088,
			11811160064
		],
		[
			8769241088,
			11811160064
		],
		[
			8769241088,
			11811160064
		],
		[
			8769241088,
			11811160064
		],
		[
			8769241088,
			11811160064
		],
		[
			8769241088,
			11811160064
		],
		[
			8769241088,
			11811160064
		],
		[
			8769241088,
			11811160064
		],
		[
			8769241088,
			11811160064
		],
		[
			8769241088,
			11811160064
		],
		[
			8769241088,
			11811160064
		],
		[
			8769241088,
			11811160064
		],
		[
			8769241088,
			11811160064
		],
		[
			8769241088,
			11811160064
		],
		[
			8769241088,
			11811160064
		],
		[
			8769241088,
			11811160064
		],
		[
			8769241088,
			11811160064
		],
		[
			8769241088,
			11811160064
		],
		[
			8769241088,
			11811160064
		]
	],
	"utilization": [
		11,
		11,
		9,
		9,
		31,
		31,
		33,
		33,
		22,
		22,
		9,
		9,
		11,
		11,
		14,
		14,
		15,
		15,
		19,
		19,
		18,
		18,
		17,
		17,
		13,
		13,
		13,
		13,
		15,
		15,
		18,
		18,
		19,
		19,
		17,
		17,
		13,
		13,
		14,
		14,
		15,
		15,
		17,
		17,
		20,
		20,
		17,
		17,
		12,
		12,
		13,
		13,
		16,
		16,
		16,
		16,
		15,
		15,
		17,
		17,
		20,
		20,
		15,
		15,
		14,
		14,
		18,
		18,
		19,
		19,
		15,
		15,
		15,
		15,
		17,
		17,
		19,
		19,
		15,
		15,
		15,
		15,
		17,
		17,
		19,
		19,
		14,
		14,
		14,
		14
	],
	"computation_proportion": 15,
	"extra_dict": {}
}