{
	"model_name": "GhostNet",
	"batch_size": 256,
	"duration_sec": 45,
	"mode": "train",
	"is_DDP": true,
	"process_group_backend": "gloo",
	"world_size": 1,
	"rank": 0,
	"local_rank": 0,
	"device_type": "gpu",
	"master_addr": "133.133.135.75",
	"master_port": 39920,
	"iteration_count": 52,
	"iteration_intervals": [
		1916877824,
		969731072,
		848272128,
		854355456,
		862240512,
		852144384,
		854044672,
		858151680,
		851427584,
		849890560,
		861074944,
		844757248,
		856379648,
		858518528,
		856090624,
		859200256,
		823269376,
		780881920,
		857723648,
		842613248,
		863378944,
		846521856,
		861706496,
		852842496,
		849813248,
		859333120,
		850560768,
		862166016,
		849439744,
		857932032,
		852199424,
		856098304,
		851334912,
		857525760,
		853760256,
		851446784,
		752902912,
		856576512,
		850192640,
		858110208,
		838534400,
		862715648,
		850924288,
		859804416,
		859458560,
		858740480,
		845818112,
		856226560,
		858138112,
		849619456,
		853982720,
		858328576
	],
	"iteration_intervals_avg": 850048980.4255319,
	"iteration_intervals_avg_second": 0.8500489804255319,
	"total_time_ns": 45404757248,
	"total_time_second": 45,
	"mem_infos": [
		[
			11269046272,
			11811160064
		],
		[
			9712959488,
			11811160064
		],
		[
			9478078464,
			11811160064
		],
		[
			881852416,
			11811160064
		],
		[
			1196425216,
			11811160064
		],
		[
			441450496,
			11811160064
		],
		[
			441450496,
			11811160064
		],
		[
			441450496,
			11811160064
		],
		[
			441450496,
			11811160064
		],
		[
			441450496,
			11811160064
		],
		[
			441450496,
			11811160064
		],
		[
			441450496,
			11811160064
		],
		[
			441450496,
			11811160064
		],
		[
			441450496,
			11811160064
		],
		[
			441450496,
			11811160064
		],
		[
			441450496,
			11811160064
		],
		[
			441450496,
			11811160064
		],
		[
			441450496,
			11811160064
		],
		[
			441450496,
			11811160064
		],
		[
			441450496,
			11811160064
		],
		[
			441450496,
			11811160064
		],
		[
			441450496,
			11811160064
		],
		[
			441450496,
			11811160064
		],
		[
			441450496,
			11811160064
		],
		[
			441450496,
			11811160064
		],
		[
			441450496,
			11811160064
		],
		[
			441450496,
			11811160064
		],
		[
			441450496,
			11811160064
		],
		[
			441450496,
			11811160064
		],
		[
			441450496,
			11811160064
		],
		[
			441450496,
			11811160064
		],
		[
			441450496,
			11811160064
		],
		[
			441450496,
			11811160064
		],
		[
			441450496,
			11811160064
		],
		[
			441450496,
			11811160064
		],
		[
			441450496,
			11811160064
		],
		[
			441450496,
			11811160064
		],
		[
			441450496,
			11811160064
		],
		[
			441450496,
			11811160064
		],
		[
			441450496,
			11811160064
		],
		[
			441450496,
			11811160064
		],
		[
			441450496,
			11811160064
		],
		[
			441450496,
			11811160064
		],
		[
			441450496,
			11811160064
		],
		[
			441450496,
			11811160064
		],
		[
			441450496,
			11811160064
		],
		[
			441450496,
			11811160064
		],
		[
			441450496,
			11811160064
		],
		[
			441450496,
			11811160064
		],
		[
			441450496,
			11811160064
		],
		[
			441450496,
			11811160064
		],
		[
			441450496,
			11811160064
		],
		[
			441450496,
			11811160064
		],
		[
			441450496,
			11811160064
		],
		[
			441450496,
			11811160064
		],
		[
			441450496,
			11811160064
		],
		[
			441450496,
			11811160064
		],
		[
			441450496,
			11811160064
		],
		[
			441450496,
			11811160064
		],
		[
			441450496,
			11811160064
		],
		[
			441450496,
			11811160064
		],
		[
			441450496,
			11811160064
		],
		[
			441450496,
			11811160064
		],
		[
			441450496,
			11811160064
		],
		[
			441450496,
			11811160064
		],
		[
			441450496,
			11811160064
		],
		[
			441450496,
			11811160064
		],
		[
			441450496,
			11811160064
		],
		[
			441450496,
			11811160064
		],
		[
			441450496,
			11811160064
		],
		[
			441450496,
			11811160064
		],
		[
			441450496,
			11811160064
		],
		[
			441450496,
			11811160064
		],
		[
			441450496,
			11811160064
		],
		[
			441450496,
			11811160064
		],
		[
			441450496,
			11811160064
		],
		[
			441450496,
			11811160064
		],
		[
			441450496,
			11811160064
		],
		[
			441450496,
			11811160064
		],
		[
			441450496,
			11811160064
		],
		[
			441450496,
			11811160064
		],
		[
			441450496,
			11811160064
		],
		[
			441450496,
			11811160064
		],
		[
			441450496,
			11811160064
		],
		[
			441450496,
			11811160064
		],
		[
			441450496,
			11811160064
		],
		[
			441450496,
			11811160064
		],
		[
			441450496,
			11811160064
		],
		[
			441450496,
			11811160064
		],
		[
			441450496,
			11811160064
		]
	],
	"utilization": [
		0,
		5,
		5,
		7,
		7,
		40,
		40,
		28,
		28,
		31,
		31,
		33,
		33,
		34,
		34,
		33,
		33,
		30,
		30,
		30,
		30,
		35,
		35,
		35,
		35,
		30,
		30,
		31,
		31,
		32,
		32,
		32,
		32,
		32,
		32,
		33,
		33,
		33,
		33,
		30,
		30,
		31,
		31,
		33,
		33,
		34,
		34,
		33,
		33,
		30,
		30,
		30,
		30,
		34,
		34,
		36,
		36,
		30,
		30,
		31,
		31,
		33,
		33,
		31,
		31,
		32,
		32,
		33,
		33,
		33,
		33,
		30,
		30,
		31,
		31,
		34,
		34,
		34,
		34,
		33,
		33,
		30,
		30,
		31,
		31,
		35,
		35,
		35,
		35,
		30
	],
	"computation_proportion": 85,
	"extra_dict": {}
}