{
	"model_name": "ConvNeXtS",
	"batch_size": 8,
	"duration_sec": 45,
	"mode": "train",
	"is_DDP": true,
	"process_group_backend": "gloo",
	"world_size": 4,
	"rank": 2,
	"local_rank": 0,
	"device_type": "gpu",
	"master_addr": "133.133.135.75",
	"master_port": 39920,
	"iteration_count": 54,
	"iteration_intervals": [
		1485906944,
		1328565760,
		484890112,
		2104520960,
		1235925760,
		1216551680,
		1099754752,
		528195840,
		445788160,
		482615040,
		2206471168,
		608767488,
		635665152,
		1193046784,
		768465408,
		485817600,
		367398144,
		307275008,
		250397440,
		252079104,
		239706880,
		263151616,
		1465935616,
		738078208,
		742470912,
		598141952,
		396044032,
		467081216,
		2446647552,
		519615488,
		389414400,
		334232832,
		1918480896,
		1035489024,
		492354048,
		361694464,
		342302464,
		2799218944,
		488844032,
		358172416,
		280032512,
		2788810496,
		498204928,
		620690688,
		1827196416,
		726194176,
		739976960,
		491579136,
		374965504,
		372668416,
		840440576,
		728100352,
		403541248,
		2363148800
	],
	"iteration_intervals_avg": 822467672.8163265,
	"iteration_intervals_avg_second": 0.8224676728163265,
	"total_time_ns": 46942456320,
	"total_time_second": 46,
	"mem_infos": [
		[
			4881121280,
			5905580032
		],
		[
			4696571904,
			5905580032
		],
		[
			4499439616,
			5905580032
		],
		[
			3442475008,
			5905580032
		],
		[
			3442475008,
			5905580032
		],
		[
			3209691136,
			5905580032
		],
		[
			3209691136,
			5905580032
		],
		[
			3209691136,
			5905580032
		],
		[
			3209691136,
			5905580032
		],
		[
			3209691136,
			5905580032
		],
		[
			3209691136,
			5905580032
		],
		[
			3209691136,
			5905580032
		],
		[
			3209691136,
			5905580032
		],
		[
			3209691136,
			5905580032
		],
		[
			3209691136,
			5905580032
		],
		[
			3209691136,
			5905580032
		],
		[
			3209691136,
			5905580032
		],
		[
			3209691136,
			5905580032
		],
		[
			3209691136,
			5905580032
		],
		[
			3209691136,
			5905580032
		],
		[
			3209691136,
			5905580032
		],
		[
			3209691136,
			5905580032
		],
		[
			3209691136,
			5905580032
		],
		[
			3209691136,
			5905580032
		],
		[
			3209691136,
			5905580032
		],
		[
			3209691136,
			5905580032
		],
		[
			3209691136,
			5905580032
		],
		[
			3209691136,
			5905580032
		],
		[
			3209691136,
			5905580032
		],
		[
			3209691136,
			5905580032
		],
		[
			3209691136,
			5905580032
		],
		[
			3209691136,
			5905580032
		],
		[
			3209691136,
			5905580032
		],
		[
			3209691136,
			5905580032
		],
		[
			3209691136,
			5905580032
		],
		[
			3209691136,
			5905580032
		],
		[
			3209691136,
			5905580032
		],
		[
			3209691136,
			5905580032
		],
		[
			3209691136,
			5905580032
		],
		[
			3209691136,
			5905580032
		],
		[
			3209691136,
			5905580032
		],
		[
			3209691136,
			5905580032
		],
		[
			3209691136,
			5905580032
		],
		[
			3209691136,
			5905580032
		],
		[
			3209691136,
			5905580032
		],
		[
			3209691136,
			5905580032
		],
		[
			3209691136,
			5905580032
		],
		[
			3209691136,
			5905580032
		],
		[
			3209691136,
			5905580032
		],
		[
			3209691136,
			5905580032
		],
		[
			3209691136,
			5905580032
		],
		[
			3209691136,
			5905580032
		],
		[
			3209691136,
			5905580032
		],
		[
			3209691136,
			5905580032
		],
		[
			3209691136,
			5905580032
		],
		[
			3209691136,
			5905580032
		],
		[
			3209691136,
			5905580032
		],
		[
			3209691136,
			5905580032
		],
		[
			3209691136,
			5905580032
		],
		[
			3209691136,
			5905580032
		],
		[
			3209691136,
			5905580032
		],
		[
			3209691136,
			5905580032
		],
		[
			3209691136,
			5905580032
		],
		[
			3209691136,
			5905580032
		],
		[
			3209691136,
			5905580032
		],
		[
			3209691136,
			5905580032
		],
		[
			3209691136,
			5905580032
		],
		[
			3209691136,
			5905580032
		],
		[
			3209691136,
			5905580032
		],
		[
			3209691136,
			5905580032
		],
		[
			3209691136,
			5905580032
		],
		[
			3209691136,
			5905580032
		],
		[
			3209691136,
			5905580032
		],
		[
			3209691136,
			5905580032
		],
		[
			3209691136,
			5905580032
		],
		[
			3209691136,
			5905580032
		],
		[
			3209691136,
			5905580032
		],
		[
			3209691136,
			5905580032
		],
		[
			3209691136,
			5905580032
		],
		[
			3209691136,
			5905580032
		],
		[
			3209691136,
			5905580032
		],
		[
			3209691136,
			5905580032
		],
		[
			3209691136,
			5905580032
		],
		[
			3209691136,
			5905580032
		],
		[
			3209691136,
			5905580032
		],
		[
			3209691136,
			5905580032
		],
		[
			3209691136,
			5905580032
		],
		[
			3209691136,
			5905580032
		],
		[
			3209691136,
			5905580032
		],
		[
			3209691136,
			5905580032
		]
	],
	"utilization": [
		44,
		44,
		37,
		37,
		47,
		47,
		15,
		15,
		21,
		21,
		6,
		6,
		16,
		16,
		20,
		20,
		10,
		10,
		15,
		15,
		34,
		34,
		34,
		34,
		0,
		0,
		21,
		21,
		29,
		29,
		18,
		18,
		23,
		23,
		42,
		42,
		74,
		74,
		18,
		18,
		16,
		16,
		27,
		27,
		37,
		37,
		27,
		27,
		0,
		0,
		20,
		20,
		40,
		40,
		26,
		26,
		0,
		0,
		16,
		16,
		47,
		47,
		20,
		20,
		0,
		0,
		12,
		12,
		48,
		48,
		17,
		17,
		0,
		0,
		20,
		20,
		31,
		31,
		16,
		16,
		19,
		19,
		20,
		20,
		40,
		40,
		38,
		38,
		21,
		21
	],
	"computation_proportion": 15,
	"extra_dict": {}
}