{
	"model_name": "GhostNet",
	"batch_size": 32,
	"duration_sec": 45,
	"mode": "train",
	"is_DDP": true,
	"process_group_backend": "gloo",
	"world_size": 2,
	"rank": 1,
	"local_rank": 0,
	"device_type": "gpu",
	"master_addr": "133.133.135.74",
	"master_port": 39920,
	"iteration_count": 60,
	"iteration_intervals": [
		1261120256,
		446419712,
		738978816,
		1094217728,
		867345152,
		730123008,
		607553024,
		615720192,
		974342656,
		979053824,
		743313920,
		484881920,
		611702784,
		859863296,
		971154432,
		741825536,
		609385216,
		606335488,
		734682112,
		1097723136,
		858686464,
		617726976,
		607309824,
		733098496,
		983290112,
		975550720,
		734172160,
		496715008,
		485140480,
		485353472,
		487053312,
		620485120,
		850303232,
		1226075904,
		857188352,
		723831040,
		619265024,
		855277824,
		612379904,
		850206976,
		735306496,
		608414464,
		495978496,
		484645888,
		492537600,
		610266112,
		860133632,
		1217818624,
		856528128,
		728151552,
		616034816,
		736262144,
		1226231552,
		849356288,
		608480768,
		504118016,
		849953792,
		1100698624,
		727240448,
		623601664
	],
	"iteration_intervals_avg": 745064182.6909091,
	"iteration_intervals_avg_second": 0.7450641826909091,
	"total_time_ns": 45387639296,
	"total_time_second": 45,
	"mem_infos": [
		[
			11269046272,
			11811160064
		],
		[
			10868490240,
			11811160064
		],
		[
			10623123456,
			11811160064
		],
		[
			9027190784,
			11811160064
		],
		[
			9027190784,
			11811160064
		],
		[
			9027190784,
			11811160064
		],
		[
			9027190784,
			11811160064
		],
		[
			9027190784,
			11811160064
		],
		[
			9027190784,
			11811160064
		],
		[
			9027190784,
			11811160064
		],
		[
			9027190784,
			11811160064
		],
		[
			9027190784,
			11811160064
		],
		[
			9027190784,
			11811160064
		],
		[
			9027190784,
			11811160064
		],
		[
			9027190784,
			11811160064
		],
		[
			9027190784,
			11811160064
		],
		[
			9027190784,
			11811160064
		],
		[
			9027190784,
			11811160064
		],
		[
			9027190784,
			11811160064
		],
		[
			9027190784,
			11811160064
		],
		[
			9027190784,
			11811160064
		],
		[
			9027190784,
			11811160064
		],
		[
			9027190784,
			11811160064
		],
		[
			9027190784,
			11811160064
		],
		[
			9027190784,
			11811160064
		],
		[
			9027190784,
			11811160064
		],
		[
			9027190784,
			11811160064
		],
		[
			9027190784,
			11811160064
		],
		[
			9027190784,
			11811160064
		],
		[
			9027190784,
			11811160064
		],
		[
			9027190784,
			11811160064
		],
		[
			9027190784,
			11811160064
		],
		[
			9027190784,
			11811160064
		],
		[
			9027190784,
			11811160064
		],
		[
			9027190784,
			11811160064
		],
		[
			9027190784,
			11811160064
		],
		[
			9027190784,
			11811160064
		],
		[
			9027190784,
			11811160064
		],
		[
			9027190784,
			11811160064
		],
		[
			9027190784,
			11811160064
		],
		[
			9027190784,
			11811160064
		],
		[
			9027190784,
			11811160064
		],
		[
			9027190784,
			11811160064
		],
		[
			9027190784,
			11811160064
		],
		[
			9027190784,
			11811160064
		],
		[
			9027190784,
			11811160064
		],
		[
			9027190784,
			11811160064
		],
		[
			9027190784,
			11811160064
		],
		[
			9027190784,
			11811160064
		],
		[
			9027190784,
			11811160064
		],
		[
			9027190784,
			11811160064
		],
		[
			9027190784,
			11811160064
		],
		[
			9027190784,
			11811160064
		],
		[
			9027190784,
			11811160064
		],
		[
			9027190784,
			11811160064
		],
		[
			9027190784,
			11811160064
		],
		[
			9027190784,
			11811160064
		],
		[
			9027190784,
			11811160064
		],
		[
			9027190784,
			11811160064
		],
		[
			9027190784,
			11811160064
		],
		[
			9027190784,
			11811160064
		],
		[
			9027190784,
			11811160064
		],
		[
			9027190784,
			11811160064
		],
		[
			9027190784,
			11811160064
		],
		[
			9027190784,
			11811160064
		],
		[
			9027190784,
			11811160064
		],
		[
			9027190784,
			11811160064
		],
		[
			9027190784,
			11811160064
		],
		[
			9027190784,
			11811160064
		],
		[
			9027190784,
			11811160064
		],
		[
			9027190784,
			11811160064
		],
		[
			9027190784,
			11811160064
		],
		[
			9027190784,
			11811160064
		],
		[
			9027190784,
			11811160064
		],
		[
			9027190784,
			11811160064
		],
		[
			9027190784,
			11811160064
		],
		[
			9027190784,
			11811160064
		],
		[
			9027190784,
			11811160064
		],
		[
			9027190784,
			11811160064
		],
		[
			9027190784,
			11811160064
		],
		[
			9027190784,
			11811160064
		],
		[
			9027190784,
			11811160064
		],
		[
			9027190784,
			11811160064
		],
		[
			9027190784,
			11811160064
		],
		[
			9027190784,
			11811160064
		],
		[
			9027190784,
			11811160064
		],
		[
			9027190784,
			11811160064
		],
		[
			9027190784,
			11811160064
		],
		[
			9027190784,
			11811160064
		],
		[
			9027190784,
			11811160064
		]
	],
	"utilization": [
		1,
		4,
		4,
		11,
		11,
		5,
		5,
		4,
		4,
		4,
		4,
		8,
		8,
		4,
		4,
		4,
		4,
		6,
		6,
		7,
		7,
		8,
		8,
		4,
		4,
		4,
		4,
		6,
		6,
		7,
		7,
		4,
		4,
		4,
		4,
		8,
		8,
		4,
		4,
		4,
		4,
		4,
		4,
		8,
		8,
		8,
		8,
		8,
		8,
		4,
		4,
		4,
		4,
		4,
		4,
		4,
		4,
		8,
		8,
		4,
		4,
		4,
		4,
		8,
		8,
		8,
		8,
		8,
		8,
		4,
		4,
		4,
		4,
		4,
		4,
		4,
		4,
		8,
		8,
		4,
		4,
		4,
		4,
		4,
		4,
		8,
		8,
		4,
		4,
		4
	],
	"computation_proportion": 5,
	"extra_dict": {}
}