{
	"model_name": "YoloV5S",
	"batch_size": 16,
	"duration_sec": 45,
	"mode": "train",
	"is_DDP": true,
	"process_group_backend": "gloo",
	"world_size": 4,
	"rank": 1,
	"local_rank": 0,
	"device_type": "gpu",
	"master_addr": "133.133.135.75",
	"master_port": 39920,
	"iteration_count": 83,
	"iteration_intervals": [
		1872960000,
		452397824,
		437017344,
		428492544,
		434138112,
		434091264,
		430428928,
		442034944,
		437848064,
		433775104,
		433593856,
		428307712,
		430725376,
		431628544,
		444053248,
		437801472,
		1550367744,
		939927296,
		448377344,
		442025984,
		434633728,
		440240384,
		438959104,
		436648704,
		1147440384,
		445758208,
		440308992,
		438152960,
		438370560,
		451027200,
		433829632,
		786482432,
		740420864,
		452524032,
		429180416,
		437848064,
		433735680,
		444173568,
		431093248,
		433692672,
		1824739072,
		438208768,
		437207552,
		437719808,
		436272640,
		428294144,
		1737944576,
		497721088,
		432964608,
		427751168,
		444428544,
		434256640,
		444679168,
		438813696,
		427924992,
		431206656,
		428900096,
		438137600,
		430363648,
		431223552,
		427265024,
		434988288,
		1610547712,
		450564608,
		426203904,
		456020736,
		433048576,
		465105408,
		939212800,
		455584256,
		436122624,
		442707200,
		420372736,
		440691712,
		433730560,
		432527872,
		436840960,
		433485568,
		441455104,
		431322880,
		424077056,
		450030592,
		442168064
	],
	"iteration_intervals_avg": 532209486.7692308,
	"iteration_intervals_avg_second": 0.5322094867692307,
	"total_time_ns": 45138556416,
	"total_time_second": 45,
	"mem_infos": [
		[
			5323620352,
			5905580032
		],
		[
			5080350720,
			5905580032
		],
		[
			4860149760,
			5905580032
		],
		[
			3878682624,
			5905580032
		],
		[
			3815768064,
			5905580032
		],
		[
			3813670912,
			5905580032
		],
		[
			3813670912,
			5905580032
		],
		[
			3813670912,
			5905580032
		],
		[
			3813670912,
			5905580032
		],
		[
			3813670912,
			5905580032
		],
		[
			3813670912,
			5905580032
		],
		[
			3813670912,
			5905580032
		],
		[
			3813670912,
			5905580032
		],
		[
			3813670912,
			5905580032
		],
		[
			3813670912,
			5905580032
		],
		[
			3813670912,
			5905580032
		],
		[
			3813670912,
			5905580032
		],
		[
			3813670912,
			5905580032
		],
		[
			3813670912,
			5905580032
		],
		[
			3813670912,
			5905580032
		],
		[
			3813670912,
			5905580032
		],
		[
			3813670912,
			5905580032
		],
		[
			3813670912,
			5905580032
		],
		[
			3813670912,
			5905580032
		],
		[
			3813670912,
			5905580032
		],
		[
			3813670912,
			5905580032
		],
		[
			3813670912,
			5905580032
		],
		[
			3813670912,
			5905580032
		],
		[
			3813670912,
			5905580032
		],
		[
			3813670912,
			5905580032
		],
		[
			3813670912,
			5905580032
		],
		[
			3813670912,
			5905580032
		],
		[
			3813670912,
			5905580032
		],
		[
			3813670912,
			5905580032
		],
		[
			3813670912,
			5905580032
		],
		[
			3813670912,
			5905580032
		],
		[
			3813670912,
			5905580032
		],
		[
			3813670912,
			5905580032
		],
		[
			3813670912,
			5905580032
		],
		[
			3813670912,
			5905580032
		],
		[
			3813670912,
			5905580032
		],
		[
			3813670912,
			5905580032
		],
		[
			3813670912,
			5905580032
		],
		[
			3813670912,
			5905580032
		],
		[
			3813670912,
			5905580032
		],
		[
			3813670912,
			5905580032
		],
		[
			3813670912,
			5905580032
		],
		[
			3813670912,
			5905580032
		],
		[
			3813670912,
			5905580032
		],
		[
			3813670912,
			5905580032
		],
		[
			3813670912,
			5905580032
		],
		[
			3813670912,
			5905580032
		],
		[
			3813670912,
			5905580032
		],
		[
			3813670912,
			5905580032
		],
		[
			3813670912,
			5905580032
		],
		[
			3813670912,
			5905580032
		],
		[
			3813670912,
			5905580032
		],
		[
			3813670912,
			5905580032
		],
		[
			3813670912,
			5905580032
		],
		[
			3813670912,
			5905580032
		],
		[
			3813670912,
			5905580032
		],
		[
			3813670912,
			5905580032
		],
		[
			3813670912,
			5905580032
		],
		[
			3813670912,
			5905580032
		],
		[
			3813670912,
			5905580032
		],
		[
			3813670912,
			5905580032
		],
		[
			3813670912,
			5905580032
		],
		[
			3813670912,
			5905580032
		],
		[
			3813670912,
			5905580032
		],
		[
			3813670912,
			5905580032
		],
		[
			3813670912,
			5905580032
		],
		[
			3813670912,
			5905580032
		],
		[
			3813670912,
			5905580032
		],
		[
			3813670912,
			5905580032
		],
		[
			3813670912,
			5905580032
		],
		[
			3813670912,
			5905580032
		],
		[
			3813670912,
			5905580032
		],
		[
			3813670912,
			5905580032
		],
		[
			3813670912,
			5905580032
		],
		[
			3813670912,
			5905580032
		],
		[
			3813670912,
			5905580032
		],
		[
			3813670912,
			5905580032
		],
		[
			3813670912,
			5905580032
		],
		[
			3813670912,
			5905580032
		],
		[
			3813670912,
			5905580032
		],
		[
			3813670912,
			5905580032
		],
		[
			3813670912,
			5905580032
		],
		[
			3813670912,
			5905580032
		],
		[
			3813670912,
			5905580032
		],
		[
			3813670912,
			5905580032
		]
	],
	"utilization": [
		12,
		12,
		9,
		9,
		17,
		17,
		20,
		20,
		22,
		22,
		19,
		19,
		18,
		18,
		20,
		20,
		22,
		22,
		17,
		17,
		0,
		0,
		7,
		7,
		20,
		20,
		21,
		21,
		17,
		17,
		8,
		8,
		23,
		23,
		17,
		17,
		16,
		16,
		10,
		10,
		20,
		20,
		23,
		23,
		16,
		16,
		5,
		5,
		7,
		7,
		25,
		25,
		16,
		16,
		8,
		8,
		10,
		10,
		16,
		16,
		16,
		16,
		19,
		19,
		21,
		21,
		16,
		16,
		18,
		18,
		10,
		10,
		3,
		3,
		26,
		26,
		17,
		17,
		9,
		9,
		19,
		19,
		26,
		26,
		15,
		15,
		17,
		17,
		21,
		21
	],
	"computation_proportion": 10,
	"extra_dict": {}
}