{
	"model_name": "EfficientNet",
	"batch_size": 4,
	"duration_sec": 45,
	"mode": "train",
	"is_DDP": true,
	"process_group_backend": "gloo",
	"world_size": 4,
	"rank": 2,
	"local_rank": 0,
	"device_type": "gpu",
	"master_addr": "133.133.135.75",
	"master_port": 39920,
	"iteration_count": 127,
	"iteration_intervals": [
		1693532928,
		358046208,
		344625664,
		346332672,
		326245888,
		356296960,
		352998400,
		330730752,
		366007296,
		342512640,
		335675136,
		347098112,
		341564928,
		333072640,
		342868992,
		338048256,
		336618496,
		340883200,
		378487552,
		333382144,
		351316736,
		343114496,
		333166848,
		363769088,
		314908672,
		360715520,
		341958656,
		337129216,
		349019648,
		355295232,
		342217472,
		341930496,
		335010816,
		354512640,
		329838080,
		369662208,
		339403008,
		337886976,
		334621696,
		365195008,
		336764160,
		346942720,
		360265728,
		353525760,
		327072512,
		339482368,
		354312960,
		352906496,
		332584960,
		338289152,
		345937152,
		405284096,
		327847936,
		368901888,
		340691456,
		363886848,
		330689280,
		341442560,
		343978752,
		353534208,
		343704320,
		345112320,
		334016256,
		335909376,
		360858624,
		346233344,
		344343552,
		347790592,
		339205888,
		361005824,
		343635968,
		353037056,
		353894912,
		358221312,
		348255744,
		385345280,
		336193280,
		335310848,
		333487360,
		357461248,
		341585920,
		358363136,
		337081856,
		341109760,
		358871552,
		348344832,
		344084736,
		336774912,
		352896000,
		338951680,
		345719552,
		335623936,
		330508544,
		363756800,
		359530240,
		346338816,
		343094272,
		350444032,
		351432192,
		346374912,
		349224960,
		345081600,
		339417088,
		342978816,
		328125440,
		358102272,
		340546560,
		353476864,
		345589248,
		363693056,
		330574592,
		353875712,
		339451392,
		336518912,
		336950272,
		349522176,
		340804352,
		346329856,
		339700992,
		358057472,
		344783104,
		340987136,
		343480064,
		342398208,
		343226112,
		331856896,
		363608064
	],
	"iteration_intervals_avg": 346258450.8852459,
	"iteration_intervals_avg_second": 0.3462584508852459,
	"total_time_ns": 45313188864,
	"total_time_second": 45,
	"mem_infos": [
		[
			5329911808,
			5905580032
		],
		[
			5124390912,
			5905580032
		],
		[
			4895801344,
			5905580032
		],
		[
			4361027584,
			5905580032
		],
		[
			4302307328,
			5905580032
		],
		[
			4302307328,
			5905580032
		],
		[
			4302307328,
			5905580032
		],
		[
			4302307328,
			5905580032
		],
		[
			4302307328,
			5905580032
		],
		[
			4302307328,
			5905580032
		],
		[
			4302307328,
			5905580032
		],
		[
			4302307328,
			5905580032
		],
		[
			4302307328,
			5905580032
		],
		[
			4302307328,
			5905580032
		],
		[
			4302307328,
			5905580032
		],
		[
			4302307328,
			5905580032
		],
		[
			4302307328,
			5905580032
		],
		[
			4302307328,
			5905580032
		],
		[
			4302307328,
			5905580032
		],
		[
			4302307328,
			5905580032
		],
		[
			4302307328,
			5905580032
		],
		[
			4302307328,
			5905580032
		],
		[
			4302307328,
			5905580032
		],
		[
			4302307328,
			5905580032
		],
		[
			4302307328,
			5905580032
		],
		[
			4302307328,
			5905580032
		],
		[
			4302307328,
			5905580032
		],
		[
			4302307328,
			5905580032
		],
		[
			4302307328,
			5905580032
		],
		[
			4302307328,
			5905580032
		],
		[
			4302307328,
			5905580032
		],
		[
			4302307328,
			5905580032
		],
		[
			4302307328,
			5905580032
		],
		[
			4302307328,
			5905580032
		],
		[
			4302307328,
			5905580032
		],
		[
			4302307328,
			5905580032
		],
		[
			4302307328,
			5905580032
		],
		[
			4302307328,
			5905580032
		],
		[
			4302307328,
			5905580032
		],
		[
			4302307328,
			5905580032
		],
		[
			4302307328,
			5905580032
		],
		[
			4302307328,
			5905580032
		],
		[
			4302307328,
			5905580032
		],
		[
			4302307328,
			5905580032
		],
		[
			4302307328,
			5905580032
		],
		[
			4302307328,
			5905580032
		],
		[
			4302307328,
			5905580032
		],
		[
			4302307328,
			5905580032
		],
		[
			4302307328,
			5905580032
		],
		[
			4302307328,
			5905580032
		],
		[
			4302307328,
			5905580032
		],
		[
			4302307328,
			5905580032
		],
		[
			4302307328,
			5905580032
		],
		[
			4302307328,
			5905580032
		],
		[
			4302307328,
			5905580032
		],
		[
			4302307328,
			5905580032
		],
		[
			4302307328,
			5905580032
		],
		[
			4302307328,
			5905580032
		],
		[
			4302307328,
			5905580032
		],
		[
			4302307328,
			5905580032
		],
		[
			4302307328,
			5905580032
		],
		[
			4302307328,
			5905580032
		],
		[
			4302307328,
			5905580032
		],
		[
			4302307328,
			5905580032
		],
		[
			4302307328,
			5905580032
		],
		[
			4302307328,
			5905580032
		],
		[
			4302307328,
			5905580032
		],
		[
			4302307328,
			5905580032
		],
		[
			4302307328,
			5905580032
		],
		[
			4302307328,
			5905580032
		],
		[
			4302307328,
			5905580032
		],
		[
			4302307328,
			5905580032
		],
		[
			4302307328,
			5905580032
		],
		[
			4302307328,
			5905580032
		],
		[
			4302307328,
			5905580032
		],
		[
			4302307328,
			5905580032
		],
		[
			4302307328,
			5905580032
		],
		[
			4302307328,
			5905580032
		],
		[
			4302307328,
			5905580032
		],
		[
			4302307328,
			5905580032
		],
		[
			4302307328,
			5905580032
		],
		[
			4302307328,
			5905580032
		],
		[
			4302307328,
			5905580032
		],
		[
			4302307328,
			5905580032
		],
		[
			4302307328,
			5905580032
		],
		[
			4302307328,
			5905580032
		],
		[
			4302307328,
			5905580032
		],
		[
			4302307328,
			5905580032
		],
		[
			4302307328,
			5905580032
		],
		[
			4302307328,
			5905580032
		]
	],
	"utilization": [
		14,
		14,
		9,
		9,
		18,
		18,
		19,
		19,
		16,
		16,
		16,
		16,
		20,
		20,
		19,
		19,
		19,
		19,
		19,
		19,
		19,
		19,
		18,
		18,
		20,
		20,
		19,
		19,
		19,
		19,
		18,
		18,
		16,
		16,
		17,
		17,
		20,
		20,
		19,
		19,
		18,
		18,
		20,
		20,
		20,
		20,
		22,
		22,
		19,
		19,
		17,
		17,
		16,
		16,
		19,
		19,
		19,
		19,
		17,
		17,
		19,
		19,
		19,
		19,
		19,
		19,
		20,
		20,
		15,
		15,
		18,
		18,
		18,
		18,
		21,
		21,
		18,
		18,
		19,
		19,
		18,
		18,
		19,
		19,
		19,
		19,
		19,
		19,
		18,
		18
	],
	"computation_proportion": 15,
	"extra_dict": {}
}