{
	"model_name": "YoloV5S",
	"batch_size": 32,
	"duration_sec": 45,
	"mode": "train",
	"is_DDP": true,
	"process_group_backend": "gloo",
	"world_size": 4,
	"rank": 0,
	"local_rank": 0,
	"device_type": "gpu",
	"master_addr": "133.133.135.75",
	"master_port": 39920,
	"iteration_count": 123,
	"iteration_intervals": [
		1723639040,
		147765248,
		151995904,
		150631424,
		132432896,
		152307968,
		129434880,
		139920896,
		143622656,
		129552896,
		142660608,
		992109312,
		1420217088,
		326450688,
		237075456,
		179056384,
		229850880,
		242859520,
		211602432,
		154317056,
		138779904,
		186705152,
		626534656,
		362953984,
		242716160,
		861259520,
		278514688,
		242181120,
		242178304,
		246859264,
		242361856,
		243794176,
		459949312,
		1968502272,
		358196736,
		245555200,
		164089344,
		245308160,
		251558144,
		328678144,
		166067456,
		229483264,
		139265024,
		159789056,
		139535872,
		133987072,
		129601024,
		136033024,
		1098255360,
		411724288,
		424539392,
		417312768,
		240507904,
		234427904,
		249997824,
		324014848,
		247677696,
		250815232,
		1610469888,
		851104000,
		494308864,
		278334976,
		215783424,
		158854400,
		195591936,
		152295424,
		141268480,
		1059470848,
		486240512,
		269122560,
		227641344,
		246671872,
		237610240,
		244401920,
		1093015040,
		983443968,
		292767232,
		251476736,
		234749952,
		151608320,
		190000384,
		140524544,
		139704064,
		132310272,
		150827008,
		141449984,
		137586944,
		135944960,
		140709120,
		152547072,
		1175479040,
		277506816,
		238988288,
		248688640,
		235496960,
		247469824,
		250621184,
		326725120,
		1955579904,
		383407360,
		258795008,
		217494272,
		140127488,
		157379840,
		180079104,
		128369152,
		145801728,
		134047488,
		146706432,
		1133847296,
		275114752,
		750773760,
		400751872,
		265665792,
		214377728,
		202994176,
		146431232,
		131113472,
		155866112,
		1513946368,
		780838912,
		490634752,
		379696128
	],
	"iteration_intervals_avg": 363808492.4745763,
	"iteration_intervals_avg_second": 0.3638084924745763,
	"total_time_ns": 45236996096,
	"total_time_second": 45,
	"mem_infos": [
		[
			5323620352,
			5905580032
		],
		[
			5030019072,
			5905580032
		],
		[
			4832886784,
			5905580032
		],
		[
			3106930688,
			5905580032
		],
		[
			2695888896,
			5905580032
		],
		[
			2695888896,
			5905580032
		],
		[
			2695888896,
			5905580032
		],
		[
			2695888896,
			5905580032
		],
		[
			2695888896,
			5905580032
		],
		[
			2695888896,
			5905580032
		],
		[
			2695888896,
			5905580032
		],
		[
			2695888896,
			5905580032
		],
		[
			2695888896,
			5905580032
		],
		[
			2695888896,
			5905580032
		],
		[
			2695888896,
			5905580032
		],
		[
			2695888896,
			5905580032
		],
		[
			2695888896,
			5905580032
		],
		[
			2695888896,
			5905580032
		],
		[
			2695888896,
			5905580032
		],
		[
			2695888896,
			5905580032
		],
		[
			2695888896,
			5905580032
		],
		[
			2695888896,
			5905580032
		],
		[
			2695888896,
			5905580032
		],
		[
			2695888896,
			5905580032
		],
		[
			2695888896,
			5905580032
		],
		[
			2695888896,
			5905580032
		],
		[
			2695888896,
			5905580032
		],
		[
			2695888896,
			5905580032
		],
		[
			2695888896,
			5905580032
		],
		[
			2695888896,
			5905580032
		],
		[
			2695888896,
			5905580032
		],
		[
			2695888896,
			5905580032
		],
		[
			2695888896,
			5905580032
		],
		[
			2695888896,
			5905580032
		],
		[
			2695888896,
			5905580032
		],
		[
			2695888896,
			5905580032
		],
		[
			2695888896,
			5905580032
		],
		[
			2695888896,
			5905580032
		],
		[
			2695888896,
			5905580032
		],
		[
			2695888896,
			5905580032
		],
		[
			2695888896,
			5905580032
		],
		[
			2695888896,
			5905580032
		],
		[
			2695888896,
			5905580032
		],
		[
			2695888896,
			5905580032
		],
		[
			2695888896,
			5905580032
		],
		[
			2695888896,
			5905580032
		],
		[
			2695888896,
			5905580032
		],
		[
			2695888896,
			5905580032
		],
		[
			2695888896,
			5905580032
		],
		[
			2695888896,
			5905580032
		],
		[
			2695888896,
			5905580032
		],
		[
			2695888896,
			5905580032
		],
		[
			2695888896,
			5905580032
		],
		[
			2695888896,
			5905580032
		],
		[
			2695888896,
			5905580032
		],
		[
			2695888896,
			5905580032
		],
		[
			2695888896,
			5905580032
		],
		[
			2695888896,
			5905580032
		],
		[
			2695888896,
			5905580032
		],
		[
			2695888896,
			5905580032
		],
		[
			2695888896,
			5905580032
		],
		[
			2695888896,
			5905580032
		],
		[
			2695888896,
			5905580032
		],
		[
			2695888896,
			5905580032
		],
		[
			2695888896,
			5905580032
		],
		[
			2695888896,
			5905580032
		],
		[
			2695888896,
			5905580032
		],
		[
			2695888896,
			5905580032
		],
		[
			2695888896,
			5905580032
		],
		[
			2695888896,
			5905580032
		],
		[
			2695888896,
			5905580032
		],
		[
			2695888896,
			5905580032
		],
		[
			2695888896,
			5905580032
		],
		[
			2695888896,
			5905580032
		],
		[
			2695888896,
			5905580032
		],
		[
			2695888896,
			5905580032
		],
		[
			2695888896,
			5905580032
		],
		[
			2695888896,
			5905580032
		],
		[
			2695888896,
			5905580032
		],
		[
			2695888896,
			5905580032
		],
		[
			2695888896,
			5905580032
		],
		[
			2695888896,
			5905580032
		],
		[
			2695888896,
			5905580032
		],
		[
			2695888896,
			5905580032
		],
		[
			2695888896,
			5905580032
		],
		[
			2695888896,
			5905580032
		],
		[
			2695888896,
			5905580032
		],
		[
			2695888896,
			5905580032
		],
		[
			2695888896,
			5905580032
		],
		[
			2695888896,
			5905580032
		]
	],
	"utilization": [
		8,
		8,
		12,
		12,
		23,
		23,
		89,
		89,
		45,
		45,
		10,
		10,
		21,
		21,
		56,
		56,
		61,
		61,
		39,
		39,
		17,
		17,
		54,
		54,
		34,
		34,
		5,
		5,
		17,
		17,
		59,
		59,
		63,
		63,
		54,
		54,
		17,
		17,
		35,
		35,
		50,
		50,
		26,
		26,
		8,
		8,
		18,
		18,
		49,
		49,
		44,
		44,
		20,
		20,
		58,
		58,
		17,
		17,
		12,
		12,
		44,
		44,
		86,
		86,
		59,
		59,
		19,
		19,
		58,
		58,
		34,
		34,
		3,
		3,
		26,
		26,
		72,
		72,
		42,
		42,
		30,
		30,
		21,
		21,
		69,
		69,
		13,
		13,
		10,
		10
	],
	"computation_proportion": 25,
	"extra_dict": {}
}