{
	"model_name": "SqueezeNet",
	"batch_size": 16,
	"duration_sec": 45,
	"mode": "train",
	"is_DDP": true,
	"process_group_backend": "gloo",
	"world_size": 2,
	"rank": 1,
	"local_rank": 0,
	"device_type": "gpu",
	"master_addr": "133.133.135.75",
	"master_port": 39920,
	"iteration_count": 91,
	"iteration_intervals": [
		1290506752,
		41315840,
		2799033344,
		732875520,
		496330752,
		367499008,
		369612800,
		362167552,
		373051904,
		474572544,
		629398784,
		737290240,
		486024192,
		373252608,
		375459840,
		360829440,
		371739392,
		475034624,
		506474752,
		847383040,
		619594240,
		492081920,
		360276480,
		361069056,
		373015808,
		484342784,
		620881664,
		740935168,
		607015680,
		374681088,
		366373632,
		374452992,
		358197504,
		478225664,
		506876160,
		733403904,
		616524544,
		488326400,
		372383744,
		351085568,
		257295616,
		373242368,
		463821056,
		513656576,
		730732032,
		495220992,
		486737408,
		370899456,
		258982144,
		361800448,
		366097664,
		483488000,
		497061632,
		837086208,
		515711488,
		474318592,
		363273728,
		269889024,
		361344512,
		492193024,
		491238400,
		733755648,
		614329600,
		494654976,
		358630912,
		372370176,
		247377920,
		373460736,
		482364416,
		494060800,
		733064704,
		495070208,
		494517248,
		359172864,
		259259136,
		359643648,
		352937728,
		382976768,
		470303488,
		617641472,
		507393792,
		488345856,
		371392256,
		367856384,
		253237760,
		362725120,
		358311936,
		488941312,
		494463744,
		736677120,
		496331520
	],
	"iteration_intervals_avg": 463661562.04651165,
	"iteration_intervals_avg_second": 0.46366156204651165,
	"total_time_ns": 45235900928,
	"total_time_second": 45,
	"mem_infos": [
		[
			11269046272,
			11811160064
		],
		[
			10954473472,
			11811160064
		],
		[
			10738466816,
			11811160064
		],
		[
			9926868992,
			11811160064
		],
		[
			9926868992,
			11811160064
		],
		[
			9926868992,
			11811160064
		],
		[
			9926868992,
			11811160064
		],
		[
			9926868992,
			11811160064
		],
		[
			9926868992,
			11811160064
		],
		[
			9926868992,
			11811160064
		],
		[
			9926868992,
			11811160064
		],
		[
			9926868992,
			11811160064
		],
		[
			9926868992,
			11811160064
		],
		[
			9926868992,
			11811160064
		],
		[
			9926868992,
			11811160064
		],
		[
			9926868992,
			11811160064
		],
		[
			9926868992,
			11811160064
		],
		[
			9926868992,
			11811160064
		],
		[
			9926868992,
			11811160064
		],
		[
			9926868992,
			11811160064
		],
		[
			9926868992,
			11811160064
		],
		[
			9926868992,
			11811160064
		],
		[
			9926868992,
			11811160064
		],
		[
			9926868992,
			11811160064
		],
		[
			9926868992,
			11811160064
		],
		[
			9926868992,
			11811160064
		],
		[
			9926868992,
			11811160064
		],
		[
			9926868992,
			11811160064
		],
		[
			9926868992,
			11811160064
		],
		[
			9926868992,
			11811160064
		],
		[
			9926868992,
			11811160064
		],
		[
			9926868992,
			11811160064
		],
		[
			9926868992,
			11811160064
		],
		[
			9926868992,
			11811160064
		],
		[
			9926868992,
			11811160064
		],
		[
			9926868992,
			11811160064
		],
		[
			9926868992,
			11811160064
		],
		[
			9926868992,
			11811160064
		],
		[
			9926868992,
			11811160064
		],
		[
			9926868992,
			11811160064
		],
		[
			9926868992,
			11811160064
		],
		[
			9926868992,
			11811160064
		],
		[
			9926868992,
			11811160064
		],
		[
			9926868992,
			11811160064
		],
		[
			9926868992,
			11811160064
		],
		[
			9926868992,
			11811160064
		],
		[
			9926868992,
			11811160064
		],
		[
			9926868992,
			11811160064
		],
		[
			9926868992,
			11811160064
		],
		[
			9926868992,
			11811160064
		],
		[
			9926868992,
			11811160064
		],
		[
			9926868992,
			11811160064
		],
		[
			9926868992,
			11811160064
		],
		[
			9926868992,
			11811160064
		],
		[
			9926868992,
			11811160064
		],
		[
			9926868992,
			11811160064
		],
		[
			9926868992,
			11811160064
		],
		[
			9926868992,
			11811160064
		],
		[
			9926868992,
			11811160064
		],
		[
			9926868992,
			11811160064
		],
		[
			9926868992,
			11811160064
		],
		[
			9926868992,
			11811160064
		],
		[
			9926868992,
			11811160064
		],
		[
			9926868992,
			11811160064
		],
		[
			9926868992,
			11811160064
		],
		[
			9926868992,
			11811160064
		],
		[
			9926868992,
			11811160064
		],
		[
			9926868992,
			11811160064
		],
		[
			9926868992,
			11811160064
		],
		[
			9926868992,
			11811160064
		],
		[
			9926868992,
			11811160064
		],
		[
			9926868992,
			11811160064
		],
		[
			9926868992,
			11811160064
		],
		[
			9926868992,
			11811160064
		],
		[
			9926868992,
			11811160064
		],
		[
			9926868992,
			11811160064
		],
		[
			9926868992,
			11811160064
		],
		[
			9926868992,
			11811160064
		],
		[
			9926868992,
			11811160064
		],
		[
			9926868992,
			11811160064
		],
		[
			9926868992,
			11811160064
		],
		[
			9926868992,
			11811160064
		],
		[
			9926868992,
			11811160064
		],
		[
			9926868992,
			11811160064
		],
		[
			9926868992,
			11811160064
		],
		[
			9926868992,
			11811160064
		],
		[
			9926868992,
			11811160064
		],
		[
			9926868992,
			11811160064
		],
		[
			9926868992,
			11811160064
		],
		[
			9926868992,
			11811160064
		]
	],
	"utilization": [
		0,
		7,
		7,
		7,
		7,
		7,
		7,
		0,
		0,
		2,
		2,
		4,
		4,
		7,
		7,
		7,
		7,
		4,
		4,
		4,
		4,
		6,
		6,
		7,
		7,
		4,
		4,
		4,
		4,
		6,
		6,
		6,
		6,
		3,
		3,
		4,
		4,
		7,
		7,
		6,
		6,
		4,
		4,
		4,
		4,
		7,
		7,
		8,
		8,
		4,
		4,
		4,
		4,
		7,
		7,
		6,
		6,
		4,
		4,
		4,
		4,
		7,
		7,
		6,
		6,
		4,
		4,
		4,
		4,
		7,
		7,
		7,
		7,
		4,
		4,
		4,
		4,
		7,
		7,
		8,
		8,
		5,
		5,
		5,
		5,
		7,
		7,
		7,
		7,
		5
	],
	"computation_proportion": 5,
	"extra_dict": {}
}