{
	"model_name": "ConvNeXtS",
	"batch_size": 32,
	"duration_sec": 45,
	"mode": "train",
	"is_DDP": true,
	"process_group_backend": "gloo",
	"world_size": 2,
	"rank": 1,
	"local_rank": 0,
	"device_type": "gpu",
	"master_addr": "133.133.135.75",
	"master_port": 39920,
	"iteration_count": 91,
	"iteration_intervals": [
		1507846144,
		454054656,
		485755904,
		485150208,
		478361600,
		481240320,
		486438400,
		494578432,
		492015360,
		471398144,
		485055488,
		496295424,
		494318848,
		469531136,
		478873088,
		509781248,
		474795264,
		473013760,
		488627200,
		501987840,
		477959936,
		496387328,
		480003072,
		488095744,
		470382080,
		489319424,
		501677824,
		474984704,
		485528576,
		484998656,
		496503552,
		489389056,
		481201664,
		487036672,
		486469120,
		482636288,
		492864256,
		501571072,
		469671680,
		478098688,
		494266368,
		480411392,
		497623040,
		472484608,
		486116864,
		500409600,
		475787008,
		486601216,
		498009344,
		484910848,
		493555712,
		474911232,
		480160768,
		487531520,
		491035392,
		492206592,
		478057984,
		512436736,
		468201984,
		470630144,
		476169728,
		495516672,
		484645888,
		506194688,
		484442880,
		496164864,
		466309632,
		480689152,
		489965312,
		494900480,
		487369984,
		469838336,
		498166784,
		496280064,
		485280512,
		482510848,
		487248640,
		467415296,
		497334272,
		489738240,
		484408832,
		496247040,
		485570304,
		487330304,
		483095552,
		492603136,
		476540160,
		485254400,
		489770240,
		474611968,
		514594304
	],
	"iteration_intervals_avg": 486561467.53488374,
	"iteration_intervals_avg_second": 0.4865614675348837,
	"total_time_ns": 45257510144,
	"total_time_second": 45,
	"mem_infos": [
		[
			10765729792,
			11811160064
		],
		[
			10518265856,
			11811160064
		],
		[
			8389656576,
			11811160064
		],
		[
			6451888128,
			11811160064
		],
		[
			6388973568,
			11811160064
		],
		[
			6388973568,
			11811160064
		],
		[
			6388973568,
			11811160064
		],
		[
			6388973568,
			11811160064
		],
		[
			6388973568,
			11811160064
		],
		[
			6388973568,
			11811160064
		],
		[
			6388973568,
			11811160064
		],
		[
			6388973568,
			11811160064
		],
		[
			6388973568,
			11811160064
		],
		[
			6388973568,
			11811160064
		],
		[
			6388973568,
			11811160064
		],
		[
			6388973568,
			11811160064
		],
		[
			6388973568,
			11811160064
		],
		[
			6388973568,
			11811160064
		],
		[
			6388973568,
			11811160064
		],
		[
			6388973568,
			11811160064
		],
		[
			6388973568,
			11811160064
		],
		[
			6388973568,
			11811160064
		],
		[
			6388973568,
			11811160064
		],
		[
			6388973568,
			11811160064
		],
		[
			6388973568,
			11811160064
		],
		[
			6388973568,
			11811160064
		],
		[
			6388973568,
			11811160064
		],
		[
			6388973568,
			11811160064
		],
		[
			6388973568,
			11811160064
		],
		[
			6388973568,
			11811160064
		],
		[
			6388973568,
			11811160064
		],
		[
			6388973568,
			11811160064
		],
		[
			6388973568,
			11811160064
		],
		[
			6388973568,
			11811160064
		],
		[
			6388973568,
			11811160064
		],
		[
			6388973568,
			11811160064
		],
		[
			6388973568,
			11811160064
		],
		[
			6388973568,
			11811160064
		],
		[
			6388973568,
			11811160064
		],
		[
			6388973568,
			11811160064
		],
		[
			6388973568,
			11811160064
		],
		[
			6388973568,
			11811160064
		],
		[
			6388973568,
			11811160064
		],
		[
			6388973568,
			11811160064
		],
		[
			6388973568,
			11811160064
		],
		[
			6388973568,
			11811160064
		],
		[
			6388973568,
			11811160064
		],
		[
			6388973568,
			11811160064
		],
		[
			6388973568,
			11811160064
		],
		[
			6388973568,
			11811160064
		],
		[
			6388973568,
			11811160064
		],
		[
			6388973568,
			11811160064
		],
		[
			6388973568,
			11811160064
		],
		[
			6388973568,
			11811160064
		],
		[
			6388973568,
			11811160064
		],
		[
			6388973568,
			11811160064
		],
		[
			6388973568,
			11811160064
		],
		[
			6388973568,
			11811160064
		],
		[
			6388973568,
			11811160064
		],
		[
			6388973568,
			11811160064
		],
		[
			6388973568,
			11811160064
		],
		[
			6388973568,
			11811160064
		],
		[
			6388973568,
			11811160064
		],
		[
			6388973568,
			11811160064
		],
		[
			6388973568,
			11811160064
		],
		[
			6388973568,
			11811160064
		],
		[
			6388973568,
			11811160064
		],
		[
			6388973568,
			11811160064
		],
		[
			6388973568,
			11811160064
		],
		[
			6388973568,
			11811160064
		],
		[
			6388973568,
			11811160064
		],
		[
			6388973568,
			11811160064
		],
		[
			6388973568,
			11811160064
		],
		[
			6388973568,
			11811160064
		],
		[
			6388973568,
			11811160064
		],
		[
			6388973568,
			11811160064
		],
		[
			6388973568,
			11811160064
		],
		[
			6388973568,
			11811160064
		],
		[
			6388973568,
			11811160064
		],
		[
			6388973568,
			11811160064
		],
		[
			6388973568,
			11811160064
		],
		[
			6388973568,
			11811160064
		],
		[
			6388973568,
			11811160064
		],
		[
			6388973568,
			11811160064
		],
		[
			6388973568,
			11811160064
		],
		[
			6388973568,
			11811160064
		],
		[
			6388973568,
			11811160064
		],
		[
			6388973568,
			11811160064
		],
		[
			6388973568,
			11811160064
		],
		[
			6388973568,
			11811160064
		]
	],
	"utilization": [
		14,
		14,
		15,
		15,
		62,
		62,
		71,
		71,
		68,
		68,
		66,
		66,
		67,
		67,
		68,
		68,
		67,
		67,
		68,
		68,
		70,
		70,
		72,
		72,
		70,
		70,
		70,
		70,
		70,
		70,
		69,
		69,
		69,
		69,
		69,
		66,
		66,
		70,
		70,
		69,
		69,
		68,
		68,
		70,
		70,
		71,
		71,
		69,
		69,
		72,
		72,
		72,
		72,
		71,
		71,
		70,
		70,
		67,
		67,
		66,
		66,
		71,
		71,
		65,
		65,
		68,
		68,
		72,
		72,
		71,
		71,
		71,
		71,
		70,
		70,
		71,
		71,
		71,
		71,
		70,
		70,
		69,
		69,
		70,
		70,
		69,
		69,
		68,
		68,
		70
	],
	"computation_proportion": 90,
	"extra_dict": {}
}