{
	"model_name": "HarDNet",
	"batch_size": 256,
	"duration_sec": 45,
	"mode": "train",
	"is_DDP": true,
	"process_group_backend": "gloo",
	"world_size": 2,
	"rank": 1,
	"local_rank": 0,
	"device_type": "gpu",
	"master_addr": "133.133.135.74",
	"master_port": 39920,
	"iteration_count": 52,
	"iteration_intervals": [
		1997485824,
		817918464,
		861003776,
		849396224,
		864245504,
		803927296,
		807318016,
		863474176,
		850383104,
		851915776,
		855795456,
		856956160,
		858538496,
		858665728,
		851259392,
		861999616,
		859057408,
		853293568,
		851490048,
		862706688,
		850446080,
		856895744,
		858202624,
		865628160,
		847780608,
		755336960,
		858379776,
		847200000,
		864640256,
		842190592,
		863646976,
		857014784,
		864256768,
		866211328,
		855403264,
		855463936,
		861017600,
		851041792,
		863144448,
		846637312,
		856224256,
		857737472,
		865664256,
		858105088,
		804711424,
		845872128,
		857513472,
		854893312,
		856532736,
		849949952,
		859217920,
		849195776
	],
	"iteration_intervals_avg": 850913568.6808511,
	"iteration_intervals_avg_second": 0.8509135686808511,
	"total_time_ns": 45384080128,
	"total_time_second": 45,
	"mem_infos": [
		[
			11269046272,
			11811160064
		],
		[
			9715056640,
			11811160064
		],
		[
			9475981312,
			11811160064
		],
		[
			305135616,
			11811160064
		],
		[
			1196425216,
			11811160064
		],
		[
			441450496,
			11811160064
		],
		[
			441450496,
			11811160064
		],
		[
			441450496,
			11811160064
		],
		[
			441450496,
			11811160064
		],
		[
			441450496,
			11811160064
		],
		[
			441450496,
			11811160064
		],
		[
			441450496,
			11811160064
		],
		[
			441450496,
			11811160064
		],
		[
			441450496,
			11811160064
		],
		[
			441450496,
			11811160064
		],
		[
			441450496,
			11811160064
		],
		[
			441450496,
			11811160064
		],
		[
			441450496,
			11811160064
		],
		[
			441450496,
			11811160064
		],
		[
			441450496,
			11811160064
		],
		[
			441450496,
			11811160064
		],
		[
			441450496,
			11811160064
		],
		[
			441450496,
			11811160064
		],
		[
			441450496,
			11811160064
		],
		[
			441450496,
			11811160064
		],
		[
			441450496,
			11811160064
		],
		[
			441450496,
			11811160064
		],
		[
			441450496,
			11811160064
		],
		[
			441450496,
			11811160064
		],
		[
			441450496,
			11811160064
		],
		[
			441450496,
			11811160064
		],
		[
			441450496,
			11811160064
		],
		[
			441450496,
			11811160064
		],
		[
			441450496,
			11811160064
		],
		[
			441450496,
			11811160064
		],
		[
			441450496,
			11811160064
		],
		[
			441450496,
			11811160064
		],
		[
			441450496,
			11811160064
		],
		[
			441450496,
			11811160064
		],
		[
			441450496,
			11811160064
		],
		[
			441450496,
			11811160064
		],
		[
			441450496,
			11811160064
		],
		[
			441450496,
			11811160064
		],
		[
			441450496,
			11811160064
		],
		[
			441450496,
			11811160064
		],
		[
			441450496,
			11811160064
		],
		[
			441450496,
			11811160064
		],
		[
			441450496,
			11811160064
		],
		[
			441450496,
			11811160064
		],
		[
			441450496,
			11811160064
		],
		[
			441450496,
			11811160064
		],
		[
			441450496,
			11811160064
		],
		[
			441450496,
			11811160064
		],
		[
			441450496,
			11811160064
		],
		[
			441450496,
			11811160064
		],
		[
			441450496,
			11811160064
		],
		[
			441450496,
			11811160064
		],
		[
			441450496,
			11811160064
		],
		[
			441450496,
			11811160064
		],
		[
			441450496,
			11811160064
		],
		[
			441450496,
			11811160064
		],
		[
			441450496,
			11811160064
		],
		[
			441450496,
			11811160064
		],
		[
			441450496,
			11811160064
		],
		[
			441450496,
			11811160064
		],
		[
			441450496,
			11811160064
		],
		[
			441450496,
			11811160064
		],
		[
			441450496,
			11811160064
		],
		[
			441450496,
			11811160064
		],
		[
			441450496,
			11811160064
		],
		[
			441450496,
			11811160064
		],
		[
			441450496,
			11811160064
		],
		[
			441450496,
			11811160064
		],
		[
			441450496,
			11811160064
		],
		[
			441450496,
			11811160064
		],
		[
			441450496,
			11811160064
		],
		[
			441450496,
			11811160064
		],
		[
			441450496,
			11811160064
		],
		[
			441450496,
			11811160064
		],
		[
			441450496,
			11811160064
		],
		[
			441450496,
			11811160064
		],
		[
			441450496,
			11811160064
		],
		[
			441450496,
			11811160064
		],
		[
			441450496,
			11811160064
		],
		[
			441450496,
			11811160064
		],
		[
			441450496,
			11811160064
		],
		[
			441450496,
			11811160064
		],
		[
			441450496,
			11811160064
		],
		[
			441450496,
			11811160064
		],
		[
			441450496,
			11811160064
		]
	],
	"utilization": [
		5,
		5,
		4,
		4,
		37,
		37,
		31,
		31,
		33,
		33,
		33,
		33,
		34,
		34,
		32,
		32,
		29,
		29,
		32,
		32,
		32,
		33,
		33,
		32,
		32,
		32,
		32,
		33,
		33,
		30,
		30,
		31,
		31,
		33,
		33,
		33,
		33,
		32,
		32,
		31,
		31,
		31,
		31,
		31,
		31,
		36,
		36,
		34,
		34,
		30,
		30,
		30,
		30,
		32,
		32,
		35,
		35,
		32,
		32,
		31,
		31,
		29,
		29,
		33,
		33,
		34,
		34,
		32,
		32,
		30,
		30,
		32,
		32,
		33,
		33,
		31,
		31,
		33,
		33,
		34,
		34,
		33,
		33,
		30,
		30,
		31,
		31,
		32,
		32,
		33
	],
	"computation_proportion": 65,
	"extra_dict": {}
}