{
	"model_name": "SqueezeNet",
	"batch_size": 16,
	"duration_sec": 45,
	"mode": "train",
	"is_DDP": true,
	"process_group_backend": "gloo",
	"world_size": 2,
	"rank": 0,
	"local_rank": 0,
	"device_type": "gpu",
	"master_addr": "133.133.135.75",
	"master_port": 39920,
	"iteration_count": 91,
	"iteration_intervals": [
		1290847744,
		37960960,
		2802422016,
		733117952,
		496161536,
		365930752,
		371489536,
		362707200,
		372020480,
		371492096,
		732610816,
		737062144,
		486435584,
		373070592,
		375313152,
		361074176,
		371564032,
		372286976,
		609451264,
		847512320,
		619178752,
		491368192,
		361382400,
		366103296,
		367851264,
		380888320,
		723813120,
		741058560,
		607105024,
		374776576,
		366598400,
		374146560,
		358659328,
		373150976,
		611746816,
		733404416,
		616624640,
		488338176,
		372428032,
		252418560,
		349846784,
		379395840,
		371063040,
		606468608,
		730640640,
		495185920,
		486788608,
		370767104,
		259276032,
		361584640,
		365603072,
		483909888,
		496972032,
		734640896,
		618194944,
		372941568,
		361500672,
		373592576,
		361065728,
		491977472,
		490352640,
		734167296,
		614770432,
		494548224,
		358778112,
		372534016,
		246354176,
		373905920,
		482574336,
		493896960,
		733021184,
		494675456,
		494792192,
		360046080,
		257914368,
		360461056,
		250223616,
		485669120,
		378530304,
		606660608,
		610406400,
		488265728,
		371793152,
		369915392,
		250599936,
		362915584,
		358292992,
		488971264,
		494532096,
		736684800,
		496099584
	],
	"iteration_intervals_avg": 463660832.74418604,
	"iteration_intervals_avg_second": 0.46366083274418607,
	"total_time_ns": 45236204288,
	"total_time_second": 45,
	"mem_infos": [
		[
			11269046272,
			11811160064
		],
		[
			10971250688,
			11811160064
		],
		[
			10748952576,
			11811160064
		],
		[
			9884925952,
			11811160064
		],
		[
			9884925952,
			11811160064
		],
		[
			9884925952,
			11811160064
		],
		[
			9884925952,
			11811160064
		],
		[
			9884925952,
			11811160064
		],
		[
			9884925952,
			11811160064
		],
		[
			9884925952,
			11811160064
		],
		[
			9884925952,
			11811160064
		],
		[
			9884925952,
			11811160064
		],
		[
			9884925952,
			11811160064
		],
		[
			9884925952,
			11811160064
		],
		[
			9884925952,
			11811160064
		],
		[
			9884925952,
			11811160064
		],
		[
			9884925952,
			11811160064
		],
		[
			9884925952,
			11811160064
		],
		[
			9884925952,
			11811160064
		],
		[
			9884925952,
			11811160064
		],
		[
			9884925952,
			11811160064
		],
		[
			9884925952,
			11811160064
		],
		[
			9884925952,
			11811160064
		],
		[
			9884925952,
			11811160064
		],
		[
			9884925952,
			11811160064
		],
		[
			9884925952,
			11811160064
		],
		[
			9884925952,
			11811160064
		],
		[
			9884925952,
			11811160064
		],
		[
			9884925952,
			11811160064
		],
		[
			9884925952,
			11811160064
		],
		[
			9884925952,
			11811160064
		],
		[
			9884925952,
			11811160064
		],
		[
			9884925952,
			11811160064
		],
		[
			9884925952,
			11811160064
		],
		[
			9884925952,
			11811160064
		],
		[
			9884925952,
			11811160064
		],
		[
			9884925952,
			11811160064
		],
		[
			9884925952,
			11811160064
		],
		[
			9884925952,
			11811160064
		],
		[
			9884925952,
			11811160064
		],
		[
			9884925952,
			11811160064
		],
		[
			9884925952,
			11811160064
		],
		[
			9884925952,
			11811160064
		],
		[
			9884925952,
			11811160064
		],
		[
			9884925952,
			11811160064
		],
		[
			9884925952,
			11811160064
		],
		[
			9884925952,
			11811160064
		],
		[
			9884925952,
			11811160064
		],
		[
			9884925952,
			11811160064
		],
		[
			9884925952,
			11811160064
		],
		[
			9884925952,
			11811160064
		],
		[
			9884925952,
			11811160064
		],
		[
			9884925952,
			11811160064
		],
		[
			9884925952,
			11811160064
		],
		[
			9884925952,
			11811160064
		],
		[
			9884925952,
			11811160064
		],
		[
			9884925952,
			11811160064
		],
		[
			9884925952,
			11811160064
		],
		[
			9884925952,
			11811160064
		],
		[
			9884925952,
			11811160064
		],
		[
			9884925952,
			11811160064
		],
		[
			9884925952,
			11811160064
		],
		[
			9884925952,
			11811160064
		],
		[
			9884925952,
			11811160064
		],
		[
			9884925952,
			11811160064
		],
		[
			9884925952,
			11811160064
		],
		[
			9884925952,
			11811160064
		],
		[
			9884925952,
			11811160064
		],
		[
			9884925952,
			11811160064
		],
		[
			9884925952,
			11811160064
		],
		[
			9884925952,
			11811160064
		],
		[
			9884925952,
			11811160064
		],
		[
			9884925952,
			11811160064
		],
		[
			9884925952,
			11811160064
		],
		[
			9884925952,
			11811160064
		],
		[
			9884925952,
			11811160064
		],
		[
			9884925952,
			11811160064
		],
		[
			9884925952,
			11811160064
		],
		[
			9884925952,
			11811160064
		],
		[
			9884925952,
			11811160064
		],
		[
			9884925952,
			11811160064
		],
		[
			9884925952,
			11811160064
		],
		[
			9884925952,
			11811160064
		],
		[
			9884925952,
			11811160064
		],
		[
			9884925952,
			11811160064
		],
		[
			9884925952,
			11811160064
		],
		[
			9884925952,
			11811160064
		],
		[
			9884925952,
			11811160064
		],
		[
			9884925952,
			11811160064
		],
		[
			9884925952,
			11811160064
		]
	],
	"utilization": [
		4,
		4,
		4,
		4,
		9,
		9,
		0,
		0,
		0,
		0,
		5,
		5,
		5,
		5,
		7,
		7,
		3,
		3,
		5,
		5,
		7,
		7,
		5,
		5,
		5,
		5,
		2,
		2,
		7,
		7,
		6,
		6,
		5,
		5,
		2,
		2,
		7,
		7,
		5,
		5,
		5,
		5,
		5,
		5,
		5,
		5,
		7,
		7,
		5,
		5,
		4,
		4,
		6,
		6,
		7,
		7,
		5,
		5,
		2,
		2,
		7,
		7,
		5,
		5,
		5,
		5,
		5,
		5,
		5,
		5,
		7,
		7,
		5,
		5,
		5,
		5,
		5,
		5,
		7,
		7,
		5,
		5,
		5,
		5,
		7,
		7,
		7,
		7,
		5,
		5
	],
	"computation_proportion": 5,
	"extra_dict": {}
}