{
	"model_name": "GhostNet",
	"batch_size": 128,
	"duration_sec": 45,
	"mode": "train",
	"is_DDP": true,
	"process_group_backend": "gloo",
	"world_size": 2,
	"rank": 0,
	"local_rank": 0,
	"device_type": "gpu",
	"master_addr": "133.133.135.75",
	"master_port": 39920,
	"iteration_count": 32,
	"iteration_intervals": [
		2539575808,
		1578987264,
		1477061120,
		1586726912,
		1696952832,
		1475310848,
		1473615872,
		1583812096,
		1466826240,
		1218679552,
		1109177856,
		1333474816,
		1348632576,
		1463116288,
		1594741760,
		1467068160,
		1340910848,
		1345293568,
		1230047744,
		1464347648,
		1340720896,
		1227008768,
		1477634560,
		1337293312,
		1235149312,
		1466869504,
		1345934336,
		1344383488,
		1467857664,
		1337201920,
		1457226752,
		1238643712
	],
	"iteration_intervals_avg": 1377443707.2592592,
	"iteration_intervals_avg_second": 1.3774437072592591,
	"total_time_ns": 46071088128,
	"total_time_second": 46,
	"mem_infos": [
		[
			11269046272,
			11811160064
		],
		[
			10384048128,
			11811160064
		],
		[
			10178527232,
			11811160064
		],
		[
			4621074432,
			11811160064
		],
		[
			4035969024,
			11811160064
		],
		[
			4035969024,
			11811160064
		],
		[
			4027580416,
			11811160064
		],
		[
			4027580416,
			11811160064
		],
		[
			4027580416,
			11811160064
		],
		[
			4027580416,
			11811160064
		],
		[
			4027580416,
			11811160064
		],
		[
			4027580416,
			11811160064
		],
		[
			4027580416,
			11811160064
		],
		[
			4027580416,
			11811160064
		],
		[
			4027580416,
			11811160064
		],
		[
			4027580416,
			11811160064
		],
		[
			4027580416,
			11811160064
		],
		[
			4027580416,
			11811160064
		],
		[
			4027580416,
			11811160064
		],
		[
			4027580416,
			11811160064
		],
		[
			4027580416,
			11811160064
		],
		[
			4027580416,
			11811160064
		],
		[
			4027580416,
			11811160064
		],
		[
			4027580416,
			11811160064
		],
		[
			4027580416,
			11811160064
		],
		[
			4027580416,
			11811160064
		],
		[
			4027580416,
			11811160064
		],
		[
			4027580416,
			11811160064
		],
		[
			4027580416,
			11811160064
		],
		[
			4027580416,
			11811160064
		],
		[
			4027580416,
			11811160064
		],
		[
			4027580416,
			11811160064
		],
		[
			4027580416,
			11811160064
		],
		[
			4027580416,
			11811160064
		],
		[
			4027580416,
			11811160064
		],
		[
			4027580416,
			11811160064
		],
		[
			4027580416,
			11811160064
		],
		[
			4027580416,
			11811160064
		],
		[
			4027580416,
			11811160064
		],
		[
			4027580416,
			11811160064
		],
		[
			4027580416,
			11811160064
		],
		[
			4027580416,
			11811160064
		],
		[
			4027580416,
			11811160064
		],
		[
			4027580416,
			11811160064
		],
		[
			4027580416,
			11811160064
		],
		[
			4027580416,
			11811160064
		],
		[
			4027580416,
			11811160064
		],
		[
			4027580416,
			11811160064
		],
		[
			4027580416,
			11811160064
		],
		[
			4027580416,
			11811160064
		],
		[
			4027580416,
			11811160064
		],
		[
			4027580416,
			11811160064
		],
		[
			4027580416,
			11811160064
		],
		[
			4027580416,
			11811160064
		],
		[
			4027580416,
			11811160064
		],
		[
			4027580416,
			11811160064
		],
		[
			4027580416,
			11811160064
		],
		[
			4027580416,
			11811160064
		],
		[
			4027580416,
			11811160064
		],
		[
			4027580416,
			11811160064
		],
		[
			4027580416,
			11811160064
		],
		[
			4027580416,
			11811160064
		],
		[
			4027580416,
			11811160064
		],
		[
			4027580416,
			11811160064
		],
		[
			4027580416,
			11811160064
		],
		[
			4027580416,
			11811160064
		],
		[
			4027580416,
			11811160064
		],
		[
			4027580416,
			11811160064
		],
		[
			4027580416,
			11811160064
		],
		[
			4027580416,
			11811160064
		],
		[
			4027580416,
			11811160064
		],
		[
			4027580416,
			11811160064
		],
		[
			4027580416,
			11811160064
		],
		[
			4027580416,
			11811160064
		],
		[
			4027580416,
			11811160064
		],
		[
			4027580416,
			11811160064
		],
		[
			4027580416,
			11811160064
		],
		[
			4027580416,
			11811160064
		],
		[
			4027580416,
			11811160064
		],
		[
			4027580416,
			11811160064
		],
		[
			4027580416,
			11811160064
		],
		[
			4027580416,
			11811160064
		],
		[
			4027580416,
			11811160064
		],
		[
			4027580416,
			11811160064
		],
		[
			4027580416,
			11811160064
		],
		[
			4027580416,
			11811160064
		],
		[
			4027580416,
			11811160064
		],
		[
			4027580416,
			11811160064
		],
		[
			4027580416,
			11811160064
		],
		[
			4027580416,
			11811160064
		]
	],
	"utilization": [
		4,
		4,
		4,
		4,
		17,
		17,
		14,
		14,
		1,
		1,
		14,
		14,
		13,
		13,
		2,
		2,
		15,
		15,
		3,
		3,
		13,
		13,
		16,
		16,
		3,
		3,
		12,
		12,
		15,
		15,
		3,
		3,
		13,
		13,
		15,
		15,
		16,
		16,
		15,
		15,
		3,
		3,
		12,
		12,
		14,
		14,
		3,
		3,
		12,
		12,
		16,
		16,
		8,
		8,
		6,
		6,
		15,
		15,
		15,
		15,
		6,
		6,
		8,
		8,
		15,
		15,
		14,
		14,
		6,
		6,
		8,
		8,
		14,
		14,
		16,
		16,
		6,
		6,
		9,
		9,
		15,
		15,
		15,
		15,
		2,
		2,
		12,
		12,
		15,
		15
	],
	"computation_proportion": 10,
	"extra_dict": {}
}