{
	"model_name": "InceptionV3",
	"batch_size": 32,
	"duration_sec": 45,
	"mode": "train",
	"is_DDP": true,
	"process_group_backend": "gloo",
	"world_size": 2,
	"rank": 0,
	"local_rank": 0,
	"device_type": "gpu",
	"master_addr": "133.133.135.74",
	"master_port": 39920,
	"iteration_count": 42,
	"iteration_intervals": [
		2449231360,
		1035436288,
		1037722624,
		1043522304,
		1044508160,
		1033640704,
		1039477504,
		1038582528,
		1037944832,
		1040837888,
		1042444800,
		1037616384,
		1040556288,
		1044351232,
		1195735552,
		1039276800,
		1038699520,
		1041683968,
		1044565248,
		1033432832,
		1025947904,
		1048037888,
		1043293696,
		1071340288,
		1035126528,
		1035400448,
		1043270144,
		1036521216,
		1045893376,
		1042627328,
		1046494464,
		1042940160,
		1041991936,
		1038861056,
		1040009472,
		1033496576,
		1038952192,
		1039625984,
		1033015808,
		1037533952,
		1042021376,
		1039408384
	],
	"iteration_intervals_avg": 1044612331.2432432,
	"iteration_intervals_avg_second": 1.0446123312432432,
	"total_time_ns": 45262005760,
	"total_time_second": 45,
	"mem_infos": [
		[
			11061428224,
			11811160064
		],
		[
			10709106688,
			11811160064
		],
		[
			10461642752,
			11811160064
		],
		[
			5839519744,
			11811160064
		],
		[
			5839519744,
			11811160064
		],
		[
			5759827968,
			11811160064
		],
		[
			5759827968,
			11811160064
		],
		[
			5759827968,
			11811160064
		],
		[
			5759827968,
			11811160064
		],
		[
			5759827968,
			11811160064
		],
		[
			5759827968,
			11811160064
		],
		[
			5759827968,
			11811160064
		],
		[
			5759827968,
			11811160064
		],
		[
			5759827968,
			11811160064
		],
		[
			5759827968,
			11811160064
		],
		[
			5759827968,
			11811160064
		],
		[
			5759827968,
			11811160064
		],
		[
			5759827968,
			11811160064
		],
		[
			5759827968,
			11811160064
		],
		[
			5759827968,
			11811160064
		],
		[
			5759827968,
			11811160064
		],
		[
			5759827968,
			11811160064
		],
		[
			5759827968,
			11811160064
		],
		[
			5759827968,
			11811160064
		],
		[
			5759827968,
			11811160064
		],
		[
			5759827968,
			11811160064
		],
		[
			5759827968,
			11811160064
		],
		[
			5759827968,
			11811160064
		],
		[
			5759827968,
			11811160064
		],
		[
			5759827968,
			11811160064
		],
		[
			5759827968,
			11811160064
		],
		[
			5759827968,
			11811160064
		],
		[
			5759827968,
			11811160064
		],
		[
			5759827968,
			11811160064
		],
		[
			5759827968,
			11811160064
		],
		[
			5759827968,
			11811160064
		],
		[
			5759827968,
			11811160064
		],
		[
			5759827968,
			11811160064
		],
		[
			5759827968,
			11811160064
		],
		[
			5759827968,
			11811160064
		],
		[
			5759827968,
			11811160064
		],
		[
			5759827968,
			11811160064
		],
		[
			5759827968,
			11811160064
		],
		[
			5759827968,
			11811160064
		],
		[
			5759827968,
			11811160064
		],
		[
			5759827968,
			11811160064
		],
		[
			5759827968,
			11811160064
		],
		[
			5759827968,
			11811160064
		],
		[
			5759827968,
			11811160064
		],
		[
			5759827968,
			11811160064
		],
		[
			5759827968,
			11811160064
		],
		[
			5759827968,
			11811160064
		],
		[
			5759827968,
			11811160064
		],
		[
			5759827968,
			11811160064
		],
		[
			5759827968,
			11811160064
		],
		[
			5759827968,
			11811160064
		],
		[
			5759827968,
			11811160064
		],
		[
			5759827968,
			11811160064
		],
		[
			5759827968,
			11811160064
		],
		[
			5759827968,
			11811160064
		],
		[
			5759827968,
			11811160064
		],
		[
			5759827968,
			11811160064
		],
		[
			5759827968,
			11811160064
		],
		[
			5759827968,
			11811160064
		],
		[
			5759827968,
			11811160064
		],
		[
			5759827968,
			11811160064
		],
		[
			5759827968,
			11811160064
		],
		[
			5759827968,
			11811160064
		],
		[
			5759827968,
			11811160064
		],
		[
			5759827968,
			11811160064
		],
		[
			5759827968,
			11811160064
		],
		[
			5759827968,
			11811160064
		],
		[
			5759827968,
			11811160064
		],
		[
			5759827968,
			11811160064
		],
		[
			5759827968,
			11811160064
		],
		[
			5759827968,
			11811160064
		],
		[
			5759827968,
			11811160064
		],
		[
			5759827968,
			11811160064
		],
		[
			5759827968,
			11811160064
		],
		[
			5759827968,
			11811160064
		],
		[
			5759827968,
			11811160064
		],
		[
			5759827968,
			11811160064
		],
		[
			5759827968,
			11811160064
		],
		[
			5759827968,
			11811160064
		],
		[
			5759827968,
			11811160064
		],
		[
			5759827968,
			11811160064
		],
		[
			5759827968,
			11811160064
		],
		[
			5759827968,
			11811160064
		],
		[
			5759827968,
			11811160064
		],
		[
			5759827968,
			11811160064
		]
	],
	"utilization": [
		3,
		3,
		5,
		5,
		21,
		21,
		19,
		19,
		19,
		19,
		19,
		19,
		19,
		19,
		19,
		19,
		19,
		19,
		19,
		19,
		16,
		16,
		15,
		15,
		15,
		15,
		15,
		15,
		16,
		16,
		17,
		17,
		18,
		18,
		19,
		19,
		19,
		19,
		19,
		19,
		19,
		19,
		19,
		19,
		19,
		19,
		19,
		19,
		19,
		19,
		19,
		19,
		19,
		19,
		19,
		19,
		19,
		19,
		19,
		19,
		19,
		19,
		19,
		19,
		19,
		19,
		19,
		19,
		19,
		19,
		15,
		15,
		15,
		15,
		15,
		15,
		16,
		16,
		16,
		16,
		18,
		18,
		18,
		18,
		19,
		19,
		19,
		19,
		19,
		19
	],
	"computation_proportion": 100,
	"extra_dict": {}
}