{
	"model_name": "GhostNet",
	"batch_size": 128,
	"duration_sec": 45,
	"mode": "train",
	"is_DDP": true,
	"process_group_backend": "gloo",
	"world_size": 2,
	"rank": 1,
	"local_rank": 0,
	"device_type": "gpu",
	"master_addr": "133.133.135.75",
	"master_port": 39920,
	"iteration_count": 103,
	"iteration_intervals": [
		1671973888,
		491226880,
		383346432,
		467132928,
		386723328,
		477344256,
		385693696,
		462255360,
		379832320,
		492023552,
		377099264,
		483715840,
		376800256,
		483979776,
		367123968,
		485790208,
		379808000,
		480941312,
		387791104,
		474651392,
		374060800,
		462835968,
		380242176,
		406383872,
		459286784,
		402369792,
		453178624,
		401624832,
		455305984,
		400386816,
		446768896,
		399314432,
		452892928,
		389795840,
		470758144,
		390283008,
		461491968,
		380581632,
		475724032,
		384724480,
		467486720,
		381103872,
		472594432,
		384426496,
		466855424,
		388840192,
		462004736,
		391668992,
		472178944,
		374367744,
		480328960,
		378558464,
		472911104,
		377056768,
		486657280,
		368350464,
		476345600,
		378302208,
		477601792,
		376787200,
		477252864,
		375283200,
		482417920,
		375677696,
		476943104,
		376798208,
		462106368,
		391141632,
		405809408,
		454222080,
		391246848,
		457434624,
		403439872,
		457477120,
		391349760,
		456299008,
		391672320,
		464247040,
		390962944,
		467354368,
		388534784,
		464335360,
		390288384,
		465954048,
		388982016,
		469931776,
		379497728,
		474827776,
		386464512,
		469801728,
		381401856,
		469569792,
		398173184,
		464141568,
		377550080,
		479187968,
		383056128,
		471620096,
		384055808,
		473442816,
		382593536,
		467258112,
		464759296
	],
	"iteration_intervals_avg": 427569933.06122446,
	"iteration_intervals_avg_second": 0.4275699330612245,
	"total_time_ns": 45303262976,
	"total_time_second": 45,
	"mem_infos": [
		[
			11269046272,
			11811160064
		],
		[
			10390339584,
			11811160064
		],
		[
			10168041472,
			11811160064
		],
		[
			5204082688,
			11811160064
		],
		[
			4025483264,
			11811160064
		],
		[
			4025483264,
			11811160064
		],
		[
			4025483264,
			11811160064
		],
		[
			4025483264,
			11811160064
		],
		[
			4025483264,
			11811160064
		],
		[
			4025483264,
			11811160064
		],
		[
			4025483264,
			11811160064
		],
		[
			4025483264,
			11811160064
		],
		[
			4025483264,
			11811160064
		],
		[
			4025483264,
			11811160064
		],
		[
			4025483264,
			11811160064
		],
		[
			4025483264,
			11811160064
		],
		[
			4025483264,
			11811160064
		],
		[
			4025483264,
			11811160064
		],
		[
			4025483264,
			11811160064
		],
		[
			4025483264,
			11811160064
		],
		[
			4025483264,
			11811160064
		],
		[
			4025483264,
			11811160064
		],
		[
			4025483264,
			11811160064
		],
		[
			4025483264,
			11811160064
		],
		[
			4025483264,
			11811160064
		],
		[
			4025483264,
			11811160064
		],
		[
			4025483264,
			11811160064
		],
		[
			4025483264,
			11811160064
		],
		[
			4025483264,
			11811160064
		],
		[
			4025483264,
			11811160064
		],
		[
			4025483264,
			11811160064
		],
		[
			4025483264,
			11811160064
		],
		[
			4025483264,
			11811160064
		],
		[
			4025483264,
			11811160064
		],
		[
			4025483264,
			11811160064
		],
		[
			4025483264,
			11811160064
		],
		[
			4025483264,
			11811160064
		],
		[
			4025483264,
			11811160064
		],
		[
			4025483264,
			11811160064
		],
		[
			4025483264,
			11811160064
		],
		[
			4025483264,
			11811160064
		],
		[
			4025483264,
			11811160064
		],
		[
			4025483264,
			11811160064
		],
		[
			4025483264,
			11811160064
		],
		[
			4025483264,
			11811160064
		],
		[
			4025483264,
			11811160064
		],
		[
			4025483264,
			11811160064
		],
		[
			4025483264,
			11811160064
		],
		[
			4025483264,
			11811160064
		],
		[
			4025483264,
			11811160064
		],
		[
			4025483264,
			11811160064
		],
		[
			4025483264,
			11811160064
		],
		[
			4025483264,
			11811160064
		],
		[
			4025483264,
			11811160064
		],
		[
			4025483264,
			11811160064
		],
		[
			4025483264,
			11811160064
		],
		[
			4025483264,
			11811160064
		],
		[
			4025483264,
			11811160064
		],
		[
			4025483264,
			11811160064
		],
		[
			4025483264,
			11811160064
		],
		[
			4025483264,
			11811160064
		],
		[
			4025483264,
			11811160064
		],
		[
			4025483264,
			11811160064
		],
		[
			4025483264,
			11811160064
		],
		[
			4025483264,
			11811160064
		],
		[
			4025483264,
			11811160064
		],
		[
			4025483264,
			11811160064
		],
		[
			4025483264,
			11811160064
		],
		[
			4025483264,
			11811160064
		],
		[
			4025483264,
			11811160064
		],
		[
			4025483264,
			11811160064
		],
		[
			4025483264,
			11811160064
		],
		[
			4025483264,
			11811160064
		],
		[
			4025483264,
			11811160064
		],
		[
			4025483264,
			11811160064
		],
		[
			4025483264,
			11811160064
		],
		[
			4025483264,
			11811160064
		],
		[
			4025483264,
			11811160064
		],
		[
			4025483264,
			11811160064
		],
		[
			4025483264,
			11811160064
		],
		[
			4025483264,
			11811160064
		],
		[
			4025483264,
			11811160064
		],
		[
			4025483264,
			11811160064
		],
		[
			4025483264,
			11811160064
		],
		[
			4025483264,
			11811160064
		],
		[
			4025483264,
			11811160064
		],
		[
			4025483264,
			11811160064
		],
		[
			4025483264,
			11811160064
		],
		[
			4025483264,
			11811160064
		],
		[
			4025483264,
			11811160064
		]
	],
	"utilization": [
		0,
		7,
		7,
		7,
		7,
		29,
		29,
		33,
		33,
		31,
		31,
		33,
		33,
		32,
		32,
		32,
		32,
		33,
		33,
		31,
		31,
		31,
		31,
		35,
		35,
		31,
		31,
		32,
		32,
		33,
		33,
		32,
		32,
		34,
		34,
		30,
		30,
		31,
		31,
		35,
		35,
		31,
		31,
		32,
		32,
		33,
		33,
		33,
		33,
		33,
		33,
		31,
		31,
		33,
		33,
		34,
		34,
		31,
		31,
		32,
		32,
		36,
		36,
		31,
		31,
		32,
		32,
		34,
		34,
		33,
		33,
		33,
		33,
		30,
		30,
		32,
		32,
		36,
		36,
		30,
		30,
		32,
		32,
		33,
		33,
		33,
		33,
		33,
		33,
		31
	],
	"computation_proportion": 35,
	"extra_dict": {}
}