{
	"model_name": "HarDNet",
	"batch_size": 256,
	"duration_sec": 45,
	"mode": "train",
	"is_DDP": true,
	"process_group_backend": "gloo",
	"world_size": 1,
	"rank": 0,
	"local_rank": 0,
	"device_type": "gpu",
	"master_addr": "133.133.135.75",
	"master_port": 39920,
	"iteration_count": 52,
	"iteration_intervals": [
		1930454016,
		850652672,
		853105920,
		859186176,
		850832896,
		847745024,
		860156672,
		856613888,
		855588608,
		853214208,
		747753728,
		863916544,
		847367680,
		857139968,
		851706880,
		849774080,
		852246528,
		848775168,
		870180864,
		863114496,
		852340736,
		852612096,
		863063040,
		861904128,
		844611328,
		856685312,
		858466048,
		856389632,
		847204352,
		753340672,
		855740160,
		857899008,
		854617088,
		836675584,
		858437632,
		852006144,
		861244416,
		858232320,
		860093952,
		851350528,
		849665024,
		860481280,
		859576320,
		841232128,
		863504896,
		848923392,
		856642304,
		850678016,
		762082816,
		845905664,
		863694848,
		858551552
	],
	"iteration_intervals_avg": 848492484.0851064,
	"iteration_intervals_avg_second": 0.8484924840851064,
	"total_time_ns": 45224203008,
	"total_time_second": 45,
	"mem_infos": [
		[
			11269046272,
			11811160064
		],
		[
			9712959488,
			11811160064
		],
		[
			9484369920,
			11811160064
		],
		[
			305135616,
			11811160064
		],
		[
			1196425216,
			11811160064
		],
		[
			441450496,
			11811160064
		],
		[
			441450496,
			11811160064
		],
		[
			441450496,
			11811160064
		],
		[
			441450496,
			11811160064
		],
		[
			441450496,
			11811160064
		],
		[
			441450496,
			11811160064
		],
		[
			441450496,
			11811160064
		],
		[
			441450496,
			11811160064
		],
		[
			441450496,
			11811160064
		],
		[
			441450496,
			11811160064
		],
		[
			441450496,
			11811160064
		],
		[
			441450496,
			11811160064
		],
		[
			441450496,
			11811160064
		],
		[
			441450496,
			11811160064
		],
		[
			441450496,
			11811160064
		],
		[
			441450496,
			11811160064
		],
		[
			441450496,
			11811160064
		],
		[
			441450496,
			11811160064
		],
		[
			441450496,
			11811160064
		],
		[
			441450496,
			11811160064
		],
		[
			441450496,
			11811160064
		],
		[
			441450496,
			11811160064
		],
		[
			441450496,
			11811160064
		],
		[
			441450496,
			11811160064
		],
		[
			441450496,
			11811160064
		],
		[
			441450496,
			11811160064
		],
		[
			441450496,
			11811160064
		],
		[
			441450496,
			11811160064
		],
		[
			441450496,
			11811160064
		],
		[
			441450496,
			11811160064
		],
		[
			441450496,
			11811160064
		],
		[
			441450496,
			11811160064
		],
		[
			441450496,
			11811160064
		],
		[
			441450496,
			11811160064
		],
		[
			441450496,
			11811160064
		],
		[
			441450496,
			11811160064
		],
		[
			441450496,
			11811160064
		],
		[
			441450496,
			11811160064
		],
		[
			441450496,
			11811160064
		],
		[
			441450496,
			11811160064
		],
		[
			441450496,
			11811160064
		],
		[
			441450496,
			11811160064
		],
		[
			441450496,
			11811160064
		],
		[
			441450496,
			11811160064
		],
		[
			441450496,
			11811160064
		],
		[
			441450496,
			11811160064
		],
		[
			441450496,
			11811160064
		],
		[
			441450496,
			11811160064
		],
		[
			441450496,
			11811160064
		],
		[
			441450496,
			11811160064
		],
		[
			441450496,
			11811160064
		],
		[
			441450496,
			11811160064
		],
		[
			441450496,
			11811160064
		],
		[
			441450496,
			11811160064
		],
		[
			441450496,
			11811160064
		],
		[
			441450496,
			11811160064
		],
		[
			441450496,
			11811160064
		],
		[
			441450496,
			11811160064
		],
		[
			441450496,
			11811160064
		],
		[
			441450496,
			11811160064
		],
		[
			441450496,
			11811160064
		],
		[
			441450496,
			11811160064
		],
		[
			441450496,
			11811160064
		],
		[
			441450496,
			11811160064
		],
		[
			441450496,
			11811160064
		],
		[
			441450496,
			11811160064
		],
		[
			441450496,
			11811160064
		],
		[
			441450496,
			11811160064
		],
		[
			441450496,
			11811160064
		],
		[
			441450496,
			11811160064
		],
		[
			441450496,
			11811160064
		],
		[
			441450496,
			11811160064
		],
		[
			441450496,
			11811160064
		],
		[
			441450496,
			11811160064
		],
		[
			441450496,
			11811160064
		],
		[
			441450496,
			11811160064
		],
		[
			441450496,
			11811160064
		],
		[
			441450496,
			11811160064
		],
		[
			441450496,
			11811160064
		],
		[
			441450496,
			11811160064
		],
		[
			441450496,
			11811160064
		],
		[
			441450496,
			11811160064
		],
		[
			441450496,
			11811160064
		],
		[
			441450496,
			11811160064
		],
		[
			441450496,
			11811160064
		]
	],
	"utilization": [
		4,
		4,
		4,
		4,
		37,
		37,
		31,
		31,
		31,
		31,
		31,
		31,
		36,
		36,
		32,
		32,
		31,
		31,
		30,
		30,
		33,
		33,
		34,
		34,
		33,
		33,
		32,
		32,
		31,
		31,
		32,
		32,
		33,
		33,
		32,
		32,
		33,
		33,
		32,
		32,
		31,
		31,
		31,
		31,
		33,
		33,
		35,
		35,
		31,
		31,
		30,
		30,
		30,
		32,
		32,
		34,
		34,
		35,
		35,
		32,
		32,
		30,
		30,
		33,
		33,
		33,
		33,
		32,
		32,
		32,
		32,
		33,
		33,
		31,
		31,
		32,
		32,
		33,
		33,
		35,
		35,
		31,
		31,
		30,
		30,
		31,
		31,
		34,
		34,
		35
	],
	"computation_proportion": 40,
	"extra_dict": {}
}