{
	"model_name": "SqueezeNet",
	"batch_size": 128,
	"duration_sec": 45,
	"mode": "train",
	"is_DDP": true,
	"process_group_backend": "gloo",
	"world_size": 2,
	"rank": 0,
	"local_rank": 0,
	"device_type": "gpu",
	"master_addr": "133.133.135.74",
	"master_port": 39920,
	"iteration_count": 103,
	"iteration_intervals": [
		1530409472,
		424252416,
		406157056,
		458828032,
		397164800,
		463248896,
		396217600,
		455305472,
		397181952,
		474969600,
		389743872,
		459844608,
		398612224,
		457830912,
		397726464,
		458837760,
		389006336,
		470277632,
		388161024,
		469250816,
		385791488,
		469590016,
		382273024,
		467071488,
		393498880,
		469611264,
		379810816,
		487405824,
		368557056,
		478856192,
		381650944,
		472432384,
		375899904,
		480584448,
		377700608,
		476502784,
		380600064,
		477936640,
		377009152,
		476587264,
		382440960,
		478604544,
		379493632,
		475849984,
		377004032,
		478167040,
		374660864,
		485211136,
		373072384,
		487337984,
		369865728,
		483193856,
		382800896,
		478602240,
		381781760,
		471627264,
		380205312,
		397073920,
		461191680,
		395098624,
		459580416,
		401219328,
		460723200,
		398709248,
		454204928,
		407481088,
		458902016,
		392984832,
		452461056,
		404472064,
		465031936,
		385791232,
		465234432,
		396149504,
		464394752,
		395126528,
		464277760,
		395897088,
		465068544,
		391206656,
		468000256,
		389498112,
		469167872,
		389995264,
		468672512,
		389902592,
		465453056,
		389352704,
		468881152,
		386803456,
		482513920,
		375067392,
		474915072,
		385914112,
		470962688,
		383412480,
		481753856,
		426012928,
		432679936,
		422573568,
		435710208,
		424614400,
		398641920
	],
	"iteration_intervals_avg": 428349850.122449,
	"iteration_intervals_avg_second": 0.42834985012244897,
	"total_time_ns": 45196181248,
	"total_time_second": 45,
	"mem_infos": [
		[
			11269046272,
			11811160064
		],
		[
			10371465216,
			11811160064
		],
		[
			10117709824,
			11811160064
		],
		[
			4035969024,
			11811160064
		],
		[
			4027580416,
			11811160064
		],
		[
			4027580416,
			11811160064
		],
		[
			4027580416,
			11811160064
		],
		[
			4027580416,
			11811160064
		],
		[
			4027580416,
			11811160064
		],
		[
			4027580416,
			11811160064
		],
		[
			4027580416,
			11811160064
		],
		[
			4027580416,
			11811160064
		],
		[
			4027580416,
			11811160064
		],
		[
			4027580416,
			11811160064
		],
		[
			4027580416,
			11811160064
		],
		[
			4027580416,
			11811160064
		],
		[
			4027580416,
			11811160064
		],
		[
			4027580416,
			11811160064
		],
		[
			4027580416,
			11811160064
		],
		[
			4027580416,
			11811160064
		],
		[
			4027580416,
			11811160064
		],
		[
			4027580416,
			11811160064
		],
		[
			4027580416,
			11811160064
		],
		[
			4027580416,
			11811160064
		],
		[
			4027580416,
			11811160064
		],
		[
			4027580416,
			11811160064
		],
		[
			4027580416,
			11811160064
		],
		[
			4027580416,
			11811160064
		],
		[
			4027580416,
			11811160064
		],
		[
			4027580416,
			11811160064
		],
		[
			4027580416,
			11811160064
		],
		[
			4027580416,
			11811160064
		],
		[
			4027580416,
			11811160064
		],
		[
			4027580416,
			11811160064
		],
		[
			4027580416,
			11811160064
		],
		[
			4027580416,
			11811160064
		],
		[
			4027580416,
			11811160064
		],
		[
			4027580416,
			11811160064
		],
		[
			4027580416,
			11811160064
		],
		[
			4027580416,
			11811160064
		],
		[
			4027580416,
			11811160064
		],
		[
			4027580416,
			11811160064
		],
		[
			4027580416,
			11811160064
		],
		[
			4027580416,
			11811160064
		],
		[
			4027580416,
			11811160064
		],
		[
			4027580416,
			11811160064
		],
		[
			4027580416,
			11811160064
		],
		[
			4027580416,
			11811160064
		],
		[
			4027580416,
			11811160064
		],
		[
			4027580416,
			11811160064
		],
		[
			4027580416,
			11811160064
		],
		[
			4027580416,
			11811160064
		],
		[
			4027580416,
			11811160064
		],
		[
			4027580416,
			11811160064
		],
		[
			4027580416,
			11811160064
		],
		[
			4027580416,
			11811160064
		],
		[
			4027580416,
			11811160064
		],
		[
			4027580416,
			11811160064
		],
		[
			4027580416,
			11811160064
		],
		[
			4027580416,
			11811160064
		],
		[
			4027580416,
			11811160064
		],
		[
			4027580416,
			11811160064
		],
		[
			4027580416,
			11811160064
		],
		[
			4027580416,
			11811160064
		],
		[
			4027580416,
			11811160064
		],
		[
			4027580416,
			11811160064
		],
		[
			4027580416,
			11811160064
		],
		[
			4027580416,
			11811160064
		],
		[
			4027580416,
			11811160064
		],
		[
			4027580416,
			11811160064
		],
		[
			4027580416,
			11811160064
		],
		[
			4027580416,
			11811160064
		],
		[
			4027580416,
			11811160064
		],
		[
			4027580416,
			11811160064
		],
		[
			4027580416,
			11811160064
		],
		[
			4027580416,
			11811160064
		],
		[
			4027580416,
			11811160064
		],
		[
			4027580416,
			11811160064
		],
		[
			4027580416,
			11811160064
		],
		[
			4027580416,
			11811160064
		],
		[
			4027580416,
			11811160064
		],
		[
			4027580416,
			11811160064
		],
		[
			4027580416,
			11811160064
		],
		[
			4027580416,
			11811160064
		],
		[
			4027580416,
			11811160064
		],
		[
			4027580416,
			11811160064
		],
		[
			4027580416,
			11811160064
		],
		[
			4027580416,
			11811160064
		],
		[
			4027580416,
			11811160064
		],
		[
			4027580416,
			11811160064
		]
	],
	"utilization": [
		0,
		5,
		5,
		7,
		7,
		31,
		31,
		31,
		31,
		35,
		35,
		31,
		31,
		33,
		33,
		30,
		30,
		30,
		30,
		36,
		36,
		31,
		31,
		32,
		32,
		31,
		31,
		34,
		34,
		32,
		32,
		31,
		31,
		30,
		30,
		36,
		36,
		30,
		30,
		32,
		32,
		34,
		34,
		33,
		33,
		32,
		32,
		33,
		33,
		30,
		30,
		34,
		34,
		31,
		31,
		32,
		32,
		32,
		32,
		34,
		34,
		32,
		32,
		32,
		32,
		30,
		30,
		33,
		33,
		33,
		33,
		31,
		31,
		32,
		32,
		32,
		32,
		32,
		32,
		32,
		32,
		33,
		33,
		32,
		32,
		33,
		33,
		29,
		29,
		31
	],
	"computation_proportion": 60,
	"extra_dict": {}
}