{
	"model_name": "SqueezeNet",
	"batch_size": 32,
	"duration_sec": 45,
	"mode": "train",
	"is_DDP": true,
	"process_group_backend": "gloo",
	"world_size": 2,
	"rank": 0,
	"local_rank": 0,
	"device_type": "gpu",
	"master_addr": "133.133.135.75",
	"master_port": 39920,
	"iteration_count": 159,
	"iteration_intervals": [
		1288064512,
		407278336,
		490649344,
		492550400,
		488832512,
		378416640,
		488157184,
		364001536,
		363214080,
		257399040,
		366579712,
		361842432,
		250708992,
		365682176,
		249910016,
		254789632,
		354067712,
		240868096,
		254018560,
		240934656,
		249891072,
		242972160,
		248363520,
		255846656,
		346094336,
		252028928,
		255954944,
		249468416,
		356296960,
		252350208,
		248767744,
		351869184,
		249724672,
		253730048,
		243661568,
		243991808,
		247213568,
		246091264,
		255224832,
		346380544,
		249441024,
		253848064,
		350242304,
		250356992,
		259417600,
		349740800,
		254200064,
		246064128,
		258183424,
		245611776,
		247736064,
		347150592,
		239570176,
		253342464,
		255475968,
		249057536,
		248151808,
		243610112,
		345128960,
		251368448,
		255630336,
		239275008,
		259563520,
		242066432,
		358615552,
		249092864,
		250189824,
		352748544,
		252068608,
		245170176,
		254287360,
		243681024,
		249474304,
		346013696,
		245269760,
		141607936,
		247345664,
		239241216,
		245439232,
		242425088,
		250705152,
		246348288,
		244067584,
		245948672,
		247808768,
		249598464,
		350012672,
		250120960,
		244076544,
		362486784,
		256285184,
		247476224,
		255345152,
		345696512,
		239318016,
		249460480,
		248832512,
		246238976,
		236896512,
		254746880,
		250254848,
		244934144,
		258176512,
		355408640,
		244089600,
		256033024,
		352013824,
		247237376,
		254049024,
		242597120,
		255380480,
		243811840,
		245267712,
		242120192,
		244117248,
		245840640,
		256614144,
		348639488,
		250505728,
		241702400,
		260015104,
		354307584,
		240156416,
		253204736,
		255782656,
		243891712,
		238972928,
		247885312,
		252219904,
		239846656,
		247275264,
		248549632,
		358885120,
		241795584,
		258594560,
		351936512,
		253790976,
		251888128,
		361431040,
		363823616,
		252413440,
		258695424,
		348817152,
		249539840,
		255105792,
		246656256,
		246048512,
		246915072,
		250346496,
		238690048,
		246896640,
		348984064,
		241734400,
		249130496,
		253048320,
		245142016,
		252625408,
		350161664,
		253690624
	],
	"iteration_intervals_avg": 271769979.012987,
	"iteration_intervals_avg_second": 0.271769979012987,
	"total_time_ns": 45020875264,
	"total_time_second": 45,
	"mem_infos": [
		[
			11269046272,
			11811160064
		],
		[
			10870587392,
			11811160064
		],
		[
			10644094976,
			11811160064
		],
		[
			9027190784,
			11811160064
		],
		[
			9027190784,
			11811160064
		],
		[
			9027190784,
			11811160064
		],
		[
			9027190784,
			11811160064
		],
		[
			9027190784,
			11811160064
		],
		[
			9027190784,
			11811160064
		],
		[
			9027190784,
			11811160064
		],
		[
			9027190784,
			11811160064
		],
		[
			9027190784,
			11811160064
		],
		[
			9027190784,
			11811160064
		],
		[
			9027190784,
			11811160064
		],
		[
			9027190784,
			11811160064
		],
		[
			9027190784,
			11811160064
		],
		[
			9027190784,
			11811160064
		],
		[
			9027190784,
			11811160064
		],
		[
			9027190784,
			11811160064
		],
		[
			9027190784,
			11811160064
		],
		[
			9027190784,
			11811160064
		],
		[
			9027190784,
			11811160064
		],
		[
			9027190784,
			11811160064
		],
		[
			9027190784,
			11811160064
		],
		[
			9027190784,
			11811160064
		],
		[
			9027190784,
			11811160064
		],
		[
			9027190784,
			11811160064
		],
		[
			9027190784,
			11811160064
		],
		[
			9027190784,
			11811160064
		],
		[
			9027190784,
			11811160064
		],
		[
			9027190784,
			11811160064
		],
		[
			9027190784,
			11811160064
		],
		[
			9027190784,
			11811160064
		],
		[
			9027190784,
			11811160064
		],
		[
			9027190784,
			11811160064
		],
		[
			9027190784,
			11811160064
		],
		[
			9027190784,
			11811160064
		],
		[
			9027190784,
			11811160064
		],
		[
			9027190784,
			11811160064
		],
		[
			9027190784,
			11811160064
		],
		[
			9027190784,
			11811160064
		],
		[
			9027190784,
			11811160064
		],
		[
			9027190784,
			11811160064
		],
		[
			9027190784,
			11811160064
		],
		[
			9027190784,
			11811160064
		],
		[
			9027190784,
			11811160064
		],
		[
			9027190784,
			11811160064
		],
		[
			9027190784,
			11811160064
		],
		[
			9027190784,
			11811160064
		],
		[
			9027190784,
			11811160064
		],
		[
			9027190784,
			11811160064
		],
		[
			9027190784,
			11811160064
		],
		[
			9027190784,
			11811160064
		],
		[
			9027190784,
			11811160064
		],
		[
			9027190784,
			11811160064
		],
		[
			9027190784,
			11811160064
		],
		[
			9027190784,
			11811160064
		],
		[
			9027190784,
			11811160064
		],
		[
			9027190784,
			11811160064
		],
		[
			9027190784,
			11811160064
		],
		[
			9027190784,
			11811160064
		],
		[
			9027190784,
			11811160064
		],
		[
			9027190784,
			11811160064
		],
		[
			9027190784,
			11811160064
		],
		[
			9027190784,
			11811160064
		],
		[
			9027190784,
			11811160064
		],
		[
			9027190784,
			11811160064
		],
		[
			9027190784,
			11811160064
		],
		[
			9027190784,
			11811160064
		],
		[
			9027190784,
			11811160064
		],
		[
			9027190784,
			11811160064
		],
		[
			9027190784,
			11811160064
		],
		[
			9027190784,
			11811160064
		],
		[
			9027190784,
			11811160064
		],
		[
			9027190784,
			11811160064
		],
		[
			9027190784,
			11811160064
		],
		[
			9027190784,
			11811160064
		],
		[
			9027190784,
			11811160064
		],
		[
			9027190784,
			11811160064
		],
		[
			9027190784,
			11811160064
		],
		[
			9027190784,
			11811160064
		],
		[
			9027190784,
			11811160064
		],
		[
			9027190784,
			11811160064
		],
		[
			9027190784,
			11811160064
		],
		[
			9027190784,
			11811160064
		],
		[
			9027190784,
			11811160064
		],
		[
			9027190784,
			11811160064
		],
		[
			9027190784,
			11811160064
		],
		[
			9027190784,
			11811160064
		],
		[
			9027190784,
			11811160064
		]
	],
	"utilization": [
		1,
		5,
		5,
		12,
		12,
		8,
		8,
		8,
		8,
		8,
		8,
		13,
		13,
		13,
		13,
		17,
		17,
		17,
		17,
		17,
		17,
		13,
		13,
		17,
		17,
		17,
		17,
		17,
		17,
		13,
		13,
		17,
		17,
		17,
		17,
		16,
		16,
		14,
		14,
		17,
		17,
		17,
		17,
		14,
		14,
		15,
		15,
		21,
		21,
		17,
		17,
		17,
		17,
		13,
		13,
		17,
		17,
		17,
		17,
		17,
		17,
		13,
		13,
		17,
		17,
		17,
		17,
		17,
		17,
		17,
		17,
		13,
		13,
		17,
		17,
		19,
		19,
		15,
		15,
		13,
		13,
		17,
		17,
		13,
		13,
		18,
		18,
		15,
		15,
		17
	],
	"computation_proportion": 15,
	"extra_dict": {}
}