{
	"model_name": "HarDNet",
	"batch_size": 64,
	"duration_sec": 45,
	"mode": "train",
	"is_DDP": true,
	"process_group_backend": "gloo",
	"world_size": 2,
	"rank": 0,
	"local_rank": 0,
	"device_type": "gpu",
	"master_addr": "133.133.135.74",
	"master_port": 39920,
	"iteration_count": 92,
	"iteration_intervals": [
		1304800768,
		434167552,
		387453184,
		471970560,
		389088512,
		468690432,
		483013120,
		450510848,
		425103104,
		590951424,
		496514304,
		487350784,
		484893440,
		389186048,
		472317952,
		478757120,
		499180544,
		486006272,
		487576832,
		487161600,
		484660480,
		494422016,
		382067456,
		478691584,
		485577728,
		483807744,
		497116672,
		485133824,
		494064896,
		485704192,
		381123072,
		480360192,
		485652992,
		380536832,
		483486976,
		493599488,
		600057344,
		482797824,
		503738880,
		497527296,
		484973312,
		482574336,
		486451968,
		490466048,
		490670080,
		485660672,
		488141312,
		483552768,
		496899840,
		487428608,
		485787136,
		382995712,
		555334656,
		527149056,
		498007808,
		491982848,
		482442496,
		490013440,
		487202816,
		490714368,
		483133696,
		494639616,
		489181952,
		501198336,
		487809280,
		483418880,
		485265920,
		492950784,
		476875008,
		503012864,
		492077312,
		497444096,
		589236992,
		382033408,
		483763456,
		491168256,
		488726528,
		490351360,
		593830656,
		497755648,
		488502784,
		490122496,
		485312512,
		483910912,
		497178624,
		487805440,
		502093824,
		600804864,
		489949184,
		486191104,
		487079424,
		486176256
	],
	"iteration_intervals_avg": 487411403.0344828,
	"iteration_intervals_avg_second": 0.48741140303448277,
	"total_time_ns": 45393111040,
	"total_time_second": 45,
	"mem_infos": [
		[
			11269046272,
			11811160064
		],
		[
			10700718080,
			11811160064
		],
		[
			10461642752,
			11811160064
		],
		[
			7372537856,
			11811160064
		],
		[
			7372537856,
			11811160064
		],
		[
			7372537856,
			11811160064
		],
		[
			7372537856,
			11811160064
		],
		[
			7372537856,
			11811160064
		],
		[
			7372537856,
			11811160064
		],
		[
			7372537856,
			11811160064
		],
		[
			7372537856,
			11811160064
		],
		[
			7372537856,
			11811160064
		],
		[
			7372537856,
			11811160064
		],
		[
			7372537856,
			11811160064
		],
		[
			7372537856,
			11811160064
		],
		[
			7372537856,
			11811160064
		],
		[
			7372537856,
			11811160064
		],
		[
			7372537856,
			11811160064
		],
		[
			7372537856,
			11811160064
		],
		[
			7372537856,
			11811160064
		],
		[
			7372537856,
			11811160064
		],
		[
			7372537856,
			11811160064
		],
		[
			7372537856,
			11811160064
		],
		[
			7372537856,
			11811160064
		],
		[
			7372537856,
			11811160064
		],
		[
			7372537856,
			11811160064
		],
		[
			7372537856,
			11811160064
		],
		[
			7372537856,
			11811160064
		],
		[
			7372537856,
			11811160064
		],
		[
			7372537856,
			11811160064
		],
		[
			7372537856,
			11811160064
		],
		[
			7372537856,
			11811160064
		],
		[
			7372537856,
			11811160064
		],
		[
			7372537856,
			11811160064
		],
		[
			7372537856,
			11811160064
		],
		[
			7372537856,
			11811160064
		],
		[
			7372537856,
			11811160064
		],
		[
			7372537856,
			11811160064
		],
		[
			7372537856,
			11811160064
		],
		[
			7372537856,
			11811160064
		],
		[
			7372537856,
			11811160064
		],
		[
			7372537856,
			11811160064
		],
		[
			7372537856,
			11811160064
		],
		[
			7372537856,
			11811160064
		],
		[
			7372537856,
			11811160064
		],
		[
			7372537856,
			11811160064
		],
		[
			7372537856,
			11811160064
		],
		[
			7372537856,
			11811160064
		],
		[
			7372537856,
			11811160064
		],
		[
			7372537856,
			11811160064
		],
		[
			7372537856,
			11811160064
		],
		[
			7372537856,
			11811160064
		],
		[
			7372537856,
			11811160064
		],
		[
			7372537856,
			11811160064
		],
		[
			7372537856,
			11811160064
		],
		[
			7372537856,
			11811160064
		],
		[
			7372537856,
			11811160064
		],
		[
			7372537856,
			11811160064
		],
		[
			7372537856,
			11811160064
		],
		[
			7372537856,
			11811160064
		],
		[
			7372537856,
			11811160064
		],
		[
			7372537856,
			11811160064
		],
		[
			7372537856,
			11811160064
		],
		[
			7372537856,
			11811160064
		],
		[
			7372537856,
			11811160064
		],
		[
			7372537856,
			11811160064
		],
		[
			7372537856,
			11811160064
		],
		[
			7372537856,
			11811160064
		],
		[
			7372537856,
			11811160064
		],
		[
			7372537856,
			11811160064
		],
		[
			7372537856,
			11811160064
		],
		[
			7372537856,
			11811160064
		],
		[
			7372537856,
			11811160064
		],
		[
			7372537856,
			11811160064
		],
		[
			7372537856,
			11811160064
		],
		[
			7372537856,
			11811160064
		],
		[
			7372537856,
			11811160064
		],
		[
			7372537856,
			11811160064
		],
		[
			7372537856,
			11811160064
		],
		[
			7372537856,
			11811160064
		],
		[
			7372537856,
			11811160064
		],
		[
			7372537856,
			11811160064
		],
		[
			7372537856,
			11811160064
		],
		[
			7372537856,
			11811160064
		],
		[
			7372537856,
			11811160064
		],
		[
			7372537856,
			11811160064
		],
		[
			7372537856,
			11811160064
		],
		[
			7372537856,
			11811160064
		],
		[
			7372537856,
			11811160064
		],
		[
			7372537856,
			11811160064
		]
	],
	"utilization": [
		2,
		2,
		5,
		5,
		15,
		15,
		19,
		19,
		19,
		19,
		17,
		17,
		15,
		15,
		16,
		16,
		18,
		18,
		18,
		18,
		16,
		16,
		16,
		16,
		18,
		18,
		17,
		17,
		16,
		16,
		16,
		16,
		18,
		18,
		19,
		19,
		16,
		16,
		15,
		15,
		14,
		14,
		18,
		18,
		16,
		16,
		17,
		17,
		16,
		16,
		17,
		17,
		17,
		17,
		15,
		15,
		15,
		15,
		17,
		17,
		18,
		18,
		15,
		15,
		15,
		15,
		17,
		17,
		18,
		18,
		16,
		16,
		15,
		15,
		16,
		16,
		18,
		18,
		15,
		15,
		15,
		15,
		16,
		16,
		17,
		17,
		16,
		16,
		15,
		15
	],
	"computation_proportion": 15,
	"extra_dict": {}
}