{
	"model_name": "MEALV2",
	"batch_size": 512,
	"duration_sec": 45,
	"mode": "train",
	"is_DDP": true,
	"process_group_backend": "gloo",
	"world_size": 1,
	"rank": 0,
	"local_rank": 0,
	"device_type": "gpu",
	"master_addr": "133.133.135.75",
	"master_port": 39920,
	"iteration_count": 90,
	"iteration_intervals": [
		1689144320,
		392488448,
		494790400,
		492476672,
		495440128,
		498553088,
		544503296,
		520967936,
		494505728,
		487390464,
		471516928,
		508112640,
		494867456,
		477985536,
		501605120,
		478949376,
		492170240,
		490027776,
		476389632,
		502888960,
		486384640,
		492512000,
		491650048,
		494190592,
		499740928,
		481219328,
		477894144,
		492837632,
		495635712,
		493178880,
		478980608,
		498063360,
		491689984,
		488875520,
		496241664,
		472183296,
		503240704,
		493073664,
		484702208,
		486968832,
		493466624,
		485863936,
		494045696,
		484426496,
		480241152,
		496662272,
		496743424,
		481723392,
		494642688,
		493193472,
		538137088,
		522455296,
		489522432,
		492745728,
		487113472,
		487553792,
		490615296,
		489776128,
		480990976,
		496970752,
		471974912,
		503010048,
		472634112,
		498934528,
		494056960,
		495784448,
		485897984,
		491392000,
		490787072,
		490679552,
		483405056,
		493312768,
		486718720,
		495877376,
		487727872,
		494826752,
		483852544,
		497111808,
		493779968,
		473718784,
		483408640,
		512295168,
		489486592,
		493060608,
		481903872,
		487554560,
		488026368,
		490188544,
		486014976,
		496773376
	],
	"iteration_intervals_avg": 491891576.4705882,
	"iteration_intervals_avg_second": 0.49189157647058823,
	"total_time_ns": 45375953152,
	"total_time_second": 45,
	"mem_infos": [
		[
			11266949120,
			11811160064
		],
		[
			10006560768,
			11811160064
		],
		[
			9784262656,
			11811160064
		],
		[
			1760559104,
			11811160064
		],
		[
			793772032,
			11811160064
		],
		[
			793772032,
			11811160064
		],
		[
			793772032,
			11811160064
		],
		[
			793772032,
			11811160064
		],
		[
			793772032,
			11811160064
		],
		[
			793772032,
			11811160064
		],
		[
			793772032,
			11811160064
		],
		[
			793772032,
			11811160064
		],
		[
			793772032,
			11811160064
		],
		[
			793772032,
			11811160064
		],
		[
			793772032,
			11811160064
		],
		[
			793772032,
			11811160064
		],
		[
			793772032,
			11811160064
		],
		[
			793772032,
			11811160064
		],
		[
			793772032,
			11811160064
		],
		[
			793772032,
			11811160064
		],
		[
			793772032,
			11811160064
		],
		[
			793772032,
			11811160064
		],
		[
			793772032,
			11811160064
		],
		[
			793772032,
			11811160064
		],
		[
			793772032,
			11811160064
		],
		[
			793772032,
			11811160064
		],
		[
			793772032,
			11811160064
		],
		[
			793772032,
			11811160064
		],
		[
			793772032,
			11811160064
		],
		[
			793772032,
			11811160064
		],
		[
			793772032,
			11811160064
		],
		[
			793772032,
			11811160064
		],
		[
			793772032,
			11811160064
		],
		[
			793772032,
			11811160064
		],
		[
			793772032,
			11811160064
		],
		[
			793772032,
			11811160064
		],
		[
			793772032,
			11811160064
		],
		[
			793772032,
			11811160064
		],
		[
			793772032,
			11811160064
		],
		[
			793772032,
			11811160064
		],
		[
			793772032,
			11811160064
		],
		[
			793772032,
			11811160064
		],
		[
			793772032,
			11811160064
		],
		[
			793772032,
			11811160064
		],
		[
			793772032,
			11811160064
		],
		[
			793772032,
			11811160064
		],
		[
			793772032,
			11811160064
		],
		[
			793772032,
			11811160064
		],
		[
			793772032,
			11811160064
		],
		[
			793772032,
			11811160064
		],
		[
			793772032,
			11811160064
		],
		[
			793772032,
			11811160064
		],
		[
			793772032,
			11811160064
		],
		[
			793772032,
			11811160064
		],
		[
			793772032,
			11811160064
		],
		[
			793772032,
			11811160064
		],
		[
			793772032,
			11811160064
		],
		[
			793772032,
			11811160064
		],
		[
			793772032,
			11811160064
		],
		[
			793772032,
			11811160064
		],
		[
			793772032,
			11811160064
		],
		[
			793772032,
			11811160064
		],
		[
			793772032,
			11811160064
		],
		[
			793772032,
			11811160064
		],
		[
			793772032,
			11811160064
		],
		[
			793772032,
			11811160064
		],
		[
			793772032,
			11811160064
		],
		[
			793772032,
			11811160064
		],
		[
			793772032,
			11811160064
		],
		[
			793772032,
			11811160064
		],
		[
			793772032,
			11811160064
		],
		[
			793772032,
			11811160064
		],
		[
			793772032,
			11811160064
		],
		[
			793772032,
			11811160064
		],
		[
			793772032,
			11811160064
		],
		[
			793772032,
			11811160064
		],
		[
			793772032,
			11811160064
		],
		[
			793772032,
			11811160064
		],
		[
			793772032,
			11811160064
		],
		[
			793772032,
			11811160064
		],
		[
			793772032,
			11811160064
		],
		[
			793772032,
			11811160064
		],
		[
			793772032,
			11811160064
		],
		[
			793772032,
			11811160064
		],
		[
			793772032,
			11811160064
		],
		[
			793772032,
			11811160064
		],
		[
			793772032,
			11811160064
		],
		[
			793772032,
			11811160064
		],
		[
			793772032,
			11811160064
		],
		[
			793772032,
			11811160064
		]
	],
	"utilization": [
		2,
		5,
		5,
		9,
		9,
		45,
		45,
		38,
		38,
		38,
		38,
		39,
		39,
		42,
		42,
		42,
		42,
		39,
		39,
		39,
		39,
		42,
		42,
		41,
		41,
		38,
		38,
		39,
		39,
		41,
		41,
		41,
		41,
		39,
		39,
		40,
		40,
		40,
		40,
		39,
		39,
		39,
		39,
		42,
		42,
		41,
		41,
		39,
		39,
		39,
		39,
		42,
		42,
		43,
		43,
		39,
		39,
		39,
		39,
		44,
		44,
		40,
		40,
		39,
		39,
		41,
		41,
		40,
		40,
		41,
		41,
		39,
		39,
		41,
		41,
		40,
		40,
		39,
		39,
		39,
		39,
		42,
		42,
		42,
		42,
		42,
		39,
		39,
		39,
		39
	],
	"computation_proportion": 90,
	"extra_dict": {}
}