{
	"model_name": "MobileNetV2",
	"batch_size": 64,
	"duration_sec": 45,
	"mode": "train",
	"is_DDP": true,
	"process_group_backend": "gloo",
	"world_size": 2,
	"rank": 0,
	"local_rank": 0,
	"device_type": "gpu",
	"master_addr": "133.133.135.75",
	"master_port": 39920,
	"iteration_count": 43,
	"iteration_intervals": [
		1487147264,
		363796736,
		615929344,
		2441237248,
		991322880,
		846316800,
		969303808,
		1228108032,
		977953280,
		861974528,
		979611136,
		1324365568,
		969324800,
		871592704,
		1098558720,
		1342156288,
		978751232,
		862362624,
		1335666944,
		1227792896,
		866263040,
		1073652224,
		1477013760,
		1106014976,
		974277120,
		1353030400,
		1352960512,
		871244032,
		839093760,
		851764736,
		1110621184,
		993921280,
		847235328,
		855837440,
		973974016,
		1223115008,
		867465472,
		846866176,
		1098703616,
		1116572928,
		972867584,
		854114304,
		1098751232
	],
	"iteration_intervals_avg": 1039452618.1052631,
	"iteration_intervals_avg_second": 1.039452618105263,
	"total_time_ns": 45399507712,
	"total_time_second": 45,
	"mem_infos": [
		[
			11250171904,
			11811160064
		],
		[
			10897850368,
			11811160064
		],
		[
			10671357952,
			11811160064
		],
		[
			4985978880,
			11811160064
		],
		[
			4985978880,
			11811160064
		],
		[
			4985978880,
			11811160064
		],
		[
			4985978880,
			11811160064
		],
		[
			4985978880,
			11811160064
		],
		[
			4985978880,
			11811160064
		],
		[
			4985978880,
			11811160064
		],
		[
			4985978880,
			11811160064
		],
		[
			4985978880,
			11811160064
		],
		[
			4985978880,
			11811160064
		],
		[
			4985978880,
			11811160064
		],
		[
			4985978880,
			11811160064
		],
		[
			4985978880,
			11811160064
		],
		[
			4985978880,
			11811160064
		],
		[
			4985978880,
			11811160064
		],
		[
			4985978880,
			11811160064
		],
		[
			4985978880,
			11811160064
		],
		[
			4985978880,
			11811160064
		],
		[
			4985978880,
			11811160064
		],
		[
			4985978880,
			11811160064
		],
		[
			4985978880,
			11811160064
		],
		[
			4985978880,
			11811160064
		],
		[
			4985978880,
			11811160064
		],
		[
			4985978880,
			11811160064
		],
		[
			4985978880,
			11811160064
		],
		[
			4985978880,
			11811160064
		],
		[
			4985978880,
			11811160064
		],
		[
			4985978880,
			11811160064
		],
		[
			4985978880,
			11811160064
		],
		[
			4985978880,
			11811160064
		],
		[
			4985978880,
			11811160064
		],
		[
			4985978880,
			11811160064
		],
		[
			4985978880,
			11811160064
		],
		[
			4985978880,
			11811160064
		],
		[
			4985978880,
			11811160064
		],
		[
			4985978880,
			11811160064
		],
		[
			4985978880,
			11811160064
		],
		[
			4985978880,
			11811160064
		],
		[
			4985978880,
			11811160064
		],
		[
			4985978880,
			11811160064
		],
		[
			4985978880,
			11811160064
		],
		[
			4985978880,
			11811160064
		],
		[
			4985978880,
			11811160064
		],
		[
			4985978880,
			11811160064
		],
		[
			4985978880,
			11811160064
		],
		[
			4985978880,
			11811160064
		],
		[
			4985978880,
			11811160064
		],
		[
			4985978880,
			11811160064
		],
		[
			4985978880,
			11811160064
		],
		[
			4985978880,
			11811160064
		],
		[
			4985978880,
			11811160064
		],
		[
			4985978880,
			11811160064
		],
		[
			4985978880,
			11811160064
		],
		[
			4985978880,
			11811160064
		],
		[
			4985978880,
			11811160064
		],
		[
			4985978880,
			11811160064
		],
		[
			4985978880,
			11811160064
		],
		[
			4985978880,
			11811160064
		],
		[
			4985978880,
			11811160064
		],
		[
			4985978880,
			11811160064
		],
		[
			4985978880,
			11811160064
		],
		[
			4985978880,
			11811160064
		],
		[
			4985978880,
			11811160064
		],
		[
			4985978880,
			11811160064
		],
		[
			4985978880,
			11811160064
		],
		[
			4985978880,
			11811160064
		],
		[
			4985978880,
			11811160064
		],
		[
			4985978880,
			11811160064
		],
		[
			4985978880,
			11811160064
		],
		[
			4985978880,
			11811160064
		],
		[
			4985978880,
			11811160064
		],
		[
			4985978880,
			11811160064
		],
		[
			4985978880,
			11811160064
		],
		[
			4985978880,
			11811160064
		],
		[
			4985978880,
			11811160064
		],
		[
			4985978880,
			11811160064
		],
		[
			4985978880,
			11811160064
		],
		[
			4985978880,
			11811160064
		],
		[
			4985978880,
			11811160064
		],
		[
			4985978880,
			11811160064
		],
		[
			4985978880,
			11811160064
		],
		[
			4985978880,
			11811160064
		],
		[
			4985978880,
			11811160064
		],
		[
			4985978880,
			11811160064
		],
		[
			4985978880,
			11811160064
		],
		[
			4985978880,
			11811160064
		],
		[
			4985978880,
			11811160064
		]
	],
	"utilization": [
		13,
		13,
		5,
		5,
		24,
		24,
		20,
		20,
		0,
		0,
		0,
		0,
		11,
		11,
		10,
		10,
		10,
		10,
		10,
		10,
		11,
		11,
		11,
		11,
		10,
		10,
		10,
		10,
		10,
		10,
		10,
		10,
		10,
		10,
		10,
		10,
		10,
		10,
		11,
		11,
		11,
		11,
		10,
		10,
		0,
		0,
		11,
		11,
		11,
		11,
		10,
		10,
		10,
		10,
		11,
		11,
		10,
		10,
		10,
		10,
		0,
		0,
		11,
		11,
		16,
		16,
		14,
		14,
		10,
		10,
		11,
		11,
		11,
		11,
		10,
		10,
		10,
		10,
		10,
		10,
		10,
		10,
		10,
		10,
		10,
		10,
		10,
		10,
		10,
		10
	],
	"computation_proportion": 10,
	"extra_dict": {}
}