{
	"model_name": "YoloV5S",
	"batch_size": 4,
	"duration_sec": 45,
	"mode": "train",
	"is_DDP": true,
	"process_group_backend": "gloo",
	"world_size": 2,
	"rank": 1,
	"local_rank": 0,
	"device_type": "gpu",
	"master_addr": "133.133.135.74",
	"master_port": 39920,
	"iteration_count": 140,
	"iteration_intervals": [
		1535180032,
		325361920,
		309108224,
		308184832,
		318549504,
		311574016,
		312200960,
		309495552,
		316676608,
		311596800,
		310328064,
		310034176,
		310338816,
		309421824,
		314263552,
		308986880,
		310171648,
		311122944,
		308518144,
		321645056,
		312391680,
		307863296,
		309880320,
		313095680,
		311750912,
		310057216,
		325319936,
		311894784,
		316997120,
		305897216,
		313843200,
		305229312,
		308940288,
		307053824,
		313766656,
		303316736,
		318670080,
		307697152,
		312167680,
		304225024,
		311316736,
		305235456,
		311822080,
		304260352,
		321171712,
		316595968,
		325575424,
		321893632,
		327028736,
		323299840,
		311536896,
		309676032,
		321253632,
		318789120,
		329197824,
		313146624,
		326459392,
		319051264,
		313641728,
		312704512,
		313478656,
		312688384,
		312897792,
		312155648,
		313564416,
		314622720,
		314766080,
		313281024,
		320764672,
		310794240,
		314078720,
		310419456,
		309734400,
		329315328,
		315797504,
		316583936,
		312179456,
		307913472,
		311571200,
		310221824,
		312963584,
		310710784,
		316324608,
		310979840,
		309642752,
		310098688,
		321434112,
		314374912,
		312581888,
		311751936,
		312930304,
		309066496,
		307996928,
		313477888,
		317515264,
		313983744,
		308355328,
		312820224,
		315169536,
		318722560,
		328140544,
		311434240,
		307534336,
		309924096,
		305641728,
		322270208,
		311186688,
		310048768,
		310633216,
		310263552,
		311552768,
		314013952,
		310487040,
		308670720,
		316724224,
		310440704,
		307282688,
		319449344,
		311106048,
		313970688,
		319523072,
		324326912,
		315018240,
		314745856,
		330236928,
		316472064,
		316982528,
		312899584,
		320193024,
		322757120,
		317969152,
		326328064,
		320603904,
		317165312,
		316673280,
		310940928,
		320843264,
		320643840,
		314275840,
		320509440
	],
	"iteration_intervals_avg": 314131143.1111111,
	"iteration_intervals_avg_second": 0.3141311431111111,
	"total_time_ns": 45205030912,
	"total_time_second": 45,
	"mem_infos": [
		[
			11229200384,
			11811160064
		],
		[
			10960764928,
			11811160064
		],
		[
			10713300992,
			11811160064
		],
		[
			10442768384,
			11811160064
		],
		[
			10350493696,
			11811160064
		],
		[
			10350493696,
			11811160064
		],
		[
			10350493696,
			11811160064
		],
		[
			10350493696,
			11811160064
		],
		[
			10350493696,
			11811160064
		],
		[
			10350493696,
			11811160064
		],
		[
			10350493696,
			11811160064
		],
		[
			10350493696,
			11811160064
		],
		[
			10350493696,
			11811160064
		],
		[
			10350493696,
			11811160064
		],
		[
			10350493696,
			11811160064
		],
		[
			10350493696,
			11811160064
		],
		[
			10350493696,
			11811160064
		],
		[
			10350493696,
			11811160064
		],
		[
			10350493696,
			11811160064
		],
		[
			10350493696,
			11811160064
		],
		[
			10350493696,
			11811160064
		],
		[
			10350493696,
			11811160064
		],
		[
			10350493696,
			11811160064
		],
		[
			10350493696,
			11811160064
		],
		[
			10350493696,
			11811160064
		],
		[
			10350493696,
			11811160064
		],
		[
			10350493696,
			11811160064
		],
		[
			10350493696,
			11811160064
		],
		[
			10350493696,
			11811160064
		],
		[
			10350493696,
			11811160064
		],
		[
			10350493696,
			11811160064
		],
		[
			10350493696,
			11811160064
		],
		[
			10350493696,
			11811160064
		],
		[
			10350493696,
			11811160064
		],
		[
			10350493696,
			11811160064
		],
		[
			10350493696,
			11811160064
		],
		[
			10350493696,
			11811160064
		],
		[
			10350493696,
			11811160064
		],
		[
			10350493696,
			11811160064
		],
		[
			10350493696,
			11811160064
		],
		[
			10350493696,
			11811160064
		],
		[
			10350493696,
			11811160064
		],
		[
			10350493696,
			11811160064
		],
		[
			10350493696,
			11811160064
		],
		[
			10350493696,
			11811160064
		],
		[
			10350493696,
			11811160064
		],
		[
			10350493696,
			11811160064
		],
		[
			10350493696,
			11811160064
		],
		[
			10350493696,
			11811160064
		],
		[
			10350493696,
			11811160064
		],
		[
			10350493696,
			11811160064
		],
		[
			10350493696,
			11811160064
		],
		[
			10350493696,
			11811160064
		],
		[
			10350493696,
			11811160064
		],
		[
			10350493696,
			11811160064
		],
		[
			10350493696,
			11811160064
		],
		[
			10350493696,
			11811160064
		],
		[
			10350493696,
			11811160064
		],
		[
			10350493696,
			11811160064
		],
		[
			10350493696,
			11811160064
		],
		[
			10350493696,
			11811160064
		],
		[
			10350493696,
			11811160064
		],
		[
			10350493696,
			11811160064
		],
		[
			10350493696,
			11811160064
		],
		[
			10350493696,
			11811160064
		],
		[
			10350493696,
			11811160064
		],
		[
			10350493696,
			11811160064
		],
		[
			10350493696,
			11811160064
		],
		[
			10350493696,
			11811160064
		],
		[
			10350493696,
			11811160064
		],
		[
			10350493696,
			11811160064
		],
		[
			10350493696,
			11811160064
		],
		[
			10350493696,
			11811160064
		],
		[
			10350493696,
			11811160064
		],
		[
			10350493696,
			11811160064
		],
		[
			10350493696,
			11811160064
		],
		[
			10350493696,
			11811160064
		],
		[
			10350493696,
			11811160064
		],
		[
			10350493696,
			11811160064
		],
		[
			10350493696,
			11811160064
		],
		[
			10350493696,
			11811160064
		],
		[
			10350493696,
			11811160064
		],
		[
			10350493696,
			11811160064
		],
		[
			10350493696,
			11811160064
		],
		[
			10350493696,
			11811160064
		],
		[
			10350493696,
			11811160064
		],
		[
			10350493696,
			11811160064
		],
		[
			10350493696,
			11811160064
		],
		[
			10350493696,
			11811160064
		],
		[
			10350493696,
			11811160064
		]
	],
	"utilization": [
		2,
		4,
		4,
		5,
		5,
		7,
		7,
		7,
		7,
		7,
		7,
		7,
		7,
		7,
		7,
		9,
		9,
		7,
		7,
		7,
		7,
		7,
		7,
		8,
		8,
		8,
		8,
		7,
		7,
		7,
		7,
		7,
		7,
		8,
		8,
		8,
		8,
		7,
		7,
		7,
		7,
		7,
		7,
		7,
		7,
		9,
		9,
		7,
		7,
		7,
		7,
		7,
		7,
		7,
		7,
		9,
		9,
		7,
		7,
		7,
		7,
		7,
		7,
		7,
		7,
		9,
		9,
		7,
		7,
		7,
		7,
		7,
		7,
		7,
		7,
		9,
		9,
		7,
		7,
		7,
		7,
		7,
		7,
		7,
		7,
		7,
		7,
		8,
		8,
		8
	],
	"computation_proportion": 65,
	"extra_dict": {}
}