{
	"model_name": "YoloV5S",
	"batch_size": 16,
	"duration_sec": 45,
	"mode": "train",
	"is_DDP": true,
	"process_group_backend": "gloo",
	"world_size": 2,
	"rank": 1,
	"local_rank": 0,
	"device_type": "gpu",
	"master_addr": "133.133.135.74",
	"master_port": 39920,
	"iteration_count": 139,
	"iteration_intervals": [
		1566322944,
		315901440,
		309274112,
		323536128,
		311479552,
		311392768,
		313397760,
		314409728,
		313035008,
		311745792,
		316035584,
		317239808,
		318189824,
		311565312,
		315052288,
		313111808,
		315231232,
		310616064,
		314521600,
		309839360,
		320068096,
		317169920,
		320290304,
		317472768,
		311917056,
		309405440,
		311647744,
		311123712,
		310040576,
		319495936,
		318349824,
		317589504,
		309218816,
		312907264,
		310521600,
		314159360,
		311066880,
		309830912,
		309894912,
		319827968,
		312714496,
		311146752,
		316231168,
		305629184,
		314700544,
		320003328,
		312902400,
		311436544,
		309688576,
		313835008,
		311931392,
		311495680,
		311735808,
		315191296,
		330261248,
		310760192,
		312929792,
		310853632,
		311500032,
		313594368,
		314925824,
		311492864,
		345766144,
		311439616,
		311666944,
		312336896,
		313755136,
		318546944,
		314055680,
		310644224,
		321669376,
		314745088,
		312203520,
		312908288,
		310961920,
		326413824,
		323127808,
		313681664,
		321701888,
		313899264,
		315276288,
		318907648,
		313569280,
		315916288,
		321678336,
		313698304,
		314077184,
		310541824,
		313338368,
		307881472,
		318826240,
		318448384,
		311699456,
		318209280,
		312418304,
		317622784,
		312744192,
		325042688,
		314901760,
		316203264,
		309678336,
		312834048,
		315118336,
		311455744,
		323842304,
		311146752,
		313238528,
		312168448,
		313627904,
		313251328,
		316279808,
		316268544,
		324341248,
		318765056,
		327860480,
		312833536,
		312140288,
		310832128,
		315574784,
		313951744,
		312016896,
		309248512,
		319612416,
		322798592,
		315424256,
		314804992,
		314459136,
		319073280,
		316073984,
		319261952,
		316255744,
		310619392,
		313783552,
		313555200,
		313611264,
		314123264,
		312485888,
		323384576,
		314661632
	],
	"iteration_intervals_avg": 314950239.52238804,
	"iteration_intervals_avg_second": 0.31495023952238804,
	"total_time_ns": 45031024384,
	"total_time_second": 45,
	"mem_infos": [
		[
			11229200384,
			11811160064
		],
		[
			10948182016,
			11811160064
		],
		[
			10702815232,
			11811160064
		],
		[
			9784262656,
			11811160064
		],
		[
			9719250944,
			11811160064
		],
		[
			9719250944,
			11811160064
		],
		[
			9719250944,
			11811160064
		],
		[
			9719250944,
			11811160064
		],
		[
			9719250944,
			11811160064
		],
		[
			9719250944,
			11811160064
		],
		[
			9719250944,
			11811160064
		],
		[
			9719250944,
			11811160064
		],
		[
			9719250944,
			11811160064
		],
		[
			9719250944,
			11811160064
		],
		[
			9719250944,
			11811160064
		],
		[
			9719250944,
			11811160064
		],
		[
			9719250944,
			11811160064
		],
		[
			9719250944,
			11811160064
		],
		[
			9719250944,
			11811160064
		],
		[
			9719250944,
			11811160064
		],
		[
			9719250944,
			11811160064
		],
		[
			9719250944,
			11811160064
		],
		[
			9719250944,
			11811160064
		],
		[
			9719250944,
			11811160064
		],
		[
			9719250944,
			11811160064
		],
		[
			9719250944,
			11811160064
		],
		[
			9719250944,
			11811160064
		],
		[
			9719250944,
			11811160064
		],
		[
			9719250944,
			11811160064
		],
		[
			9719250944,
			11811160064
		],
		[
			9719250944,
			11811160064
		],
		[
			9719250944,
			11811160064
		],
		[
			9719250944,
			11811160064
		],
		[
			9719250944,
			11811160064
		],
		[
			9719250944,
			11811160064
		],
		[
			9719250944,
			11811160064
		],
		[
			9719250944,
			11811160064
		],
		[
			9719250944,
			11811160064
		],
		[
			9719250944,
			11811160064
		],
		[
			9719250944,
			11811160064
		],
		[
			9719250944,
			11811160064
		],
		[
			9719250944,
			11811160064
		],
		[
			9719250944,
			11811160064
		],
		[
			9719250944,
			11811160064
		],
		[
			9719250944,
			11811160064
		],
		[
			9719250944,
			11811160064
		],
		[
			9719250944,
			11811160064
		],
		[
			9719250944,
			11811160064
		],
		[
			9719250944,
			11811160064
		],
		[
			9719250944,
			11811160064
		],
		[
			9719250944,
			11811160064
		],
		[
			9719250944,
			11811160064
		],
		[
			9719250944,
			11811160064
		],
		[
			9719250944,
			11811160064
		],
		[
			9719250944,
			11811160064
		],
		[
			9719250944,
			11811160064
		],
		[
			9719250944,
			11811160064
		],
		[
			9719250944,
			11811160064
		],
		[
			9719250944,
			11811160064
		],
		[
			9719250944,
			11811160064
		],
		[
			9719250944,
			11811160064
		],
		[
			9719250944,
			11811160064
		],
		[
			9719250944,
			11811160064
		],
		[
			9719250944,
			11811160064
		],
		[
			9719250944,
			11811160064
		],
		[
			9719250944,
			11811160064
		],
		[
			9719250944,
			11811160064
		],
		[
			9719250944,
			11811160064
		],
		[
			9719250944,
			11811160064
		],
		[
			9719250944,
			11811160064
		],
		[
			9719250944,
			11811160064
		],
		[
			9719250944,
			11811160064
		],
		[
			9719250944,
			11811160064
		],
		[
			9719250944,
			11811160064
		],
		[
			9719250944,
			11811160064
		],
		[
			9719250944,
			11811160064
		],
		[
			9719250944,
			11811160064
		],
		[
			9719250944,
			11811160064
		],
		[
			9719250944,
			11811160064
		],
		[
			9719250944,
			11811160064
		],
		[
			9719250944,
			11811160064
		],
		[
			9719250944,
			11811160064
		],
		[
			9719250944,
			11811160064
		],
		[
			9719250944,
			11811160064
		],
		[
			9719250944,
			11811160064
		],
		[
			9719250944,
			11811160064
		],
		[
			9719250944,
			11811160064
		],
		[
			9719250944,
			11811160064
		],
		[
			9719250944,
			11811160064
		],
		[
			9719250944,
			11811160064
		]
	],
	"utilization": [
		2,
		4,
		4,
		7,
		7,
		12,
		12,
		12,
		12,
		12,
		12,
		12,
		12,
		15,
		15,
		13,
		13,
		12,
		12,
		12,
		12,
		12,
		12,
		14,
		14,
		13,
		13,
		12,
		12,
		12,
		12,
		13,
		13,
		15,
		15,
		12,
		12,
		12,
		12,
		12,
		12,
		13,
		13,
		14,
		14,
		12,
		12,
		12,
		12,
		12,
		12,
		12,
		12,
		13,
		13,
		14,
		14,
		12,
		12,
		12,
		12,
		12,
		12,
		13,
		13,
		15,
		15,
		12,
		12,
		12,
		12,
		12,
		12,
		12,
		12,
		13,
		13,
		14,
		14,
		12,
		12,
		12,
		12,
		12,
		12,
		13,
		13,
		15,
		15,
		12
	],
	"computation_proportion": 55,
	"extra_dict": {}
}