{
	"model_name": "ConvNeXtT",
	"batch_size": 4,
	"duration_sec": 45,
	"mode": "train",
	"is_DDP": true,
	"process_group_backend": "gloo",
	"world_size": 2,
	"rank": 1,
	"local_rank": 0,
	"device_type": "gpu",
	"master_addr": "133.133.135.74",
	"master_port": 39920,
	"iteration_count": 34,
	"iteration_intervals": [
		2306674688,
		1330288384,
		1321559040,
		1327014912,
		1323433984,
		1310539776,
		1326399232,
		1327728640,
		1322021120,
		1328446720,
		1326434816,
		1326514944,
		1326235904,
		1321022976,
		1322299648,
		1325003520,
		1323444992,
		1318087936,
		1330971136,
		1325547008,
		1328077312,
		1322572288,
		1324188672,
		1328200448,
		1325869312,
		1323371520,
		1322761984,
		1331037184,
		1323750912,
		1323480576,
		1327524352,
		1327029248,
		1320292608,
		1331779584
	],
	"iteration_intervals_avg": 1324849460.9655173,
	"iteration_intervals_avg_second": 1.3248494609655173,
	"total_time_ns": 46032826368,
	"total_time_second": 46,
	"mem_infos": [
		[
			10786701312,
			11811160064
		],
		[
			10570694656,
			11811160064
		],
		[
			9928966144,
			11811160064
		],
		[
			9891217408,
			11811160064
		],
		[
			9891217408,
			11811160064
		],
		[
			9582936064,
			11811160064
		],
		[
			9582936064,
			11811160064
		],
		[
			9582936064,
			11811160064
		],
		[
			9582936064,
			11811160064
		],
		[
			9582936064,
			11811160064
		],
		[
			9582936064,
			11811160064
		],
		[
			9582936064,
			11811160064
		],
		[
			9582936064,
			11811160064
		],
		[
			9582936064,
			11811160064
		],
		[
			9582936064,
			11811160064
		],
		[
			9582936064,
			11811160064
		],
		[
			9582936064,
			11811160064
		],
		[
			9582936064,
			11811160064
		],
		[
			9582936064,
			11811160064
		],
		[
			9582936064,
			11811160064
		],
		[
			9582936064,
			11811160064
		],
		[
			9582936064,
			11811160064
		],
		[
			9582936064,
			11811160064
		],
		[
			9582936064,
			11811160064
		],
		[
			9582936064,
			11811160064
		],
		[
			9582936064,
			11811160064
		],
		[
			9582936064,
			11811160064
		],
		[
			9582936064,
			11811160064
		],
		[
			9582936064,
			11811160064
		],
		[
			9582936064,
			11811160064
		],
		[
			9582936064,
			11811160064
		],
		[
			9582936064,
			11811160064
		],
		[
			9582936064,
			11811160064
		],
		[
			9582936064,
			11811160064
		],
		[
			9582936064,
			11811160064
		],
		[
			9582936064,
			11811160064
		],
		[
			9582936064,
			11811160064
		],
		[
			9582936064,
			11811160064
		],
		[
			9582936064,
			11811160064
		],
		[
			9582936064,
			11811160064
		],
		[
			9582936064,
			11811160064
		],
		[
			9582936064,
			11811160064
		],
		[
			9582936064,
			11811160064
		],
		[
			9582936064,
			11811160064
		],
		[
			9582936064,
			11811160064
		],
		[
			9582936064,
			11811160064
		],
		[
			9582936064,
			11811160064
		],
		[
			9582936064,
			11811160064
		],
		[
			9582936064,
			11811160064
		],
		[
			9582936064,
			11811160064
		],
		[
			9582936064,
			11811160064
		],
		[
			9582936064,
			11811160064
		],
		[
			9582936064,
			11811160064
		],
		[
			9582936064,
			11811160064
		],
		[
			9582936064,
			11811160064
		],
		[
			9582936064,
			11811160064
		],
		[
			9582936064,
			11811160064
		],
		[
			9582936064,
			11811160064
		],
		[
			9582936064,
			11811160064
		],
		[
			9582936064,
			11811160064
		],
		[
			9582936064,
			11811160064
		],
		[
			9582936064,
			11811160064
		],
		[
			9582936064,
			11811160064
		],
		[
			9582936064,
			11811160064
		],
		[
			9582936064,
			11811160064
		],
		[
			9582936064,
			11811160064
		],
		[
			9582936064,
			11811160064
		],
		[
			9582936064,
			11811160064
		],
		[
			9582936064,
			11811160064
		],
		[
			9582936064,
			11811160064
		],
		[
			9582936064,
			11811160064
		],
		[
			9582936064,
			11811160064
		],
		[
			9582936064,
			11811160064
		],
		[
			9582936064,
			11811160064
		],
		[
			9582936064,
			11811160064
		],
		[
			9582936064,
			11811160064
		],
		[
			9582936064,
			11811160064
		],
		[
			9582936064,
			11811160064
		],
		[
			9582936064,
			11811160064
		],
		[
			9582936064,
			11811160064
		],
		[
			9582936064,
			11811160064
		],
		[
			9582936064,
			11811160064
		],
		[
			9582936064,
			11811160064
		],
		[
			9582936064,
			11811160064
		],
		[
			9582936064,
			11811160064
		],
		[
			9582936064,
			11811160064
		],
		[
			9582936064,
			11811160064
		],
		[
			9582936064,
			11811160064
		],
		[
			9582936064,
			11811160064
		],
		[
			9582936064,
			11811160064
		]
	],
	"utilization": [
		0,
		0,
		10,
		10,
		6,
		6,
		6,
		6,
		6,
		6,
		0,
		0,
		6,
		6,
		6,
		6,
		6,
		6,
		1,
		1,
		6,
		6,
		6,
		6,
		6,
		6,
		2,
		2,
		5,
		5,
		6,
		6,
		6,
		6,
		5,
		5,
		1,
		1,
		6,
		6,
		6,
		6,
		6,
		6,
		0,
		0,
		6,
		6,
		5,
		5,
		6,
		6,
		0,
		0,
		6,
		6,
		6,
		6,
		6,
		6,
		0,
		0,
		6,
		6,
		6,
		6,
		6,
		6,
		0,
		0,
		6,
		6,
		6,
		6,
		6,
		6,
		0,
		0,
		6,
		6,
		6,
		6,
		6,
		6,
		1,
		1,
		6,
		6,
		6,
		6
	],
	"computation_proportion": 70,
	"extra_dict": {}
}