{
	"model_name": "ConvNeXtT",
	"batch_size": 32,
	"duration_sec": 45,
	"mode": "train",
	"is_DDP": true,
	"process_group_backend": "gloo",
	"world_size": 2,
	"rank": 1,
	"local_rank": 0,
	"device_type": "gpu",
	"master_addr": "133.133.135.74",
	"master_port": 39920,
	"iteration_count": 31,
	"iteration_intervals": [
		2381785088,
		1375772416,
		1351046912,
		1421579008,
		1371993088,
		1443099392,
		1386553856,
		1426842368,
		1437675776,
		1379910400,
		1451470336,
		1466005760,
		1485260288,
		1442054144,
		1564485632,
		1422973696,
		1425230592,
		1448206848,
		1447881216,
		1455729664,
		1446587904,
		1444547328,
		1395944960,
		1386750976,
		1413444864,
		1412882432,
		1413713920,
		1393890048,
		1453608448,
		1395602688,
		1382243072
	],
	"iteration_intervals_avg": 1431638331.0769231,
	"iteration_intervals_avg_second": 1.4316383310769232,
	"total_time_ns": 45126848000,
	"total_time_second": 45,
	"mem_infos": [
		[
			10786701312,
			11811160064
		],
		[
			10574888960,
			11811160064
		],
		[
			6766460928,
			11811160064
		],
		[
			6464471040,
			11811160064
		],
		[
			6464471040,
			11811160064
		],
		[
			6388973568,
			11811160064
		],
		[
			6388973568,
			11811160064
		],
		[
			6388973568,
			11811160064
		],
		[
			6388973568,
			11811160064
		],
		[
			6388973568,
			11811160064
		],
		[
			6388973568,
			11811160064
		],
		[
			6388973568,
			11811160064
		],
		[
			6388973568,
			11811160064
		],
		[
			6388973568,
			11811160064
		],
		[
			6388973568,
			11811160064
		],
		[
			6388973568,
			11811160064
		],
		[
			6388973568,
			11811160064
		],
		[
			6388973568,
			11811160064
		],
		[
			6388973568,
			11811160064
		],
		[
			6388973568,
			11811160064
		],
		[
			6388973568,
			11811160064
		],
		[
			6388973568,
			11811160064
		],
		[
			6388973568,
			11811160064
		],
		[
			6388973568,
			11811160064
		],
		[
			6388973568,
			11811160064
		],
		[
			6388973568,
			11811160064
		],
		[
			6388973568,
			11811160064
		],
		[
			6388973568,
			11811160064
		],
		[
			6388973568,
			11811160064
		],
		[
			6388973568,
			11811160064
		],
		[
			6388973568,
			11811160064
		],
		[
			6388973568,
			11811160064
		],
		[
			6388973568,
			11811160064
		],
		[
			6388973568,
			11811160064
		],
		[
			6388973568,
			11811160064
		],
		[
			6388973568,
			11811160064
		],
		[
			6388973568,
			11811160064
		],
		[
			6388973568,
			11811160064
		],
		[
			6388973568,
			11811160064
		],
		[
			6388973568,
			11811160064
		],
		[
			6388973568,
			11811160064
		],
		[
			6388973568,
			11811160064
		],
		[
			6388973568,
			11811160064
		],
		[
			6388973568,
			11811160064
		],
		[
			6388973568,
			11811160064
		],
		[
			6388973568,
			11811160064
		],
		[
			6388973568,
			11811160064
		],
		[
			6388973568,
			11811160064
		],
		[
			6388973568,
			11811160064
		],
		[
			6388973568,
			11811160064
		],
		[
			6388973568,
			11811160064
		],
		[
			6388973568,
			11811160064
		],
		[
			6388973568,
			11811160064
		],
		[
			6388973568,
			11811160064
		],
		[
			6388973568,
			11811160064
		],
		[
			6388973568,
			11811160064
		],
		[
			6388973568,
			11811160064
		],
		[
			6388973568,
			11811160064
		],
		[
			6388973568,
			11811160064
		],
		[
			6388973568,
			11811160064
		],
		[
			6388973568,
			11811160064
		],
		[
			6388973568,
			11811160064
		],
		[
			6388973568,
			11811160064
		],
		[
			6388973568,
			11811160064
		],
		[
			6388973568,
			11811160064
		],
		[
			6388973568,
			11811160064
		],
		[
			6388973568,
			11811160064
		],
		[
			6388973568,
			11811160064
		],
		[
			6388973568,
			11811160064
		],
		[
			6388973568,
			11811160064
		],
		[
			6388973568,
			11811160064
		],
		[
			6388973568,
			11811160064
		],
		[
			6388973568,
			11811160064
		],
		[
			6388973568,
			11811160064
		],
		[
			6388973568,
			11811160064
		],
		[
			6388973568,
			11811160064
		],
		[
			6388973568,
			11811160064
		],
		[
			6388973568,
			11811160064
		],
		[
			6388973568,
			11811160064
		],
		[
			6388973568,
			11811160064
		],
		[
			6388973568,
			11811160064
		],
		[
			6388973568,
			11811160064
		],
		[
			6388973568,
			11811160064
		],
		[
			6388973568,
			11811160064
		],
		[
			6388973568,
			11811160064
		],
		[
			6388973568,
			11811160064
		],
		[
			6388973568,
			11811160064
		],
		[
			6388973568,
			11811160064
		],
		[
			6388973568,
			11811160064
		],
		[
			6388973568,
			11811160064
		]
	],
	"utilization": [
		0,
		0,
		10,
		10,
		35,
		35,
		33,
		33,
		8,
		8,
		25,
		25,
		32,
		32,
		27,
		27,
		8,
		8,
		31,
		31,
		33,
		33,
		11,
		11,
		23,
		23,
		33,
		33,
		24,
		24,
		10,
		10,
		32,
		32,
		32,
		32,
		8,
		8,
		26,
		26,
		32,
		32,
		11,
		11,
		22,
		22,
		32,
		32,
		9,
		9,
		24,
		24,
		34,
		34,
		31,
		31,
		2,
		2,
		33,
		33,
		32,
		32,
		3,
		3,
		29,
		29,
		32,
		32,
		18,
		18,
		15,
		15,
		33,
		33,
		32,
		32,
		3,
		3,
		30,
		30,
		33,
		33,
		16,
		16,
		17,
		17,
		33,
		33,
		33,
		33
	],
	"computation_proportion": 60,
	"extra_dict": {}
}