{
	"model_name": "InceptionV3",
	"batch_size": 4,
	"duration_sec": 45,
	"mode": "train",
	"is_DDP": true,
	"process_group_backend": "gloo",
	"world_size": 4,
	"rank": 0,
	"local_rank": 0,
	"device_type": "gpu",
	"master_addr": "133.133.135.75",
	"master_port": 39920,
	"iteration_count": 26,
	"iteration_intervals": [
		2926934528,
		1514615552,
		1503488000,
		1492066816,
		1531276800,
		1620425472,
		1683322112,
		1483392512,
		1947792640,
		1940889856,
		1487706624,
		1478365952,
		1474484736,
		1492675584,
		1452731136,
		2255057152,
		1511880704,
		1476809472,
		1479406080,
		2238899456,
		2029807616,
		1932019456,
		1944709376,
		2279398912,
		2426773760,
		1700939008
	],
	"iteration_intervals_avg": 1777975600.7619047,
	"iteration_intervals_avg_second": 1.7779756007619048,
	"total_time_ns": 46306799360,
	"total_time_second": 46,
	"mem_infos": [
		[
			5046796288,
			5905580032
		],
		[
			4839178240,
			5905580032
		],
		[
			4612685824,
			5905580032
		],
		[
			3914334208,
			5905580032
		],
		[
			3914334208,
			5905580032
		],
		[
			3914334208,
			5905580032
		],
		[
			3801088000,
			5905580032
		],
		[
			3801088000,
			5905580032
		],
		[
			3801088000,
			5905580032
		],
		[
			3801088000,
			5905580032
		],
		[
			3801088000,
			5905580032
		],
		[
			3801088000,
			5905580032
		],
		[
			3801088000,
			5905580032
		],
		[
			3801088000,
			5905580032
		],
		[
			3801088000,
			5905580032
		],
		[
			3801088000,
			5905580032
		],
		[
			3801088000,
			5905580032
		],
		[
			3801088000,
			5905580032
		],
		[
			3801088000,
			5905580032
		],
		[
			3801088000,
			5905580032
		],
		[
			3801088000,
			5905580032
		],
		[
			3801088000,
			5905580032
		],
		[
			3801088000,
			5905580032
		],
		[
			3801088000,
			5905580032
		],
		[
			3801088000,
			5905580032
		],
		[
			3801088000,
			5905580032
		],
		[
			3801088000,
			5905580032
		],
		[
			3801088000,
			5905580032
		],
		[
			3801088000,
			5905580032
		],
		[
			3801088000,
			5905580032
		],
		[
			3801088000,
			5905580032
		],
		[
			3801088000,
			5905580032
		],
		[
			3801088000,
			5905580032
		],
		[
			3801088000,
			5905580032
		],
		[
			3801088000,
			5905580032
		],
		[
			3801088000,
			5905580032
		],
		[
			3801088000,
			5905580032
		],
		[
			3801088000,
			5905580032
		],
		[
			3801088000,
			5905580032
		],
		[
			3801088000,
			5905580032
		],
		[
			3801088000,
			5905580032
		],
		[
			3801088000,
			5905580032
		],
		[
			3801088000,
			5905580032
		],
		[
			3801088000,
			5905580032
		],
		[
			3801088000,
			5905580032
		],
		[
			3801088000,
			5905580032
		],
		[
			3801088000,
			5905580032
		],
		[
			3801088000,
			5905580032
		],
		[
			3801088000,
			5905580032
		],
		[
			3801088000,
			5905580032
		],
		[
			3801088000,
			5905580032
		],
		[
			3801088000,
			5905580032
		],
		[
			3801088000,
			5905580032
		],
		[
			3801088000,
			5905580032
		],
		[
			3801088000,
			5905580032
		],
		[
			3801088000,
			5905580032
		],
		[
			3801088000,
			5905580032
		],
		[
			3801088000,
			5905580032
		],
		[
			3801088000,
			5905580032
		],
		[
			3801088000,
			5905580032
		],
		[
			3801088000,
			5905580032
		],
		[
			3801088000,
			5905580032
		],
		[
			3801088000,
			5905580032
		],
		[
			3801088000,
			5905580032
		],
		[
			3801088000,
			5905580032
		],
		[
			3801088000,
			5905580032
		],
		[
			3801088000,
			5905580032
		],
		[
			3801088000,
			5905580032
		],
		[
			3801088000,
			5905580032
		],
		[
			3801088000,
			5905580032
		],
		[
			3801088000,
			5905580032
		],
		[
			3801088000,
			5905580032
		],
		[
			3801088000,
			5905580032
		],
		[
			3801088000,
			5905580032
		],
		[
			3801088000,
			5905580032
		],
		[
			3801088000,
			5905580032
		],
		[
			3801088000,
			5905580032
		],
		[
			3801088000,
			5905580032
		],
		[
			3801088000,
			5905580032
		],
		[
			3801088000,
			5905580032
		],
		[
			3801088000,
			5905580032
		],
		[
			3801088000,
			5905580032
		],
		[
			3801088000,
			5905580032
		],
		[
			3801088000,
			5905580032
		],
		[
			3801088000,
			5905580032
		],
		[
			3801088000,
			5905580032
		],
		[
			3801088000,
			5905580032
		],
		[
			3801088000,
			5905580032
		],
		[
			3801088000,
			5905580032
		],
		[
			3801088000,
			5905580032
		]
	],
	"utilization": [
		0,
		0,
		10,
		10,
		19,
		19,
		0,
		0,
		15,
		15,
		11,
		11,
		1,
		1,
		11,
		11,
		12,
		12,
		1,
		1,
		12,
		12,
		9,
		9,
		5,
		5,
		13,
		13,
		1,
		1,
		10,
		10,
		2,
		2,
		12,
		12,
		8,
		8,
		8,
		8,
		11,
		11,
		10,
		10,
		2,
		2,
		12,
		12,
		10,
		10,
		1,
		1,
		10,
		10,
		1,
		1,
		12,
		12,
		1,
		1,
		11,
		11,
		12,
		12,
		2,
		2,
		12,
		12,
		1,
		1,
		13,
		13,
		1,
		1,
		13,
		13,
		1,
		1,
		13,
		13,
		1,
		1,
		13,
		13,
		1,
		1,
		13,
		13,
		1,
		1
	],
	"computation_proportion": 5,
	"extra_dict": {}
}