{
	"model_name": "MobileNetV2",
	"batch_size": 32,
	"duration_sec": 45,
	"mode": "train",
	"is_DDP": true,
	"process_group_backend": "gloo",
	"world_size": 2,
	"rank": 0,
	"local_rank": 0,
	"device_type": "gpu",
	"master_addr": "133.133.135.74",
	"master_port": 39920,
	"iteration_count": 158,
	"iteration_intervals": [
		1457091840,
		180065536,
		174635776,
		174440192,
		179753984,
		178601984,
		182191360,
		173932288,
		175121920,
		176081664,
		173986560,
		166170112,
		185440768,
		175542272,
		177876480,
		176044544,
		176689664,
		334586112,
		262039296,
		471591168,
		368770048,
		380261888,
		363367424,
		360419584,
		365559296,
		254043904,
		253465088,
		347365120,
		243824640,
		248496384,
		258665472,
		329213952,
		266891008,
		252624896,
		357940992,
		357071616,
		363262976,
		264112640,
		349549312,
		260099840,
		342072320,
		253967360,
		244916736,
		258050048,
		338172928,
		258775808,
		254476032,
		349043968,
		249880320,
		254291712,
		243880704,
		253240576,
		351678464,
		255603712,
		346092800,
		253734912,
		366130688,
		350989568,
		274159104,
		344104192,
		260809984,
		253198592,
		331846912,
		253102592,
		234539776,
		251795200,
		239799040,
		174279168,
		221177856,
		243427072,
		241052160,
		341719040,
		256491520,
		256067072,
		345093376,
		260977152,
		344700672,
		252834048,
		248296192,
		252512256,
		257904128,
		339703040,
		253596672,
		358573312,
		357180416,
		267652352,
		356819968,
		358734080,
		255173632,
		352986624,
		244811520,
		255073024,
		243726592,
		258770688,
		235453440,
		244297728,
		242480128,
		244373248,
		247840256,
		241783040,
		250139648,
		344017664,
		246075904,
		259920896,
		345155328,
		366148352,
		367703296,
		355744256,
		271093504,
		348793088,
		264529408,
		348953600,
		259816448,
		246196480,
		346631680,
		247283200,
		346268416,
		267911936,
		253377024,
		341973248,
		252340480,
		247046400,
		252362752,
		238074880,
		249818624,
		239798784,
		249745152,
		240264448,
		258388224,
		345553152,
		251738368,
		352673536,
		259905280,
		345671936,
		254632960,
		260004352,
		242479616,
		246653696,
		239986176,
		242201088,
		244963584,
		255555072,
		246286336,
		335090432,
		251927296,
		253531904,
		356973824,
		267266560,
		352100352,
		360525056,
		369097472,
		357177088,
		267250688,
		354820608,
		252020992,
		351160064,
		242608896,
		251239168
	],
	"iteration_intervals_avg": 280205793.88235295,
	"iteration_intervals_avg_second": 0.28020579388235295,
	"total_time_ns": 45039800576,
	"total_time_second": 45,
	"mem_infos": [
		[
			11250171904,
			11811160064
		],
		[
			10952376320,
			11811160064
		],
		[
			10704912384,
			11811160064
		],
		[
			7817134080,
			11811160064
		],
		[
			7817134080,
			11811160064
		],
		[
			7817134080,
			11811160064
		],
		[
			7817134080,
			11811160064
		],
		[
			7817134080,
			11811160064
		],
		[
			7817134080,
			11811160064
		],
		[
			7817134080,
			11811160064
		],
		[
			7817134080,
			11811160064
		],
		[
			7817134080,
			11811160064
		],
		[
			7817134080,
			11811160064
		],
		[
			7817134080,
			11811160064
		],
		[
			7817134080,
			11811160064
		],
		[
			7817134080,
			11811160064
		],
		[
			7817134080,
			11811160064
		],
		[
			7817134080,
			11811160064
		],
		[
			7817134080,
			11811160064
		],
		[
			7817134080,
			11811160064
		],
		[
			7817134080,
			11811160064
		],
		[
			7817134080,
			11811160064
		],
		[
			7817134080,
			11811160064
		],
		[
			7817134080,
			11811160064
		],
		[
			7817134080,
			11811160064
		],
		[
			7817134080,
			11811160064
		],
		[
			7817134080,
			11811160064
		],
		[
			7817134080,
			11811160064
		],
		[
			7817134080,
			11811160064
		],
		[
			7817134080,
			11811160064
		],
		[
			7817134080,
			11811160064
		],
		[
			7817134080,
			11811160064
		],
		[
			7817134080,
			11811160064
		],
		[
			7817134080,
			11811160064
		],
		[
			7817134080,
			11811160064
		],
		[
			7817134080,
			11811160064
		],
		[
			7817134080,
			11811160064
		],
		[
			7817134080,
			11811160064
		],
		[
			7817134080,
			11811160064
		],
		[
			7817134080,
			11811160064
		],
		[
			7817134080,
			11811160064
		],
		[
			7817134080,
			11811160064
		],
		[
			7817134080,
			11811160064
		],
		[
			7817134080,
			11811160064
		],
		[
			7817134080,
			11811160064
		],
		[
			7817134080,
			11811160064
		],
		[
			7817134080,
			11811160064
		],
		[
			7817134080,
			11811160064
		],
		[
			7817134080,
			11811160064
		],
		[
			7817134080,
			11811160064
		],
		[
			7817134080,
			11811160064
		],
		[
			7817134080,
			11811160064
		],
		[
			7817134080,
			11811160064
		],
		[
			7817134080,
			11811160064
		],
		[
			7817134080,
			11811160064
		],
		[
			7817134080,
			11811160064
		],
		[
			7817134080,
			11811160064
		],
		[
			7817134080,
			11811160064
		],
		[
			7817134080,
			11811160064
		],
		[
			7817134080,
			11811160064
		],
		[
			7817134080,
			11811160064
		],
		[
			7817134080,
			11811160064
		],
		[
			7817134080,
			11811160064
		],
		[
			7817134080,
			11811160064
		],
		[
			7817134080,
			11811160064
		],
		[
			7817134080,
			11811160064
		],
		[
			7817134080,
			11811160064
		],
		[
			7817134080,
			11811160064
		],
		[
			7817134080,
			11811160064
		],
		[
			7817134080,
			11811160064
		],
		[
			7817134080,
			11811160064
		],
		[
			7817134080,
			11811160064
		],
		[
			7817134080,
			11811160064
		],
		[
			7817134080,
			11811160064
		],
		[
			7817134080,
			11811160064
		],
		[
			7817134080,
			11811160064
		],
		[
			7817134080,
			11811160064
		],
		[
			7817134080,
			11811160064
		],
		[
			7817134080,
			11811160064
		],
		[
			7817134080,
			11811160064
		],
		[
			7817134080,
			11811160064
		],
		[
			7817134080,
			11811160064
		],
		[
			7817134080,
			11811160064
		],
		[
			7817134080,
			11811160064
		],
		[
			7817134080,
			11811160064
		],
		[
			7817134080,
			11811160064
		],
		[
			7817134080,
			11811160064
		],
		[
			7817134080,
			11811160064
		],
		[
			7817134080,
			11811160064
		],
		[
			7817134080,
			11811160064
		]
	],
	"utilization": [
		1,
		4,
		4,
		6,
		6,
		31,
		31,
		34,
		34,
		34,
		34,
		17,
		17,
		14,
		14,
		19,
		19,
		22,
		22,
		23,
		23,
		19,
		19,
		19,
		19,
		23,
		23,
		20,
		20,
		22,
		22,
		23,
		23,
		20,
		20,
		19,
		19,
		21,
		21,
		27,
		27,
		25,
		25,
		19,
		19,
		23,
		23,
		23,
		23,
		18,
		18,
		19,
		19,
		21,
		21,
		26,
		26,
		26,
		26,
		21,
		21,
		18,
		18,
		19,
		19,
		22,
		22,
		21,
		21,
		20,
		20,
		26,
		26,
		25,
		25,
		20,
		20,
		20,
		20,
		26,
		26,
		25,
		25,
		21,
		21,
		18,
		18,
		20,
		20,
		19
	],
	"computation_proportion": 20,
	"extra_dict": {}
}