{
	"model_name": "YoloV5N",
	"batch_size": 64,
	"duration_sec": 45,
	"mode": "train",
	"is_DDP": true,
	"process_group_backend": "gloo",
	"world_size": 4,
	"rank": 1,
	"local_rank": 0,
	"device_type": "gpu",
	"master_addr": "133.133.135.75",
	"master_port": 39920,
	"iteration_count": 24,
	"iteration_intervals": [
		1463578368,
		2190856960,
		2434792960,
		1904237824,
		2533585152,
		2415755008,
		1972507904,
		2572121600,
		975009280,
		2187779584,
		856918528,
		3427999488,
		1707699456,
		2439467008,
		2559981312,
		855394048,
		3171824640,
		982739456,
		3413976064,
		737934592,
		490160384,
		2193117440,
		980345600,
		3297783552
	],
	"iteration_intervals_avg": 1959921839.1578948,
	"iteration_intervals_avg_second": 1.9599218391578948,
	"total_time_ns": 47767901696,
	"total_time_second": 47,
	"mem_infos": [
		[
			5214568448,
			5905580032
		],
		[
			4904189952,
			5905580032
		],
		[
			4696571904,
			5905580032
		],
		[
			2930769920,
			5905580032
		],
		[
			2930769920,
			5905580032
		],
		[
			2930769920,
			5905580032
		],
		[
			2930769920,
			5905580032
		],
		[
			2930769920,
			5905580032
		],
		[
			2930769920,
			5905580032
		],
		[
			2930769920,
			5905580032
		],
		[
			2930769920,
			5905580032
		],
		[
			2930769920,
			5905580032
		],
		[
			2930769920,
			5905580032
		],
		[
			2863661056,
			5905580032
		],
		[
			2863661056,
			5905580032
		],
		[
			2863661056,
			5905580032
		],
		[
			2863661056,
			5905580032
		],
		[
			2863661056,
			5905580032
		],
		[
			2863661056,
			5905580032
		],
		[
			2863661056,
			5905580032
		],
		[
			2863661056,
			5905580032
		],
		[
			2863661056,
			5905580032
		],
		[
			2863661056,
			5905580032
		],
		[
			2863661056,
			5905580032
		],
		[
			2863661056,
			5905580032
		],
		[
			2863661056,
			5905580032
		],
		[
			2863661056,
			5905580032
		],
		[
			2863661056,
			5905580032
		],
		[
			2863661056,
			5905580032
		],
		[
			2863661056,
			5905580032
		],
		[
			2863661056,
			5905580032
		],
		[
			2863661056,
			5905580032
		],
		[
			2863661056,
			5905580032
		],
		[
			2863661056,
			5905580032
		],
		[
			2863661056,
			5905580032
		],
		[
			2863661056,
			5905580032
		],
		[
			2863661056,
			5905580032
		],
		[
			2863661056,
			5905580032
		],
		[
			2863661056,
			5905580032
		],
		[
			2863661056,
			5905580032
		],
		[
			2863661056,
			5905580032
		],
		[
			2863661056,
			5905580032
		],
		[
			2863661056,
			5905580032
		],
		[
			2863661056,
			5905580032
		],
		[
			2863661056,
			5905580032
		],
		[
			2863661056,
			5905580032
		],
		[
			2863661056,
			5905580032
		],
		[
			2863661056,
			5905580032
		],
		[
			2863661056,
			5905580032
		],
		[
			2863661056,
			5905580032
		],
		[
			2863661056,
			5905580032
		],
		[
			2863661056,
			5905580032
		],
		[
			2863661056,
			5905580032
		],
		[
			2863661056,
			5905580032
		],
		[
			2863661056,
			5905580032
		],
		[
			2863661056,
			5905580032
		],
		[
			2863661056,
			5905580032
		],
		[
			2863661056,
			5905580032
		],
		[
			2863661056,
			5905580032
		],
		[
			2863661056,
			5905580032
		],
		[
			2863661056,
			5905580032
		],
		[
			2863661056,
			5905580032
		],
		[
			2863661056,
			5905580032
		],
		[
			2863661056,
			5905580032
		],
		[
			2863661056,
			5905580032
		],
		[
			2863661056,
			5905580032
		],
		[
			2863661056,
			5905580032
		],
		[
			2863661056,
			5905580032
		],
		[
			2863661056,
			5905580032
		],
		[
			2863661056,
			5905580032
		],
		[
			2863661056,
			5905580032
		],
		[
			2863661056,
			5905580032
		],
		[
			2863661056,
			5905580032
		],
		[
			2863661056,
			5905580032
		],
		[
			2863661056,
			5905580032
		],
		[
			2863661056,
			5905580032
		],
		[
			2863661056,
			5905580032
		],
		[
			2863661056,
			5905580032
		],
		[
			2863661056,
			5905580032
		],
		[
			2863661056,
			5905580032
		],
		[
			2863661056,
			5905580032
		],
		[
			2863661056,
			5905580032
		],
		[
			2863661056,
			5905580032
		],
		[
			2863661056,
			5905580032
		],
		[
			2863661056,
			5905580032
		],
		[
			2863661056,
			5905580032
		],
		[
			2863661056,
			5905580032
		],
		[
			2863661056,
			5905580032
		],
		[
			2863661056,
			5905580032
		],
		[
			2863661056,
			5905580032
		]
	],
	"utilization": [
		40,
		40,
		35,
		35,
		36,
		36,
		2,
		2,
		9,
		9,
		1,
		1,
		3,
		3,
		14,
		14,
		1,
		1,
		11,
		11,
		2,
		2,
		10,
		10,
		1,
		1,
		3,
		3,
		13,
		13,
		0,
		0,
		14,
		14,
		0,
		0,
		14,
		14,
		12,
		12,
		0,
		0,
		14,
		14,
		12,
		12,
		0,
		0,
		0,
		0,
		0,
		0,
		14,
		14,
		13,
		13,
		0,
		0,
		0,
		0,
		15,
		15,
		0,
		0,
		15,
		15,
		11,
		11,
		0,
		0,
		0,
		0,
		14,
		14,
		11,
		11,
		0,
		0,
		0,
		0,
		0,
		0,
		26,
		26,
		12,
		12,
		0,
		0,
		15,
		15
	],
	"computation_proportion": 5,
	"extra_dict": {}
}