{
	"model_name": "ResNet18",
	"batch_size": 16,
	"duration_sec": 45,
	"mode": "train",
	"is_DDP": true,
	"process_group_backend": "gloo",
	"world_size": 4,
	"rank": 0,
	"local_rank": 0,
	"device_type": "gpu",
	"master_addr": "133.133.135.75",
	"master_port": 39920,
	"iteration_count": 68,
	"iteration_intervals": [
		2030828800,
		641970944,
		636840448,
		638744320,
		647680256,
		642497792,
		645924096,
		639373312,
		654017280,
		642269696,
		653408512,
		630839040,
		639389440,
		652774912,
		640162048,
		642563584,
		641028096,
		646932480,
		637992960,
		661774592,
		657498880,
		638486784,
		641645312,
		640373248,
		644269056,
		648468736,
		642071040,
		635941376,
		642454272,
		639439872,
		642329088,
		640160512,
		653102592,
		642774016,
		635456256,
		652664320,
		638756096,
		638091776,
		649014528,
		643578624,
		646807296,
		636471040,
		655648256,
		635690496,
		647670016,
		639517440,
		638419712,
		647407104,
		639023360,
		650513408,
		644271616,
		634684160,
		640651008,
		640785152,
		641867776,
		664878080,
		657471488,
		638130432,
		641689344,
		643320832,
		639932928,
		641850112,
		641976832,
		646934016,
		642411008,
		651361792,
		652005632,
		642809088
	],
	"iteration_intervals_avg": 644154343.6190476,
	"iteration_intervals_avg_second": 0.6441543436190477,
	"total_time_ns": 45178899456,
	"total_time_second": 45,
	"mem_infos": [
		[
			5225054208,
			5905580032
		],
		[
			4952424448,
			5905580032
		],
		[
			4736417792,
			5905580032
		],
		[
			3973054464,
			5905580032
		],
		[
			3966763008,
			5905580032
		],
		[
			3964665856,
			5905580032
		],
		[
			3964665856,
			5905580032
		],
		[
			3964665856,
			5905580032
		],
		[
			3964665856,
			5905580032
		],
		[
			3964665856,
			5905580032
		],
		[
			3964665856,
			5905580032
		],
		[
			3964665856,
			5905580032
		],
		[
			3964665856,
			5905580032
		],
		[
			3964665856,
			5905580032
		],
		[
			3964665856,
			5905580032
		],
		[
			3964665856,
			5905580032
		],
		[
			3964665856,
			5905580032
		],
		[
			3964665856,
			5905580032
		],
		[
			3964665856,
			5905580032
		],
		[
			3964665856,
			5905580032
		],
		[
			3964665856,
			5905580032
		],
		[
			3964665856,
			5905580032
		],
		[
			3964665856,
			5905580032
		],
		[
			3964665856,
			5905580032
		],
		[
			3964665856,
			5905580032
		],
		[
			3964665856,
			5905580032
		],
		[
			3964665856,
			5905580032
		],
		[
			3964665856,
			5905580032
		],
		[
			3964665856,
			5905580032
		],
		[
			3964665856,
			5905580032
		],
		[
			3964665856,
			5905580032
		],
		[
			3964665856,
			5905580032
		],
		[
			3964665856,
			5905580032
		],
		[
			3964665856,
			5905580032
		],
		[
			3964665856,
			5905580032
		],
		[
			3964665856,
			5905580032
		],
		[
			3964665856,
			5905580032
		],
		[
			3964665856,
			5905580032
		],
		[
			3964665856,
			5905580032
		],
		[
			3964665856,
			5905580032
		],
		[
			3964665856,
			5905580032
		],
		[
			3964665856,
			5905580032
		],
		[
			3964665856,
			5905580032
		],
		[
			3964665856,
			5905580032
		],
		[
			3964665856,
			5905580032
		],
		[
			3964665856,
			5905580032
		],
		[
			3964665856,
			5905580032
		],
		[
			3964665856,
			5905580032
		],
		[
			3964665856,
			5905580032
		],
		[
			3964665856,
			5905580032
		],
		[
			3964665856,
			5905580032
		],
		[
			3964665856,
			5905580032
		],
		[
			3964665856,
			5905580032
		],
		[
			3964665856,
			5905580032
		],
		[
			3964665856,
			5905580032
		],
		[
			3964665856,
			5905580032
		],
		[
			3964665856,
			5905580032
		],
		[
			3964665856,
			5905580032
		],
		[
			3964665856,
			5905580032
		],
		[
			3964665856,
			5905580032
		],
		[
			3964665856,
			5905580032
		],
		[
			3964665856,
			5905580032
		],
		[
			3964665856,
			5905580032
		],
		[
			3964665856,
			5905580032
		],
		[
			3964665856,
			5905580032
		],
		[
			3964665856,
			5905580032
		],
		[
			3964665856,
			5905580032
		],
		[
			3964665856,
			5905580032
		],
		[
			3964665856,
			5905580032
		],
		[
			3964665856,
			5905580032
		],
		[
			3964665856,
			5905580032
		],
		[
			3964665856,
			5905580032
		],
		[
			3964665856,
			5905580032
		],
		[
			3964665856,
			5905580032
		],
		[
			3964665856,
			5905580032
		],
		[
			3964665856,
			5905580032
		],
		[
			3964665856,
			5905580032
		],
		[
			3964665856,
			5905580032
		],
		[
			3964665856,
			5905580032
		],
		[
			3964665856,
			5905580032
		],
		[
			3964665856,
			5905580032
		],
		[
			3964665856,
			5905580032
		],
		[
			3964665856,
			5905580032
		],
		[
			3964665856,
			5905580032
		],
		[
			3964665856,
			5905580032
		],
		[
			3964665856,
			5905580032
		],
		[
			3964665856,
			5905580032
		],
		[
			3964665856,
			5905580032
		],
		[
			3964665856,
			5905580032
		],
		[
			3964665856,
			5905580032
		]
	],
	"utilization": [
		7,
		7,
		9,
		9,
		14,
		14,
		9,
		9,
		15,
		15,
		14,
		14,
		8,
		8,
		15,
		15,
		8,
		8,
		14,
		14,
		8,
		8,
		15,
		15,
		8,
		8,
		14,
		14,
		15,
		15,
		8,
		8,
		15,
		15,
		8,
		8,
		15,
		15,
		8,
		8,
		15,
		15,
		12,
		12,
		10,
		10,
		15,
		15,
		8,
		8,
		15,
		15,
		8,
		8,
		15,
		15,
		8,
		8,
		14,
		14,
		15,
		15,
		8,
		8,
		15,
		15,
		8,
		8,
		15,
		15,
		8,
		8,
		14,
		14,
		12,
		12,
		10,
		10,
		15,
		15,
		7,
		7,
		15,
		15,
		8,
		8,
		15,
		15,
		8,
		8
	],
	"computation_proportion": 20,
	"extra_dict": {}
}