{
	"model_name": "YoloV5S",
	"batch_size": 64,
	"duration_sec": 45,
	"mode": "train",
	"is_DDP": true,
	"process_group_backend": "gloo",
	"world_size": 2,
	"rank": 0,
	"local_rank": 0,
	"device_type": "gpu",
	"master_addr": "133.133.135.74",
	"master_port": 39920,
	"iteration_count": 92,
	"iteration_intervals": [
		1684819200,
		348149248,
		372284928,
		353636608,
		345540864,
		349352448,
		350996224,
		338050304,
		359117568,
		335882752,
		356151296,
		332556032,
		361815552,
		351608320,
		346266368,
		345512192,
		350237440,
		344071936,
		347306496,
		345278720,
		344862208,
		344042240,
		344860672,
		336929536,
		355561216,
		344134912,
		343868160,
		344515072,
		351519744,
		348049408,
		419502848,
		483994112,
		493600000,
		498081024,
		482082816,
		485001216,
		493821696,
		500324352,
		596233216,
		620965120,
		731845376,
		614090496,
		606036224,
		595453184,
		498980096,
		482585344,
		482952192,
		499804416,
		499008768,
		620436224,
		602421760,
		485022208,
		491924480,
		485976064,
		484830208,
		492325120,
		602358016,
		610947840,
		614378496,
		625551104,
		599343360,
		508863488,
		581373696,
		397590272,
		475833344,
		485015808,
		491972352,
		609562368,
		605184512,
		606656000,
		508032256,
		609520896,
		599006208,
		607427840,
		483893504,
		485910016,
		484504832,
		385025024,
		484046336,
		482383360,
		494141184,
		604144640,
		513316096,
		588722688,
		603433728,
		524282624,
		592219136,
		499126528,
		610948096,
		609143040,
		494518528,
		481260032
	],
	"iteration_intervals_avg": 482522788.7816092,
	"iteration_intervals_avg_second": 0.4825227887816092,
	"total_time_ns": 45084787456,
	"total_time_second": 45,
	"mem_infos": [
		[
			11229200384,
			11811160064
		],
		[
			10811867136,
			11811160064
		],
		[
			10560208896,
			11811160064
		],
		[
			7108296704,
			11811160064
		],
		[
			7078936576,
			11811160064
		],
		[
			7078936576,
			11811160064
		],
		[
			7078936576,
			11811160064
		],
		[
			7078936576,
			11811160064
		],
		[
			7078936576,
			11811160064
		],
		[
			7078936576,
			11811160064
		],
		[
			7078936576,
			11811160064
		],
		[
			7078936576,
			11811160064
		],
		[
			7078936576,
			11811160064
		],
		[
			7078936576,
			11811160064
		],
		[
			7078936576,
			11811160064
		],
		[
			7078936576,
			11811160064
		],
		[
			7078936576,
			11811160064
		],
		[
			7078936576,
			11811160064
		],
		[
			7078936576,
			11811160064
		],
		[
			7078936576,
			11811160064
		],
		[
			7078936576,
			11811160064
		],
		[
			7078936576,
			11811160064
		],
		[
			7078936576,
			11811160064
		],
		[
			7078936576,
			11811160064
		],
		[
			7078936576,
			11811160064
		],
		[
			7078936576,
			11811160064
		],
		[
			7078936576,
			11811160064
		],
		[
			7078936576,
			11811160064
		],
		[
			7078936576,
			11811160064
		],
		[
			7078936576,
			11811160064
		],
		[
			7078936576,
			11811160064
		],
		[
			7078936576,
			11811160064
		],
		[
			7078936576,
			11811160064
		],
		[
			7078936576,
			11811160064
		],
		[
			7078936576,
			11811160064
		],
		[
			7078936576,
			11811160064
		],
		[
			7078936576,
			11811160064
		],
		[
			7078936576,
			11811160064
		],
		[
			7078936576,
			11811160064
		],
		[
			7078936576,
			11811160064
		],
		[
			7078936576,
			11811160064
		],
		[
			7078936576,
			11811160064
		],
		[
			7078936576,
			11811160064
		],
		[
			7078936576,
			11811160064
		],
		[
			7078936576,
			11811160064
		],
		[
			7078936576,
			11811160064
		],
		[
			7078936576,
			11811160064
		],
		[
			7078936576,
			11811160064
		],
		[
			7078936576,
			11811160064
		],
		[
			7078936576,
			11811160064
		],
		[
			7078936576,
			11811160064
		],
		[
			7078936576,
			11811160064
		],
		[
			7078936576,
			11811160064
		],
		[
			7078936576,
			11811160064
		],
		[
			7078936576,
			11811160064
		],
		[
			7078936576,
			11811160064
		],
		[
			7078936576,
			11811160064
		],
		[
			7078936576,
			11811160064
		],
		[
			7078936576,
			11811160064
		],
		[
			7078936576,
			11811160064
		],
		[
			7078936576,
			11811160064
		],
		[
			7078936576,
			11811160064
		],
		[
			7078936576,
			11811160064
		],
		[
			7078936576,
			11811160064
		],
		[
			7078936576,
			11811160064
		],
		[
			7078936576,
			11811160064
		],
		[
			7078936576,
			11811160064
		],
		[
			7078936576,
			11811160064
		],
		[
			7078936576,
			11811160064
		],
		[
			7078936576,
			11811160064
		],
		[
			7078936576,
			11811160064
		],
		[
			7078936576,
			11811160064
		],
		[
			7078936576,
			11811160064
		],
		[
			7078936576,
			11811160064
		],
		[
			7078936576,
			11811160064
		],
		[
			7078936576,
			11811160064
		],
		[
			7078936576,
			11811160064
		],
		[
			7078936576,
			11811160064
		],
		[
			7078936576,
			11811160064
		],
		[
			7078936576,
			11811160064
		],
		[
			7078936576,
			11811160064
		],
		[
			7078936576,
			11811160064
		],
		[
			7078936576,
			11811160064
		],
		[
			7078936576,
			11811160064
		],
		[
			7078936576,
			11811160064
		],
		[
			7078936576,
			11811160064
		],
		[
			7078936576,
			11811160064
		],
		[
			7078936576,
			11811160064
		],
		[
			7078936576,
			11811160064
		],
		[
			7078936576,
			11811160064
		]
	],
	"utilization": [
		5,
		5,
		4,
		4,
		24,
		24,
		30,
		30,
		28,
		28,
		27,
		27,
		26,
		26,
		29,
		29,
		30,
		30,
		30,
		30,
		30,
		30,
		30,
		30,
		29,
		29,
		20,
		20,
		23,
		23,
		23,
		23,
		22,
		22,
		19,
		19,
		17,
		17,
		20,
		20,
		24,
		24,
		25,
		25,
		19,
		19,
		19,
		19,
		24,
		24,
		24,
		24,
		23,
		23,
		20,
		20,
		19,
		19,
		21,
		21,
		25,
		25,
		27,
		27,
		20,
		20,
		22,
		22,
		20,
		20,
		21,
		21,
		20,
		20,
		24,
		24,
		31,
		31,
		21,
		21,
		21,
		21,
		21,
		21,
		23,
		23,
		20,
		20,
		21,
		21
	],
	"computation_proportion": 20,
	"extra_dict": {}
}