{
	"model_name": "ResNet50",
	"batch_size": 16,
	"duration_sec": 45,
	"mode": "train",
	"is_DDP": true,
	"process_group_backend": "gloo",
	"world_size": 2,
	"rank": 1,
	"local_rank": 0,
	"device_type": "gpu",
	"master_addr": "133.133.135.74",
	"master_port": 39920,
	"iteration_count": 46,
	"iteration_intervals": [
		2336562432,
		961460224,
		952602624,
		966618112,
		946121472,
		958735360,
		945984000,
		947943680,
		950096384,
		939780352,
		959383296,
		951348224,
		949232128,
		946962432,
		945080576,
		957997568,
		949536256,
		949554688,
		950422784,
		951826688,
		948739072,
		945242880,
		947888640,
		947055104,
		947577344,
		948374272,
		963002112,
		948426496,
		967427072,
		959383808,
		945988608,
		946792960,
		946385408,
		958278912,
		943854592,
		950787072,
		949668096,
		950981888,
		955416576,
		951240192,
		946766592,
		945225472,
		944616960,
		947109376,
		951473920,
		947269888
	],
	"iteration_intervals_avg": 950216042.1463414,
	"iteration_intervals_avg_second": 0.9502160421463415,
	"total_time_ns": 45123130368,
	"total_time_second": 45,
	"mem_infos": [
		[
			10964959232,
			11811160064
		],
		[
			10748952576,
			11811160064
		],
		[
			10522460160,
			11811160064
		],
		[
			8240758784,
			11811160064
		],
		[
			8240758784,
			11811160064
		],
		[
			8203010048,
			11811160064
		],
		[
			8203010048,
			11811160064
		],
		[
			8203010048,
			11811160064
		],
		[
			8203010048,
			11811160064
		],
		[
			8203010048,
			11811160064
		],
		[
			8203010048,
			11811160064
		],
		[
			8203010048,
			11811160064
		],
		[
			8203010048,
			11811160064
		],
		[
			8203010048,
			11811160064
		],
		[
			8203010048,
			11811160064
		],
		[
			8203010048,
			11811160064
		],
		[
			8203010048,
			11811160064
		],
		[
			8203010048,
			11811160064
		],
		[
			8203010048,
			11811160064
		],
		[
			8203010048,
			11811160064
		],
		[
			8203010048,
			11811160064
		],
		[
			8203010048,
			11811160064
		],
		[
			8203010048,
			11811160064
		],
		[
			8203010048,
			11811160064
		],
		[
			8203010048,
			11811160064
		],
		[
			8203010048,
			11811160064
		],
		[
			8203010048,
			11811160064
		],
		[
			8203010048,
			11811160064
		],
		[
			8203010048,
			11811160064
		],
		[
			8203010048,
			11811160064
		],
		[
			8203010048,
			11811160064
		],
		[
			8203010048,
			11811160064
		],
		[
			8203010048,
			11811160064
		],
		[
			8203010048,
			11811160064
		],
		[
			8203010048,
			11811160064
		],
		[
			8203010048,
			11811160064
		],
		[
			8203010048,
			11811160064
		],
		[
			8203010048,
			11811160064
		],
		[
			8203010048,
			11811160064
		],
		[
			8203010048,
			11811160064
		],
		[
			8203010048,
			11811160064
		],
		[
			8203010048,
			11811160064
		],
		[
			8203010048,
			11811160064
		],
		[
			8203010048,
			11811160064
		],
		[
			8203010048,
			11811160064
		],
		[
			8203010048,
			11811160064
		],
		[
			8203010048,
			11811160064
		],
		[
			8203010048,
			11811160064
		],
		[
			8203010048,
			11811160064
		],
		[
			8203010048,
			11811160064
		],
		[
			8203010048,
			11811160064
		],
		[
			8203010048,
			11811160064
		],
		[
			8203010048,
			11811160064
		],
		[
			8203010048,
			11811160064
		],
		[
			8203010048,
			11811160064
		],
		[
			8203010048,
			11811160064
		],
		[
			8203010048,
			11811160064
		],
		[
			8203010048,
			11811160064
		],
		[
			8203010048,
			11811160064
		],
		[
			8203010048,
			11811160064
		],
		[
			8203010048,
			11811160064
		],
		[
			8203010048,
			11811160064
		],
		[
			8203010048,
			11811160064
		],
		[
			8203010048,
			11811160064
		],
		[
			8203010048,
			11811160064
		],
		[
			8203010048,
			11811160064
		],
		[
			8203010048,
			11811160064
		],
		[
			8203010048,
			11811160064
		],
		[
			8203010048,
			11811160064
		],
		[
			8203010048,
			11811160064
		],
		[
			8203010048,
			11811160064
		],
		[
			8203010048,
			11811160064
		],
		[
			8203010048,
			11811160064
		],
		[
			8203010048,
			11811160064
		],
		[
			8203010048,
			11811160064
		],
		[
			8203010048,
			11811160064
		],
		[
			8203010048,
			11811160064
		],
		[
			8203010048,
			11811160064
		],
		[
			8203010048,
			11811160064
		],
		[
			8203010048,
			11811160064
		],
		[
			8203010048,
			11811160064
		],
		[
			8203010048,
			11811160064
		],
		[
			8203010048,
			11811160064
		],
		[
			8203010048,
			11811160064
		],
		[
			8203010048,
			11811160064
		],
		[
			8203010048,
			11811160064
		],
		[
			8203010048,
			11811160064
		],
		[
			8203010048,
			11811160064
		],
		[
			8203010048,
			11811160064
		],
		[
			8203010048,
			11811160064
		]
	],
	"utilization": [
		2,
		2,
		4,
		4,
		11,
		11,
		10,
		10,
		10,
		10,
		11,
		11,
		9,
		9,
		9,
		9,
		9,
		9,
		10,
		10,
		9,
		9,
		9,
		9,
		10,
		10,
		16,
		16,
		11,
		11,
		9,
		9,
		9,
		9,
		9,
		9,
		9,
		9,
		10,
		10,
		9,
		9,
		9,
		9,
		9,
		9,
		9,
		9,
		9,
		9,
		9,
		9,
		10,
		10,
		9,
		9,
		9,
		9,
		9,
		9,
		12,
		12,
		15,
		15,
		10,
		10,
		10,
		10,
		9,
		9,
		9,
		9,
		9,
		9,
		10,
		10,
		9,
		9,
		9,
		9,
		9,
		9,
		9,
		9,
		9,
		9,
		9,
		9,
		10,
		10
	],
	"computation_proportion": 35,
	"extra_dict": {}
}