{
	"model_name": "ConvNeXtT",
	"batch_size": 16,
	"duration_sec": 45,
	"mode": "train",
	"is_DDP": true,
	"process_group_backend": "gloo",
	"world_size": 2,
	"rank": 1,
	"local_rank": 0,
	"device_type": "gpu",
	"master_addr": "133.133.135.74",
	"master_port": 39920,
	"iteration_count": 19,
	"iteration_intervals": [
		13310636800,
		1407236096,
		1335795200,
		1393966336,
		1393367040,
		1335057920,
		1347999744,
		1374441984,
		1388256000,
		1368797696,
		1331790336,
		8827195392,
		1327632384,
		1360292096,
		1333695744,
		1320460544,
		1346956544,
		1351178240,
		1329600000
	],
	"iteration_intervals_avg": 1881668187.4285715,
	"iteration_intervals_avg_second": 1.8816681874285714,
	"total_time_ns": 45186525184,
	"total_time_second": 45,
	"mem_infos": [
		[
			10786701312,
			11811160064
		],
		[
			10581180416,
			11811160064
		],
		[
			8572108800,
			11811160064
		],
		[
			8402239488,
			11811160064
		],
		[
			8402239488,
			11811160064
		],
		[
			8402239488,
			11811160064
		],
		[
			8402239488,
			11811160064
		],
		[
			8402239488,
			11811160064
		],
		[
			8402239488,
			11811160064
		],
		[
			8402239488,
			11811160064
		],
		[
			8402239488,
			11811160064
		],
		[
			8402239488,
			11811160064
		],
		[
			8402239488,
			11811160064
		],
		[
			8402239488,
			11811160064
		],
		[
			8402239488,
			11811160064
		],
		[
			8402239488,
			11811160064
		],
		[
			8402239488,
			11811160064
		],
		[
			8402239488,
			11811160064
		],
		[
			8402239488,
			11811160064
		],
		[
			8402239488,
			11811160064
		],
		[
			8402239488,
			11811160064
		],
		[
			8402239488,
			11811160064
		],
		[
			8402239488,
			11811160064
		],
		[
			8402239488,
			11811160064
		],
		[
			8402239488,
			11811160064
		],
		[
			8402239488,
			11811160064
		],
		[
			8402239488,
			11811160064
		],
		[
			8161067008,
			11811160064
		],
		[
			8161067008,
			11811160064
		],
		[
			8161067008,
			11811160064
		],
		[
			8161067008,
			11811160064
		],
		[
			8161067008,
			11811160064
		],
		[
			8161067008,
			11811160064
		],
		[
			8161067008,
			11811160064
		],
		[
			8161067008,
			11811160064
		],
		[
			8161067008,
			11811160064
		],
		[
			8161067008,
			11811160064
		],
		[
			8161067008,
			11811160064
		],
		[
			8161067008,
			11811160064
		],
		[
			8161067008,
			11811160064
		],
		[
			8161067008,
			11811160064
		],
		[
			8161067008,
			11811160064
		],
		[
			8161067008,
			11811160064
		],
		[
			8161067008,
			11811160064
		],
		[
			8161067008,
			11811160064
		],
		[
			8161067008,
			11811160064
		],
		[
			8161067008,
			11811160064
		],
		[
			8161067008,
			11811160064
		],
		[
			8161067008,
			11811160064
		],
		[
			8161067008,
			11811160064
		],
		[
			8161067008,
			11811160064
		],
		[
			8161067008,
			11811160064
		],
		[
			8161067008,
			11811160064
		],
		[
			8161067008,
			11811160064
		],
		[
			8161067008,
			11811160064
		],
		[
			8161067008,
			11811160064
		],
		[
			8161067008,
			11811160064
		],
		[
			8161067008,
			11811160064
		],
		[
			8161067008,
			11811160064
		],
		[
			8161067008,
			11811160064
		],
		[
			8161067008,
			11811160064
		],
		[
			8161067008,
			11811160064
		],
		[
			8161067008,
			11811160064
		],
		[
			8161067008,
			11811160064
		],
		[
			8161067008,
			11811160064
		],
		[
			8161067008,
			11811160064
		],
		[
			8161067008,
			11811160064
		],
		[
			8161067008,
			11811160064
		],
		[
			8161067008,
			11811160064
		],
		[
			8161067008,
			11811160064
		],
		[
			8161067008,
			11811160064
		],
		[
			8161067008,
			11811160064
		],
		[
			8161067008,
			11811160064
		],
		[
			8161067008,
			11811160064
		],
		[
			8161067008,
			11811160064
		],
		[
			8161067008,
			11811160064
		],
		[
			8161067008,
			11811160064
		],
		[
			8161067008,
			11811160064
		],
		[
			8161067008,
			11811160064
		],
		[
			8161067008,
			11811160064
		],
		[
			8161067008,
			11811160064
		],
		[
			8161067008,
			11811160064
		],
		[
			8161067008,
			11811160064
		],
		[
			8161067008,
			11811160064
		],
		[
			8161067008,
			11811160064
		],
		[
			8161067008,
			11811160064
		],
		[
			8161067008,
			11811160064
		],
		[
			8161067008,
			11811160064
		],
		[
			8161067008,
			11811160064
		],
		[
			8161067008,
			11811160064
		]
	],
	"utilization": [
		0,
		2,
		2,
		16,
		16,
		8,
		8,
		0,
		0,
		0,
		0,
		0,
		0,
		0,
		0,
		0,
		0,
		0,
		0,
		0,
		0,
		0,
		0,
		0,
		0,
		0,
		0,
		0,
		0,
		16,
		16,
		12,
		12,
		8,
		8,
		5,
		5,
		12,
		12,
		13,
		13,
		1,
		1,
		12,
		12,
		15,
		15,
		13,
		13,
		0,
		0,
		13,
		13,
		12,
		12,
		13,
		13,
		0,
		0,
		0,
		0,
		0,
		0,
		0,
		0,
		0,
		0,
		0,
		0,
		0,
		0,
		1,
		1,
		15,
		15,
		7,
		7,
		6,
		6,
		13,
		13,
		15,
		15,
		7,
		7,
		7,
		7,
		13,
		13,
		15
	],
	"computation_proportion": 95,
	"extra_dict": {}
}