{
	"model_name": "ConvNeXtS",
	"batch_size": 64,
	"duration_sec": 45,
	"mode": "train",
	"is_DDP": true,
	"process_group_backend": "gloo",
	"world_size": 1,
	"rank": 0,
	"local_rank": 0,
	"device_type": "gpu",
	"master_addr": "133.133.135.75",
	"master_port": 39920,
	"iteration_count": 36,
	"iteration_intervals": [
		2266514432,
		1260808960,
		1187262976,
		1206940160,
		1225865728,
		1284196608,
		1194271488,
		1191734528,
		1206165504,
		1282296832,
		1317197312,
		1224484608,
		1157990656,
		1268407040,
		1194311168,
		1267328000,
		1269952000,
		1192820992,
		1252295680,
		1244457728,
		1204422400,
		1168229120,
		1248214784,
		1250411264,
		1240169216,
		1341436160,
		1261587712,
		1251071232,
		1214199552,
		1203676416,
		1166892544,
		1233473280,
		1276623616,
		1220894720,
		1294652928,
		1212028672
	],
	"iteration_intervals_avg": 1236641734.1935484,
	"iteration_intervals_avg_second": 1.2366417341935485,
	"total_time_ns": 45485319424,
	"total_time_second": 45,
	"mem_infos": [
		[
			10746855424,
			11811160064
		],
		[
			10457448448,
			11811160064
		],
		[
			8309964800,
			11811160064
		],
		[
			2985295872,
			11811160064
		],
		[
			2677014528,
			11811160064
		],
		[
			2664431616,
			11811160064
		],
		[
			2660237312,
			11811160064
		],
		[
			2660237312,
			11811160064
		],
		[
			2660237312,
			11811160064
		],
		[
			2660237312,
			11811160064
		],
		[
			2660237312,
			11811160064
		],
		[
			2660237312,
			11811160064
		],
		[
			2660237312,
			11811160064
		],
		[
			2660237312,
			11811160064
		],
		[
			2660237312,
			11811160064
		],
		[
			2660237312,
			11811160064
		],
		[
			2660237312,
			11811160064
		],
		[
			2660237312,
			11811160064
		],
		[
			2660237312,
			11811160064
		],
		[
			2660237312,
			11811160064
		],
		[
			2660237312,
			11811160064
		],
		[
			2660237312,
			11811160064
		],
		[
			2660237312,
			11811160064
		],
		[
			2660237312,
			11811160064
		],
		[
			2660237312,
			11811160064
		],
		[
			2660237312,
			11811160064
		],
		[
			2660237312,
			11811160064
		],
		[
			2660237312,
			11811160064
		],
		[
			2660237312,
			11811160064
		],
		[
			2660237312,
			11811160064
		],
		[
			2660237312,
			11811160064
		],
		[
			2660237312,
			11811160064
		],
		[
			2660237312,
			11811160064
		],
		[
			2660237312,
			11811160064
		],
		[
			2660237312,
			11811160064
		],
		[
			2660237312,
			11811160064
		],
		[
			2660237312,
			11811160064
		],
		[
			2660237312,
			11811160064
		],
		[
			2660237312,
			11811160064
		],
		[
			2660237312,
			11811160064
		],
		[
			2660237312,
			11811160064
		],
		[
			2660237312,
			11811160064
		],
		[
			2660237312,
			11811160064
		],
		[
			2660237312,
			11811160064
		],
		[
			2660237312,
			11811160064
		],
		[
			2660237312,
			11811160064
		],
		[
			2660237312,
			11811160064
		],
		[
			2660237312,
			11811160064
		],
		[
			2660237312,
			11811160064
		],
		[
			2660237312,
			11811160064
		],
		[
			2660237312,
			11811160064
		],
		[
			2660237312,
			11811160064
		],
		[
			2660237312,
			11811160064
		],
		[
			2660237312,
			11811160064
		],
		[
			2660237312,
			11811160064
		],
		[
			2660237312,
			11811160064
		],
		[
			2660237312,
			11811160064
		],
		[
			2660237312,
			11811160064
		],
		[
			2660237312,
			11811160064
		],
		[
			2660237312,
			11811160064
		],
		[
			2660237312,
			11811160064
		],
		[
			2660237312,
			11811160064
		],
		[
			2660237312,
			11811160064
		],
		[
			2660237312,
			11811160064
		],
		[
			2660237312,
			11811160064
		],
		[
			2660237312,
			11811160064
		],
		[
			2660237312,
			11811160064
		],
		[
			2660237312,
			11811160064
		],
		[
			2660237312,
			11811160064
		],
		[
			2660237312,
			11811160064
		],
		[
			2660237312,
			11811160064
		],
		[
			2660237312,
			11811160064
		],
		[
			2660237312,
			11811160064
		],
		[
			2660237312,
			11811160064
		],
		[
			2660237312,
			11811160064
		],
		[
			2660237312,
			11811160064
		],
		[
			2660237312,
			11811160064
		],
		[
			2660237312,
			11811160064
		],
		[
			2660237312,
			11811160064
		],
		[
			2660237312,
			11811160064
		],
		[
			2660237312,
			11811160064
		],
		[
			2660237312,
			11811160064
		],
		[
			2660237312,
			11811160064
		],
		[
			2660237312,
			11811160064
		],
		[
			2660237312,
			11811160064
		],
		[
			2660237312,
			11811160064
		],
		[
			2660237312,
			11811160064
		],
		[
			2660237312,
			11811160064
		],
		[
			2660237312,
			11811160064
		],
		[
			2660237312,
			11811160064
		]
	],
	"utilization": [
		11,
		11,
		14,
		14,
		69,
		69,
		69,
		69,
		75,
		75,
		74,
		74,
		74,
		88,
		88,
		80,
		80,
		66,
		66,
		74,
		74,
		77,
		77,
		78,
		78,
		89,
		89,
		75,
		75,
		61,
		61,
		74,
		74,
		80,
		80,
		85,
		85,
		86,
		86,
		72,
		72,
		67,
		67,
		64,
		64,
		84,
		84,
		87,
		87,
		73,
		73,
		69,
		69,
		74,
		74,
		77,
		77,
		81,
		81,
		88,
		88,
		71,
		71,
		70,
		70,
		62,
		62,
		79,
		79,
		89,
		89,
		71,
		71,
		70,
		70,
		73,
		73,
		77,
		77,
		79,
		79,
		87,
		87,
		67,
		67,
		72,
		72,
		67,
		67,
		80
	],
	"computation_proportion": 75,
	"extra_dict": {}
}