{
	"model_name": "ResNet18",
	"batch_size": 16,
	"duration_sec": 45,
	"mode": "train",
	"is_DDP": true,
	"process_group_backend": "gloo",
	"world_size": 2,
	"rank": 0,
	"local_rank": 0,
	"device_type": "gpu",
	"master_addr": "133.133.135.74",
	"master_port": 39920,
	"iteration_count": 101,
	"iteration_intervals": [
		1697781504,
		442722560,
		433364224,
		434407424,
		432382720,
		431969280,
		439727616,
		433255168,
		447038464,
		437157120,
		432866304,
		432606464,
		436733184,
		428974592,
		435683328,
		433329152,
		435355136,
		429665280,
		437025536,
		436559104,
		432624384,
		437569536,
		433041920,
		443200000,
		431094272,
		432611584,
		430278144,
		435976192,
		432950272,
		431577600,
		438660864,
		435406080,
		433947648,
		429011200,
		443539712,
		432441600,
		438802688,
		434397184,
		432929792,
		432797440,
		432247296,
		431282432,
		432339968,
		436905984,
		427668480,
		434732288,
		433778176,
		431792128,
		432944640,
		429407488,
		441021952,
		432929536,
		438372864,
		429513984,
		433812480,
		433146368,
		437053696,
		436433664,
		434220544,
		430261504,
		433139456,
		430151936,
		437123072,
		433260544,
		435540736,
		431118336,
		438089472,
		432012800,
		430891264,
		429150720,
		431195904,
		433379840,
		439495680,
		431787008,
		428786688,
		433601024,
		441260800,
		432541696,
		430687488,
		432212992,
		436206336,
		431483136,
		429597440,
		432484352,
		441766656,
		429534464,
		432518144,
		432984832,
		442689024,
		430009088,
		433036032,
		431582976,
		433996544,
		436358912,
		422891008,
		439405824,
		439634688,
		429161984,
		436266752,
		433272576,
		428781824
	],
	"iteration_intervals_avg": 433955826.6666667,
	"iteration_intervals_avg_second": 0.4339558266666667,
	"total_time_ns": 45101230080,
	"total_time_second": 45,
	"mem_infos": [
		[
			11130634240,
			11811160064
		],
		[
			10828644352,
			11811160064
		],
		[
			10579083264,
			11811160064
		],
		[
			9878634496,
			11811160064
		],
		[
			9870245888,
			11811160064
		],
		[
			9870245888,
			11811160064
		],
		[
			9870245888,
			11811160064
		],
		[
			9870245888,
			11811160064
		],
		[
			9870245888,
			11811160064
		],
		[
			9870245888,
			11811160064
		],
		[
			9870245888,
			11811160064
		],
		[
			9870245888,
			11811160064
		],
		[
			9870245888,
			11811160064
		],
		[
			9870245888,
			11811160064
		],
		[
			9870245888,
			11811160064
		],
		[
			9870245888,
			11811160064
		],
		[
			9870245888,
			11811160064
		],
		[
			9870245888,
			11811160064
		],
		[
			9870245888,
			11811160064
		],
		[
			9870245888,
			11811160064
		],
		[
			9870245888,
			11811160064
		],
		[
			9870245888,
			11811160064
		],
		[
			9870245888,
			11811160064
		],
		[
			9870245888,
			11811160064
		],
		[
			9870245888,
			11811160064
		],
		[
			9870245888,
			11811160064
		],
		[
			9870245888,
			11811160064
		],
		[
			9870245888,
			11811160064
		],
		[
			9870245888,
			11811160064
		],
		[
			9870245888,
			11811160064
		],
		[
			9870245888,
			11811160064
		],
		[
			9870245888,
			11811160064
		],
		[
			9870245888,
			11811160064
		],
		[
			9870245888,
			11811160064
		],
		[
			9870245888,
			11811160064
		],
		[
			9870245888,
			11811160064
		],
		[
			9870245888,
			11811160064
		],
		[
			9870245888,
			11811160064
		],
		[
			9870245888,
			11811160064
		],
		[
			9870245888,
			11811160064
		],
		[
			9870245888,
			11811160064
		],
		[
			9870245888,
			11811160064
		],
		[
			9870245888,
			11811160064
		],
		[
			9870245888,
			11811160064
		],
		[
			9870245888,
			11811160064
		],
		[
			9870245888,
			11811160064
		],
		[
			9870245888,
			11811160064
		],
		[
			9870245888,
			11811160064
		],
		[
			9870245888,
			11811160064
		],
		[
			9870245888,
			11811160064
		],
		[
			9870245888,
			11811160064
		],
		[
			9870245888,
			11811160064
		],
		[
			9870245888,
			11811160064
		],
		[
			9870245888,
			11811160064
		],
		[
			9870245888,
			11811160064
		],
		[
			9870245888,
			11811160064
		],
		[
			9870245888,
			11811160064
		],
		[
			9870245888,
			11811160064
		],
		[
			9870245888,
			11811160064
		],
		[
			9870245888,
			11811160064
		],
		[
			9870245888,
			11811160064
		],
		[
			9870245888,
			11811160064
		],
		[
			9870245888,
			11811160064
		],
		[
			9870245888,
			11811160064
		],
		[
			9870245888,
			11811160064
		],
		[
			9870245888,
			11811160064
		],
		[
			9870245888,
			11811160064
		],
		[
			9870245888,
			11811160064
		],
		[
			9870245888,
			11811160064
		],
		[
			9870245888,
			11811160064
		],
		[
			9870245888,
			11811160064
		],
		[
			9870245888,
			11811160064
		],
		[
			9870245888,
			11811160064
		],
		[
			9870245888,
			11811160064
		],
		[
			9870245888,
			11811160064
		],
		[
			9870245888,
			11811160064
		],
		[
			9870245888,
			11811160064
		],
		[
			9870245888,
			11811160064
		],
		[
			9870245888,
			11811160064
		],
		[
			9870245888,
			11811160064
		],
		[
			9870245888,
			11811160064
		],
		[
			9870245888,
			11811160064
		],
		[
			9870245888,
			11811160064
		],
		[
			9870245888,
			11811160064
		],
		[
			9870245888,
			11811160064
		],
		[
			9870245888,
			11811160064
		],
		[
			9870245888,
			11811160064
		],
		[
			9870245888,
			11811160064
		],
		[
			9870245888,
			11811160064
		],
		[
			9870245888,
			11811160064
		]
	],
	"utilization": [
		5,
		5,
		4,
		4,
		8,
		8,
		7,
		7,
		7,
		7,
		10,
		10,
		7,
		7,
		7,
		7,
		10,
		10,
		7,
		7,
		7,
		7,
		10,
		10,
		7,
		7,
		7,
		7,
		10,
		10,
		7,
		7,
		7,
		7,
		8,
		8,
		9,
		9,
		7,
		7,
		7,
		7,
		10,
		10,
		7,
		7,
		7,
		7,
		10,
		10,
		7,
		7,
		7,
		7,
		10,
		10,
		7,
		7,
		7,
		7,
		10,
		10,
		7,
		7,
		7,
		7,
		10,
		10,
		7,
		7,
		7,
		7,
		10,
		10,
		7,
		7,
		7,
		7,
		10,
		10,
		7,
		7,
		7,
		7,
		8,
		8,
		9,
		9,
		7,
		7
	],
	"computation_proportion": 45,
	"extra_dict": {}
}