{
	"model_name": "InceptionV3",
	"batch_size": 16,
	"duration_sec": 45,
	"mode": "train",
	"is_DDP": true,
	"process_group_backend": "gloo",
	"world_size": 2,
	"rank": 0,
	"local_rank": 0,
	"device_type": "gpu",
	"master_addr": "133.133.135.74",
	"master_port": 39920,
	"iteration_count": 43,
	"iteration_intervals": [
		2395822592,
		1046450176,
		1018157056,
		1013019392,
		1020668928,
		1013278976,
		1020401408,
		1025787904,
		1023536896,
		1024203520,
		1025282048,
		1014051584,
		1029552384,
		1022152960,
		1011576576,
		1018655744,
		1007956224,
		1017416704,
		1014648832,
		1016093696,
		1018882560,
		1014619392,
		1010763264,
		1040293888,
		1017521152,
		1016271872,
		1023061504,
		1035159552,
		1015933696,
		1018135808,
		1018716160,
		1015217664,
		1014098432,
		1017210368,
		1014640896,
		1023400192,
		1015774720,
		1014812928,
		1028557568,
		1019476224,
		1031873536,
		1014128640,
		1030037760
	],
	"iteration_intervals_avg": 1019820611.3684211,
	"iteration_intervals_avg_second": 1.0198206113684212,
	"total_time_ns": 45248089344,
	"total_time_second": 45,
	"mem_infos": [
		[
			11061428224,
			11811160064
		],
		[
			10769924096,
			11811160064
		],
		[
			10526654464,
			11811160064
		],
		[
			8460959744,
			11811160064
		],
		[
			8460959744,
			11811160064
		],
		[
			8135901184,
			11811160064
		],
		[
			8135901184,
			11811160064
		],
		[
			8135901184,
			11811160064
		],
		[
			8135901184,
			11811160064
		],
		[
			8135901184,
			11811160064
		],
		[
			8135901184,
			11811160064
		],
		[
			8135901184,
			11811160064
		],
		[
			8135901184,
			11811160064
		],
		[
			8135901184,
			11811160064
		],
		[
			8135901184,
			11811160064
		],
		[
			8135901184,
			11811160064
		],
		[
			8135901184,
			11811160064
		],
		[
			8135901184,
			11811160064
		],
		[
			8135901184,
			11811160064
		],
		[
			8135901184,
			11811160064
		],
		[
			8135901184,
			11811160064
		],
		[
			8135901184,
			11811160064
		],
		[
			8135901184,
			11811160064
		],
		[
			8135901184,
			11811160064
		],
		[
			8135901184,
			11811160064
		],
		[
			8135901184,
			11811160064
		],
		[
			8135901184,
			11811160064
		],
		[
			8135901184,
			11811160064
		],
		[
			8135901184,
			11811160064
		],
		[
			8135901184,
			11811160064
		],
		[
			8135901184,
			11811160064
		],
		[
			8135901184,
			11811160064
		],
		[
			8135901184,
			11811160064
		],
		[
			8135901184,
			11811160064
		],
		[
			8135901184,
			11811160064
		],
		[
			8135901184,
			11811160064
		],
		[
			8135901184,
			11811160064
		],
		[
			8135901184,
			11811160064
		],
		[
			8135901184,
			11811160064
		],
		[
			8135901184,
			11811160064
		],
		[
			8135901184,
			11811160064
		],
		[
			8135901184,
			11811160064
		],
		[
			8135901184,
			11811160064
		],
		[
			8135901184,
			11811160064
		],
		[
			8135901184,
			11811160064
		],
		[
			8135901184,
			11811160064
		],
		[
			8135901184,
			11811160064
		],
		[
			8135901184,
			11811160064
		],
		[
			8135901184,
			11811160064
		],
		[
			8135901184,
			11811160064
		],
		[
			8135901184,
			11811160064
		],
		[
			8135901184,
			11811160064
		],
		[
			8135901184,
			11811160064
		],
		[
			8135901184,
			11811160064
		],
		[
			8135901184,
			11811160064
		],
		[
			8135901184,
			11811160064
		],
		[
			8135901184,
			11811160064
		],
		[
			8135901184,
			11811160064
		],
		[
			8135901184,
			11811160064
		],
		[
			8135901184,
			11811160064
		],
		[
			8135901184,
			11811160064
		],
		[
			8135901184,
			11811160064
		],
		[
			8135901184,
			11811160064
		],
		[
			8135901184,
			11811160064
		],
		[
			8135901184,
			11811160064
		],
		[
			8135901184,
			11811160064
		],
		[
			8135901184,
			11811160064
		],
		[
			8135901184,
			11811160064
		],
		[
			8135901184,
			11811160064
		],
		[
			8135901184,
			11811160064
		],
		[
			8135901184,
			11811160064
		],
		[
			8135901184,
			11811160064
		],
		[
			8135901184,
			11811160064
		],
		[
			8135901184,
			11811160064
		],
		[
			8135901184,
			11811160064
		],
		[
			8135901184,
			11811160064
		],
		[
			8135901184,
			11811160064
		],
		[
			8135901184,
			11811160064
		],
		[
			8135901184,
			11811160064
		],
		[
			8135901184,
			11811160064
		],
		[
			8135901184,
			11811160064
		],
		[
			8135901184,
			11811160064
		],
		[
			8135901184,
			11811160064
		],
		[
			8135901184,
			11811160064
		],
		[
			8135901184,
			11811160064
		],
		[
			8135901184,
			11811160064
		],
		[
			8135901184,
			11811160064
		],
		[
			8135901184,
			11811160064
		],
		[
			8135901184,
			11811160064
		],
		[
			8135901184,
			11811160064
		]
	],
	"utilization": [
		6,
		2,
		2,
		7,
		7,
		9,
		9,
		13,
		13,
		10,
		10,
		10,
		10,
		10,
		10,
		10,
		10,
		10,
		10,
		10,
		10,
		10,
		10,
		13,
		13,
		12,
		12,
		13,
		13,
		11,
		11,
		10,
		10,
		10,
		10,
		10,
		10,
		10,
		10,
		10,
		10,
		10,
		10,
		10,
		10,
		10,
		10,
		10,
		10,
		10,
		10,
		10,
		10,
		10,
		10,
		13,
		13,
		12,
		12,
		11,
		11,
		10,
		10,
		10,
		10,
		10,
		10,
		10,
		10,
		10,
		10,
		10,
		10,
		10,
		10,
		10,
		10,
		10,
		10,
		13,
		13,
		13,
		13,
		13,
		13,
		12,
		12,
		10,
		10,
		10
	],
	"computation_proportion": 40,
	"extra_dict": {}
}