{
	"model_name": "YoloV5N",
	"batch_size": 64,
	"duration_sec": 45,
	"mode": "train",
	"is_DDP": true,
	"process_group_backend": "gloo",
	"world_size": 2,
	"rank": 1,
	"local_rank": 0,
	"device_type": "gpu",
	"master_addr": "133.133.135.75",
	"master_port": 39920,
	"iteration_count": 150,
	"iteration_intervals": [
		1221650432,
		85792256,
		100681472,
		100348928,
		188635136,
		125744640,
		122975232,
		139804160,
		111870720,
		123219456,
		139399936,
		122005504,
		229371392,
		234530560,
		244808192,
		255256832,
		349153280,
		371241728,
		362040064,
		373990144,
		354500096,
		260976896,
		347990272,
		261906176,
		252906752,
		335534848,
		252926720,
		251032064,
		249988608,
		345719808,
		254956544,
		259288832,
		343123712,
		356674816,
		265909504,
		356653824,
		326728960,
		273789184,
		261360128,
		258177792,
		337230336,
		241624064,
		254185216,
		353689856,
		252926208,
		355106304,
		250402816,
		371377664,
		360666368,
		370979584,
		360597504,
		378114304,
		359481088,
		353391872,
		330702592,
		285602048,
		272018432,
		338015744,
		249244160,
		259511808,
		246323456,
		332074496,
		255525888,
		335105536,
		276250112,
		353406720,
		267254016,
		349979648,
		355532800,
		252749568,
		259523328,
		354260480,
		358678528,
		250533120,
		361259776,
		263837440,
		325639936,
		270803456,
		361414144,
		332583680,
		274883328,
		361560064,
		245914624,
		266697216,
		348062720,
		318843136,
		291408384,
		362172672,
		362080512,
		367403008,
		363270400,
		358322944,
		265982208,
		347573504,
		254119936,
		257657856,
		350487808,
		253590528,
		347388928,
		365043968,
		331890944,
		297860352,
		356945152,
		364509952,
		374725376,
		243618048,
		343430912,
		252950272,
		252514048,
		359402240,
		246404352,
		361415936,
		326027008,
		287282176,
		370727168,
		360200704,
		357435648,
		259944448,
		347536640,
		262202624,
		262826752,
		351029760,
		250460928,
		318845184,
		290481408,
		357993472,
		358816512,
		265232896,
		353245696,
		359832832,
		257175296,
		352040704,
		244386048,
		270971392,
		309832192,
		276192768,
		257045760,
		352015104,
		262930688,
		355470336,
		360125184,
		356487936,
		259530496,
		359748608,
		251128064,
		329905408,
		271887360,
		244336896,
		256079360,
		351225856
	],
	"iteration_intervals_avg": 300275380.0827586,
	"iteration_intervals_avg_second": 0.3002753800827586,
	"total_time_ns": 45239129088,
	"total_time_second": 45,
	"mem_infos": [
		[
			11120148480,
			11811160064
		],
		[
			10795089920,
			11811160064
		],
		[
			9545187328,
			11811160064
		],
		[
			8769241088,
			11811160064
		],
		[
			8769241088,
			11811160064
		],
		[
			8769241088,
			11811160064
		],
		[
			8769241088,
			11811160064
		],
		[
			8769241088,
			11811160064
		],
		[
			8769241088,
			11811160064
		],
		[
			8769241088,
			11811160064
		],
		[
			8769241088,
			11811160064
		],
		[
			8769241088,
			11811160064
		],
		[
			8769241088,
			11811160064
		],
		[
			8769241088,
			11811160064
		],
		[
			8769241088,
			11811160064
		],
		[
			8769241088,
			11811160064
		],
		[
			8769241088,
			11811160064
		],
		[
			8769241088,
			11811160064
		],
		[
			8769241088,
			11811160064
		],
		[
			8769241088,
			11811160064
		],
		[
			8769241088,
			11811160064
		],
		[
			8769241088,
			11811160064
		],
		[
			8769241088,
			11811160064
		],
		[
			8769241088,
			11811160064
		],
		[
			8769241088,
			11811160064
		],
		[
			8769241088,
			11811160064
		],
		[
			8769241088,
			11811160064
		],
		[
			8769241088,
			11811160064
		],
		[
			8769241088,
			11811160064
		],
		[
			8769241088,
			11811160064
		],
		[
			8769241088,
			11811160064
		],
		[
			8769241088,
			11811160064
		],
		[
			8769241088,
			11811160064
		],
		[
			8769241088,
			11811160064
		],
		[
			8769241088,
			11811160064
		],
		[
			8769241088,
			11811160064
		],
		[
			8769241088,
			11811160064
		],
		[
			8769241088,
			11811160064
		],
		[
			8769241088,
			11811160064
		],
		[
			8769241088,
			11811160064
		],
		[
			8769241088,
			11811160064
		],
		[
			8769241088,
			11811160064
		],
		[
			8769241088,
			11811160064
		],
		[
			8769241088,
			11811160064
		],
		[
			8769241088,
			11811160064
		],
		[
			8769241088,
			11811160064
		],
		[
			8769241088,
			11811160064
		],
		[
			8769241088,
			11811160064
		],
		[
			8769241088,
			11811160064
		],
		[
			8769241088,
			11811160064
		],
		[
			8769241088,
			11811160064
		],
		[
			8769241088,
			11811160064
		],
		[
			8769241088,
			11811160064
		],
		[
			8769241088,
			11811160064
		],
		[
			8769241088,
			11811160064
		],
		[
			8769241088,
			11811160064
		],
		[
			8769241088,
			11811160064
		],
		[
			8769241088,
			11811160064
		],
		[
			8769241088,
			11811160064
		],
		[
			8769241088,
			11811160064
		],
		[
			8769241088,
			11811160064
		],
		[
			8769241088,
			11811160064
		],
		[
			8769241088,
			11811160064
		],
		[
			8769241088,
			11811160064
		],
		[
			8769241088,
			11811160064
		],
		[
			8769241088,
			11811160064
		],
		[
			8769241088,
			11811160064
		],
		[
			8769241088,
			11811160064
		],
		[
			8769241088,
			11811160064
		],
		[
			8769241088,
			11811160064
		],
		[
			8769241088,
			11811160064
		],
		[
			8769241088,
			11811160064
		],
		[
			8769241088,
			11811160064
		],
		[
			8769241088,
			11811160064
		],
		[
			8769241088,
			11811160064
		],
		[
			8769241088,
			11811160064
		],
		[
			8769241088,
			11811160064
		],
		[
			8769241088,
			11811160064
		],
		[
			8769241088,
			11811160064
		],
		[
			8769241088,
			11811160064
		],
		[
			8769241088,
			11811160064
		],
		[
			8769241088,
			11811160064
		],
		[
			8769241088,
			11811160064
		],
		[
			8769241088,
			11811160064
		],
		[
			8769241088,
			11811160064
		],
		[
			8769241088,
			11811160064
		],
		[
			8769241088,
			11811160064
		],
		[
			8769241088,
			11811160064
		],
		[
			8769241088,
			11811160064
		],
		[
			8769241088,
			11811160064
		]
	],
	"utilization": [
		3,
		14,
		14,
		14,
		14,
		44,
		44,
		33,
		33,
		16,
		16,
		20,
		20,
		20,
		20,
		23,
		23,
		22,
		22,
		21,
		21,
		21,
		21,
		23,
		23,
		23,
		23,
		21,
		21,
		16,
		16,
		18,
		18,
		20,
		20,
		24,
		24,
		23,
		23,
		20,
		20,
		22,
		22,
		20,
		20,
		21,
		21,
		20,
		20,
		22,
		22,
		21,
		21,
		18,
		18,
		17,
		17,
		23,
		23,
		21,
		21,
		18,
		18,
		18,
		18,
		23,
		23,
		22,
		22,
		18,
		18,
		19,
		19,
		23,
		23,
		22,
		22,
		19,
		19,
		20,
		20,
		23,
		23,
		22,
		22,
		19,
		19,
		21,
		21,
		22
	],
	"computation_proportion": 20,
	"extra_dict": {}
}