{
	"model_name": "MEALV2",
	"batch_size": 128,
	"duration_sec": 45,
	"mode": "train",
	"is_DDP": true,
	"process_group_backend": "gloo",
	"world_size": 4,
	"rank": 0,
	"local_rank": 0,
	"device_type": "gpu",
	"master_addr": "133.133.135.75",
	"master_port": 39920,
	"iteration_count": 77,
	"iteration_intervals": [
		1615165952,
		205160960,
		222003712,
		211348736,
		184654848,
		206382848,
		1331163648,
		1494521600,
		488506368,
		486938624,
		494296064,
		616564992,
		856225536,
		621050112,
		481299200,
		368683520,
		491113728,
		479023872,
		377888512,
		255212032,
		356357888,
		364626688,
		729074688,
		2332659968,
		501171968,
		379046912,
		361539584,
		342838528,
		377780480,
		384122624,
		2312514048,
		734534656,
		489837312,
		498643200,
		483410688,
		617952256,
		497975040,
		359025152,
		371478016,
		260844800,
		249223168,
		245782016,
		363954432,
		2324769024,
		617594624,
		376202496,
		369180160,
		493124352,
		363633664,
		265036032,
		476444672,
		485251072,
		1457150208,
		1475421696,
		864911872,
		477789440,
		378718464,
		352726784,
		367799552,
		494706688,
		500668672,
		485354496,
		253217792,
		364699648,
		461177088,
		1961929728,
		991536384,
		491397632,
		366168064,
		357088000,
		242392320,
		258114304,
		238626304,
		242917120,
		183294720,
		317881088,
		1453281792
	],
	"iteration_intervals_avg": 603798204.4444444,
	"iteration_intervals_avg_second": 0.6037982044444444,
	"total_time_ns": 45912878848,
	"total_time_second": 45,
	"mem_infos": [
		[
			5361369088,
			5905580032
		],
		[
			4895801344,
			5905580032
		],
		[
			4669308928,
			5905580032
		],
		[
			2356150272,
			5905580032
		],
		[
			2226126848,
			5905580032
		],
		[
			2226126848,
			5905580032
		],
		[
			2226126848,
			5905580032
		],
		[
			2226126848,
			5905580032
		],
		[
			2226126848,
			5905580032
		],
		[
			2226126848,
			5905580032
		],
		[
			2226126848,
			5905580032
		],
		[
			2226126848,
			5905580032
		],
		[
			2226126848,
			5905580032
		],
		[
			2226126848,
			5905580032
		],
		[
			2226126848,
			5905580032
		],
		[
			2226126848,
			5905580032
		],
		[
			2226126848,
			5905580032
		],
		[
			2226126848,
			5905580032
		],
		[
			2226126848,
			5905580032
		],
		[
			2226126848,
			5905580032
		],
		[
			2226126848,
			5905580032
		],
		[
			2226126848,
			5905580032
		],
		[
			2226126848,
			5905580032
		],
		[
			2226126848,
			5905580032
		],
		[
			2226126848,
			5905580032
		],
		[
			2226126848,
			5905580032
		],
		[
			2226126848,
			5905580032
		],
		[
			2226126848,
			5905580032
		],
		[
			2226126848,
			5905580032
		],
		[
			2226126848,
			5905580032
		],
		[
			2226126848,
			5905580032
		],
		[
			2226126848,
			5905580032
		],
		[
			2226126848,
			5905580032
		],
		[
			2226126848,
			5905580032
		],
		[
			2226126848,
			5905580032
		],
		[
			2226126848,
			5905580032
		],
		[
			2226126848,
			5905580032
		],
		[
			2226126848,
			5905580032
		],
		[
			2226126848,
			5905580032
		],
		[
			2226126848,
			5905580032
		],
		[
			2226126848,
			5905580032
		],
		[
			2226126848,
			5905580032
		],
		[
			2226126848,
			5905580032
		],
		[
			2226126848,
			5905580032
		],
		[
			2226126848,
			5905580032
		],
		[
			2226126848,
			5905580032
		],
		[
			2226126848,
			5905580032
		],
		[
			2226126848,
			5905580032
		],
		[
			2226126848,
			5905580032
		],
		[
			2226126848,
			5905580032
		],
		[
			2226126848,
			5905580032
		],
		[
			2226126848,
			5905580032
		],
		[
			2226126848,
			5905580032
		],
		[
			2226126848,
			5905580032
		],
		[
			2226126848,
			5905580032
		],
		[
			2226126848,
			5905580032
		],
		[
			2226126848,
			5905580032
		],
		[
			2226126848,
			5905580032
		],
		[
			2226126848,
			5905580032
		],
		[
			2226126848,
			5905580032
		],
		[
			2226126848,
			5905580032
		],
		[
			2226126848,
			5905580032
		],
		[
			2226126848,
			5905580032
		],
		[
			2226126848,
			5905580032
		],
		[
			2226126848,
			5905580032
		],
		[
			2226126848,
			5905580032
		],
		[
			2226126848,
			5905580032
		],
		[
			2226126848,
			5905580032
		],
		[
			2226126848,
			5905580032
		],
		[
			2226126848,
			5905580032
		],
		[
			2226126848,
			5905580032
		],
		[
			2226126848,
			5905580032
		],
		[
			2226126848,
			5905580032
		],
		[
			2226126848,
			5905580032
		],
		[
			2226126848,
			5905580032
		],
		[
			2226126848,
			5905580032
		],
		[
			2226126848,
			5905580032
		],
		[
			2226126848,
			5905580032
		],
		[
			2226126848,
			5905580032
		],
		[
			2226126848,
			5905580032
		],
		[
			2226126848,
			5905580032
		],
		[
			2226126848,
			5905580032
		],
		[
			2226126848,
			5905580032
		],
		[
			2226126848,
			5905580032
		],
		[
			2226126848,
			5905580032
		],
		[
			2226126848,
			5905580032
		],
		[
			2226126848,
			5905580032
		],
		[
			2226126848,
			5905580032
		],
		[
			2226126848,
			5905580032
		],
		[
			2226126848,
			5905580032
		]
	],
	"utilization": [
		6,
		10,
		10,
		16,
		16,
		60,
		60,
		26,
		26,
		7,
		7,
		5,
		5,
		26,
		26,
		24,
		24,
		17,
		17,
		25,
		25,
		29,
		29,
		32,
		32,
		33,
		33,
		11,
		11,
		1,
		1,
		14,
		14,
		30,
		30,
		35,
		35,
		10,
		10,
		1,
		1,
		14,
		14,
		26,
		26,
		22,
		22,
		25,
		25,
		39,
		39,
		31,
		31,
		0,
		0,
		13,
		13,
		28,
		28,
		29,
		29,
		37,
		37,
		13,
		13,
		14,
		14,
		0,
		0,
		13,
		13,
		32,
		32,
		34,
		34,
		26,
		26,
		40,
		40,
		12,
		12,
		0,
		0,
		15,
		15,
		27,
		27,
		51,
		51,
		46
	],
	"computation_proportion": 15,
	"extra_dict": {}
}