{
	"model_name": "SqueezeNet",
	"batch_size": 128,
	"duration_sec": 45,
	"mode": "train",
	"is_DDP": true,
	"process_group_backend": "gloo",
	"world_size": 2,
	"rank": 1,
	"local_rank": 0,
	"device_type": "gpu",
	"master_addr": "133.133.135.75",
	"master_port": 39920,
	"iteration_count": 73,
	"iteration_intervals": [
		1829036032,
		599319296,
		622198272,
		614886656,
		716179712,
		616143872,
		599947008,
		622015232,
		611047168,
		620658688,
		612374528,
		602924032,
		605768960,
		609019648,
		629335552,
		601410048,
		611539968,
		496480512,
		609522432,
		603509760,
		622411264,
		607599616,
		607055104,
		617120512,
		605048320,
		625026048,
		709845760,
		623615232,
		504238848,
		608430592,
		609458688,
		608400128,
		611964928,
		608196096,
		608026368,
		602829824,
		613592064,
		492456192,
		615111424,
		604611328,
		614948352,
		606967296,
		507161088,
		613147136,
		696942592,
		631024640,
		610083328,
		607637760,
		613069824,
		504016384,
		615556864,
		620269312,
		711527168,
		612976896,
		514868736,
		594805248,
		605187328,
		505291776,
		600761344,
		605555712,
		612879872,
		512983808,
		597974016,
		595450112,
		495921152,
		607165952,
		609602560,
		595940608,
		632001280,
		608561408,
		614481664,
		606301952,
		615659776
	],
	"iteration_intervals_avg": 600786157.1764706,
	"iteration_intervals_avg_second": 0.6007861571764707,
	"total_time_ns": 45235951360,
	"total_time_second": 45,
	"mem_infos": [
		[
			11269046272,
			11811160064
		],
		[
			10400825344,
			11811160064
		],
		[
			10191110144,
			11811160064
		],
		[
			5887754240,
			11811160064
		],
		[
			4025483264,
			11811160064
		],
		[
			4025483264,
			11811160064
		],
		[
			4025483264,
			11811160064
		],
		[
			4025483264,
			11811160064
		],
		[
			4025483264,
			11811160064
		],
		[
			4025483264,
			11811160064
		],
		[
			4025483264,
			11811160064
		],
		[
			4025483264,
			11811160064
		],
		[
			4025483264,
			11811160064
		],
		[
			4025483264,
			11811160064
		],
		[
			4025483264,
			11811160064
		],
		[
			4025483264,
			11811160064
		],
		[
			4025483264,
			11811160064
		],
		[
			4025483264,
			11811160064
		],
		[
			4025483264,
			11811160064
		],
		[
			4025483264,
			11811160064
		],
		[
			4025483264,
			11811160064
		],
		[
			4025483264,
			11811160064
		],
		[
			4025483264,
			11811160064
		],
		[
			4025483264,
			11811160064
		],
		[
			4025483264,
			11811160064
		],
		[
			4025483264,
			11811160064
		],
		[
			4025483264,
			11811160064
		],
		[
			4025483264,
			11811160064
		],
		[
			4025483264,
			11811160064
		],
		[
			4025483264,
			11811160064
		],
		[
			4025483264,
			11811160064
		],
		[
			4025483264,
			11811160064
		],
		[
			4025483264,
			11811160064
		],
		[
			4025483264,
			11811160064
		],
		[
			4025483264,
			11811160064
		],
		[
			4025483264,
			11811160064
		],
		[
			4025483264,
			11811160064
		],
		[
			4025483264,
			11811160064
		],
		[
			4025483264,
			11811160064
		],
		[
			4025483264,
			11811160064
		],
		[
			4025483264,
			11811160064
		],
		[
			4025483264,
			11811160064
		],
		[
			4025483264,
			11811160064
		],
		[
			4025483264,
			11811160064
		],
		[
			4025483264,
			11811160064
		],
		[
			4025483264,
			11811160064
		],
		[
			4025483264,
			11811160064
		],
		[
			4025483264,
			11811160064
		],
		[
			4025483264,
			11811160064
		],
		[
			4025483264,
			11811160064
		],
		[
			4025483264,
			11811160064
		],
		[
			4025483264,
			11811160064
		],
		[
			4025483264,
			11811160064
		],
		[
			4025483264,
			11811160064
		],
		[
			4025483264,
			11811160064
		],
		[
			4025483264,
			11811160064
		],
		[
			4025483264,
			11811160064
		],
		[
			4025483264,
			11811160064
		],
		[
			4025483264,
			11811160064
		],
		[
			4025483264,
			11811160064
		],
		[
			4025483264,
			11811160064
		],
		[
			4025483264,
			11811160064
		],
		[
			4025483264,
			11811160064
		],
		[
			4025483264,
			11811160064
		],
		[
			4025483264,
			11811160064
		],
		[
			4025483264,
			11811160064
		],
		[
			4025483264,
			11811160064
		],
		[
			4025483264,
			11811160064
		],
		[
			4025483264,
			11811160064
		],
		[
			4025483264,
			11811160064
		],
		[
			4025483264,
			11811160064
		],
		[
			4025483264,
			11811160064
		],
		[
			4025483264,
			11811160064
		],
		[
			4025483264,
			11811160064
		],
		[
			4025483264,
			11811160064
		],
		[
			4025483264,
			11811160064
		],
		[
			4025483264,
			11811160064
		],
		[
			4025483264,
			11811160064
		],
		[
			4025483264,
			11811160064
		],
		[
			4025483264,
			11811160064
		],
		[
			4025483264,
			11811160064
		],
		[
			4025483264,
			11811160064
		],
		[
			4025483264,
			11811160064
		],
		[
			4025483264,
			11811160064
		],
		[
			4025483264,
			11811160064
		],
		[
			4025483264,
			11811160064
		],
		[
			4025483264,
			11811160064
		],
		[
			4025483264,
			11811160064
		],
		[
			4025483264,
			11811160064
		],
		[
			4025483264,
			11811160064
		]
	],
	"utilization": [
		5,
		5,
		7,
		7,
		19,
		19,
		21,
		21,
		27,
		27,
		22,
		22,
		27,
		27,
		26,
		26,
		22,
		22,
		27,
		27,
		25,
		25,
		24,
		24,
		28,
		28,
		28,
		28,
		23,
		23,
		28,
		28,
		26,
		26,
		22,
		22,
		25,
		25,
		27,
		27,
		25,
		25,
		28,
		28,
		24,
		24,
		26,
		26,
		29,
		29,
		28,
		28,
		23,
		23,
		27,
		27,
		28,
		28,
		21,
		21,
		25,
		25,
		27,
		27,
		27,
		27,
		25,
		25,
		25,
		25,
		24,
		24,
		30,
		30,
		27,
		27,
		24,
		24,
		24,
		24,
		29,
		29,
		27,
		27,
		26,
		26,
		23,
		23,
		27,
		27
	],
	"computation_proportion": 25,
	"extra_dict": {}
}