{
	"model_name": "HarDNet",
	"batch_size": 64,
	"duration_sec": 45,
	"mode": "train",
	"is_DDP": true,
	"process_group_backend": "gloo",
	"world_size": 4,
	"rank": 2,
	"local_rank": 0,
	"device_type": "gpu",
	"master_addr": "133.133.135.75",
	"master_port": 39920,
	"iteration_count": 35,
	"iteration_intervals": [
		3705873408,
		1090167552,
		980174080,
		1223980800,
		1351607552,
		987492864,
		986527232,
		1344443392,
		1112396544,
		860338432,
		850653952,
		613090048,
		501284608,
		389334272,
		467669760,
		383668480,
		720056576,
		2590099968,
		1220856064,
		1725122304,
		1597130240,
		1465649152,
		1846124288,
		1960006144,
		1851159296,
		1342910976,
		867661056,
		982987520,
		1231074304,
		1591405824,
		1593762816,
		1962813952,
		1728652544,
		1469580800,
		1225332992
	],
	"iteration_intervals_avg": 1248976213.3333333,
	"iteration_intervals_avg_second": 1.2489762133333333,
	"total_time_ns": 45822078464,
	"total_time_second": 45,
	"mem_infos": [
		[
			5363466240,
			5905580032
		],
		[
			4824498176,
			5905580032
		],
		[
			4623171584,
			5905580032
		],
		[
			1462763520,
			5905580032
		],
		[
			1462763520,
			5905580032
		],
		[
			1462763520,
			5905580032
		],
		[
			1462763520,
			5905580032
		],
		[
			1462763520,
			5905580032
		],
		[
			1454374912,
			5905580032
		],
		[
			1454374912,
			5905580032
		],
		[
			1454374912,
			5905580032
		],
		[
			1454374912,
			5905580032
		],
		[
			1454374912,
			5905580032
		],
		[
			1454374912,
			5905580032
		],
		[
			1454374912,
			5905580032
		],
		[
			1454374912,
			5905580032
		],
		[
			1454374912,
			5905580032
		],
		[
			1454374912,
			5905580032
		],
		[
			1454374912,
			5905580032
		],
		[
			1454374912,
			5905580032
		],
		[
			1454374912,
			5905580032
		],
		[
			1454374912,
			5905580032
		],
		[
			1454374912,
			5905580032
		],
		[
			1454374912,
			5905580032
		],
		[
			1454374912,
			5905580032
		],
		[
			1454374912,
			5905580032
		],
		[
			1454374912,
			5905580032
		],
		[
			1454374912,
			5905580032
		],
		[
			1454374912,
			5905580032
		],
		[
			1454374912,
			5905580032
		],
		[
			1454374912,
			5905580032
		],
		[
			1454374912,
			5905580032
		],
		[
			1454374912,
			5905580032
		],
		[
			1454374912,
			5905580032
		],
		[
			1454374912,
			5905580032
		],
		[
			1454374912,
			5905580032
		],
		[
			1454374912,
			5905580032
		],
		[
			1454374912,
			5905580032
		],
		[
			1454374912,
			5905580032
		],
		[
			1454374912,
			5905580032
		],
		[
			1454374912,
			5905580032
		],
		[
			1454374912,
			5905580032
		],
		[
			1454374912,
			5905580032
		],
		[
			1454374912,
			5905580032
		],
		[
			1454374912,
			5905580032
		],
		[
			1454374912,
			5905580032
		],
		[
			1454374912,
			5905580032
		],
		[
			1454374912,
			5905580032
		],
		[
			1454374912,
			5905580032
		],
		[
			1454374912,
			5905580032
		],
		[
			1454374912,
			5905580032
		],
		[
			1454374912,
			5905580032
		],
		[
			1454374912,
			5905580032
		],
		[
			1454374912,
			5905580032
		],
		[
			1454374912,
			5905580032
		],
		[
			1454374912,
			5905580032
		],
		[
			1454374912,
			5905580032
		],
		[
			1454374912,
			5905580032
		],
		[
			1454374912,
			5905580032
		],
		[
			1454374912,
			5905580032
		],
		[
			1454374912,
			5905580032
		],
		[
			1454374912,
			5905580032
		],
		[
			1454374912,
			5905580032
		],
		[
			1454374912,
			5905580032
		],
		[
			1454374912,
			5905580032
		],
		[
			1454374912,
			5905580032
		],
		[
			1454374912,
			5905580032
		],
		[
			1454374912,
			5905580032
		],
		[
			1454374912,
			5905580032
		],
		[
			1454374912,
			5905580032
		],
		[
			1454374912,
			5905580032
		],
		[
			1454374912,
			5905580032
		],
		[
			1454374912,
			5905580032
		],
		[
			1454374912,
			5905580032
		],
		[
			1454374912,
			5905580032
		],
		[
			1454374912,
			5905580032
		],
		[
			1454374912,
			5905580032
		],
		[
			1454374912,
			5905580032
		],
		[
			1454374912,
			5905580032
		],
		[
			1454374912,
			5905580032
		],
		[
			1454374912,
			5905580032
		],
		[
			1454374912,
			5905580032
		],
		[
			1454374912,
			5905580032
		],
		[
			1454374912,
			5905580032
		],
		[
			1454374912,
			5905580032
		],
		[
			1454374912,
			5905580032
		],
		[
			1454374912,
			5905580032
		],
		[
			1454374912,
			5905580032
		],
		[
			1454374912,
			5905580032
		],
		[
			1454374912,
			5905580032
		]
	],
	"utilization": [
		12,
		12,
		17,
		17,
		24,
		24,
		1,
		1,
		3,
		3,
		16,
		16,
		16,
		16,
		14,
		14,
		13,
		13,
		14,
		14,
		17,
		17,
		16,
		16,
		11,
		11,
		12,
		12,
		26,
		26,
		19,
		19,
		29,
		29,
		34,
		34,
		20,
		20,
		6,
		6,
		6,
		6,
		15,
		15,
		19,
		19,
		1,
		1,
		17,
		17,
		13,
		13,
		3,
		3,
		16,
		16,
		0,
		0,
		16,
		16,
		0,
		0,
		16,
		16,
		6,
		6,
		10,
		10,
		16,
		16,
		16,
		16,
		16,
		16,
		16,
		16,
		7,
		7,
		9,
		9,
		16,
		16,
		0,
		0,
		18,
		18,
		0,
		0,
		16,
		16
	],
	"computation_proportion": 10,
	"extra_dict": {}
}