{
	"model_name": "YoloV5N",
	"batch_size": 128,
	"duration_sec": 45,
	"mode": "train",
	"is_DDP": true,
	"process_group_backend": "gloo",
	"world_size": 1,
	"rank": 0,
	"local_rank": 0,
	"device_type": "gpu",
	"master_addr": "133.133.135.75",
	"master_port": 39920,
	"iteration_count": 131,
	"iteration_intervals": [
		1334893824,
		137481984,
		141444608,
		128485376,
		205668352,
		147769600,
		141022208,
		191402496,
		156889856,
		213307904,
		239664384,
		255974144,
		352410624,
		377001984,
		376323584,
		462191872,
		373505536,
		371053056,
		372102912,
		320721152,
		309924864,
		358082048,
		369070848,
		368786176,
		356964096,
		469644800,
		385395456,
		360559872,
		363815424,
		370320128,
		358195456,
		271400192,
		356904192,
		345890560,
		276406272,
		347404032,
		364518912,
		339038464,
		290906368,
		379936512,
		428518656,
		393220096,
		373468416,
		367833088,
		383376896,
		368923392,
		368431360,
		361259264,
		361021184,
		363685120,
		366194944,
		362362880,
		360615424,
		367762944,
		366312192,
		361049344,
		361696512,
		366477056,
		275696896,
		372431616,
		343758592,
		360396800,
		263735552,
		354224640,
		364321280,
		360465408,
		272579328,
		366048512,
		439395328,
		302059264,
		362045440,
		352857856,
		362724352,
		331384576,
		287984640,
		346500096,
		267161088,
		337837568,
		272204544,
		346833152,
		262103296,
		355694336,
		355586304,
		374209024,
		273176064,
		341905920,
		359254784,
		280209152,
		343323136,
		258333952,
		343180544,
		269165824,
		346688512,
		261572864,
		357003520,
		359652864,
		367021056,
		334775296,
		309402368,
		453992704,
		372632576,
		360206336,
		388692224,
		357842944,
		371468288,
		373601536,
		375067648,
		370570496,
		450179328,
		349925632,
		300766464,
		361692672,
		350686976,
		361579264,
		368113664,
		362894080,
		371812864,
		378504960,
		371162624,
		381111552,
		357110528,
		373373184,
		361572352,
		341051392,
		368753408,
		285015296,
		340578560,
		320715520,
		308093184,
		355417856,
		353317632
	],
	"iteration_intervals_avg": 342612093.96825397,
	"iteration_intervals_avg_second": 0.342612093968254,
	"total_time_ns": 45117761024,
	"total_time_second": 45,
	"mem_infos": [
		[
			11264851968,
			11811160064
		],
		[
			10786701312,
			11811160064
		],
		[
			10545528832,
			11811160064
		],
		[
			6772752384,
			11811160064
		],
		[
			6772752384,
			11811160064
		],
		[
			6772752384,
			11811160064
		],
		[
			6772752384,
			11811160064
		],
		[
			6772752384,
			11811160064
		],
		[
			6772752384,
			11811160064
		],
		[
			6772752384,
			11811160064
		],
		[
			6772752384,
			11811160064
		],
		[
			6772752384,
			11811160064
		],
		[
			6772752384,
			11811160064
		],
		[
			6772752384,
			11811160064
		],
		[
			6772752384,
			11811160064
		],
		[
			6772752384,
			11811160064
		],
		[
			6772752384,
			11811160064
		],
		[
			6772752384,
			11811160064
		],
		[
			6772752384,
			11811160064
		],
		[
			6772752384,
			11811160064
		],
		[
			6772752384,
			11811160064
		],
		[
			6772752384,
			11811160064
		],
		[
			6772752384,
			11811160064
		],
		[
			6772752384,
			11811160064
		],
		[
			6772752384,
			11811160064
		],
		[
			6772752384,
			11811160064
		],
		[
			6772752384,
			11811160064
		],
		[
			6772752384,
			11811160064
		],
		[
			6772752384,
			11811160064
		],
		[
			6772752384,
			11811160064
		],
		[
			6772752384,
			11811160064
		],
		[
			6772752384,
			11811160064
		],
		[
			6772752384,
			11811160064
		],
		[
			6772752384,
			11811160064
		],
		[
			6772752384,
			11811160064
		],
		[
			6772752384,
			11811160064
		],
		[
			6772752384,
			11811160064
		],
		[
			6772752384,
			11811160064
		],
		[
			6772752384,
			11811160064
		],
		[
			6772752384,
			11811160064
		],
		[
			6772752384,
			11811160064
		],
		[
			6772752384,
			11811160064
		],
		[
			6772752384,
			11811160064
		],
		[
			6772752384,
			11811160064
		],
		[
			6772752384,
			11811160064
		],
		[
			6772752384,
			11811160064
		],
		[
			6772752384,
			11811160064
		],
		[
			6772752384,
			11811160064
		],
		[
			6772752384,
			11811160064
		],
		[
			6772752384,
			11811160064
		],
		[
			6772752384,
			11811160064
		],
		[
			6772752384,
			11811160064
		],
		[
			6772752384,
			11811160064
		],
		[
			6772752384,
			11811160064
		],
		[
			6772752384,
			11811160064
		],
		[
			6772752384,
			11811160064
		],
		[
			6772752384,
			11811160064
		],
		[
			6772752384,
			11811160064
		],
		[
			6772752384,
			11811160064
		],
		[
			6772752384,
			11811160064
		],
		[
			6772752384,
			11811160064
		],
		[
			6772752384,
			11811160064
		],
		[
			6772752384,
			11811160064
		],
		[
			6772752384,
			11811160064
		],
		[
			6772752384,
			11811160064
		],
		[
			6772752384,
			11811160064
		],
		[
			6772752384,
			11811160064
		],
		[
			6772752384,
			11811160064
		],
		[
			6772752384,
			11811160064
		],
		[
			6772752384,
			11811160064
		],
		[
			6772752384,
			11811160064
		],
		[
			6772752384,
			11811160064
		],
		[
			6772752384,
			11811160064
		],
		[
			6772752384,
			11811160064
		],
		[
			6772752384,
			11811160064
		],
		[
			6772752384,
			11811160064
		],
		[
			6772752384,
			11811160064
		],
		[
			6772752384,
			11811160064
		],
		[
			6772752384,
			11811160064
		],
		[
			6772752384,
			11811160064
		],
		[
			6772752384,
			11811160064
		],
		[
			6772752384,
			11811160064
		],
		[
			6772752384,
			11811160064
		],
		[
			6772752384,
			11811160064
		],
		[
			6772752384,
			11811160064
		],
		[
			6772752384,
			11811160064
		],
		[
			6772752384,
			11811160064
		],
		[
			6772752384,
			11811160064
		],
		[
			6772752384,
			11811160064
		],
		[
			6772752384,
			11811160064
		]
	],
	"utilization": [
		1,
		5,
		5,
		13,
		13,
		65,
		65,
		44,
		44,
		24,
		24,
		25,
		25,
		32,
		32,
		31,
		31,
		27,
		27,
		30,
		30,
		30,
		30,
		36,
		36,
		34,
		34,
		31,
		31,
		30,
		30,
		29,
		29,
		31,
		31,
		29,
		29,
		32,
		32,
		31,
		31,
		29,
		29,
		34,
		34,
		32,
		32,
		28,
		28,
		28,
		28,
		31,
		31,
		32,
		32,
		34,
		34,
		30,
		30,
		31,
		31,
		35,
		35,
		35,
		35,
		33,
		33,
		33,
		33,
		27,
		27,
		32,
		32,
		29,
		29,
		28,
		28,
		31,
		31,
		34,
		34,
		26,
		26,
		28,
		28,
		29,
		29,
		32,
		32,
		36
	],
	"computation_proportion": 30,
	"extra_dict": {}
}